_id,province,district,sector,cell,village
66d9c38e0bc303fcbe4cfb41,Kigali city,Nyarugenge,Gitega,Akabahizi,Iterambere
66d9c38e0bc303fcbe4cfb43,Kigali city,Nyarugenge,Gitega,Akabahizi,Nyaburanga
66d9c38e0bc303fcbe4cfb4f,Kigali city,Nyarugenge,Gitega,Akabeza,Ituze
66d9c38e0bc303fcbe4cfb53,Kigali city,Nyarugenge,Gitega,Gacyamo,Intsinzi
66d9c38e0bc303fcbe4cfb5d,Kigali city,Nyarugenge,Gitega,Kigarama,Umurava
66d9c38e0bc303fcbe4cfb72,Kigali city,Nyarugenge,Kanyinya,Nyamweru,Bwimo
66d9c38e0bc303fcbe4cfb73,Kigali city,Nyarugenge,Kanyinya,Nyamweru,Gatare
66d9c38e0bc303fcbe4cfb74,Kigali city,Nyarugenge,Kanyinya,Nyamweru,Mubuga
66d9c38e0bc303fcbe4cfb7b,Kigali city,Nyarugenge,Kanyinya,Nzove,Kagasa
66d9c38e0bc303fcbe4cfb7c,Kigali city,Nyarugenge,Kanyinya,Nzove,Nyabihu
66d9c38e0bc303fcbe4cfb44,Kigali city,Nyarugenge,Gitega,Akabahizi,Nyenyeri
66d9c38e0bc303fcbe4cfb4a,Kigali city,Nyarugenge,Gitega,Akabahizi,Umuseke
66d9c38e0bc303fcbe4cfb5b,Kigali city,Nyarugenge,Gitega,Kigarama,Umucyo
66d9c38e0bc303fcbe4cfb76,Kigali city,Nyarugenge,Kanyinya,Nyamweru,Nyamweru
66d9c38e0bc303fcbe4cfb5f,Kigali city,Nyarugenge,Gitega,Kinyange,Ihuriro
66d9c38e0bc303fcbe4cfb47,Kigali city,Nyarugenge,Gitega,Akabahizi,Ubwiyunge
66d9c38e0bc303fcbe4cfb49,Kigali city,Nyarugenge,Gitega,Akabahizi,Umurabyo
66d9c38e0bc303fcbe4cfb7f,Kigali city,Nyarugenge,Kanyinya,Nzove,Ruyenzi
66d9c38e0bc303fcbe4cfb8a,Kigali city,Nyarugenge,Kigali,Kigali,Kibisogi
66d9c38e0bc303fcbe4cfb97,Kigali city,Nyarugenge,Kigali,Mwendo,Karambo
66d9c38e0bc303fcbe4cfba5,Kigali city,Nyarugenge,Kigali,Nyabugogo,Ruhondo
66d9c38e0bc303fcbe4cfba7,Kigali city,Nyarugenge,Kigali,Ruriba,Nyabitare
66d9c38e0bc303fcbe4cfbb1,Kigali city,Nyarugenge,Kigali,Rwesero,Musimba
66d9c38e0bc303fcbe4cfbb5,Kigali city,Nyarugenge,Kigali,Rwesero,Vuganyana
66d9c38e0bc303fcbe4cfbc4,Kigali city,Nyarugenge,Kimisagara,Katabaro,Akamahoro
66d9c38e0bc303fcbe4cfbe4,Kigali city,Nyarugenge,Kimisagara,Kimisagara,Sangwa
66d9c38e0bc303fcbe4cfbe8,Kigali city,Nyarugenge,Mageragere,Kankuba,Karukina
66d9c38e0bc303fcbe4cfbeb,Kigali city,Nyarugenge,Mageragere,Kankuba,Rugendabari
66d9c38e0bc303fcbe4cfbf0,Kigali city,Nyarugenge,Mageragere,Kavumu,Murondo
66d9c38e0bc303fcbe4cfbfa,Kigali city,Nyarugenge,Mageragere,Mataba,Rushubi
66d9c38e0bc303fcbe4cfb86,Kigali city,Nyarugenge,Kigali,Kigali,Akirwanda
66d9c38e0bc303fcbe4cfb89,Kigali city,Nyarugenge,Kigali,Kigali,Kagarama
66d9c38e0bc303fcbe4cfb8b,Kigali city,Nyarugenge,Kigali,Kigali,Muganza
66d9c38e0bc303fcbe4cfb96,Kigali city,Nyarugenge,Kigali,Mwendo,Kanyabami
66d9c38e0bc303fcbe4cfbc3,Kigali city,Nyarugenge,Kimisagara,Kamuhoza,Tetero
66d9c38e0bc303fcbe4cfbef,Kigali city,Nyarugenge,Mageragere,Kavumu,Mubura
66d9c38e0bc303fcbe4cfb8d,Kigali city,Nyarugenge,Kigali,Kigali,Rubuye
66d9c38e0bc303fcbe4cfb90,Kigali city,Nyarugenge,Kigali,Mwendo,Agakomeye
66d9c38e0bc303fcbe4cfbb7,Kigali city,Nyarugenge,Kimisagara,Kamuhoza,Busasamana
66d9c38e0bc303fcbe4cfbcb,Kigali city,Nyarugenge,Kimisagara,Katabaro,Mugina
66d9c38e0bc303fcbe4cfbfb,Kigali city,Nyarugenge,Mageragere,Ntungamo,Akana ka Mageragere
66d9c38e0bc303fcbe4cfb9e,Kigali city,Nyarugenge,Kigali,Nyabugogo,Giticyinyoni
66d9c38e0bc303fcbe4cfba4,Kigali city,Nyarugenge,Kigali,Nyabugogo,Nyabugogo
66d9c38e0bc303fcbe4cfba8,Kigali city,Nyarugenge,Kigali,Ruriba,Ruhango
66d9c38e0bc303fcbe4cfbb3,Kigali city,Nyarugenge,Kigali,Rwesero,Rwesero
66d9c38e0bc303fcbe4cfbb9,Kigali city,Nyarugenge,Kimisagara,Kamuhoza,Ituze
66d9c38e0bc303fcbe4cfbd0,Kigali city,Nyarugenge,Kimisagara,Katabaro,Uruyange
66d9c38e0bc303fcbe4cfbdf,Kigali city,Nyarugenge,Kimisagara,Kimisagara,Muganza
66d9c38e0bc303fcbe4cfbe7,Kigali city,Nyarugenge,Mageragere,Kankuba,Kankuba
66d9c38e0bc303fcbe4cfc1a,Kigali city,Nyarugenge,Muhima,Kabasengerezi,Intwari
66d9c38e0bc303fcbe4cfc24,Kigali city,Nyarugenge,Muhima,Nyabugogo,Icyerekezo
66d9c38e0bc303fcbe4cfc29,Kigali city,Nyarugenge,Muhima,Rugenge,Imihigo
66d9c38e0bc303fcbe4cfc34,Kigali city,Nyarugenge,Muhima,Ubumwe,Duterimbere
66d9c38e0bc303fcbe4cfc44,Kigali city,Nyarugenge,Nyakabanda,Munanira Ii,Mucyuranyana
66d9c38e0bc303fcbe4cfc49,Kigali city,Nyarugenge,Nyakabanda,Nyakabanda I,Kariyeri
66d9c38e0bc303fcbe4cfc6d,Kigali city,Nyarugenge,Nyamirambo,Rugarama,Gatare
66d9c38e0bc303fcbe4cfc71,Kigali city,Nyarugenge,Nyamirambo,Rugarama,Rubona
66d9c38e0bc303fcbe4cfc7b,Kigali city,Nyarugenge,Nyarugenge,Agatare,Umucyo
66d9c38e0bc303fcbe4cfc81,Kigali city,Nyarugenge,Nyarugenge,Biryogo,Umurimo
66d9c38e0bc303fcbe4cfc8b,Kigali city,Nyarugenge,Nyarugenge,Kiyovu,Muhabura
66d9c38e0bc303fcbe4cfc8f,Kigali city,Nyarugenge,Nyarugenge,Rwampara,Gacaca
66d9c38e0bc303fcbe4cfc95,Kigali city,Nyarugenge,Rwezamenyo,Kabuguru I,Muhuza
66d9c38e0bc303fcbe4cfc9f,Kigali city,Nyarugenge,Rwezamenyo,Rwezamenyo I,Intwari
66d9c38e0bc303fcbe4cfcab,Kigali city,Gasabo,Bumbogo,Musave,Kayumba
66d9c38e0bc303fcbe4cfb5a,Kigali city,Nyarugenge,Gitega,Kigarama,Umubano
66d9c38e0bc303fcbe4cfb5c,Kigali city,Nyarugenge,Gitega,Kigarama,Umuhoza
66d9c38e0bc303fcbe4cfb62,Kigali city,Nyarugenge,Gitega,Kinyange,Karitasi
66d9c38e0bc303fcbe4cfb5e,Kigali city,Nyarugenge,Gitega,Kinyange,Akabugenewe
66d9c38e0bc303fcbe4cfb4c,Kigali city,Nyarugenge,Gitega,Akabeza,Akinyambo
66d9c38e0bc303fcbe4cfb4d,Kigali city,Nyarugenge,Gitega,Akabeza,Amayaga
66d9c38e0bc303fcbe4cfb6a,Kigali city,Nyarugenge,Gitega,Kora,Kanunga
66d9c38e0bc303fcbe4cfb48,Kigali city,Nyarugenge,Gitega,Akabahizi,Umucyo
66d9c38e0bc303fcbe4cfb58,Kigali city,Nyarugenge,Gitega,Kigarama,Ingenzi
66d9c38e0bc303fcbe4cfb65,Kigali city,Nyarugenge,Gitega,Kinyange,Ubwiza
66d9c38e0bc303fcbe4cfb67,Kigali city,Nyarugenge,Gitega,Kinyange,Umwembe
66d9c38e0bc303fcbe4cfb6b,Kigali city,Nyarugenge,Gitega,Kora,Kinyambo
66d9c38e0bc303fcbe4cfb7d,Kigali city,Nyarugenge,Kanyinya,Nzove,Rutagara I
66d9c38e0bc303fcbe4cfb81,Kigali city,Nyarugenge,Kanyinya,Taba,Ngendo
66d9c38e0bc303fcbe4cfb8e,Kigali city,Nyarugenge,Kigali,Kigali,Ruhango
66d9c38e0bc303fcbe4cfb9d,Kigali city,Nyarugenge,Kigali,Nyabugogo,Gatare
66d9c38e0bc303fcbe4cfbaf,Kigali city,Nyarugenge,Kigali,Rwesero,Akinama
66d9c38e0bc303fcbe4cfbb4,Kigali city,Nyarugenge,Kigali,Rwesero,Rweza
66d9c38e0bc303fcbe4cfbc9,Kigali city,Nyarugenge,Kimisagara,Katabaro,Kigarama
66d9c38e0bc303fcbe4cfbca,Kigali city,Nyarugenge,Kimisagara,Katabaro,Mpazi
66d9c38e0bc303fcbe4cfbda,Kigali city,Nyarugenge,Kimisagara,Kimisagara,Inkurunziza
66d9c38e0bc303fcbe4cfbdb,Kigali city,Nyarugenge,Kimisagara,Kimisagara,Karambi
66d9c38e0bc303fcbe4cfbe5,Kigali city,Nyarugenge,Kimisagara,Kimisagara,Sano
66d9c38e0bc303fcbe4cfbe6,Kigali city,Nyarugenge,Mageragere,Kankuba,Kamatamu
66d9c38e0bc303fcbe4cfbf2,Kigali city,Nyarugenge,Mageragere,Kavumu,Nyarubuye
66d9c38e0bc303fcbe4cfb83,Kigali city,Nyarugenge,Kanyinya,Taba,Nyarusange
66d9c38e0bc303fcbe4cfb8f,Kigali city,Nyarugenge,Kigali,Kigali,Ryasharangabo
66d9c38e0bc303fcbe4cfb98,Kigali city,Nyarugenge,Kigali,Mwendo,Mwendo
66d9c38e0bc303fcbe4cfb99,Kigali city,Nyarugenge,Kigali,Mwendo,Ruhuha
66d9c38e0bc303fcbe4cfba2,Kigali city,Nyarugenge,Kigali,Nyabugogo,Kiruhura
66d9c38e0bc303fcbe4cfba3,Kigali city,Nyarugenge,Kigali,Nyabugogo,Nyabikoni
66d9c38e0bc303fcbe4cfbb2,Kigali city,Nyarugenge,Kigali,Rwesero,Ruhogo
66d9c38e0bc303fcbe4cfbbd,Kigali city,Nyarugenge,Kimisagara,Kamuhoza,Mataba
66d9c38e0bc303fcbe4cfbc2,Kigali city,Nyarugenge,Kimisagara,Kamuhoza,Rutunga
66d9c38e0bc303fcbe4cfbd1,Kigali city,Nyarugenge,Kimisagara,Kimisagara,Akabeza
66d9c38e0bc303fcbe4cfbd2,Kigali city,Nyarugenge,Kimisagara,Kimisagara,Amahoro
66d9c38e0bc303fcbe4cfbd3,Kigali city,Nyarugenge,Kimisagara,Kimisagara,Birama
66d9c38e0bc303fcbe4cfbdd,Kigali city,Nyarugenge,Kimisagara,Kimisagara,Kimisagara
66d9c38e0bc303fcbe4cfbf9,Kigali city,Nyarugenge,Mageragere,Mataba,Mataba
66d9c38e0bc303fcbe4cfbfc,Kigali city,Nyarugenge,Mageragere,Ntungamo,Gatovu
66d9c38e0bc303fcbe4cfb84,Kigali city,Nyarugenge,Kanyinya,Taba,Rwakivumu
66d9c38e0bc303fcbe4cfba1,Kigali city,Nyarugenge,Kigali,Nyabugogo,Karama
66d9c38e0bc303fcbe4cfbbb,Kigali city,Nyarugenge,Kimisagara,Kamuhoza,Karwarugabo
66d9c38e0bc303fcbe4cfbc7,Kigali city,Nyarugenge,Kimisagara,Katabaro,Amahumbezi
66d9c38e0bc303fcbe4cfbe3,Kigali city,Nyarugenge,Kimisagara,Kimisagara,Nyamabuye
66d9c38e0bc303fcbe4cfbea,Kigali city,Nyarugenge,Mageragere,Kankuba,Nyarumanga
66d9c38e0bc303fcbe4cfbf3,Kigali city,Nyarugenge,Mageragere,Mataba,Burema
66d9c38e0bc303fcbe4cfbf4,Kigali city,Nyarugenge,Mageragere,Mataba,Gahombo
66d9c38e0bc303fcbe4cfbf5,Kigali city,Nyarugenge,Mageragere,Mataba,Kabeza
66d9c38e0bc303fcbe4cfbff,Kigali city,Nyarugenge,Mageragere,Ntungamo,Rubungo
66d9c38e0bc303fcbe4cfb85,Kigali city,Nyarugenge,Kanyinya,Taba,Taba
66d9c38e0bc303fcbe4cfbe0,Kigali city,Nyarugenge,Kimisagara,Kimisagara,Nyabugogo
66d9c38e0bc303fcbe4cfc0e,Kigali city,Nyarugenge,Mageragere,Runzenze,Mpanga
66d9c38e0bc303fcbe4cfc1f,Kigali city,Nyarugenge,Muhima,Kabeza,Ingenzi
66d9c38e0bc303fcbe4cfc2a,Kigali city,Nyarugenge,Muhima,Rugenge,Impala
66d9c38e0bc303fcbe4cfc31,Kigali city,Nyarugenge,Muhima,Tetero,Iwacu
66d9c38e0bc303fcbe4cfc3b,Kigali city,Nyarugenge,Nyakabanda,Munanira I,Ntaraga
66d9c38e0bc303fcbe4cfc4c,Kigali city,Nyarugenge,Nyakabanda,Nyakabanda I,Nyakabanda
66d9c38e0bc303fcbe4cfc62,Kigali city,Nyarugenge,Nyamirambo,Gasharu,Karukoro
66d9c38e0bc303fcbe4cfc6e,Kigali city,Nyarugenge,Nyamirambo,Rugarama,Kiberinka
66d9c38e0bc303fcbe4cfc73,Kigali city,Nyarugenge,Nyamirambo,Rugarama,Runyinya
66d9c38e0bc303fcbe4cfc7e,Kigali city,Nyarugenge,Nyarugenge,Biryogo,Gabiro
66d9c38e0bc303fcbe4cfc7f,Kigali city,Nyarugenge,Nyarugenge,Biryogo,Isoko
66d9c38e0bc303fcbe4cfc8e,Kigali city,Nyarugenge,Nyarugenge,Rwampara,Amahoro
66d9c38e0bc303fcbe4cfcbc,Kigali city,Gasabo,Bumbogo,Nkuzuzu,Akimpama
66d9c38e0bc303fcbe4cfc0d,Kigali city,Nyarugenge,Mageragere,Runzenze,Gisunzu
66d9c38e0bc303fcbe4cfc17,Kigali city,Nyarugenge,Muhima,Amahoro,Uruhimbi
66d9c38e0bc303fcbe4cfc33,Kigali city,Nyarugenge,Muhima,Ubumwe,Bwahirimba
66d9c38e0bc303fcbe4cfc38,Kigali city,Nyarugenge,Muhima,Ubumwe,Urwego
66d9c38e0bc303fcbe4cfc3a,Kigali city,Nyarugenge,Nyakabanda,Munanira I,Munanira
66d9c38e0bc303fcbe4cfc45,Kigali city,Nyarugenge,Nyakabanda,Munanira Ii,Nkundumurimbo
66d9c38e0bc303fcbe4cfc56,Kigali city,Nyarugenge,Nyamirambo,Cyivugiza,Imanzi
66d9c38e0bc303fcbe4cfc5a,Kigali city,Nyarugenge,Nyamirambo,Cyivugiza,Mahoro
66d9c38e0bc303fcbe4cfc5b,Kigali city,Nyarugenge,Nyamirambo,Cyivugiza,Mpano
66d9c38e0bc303fcbe4cfc5f,Kigali city,Nyarugenge,Nyamirambo,Cyivugiza,Rugero
66d9c38e0bc303fcbe4cfc6b,Kigali city,Nyarugenge,Nyamirambo,Mumena,Mumena
66d9c38e0bc303fcbe4cfc82,Kigali city,Nyarugenge,Nyarugenge,Kiyovu,Amizero
66d9c38e0bc303fcbe4cfc86,Kigali city,Nyarugenge,Nyarugenge,Kiyovu,Indangamirwa
66d9c38e0bc303fcbe4cfc8d,Kigali city,Nyarugenge,Nyarugenge,Kiyovu,Sugira
66d9c38e0bc303fcbe4cfc9e,Kigali city,Nyarugenge,Rwezamenyo,Rwezamenyo I,Inkerakubanza
66d9c38e0bc303fcbe4cfcae,Kigali city,Gasabo,Bumbogo,Musave,Rugando
66d9c38e0bc303fcbe4cfcb2,Kigali city,Gasabo,Bumbogo,Mvuzo,Nkona
66d9c38e0bc303fcbe4cfcb3,Kigali city,Gasabo,Bumbogo,Mvuzo,Nyakabingo
66d9c38e0bc303fcbe4cfcb8,Kigali city,Gasabo,Bumbogo,Ngara,Ruhinga
66d9c38e0bc303fcbe4cfcbd,Kigali city,Gasabo,Bumbogo,Nkuzuzu,Burima
66d9c38e0bc303fcbe4cfc4b,Kigali city,Nyarugenge,Nyakabanda,Nyakabanda I,Munini
66d9c38e0bc303fcbe4cfc6c,Kigali city,Nyarugenge,Nyamirambo,Mumena,Rwampara
66d9c38e0bc303fcbe4cfca8,Kigali city,Gasabo,Bumbogo,Kinyaga,Ryakigogo
66d9c38e0bc303fcbe4cfc0a,Kigali city,Nyarugenge,Mageragere,Nyarurenzi,Iterambere
66d9c38e0bc303fcbe4cfc25,Kigali city,Nyarugenge,Muhima,Nyabugogo,Indatwa
66d9c38e0bc303fcbe4cfc36,Kigali city,Nyarugenge,Muhima,Ubumwe,Nyanza
66d9c38e0bc303fcbe4cfc3d,Kigali city,Nyarugenge,Nyakabanda,Munanira I,Rurembo
66d9c38e0bc303fcbe4cfc40,Kigali city,Nyarugenge,Nyakabanda,Munanira Ii,Kanyange
66d9c38e0bc303fcbe4cfc46,Kigali city,Nyarugenge,Nyakabanda,Nyakabanda I,Akinkware
66d9c38e0bc303fcbe4cfc48,Kigali city,Nyarugenge,Nyakabanda,Nyakabanda I,Gasiza
66d9c38e0bc303fcbe4cfc7a,Kigali city,Nyarugenge,Nyarugenge,Agatare,Uburezi
66d9c38e0bc303fcbe4cfc89,Kigali city,Nyarugenge,Nyarugenge,Kiyovu,Ishema
66d9c38e0bc303fcbe4cfcb0,Kigali city,Gasabo,Bumbogo,Mvuzo,Kiyoro
66d9c38e0bc303fcbe4cfcc1,Kigali city,Gasabo,Bumbogo,Nyabikenke,Kamutamu
66d9c38e0bc303fcbe4cfccf,Kigali city,Gasabo,Bumbogo,Nyagasozi,Urutarishonga
66d9c38e0bc303fcbe4cfce8,Kigali city,Gasabo,Gatsata,Nyamabuye,Rusoro
66d9c38e0bc303fcbe4cfced,Kigali city,Gasabo,Gatsata,Nyamugari,Akarubimbura
66d9c38e0bc303fcbe4cfcf6,Kigali city,Gasabo,Gatsata,Nyamugari,Rwakarihejuru
66d9c38e0bc303fcbe4cfd00,Kigali city,Gasabo,Gikomero,Kibara,Gasharu
66d9c38e0bc303fcbe4cfd01,Kigali city,Gasabo,Gikomero,Kibara,Kibobo
66d9c38e0bc303fcbe4cfd05,Kigali city,Gasabo,Gikomero,Munini,Rudakabukirwa
66d9c38e0bc303fcbe4cfd07,Kigali city,Gasabo,Gikomero,Murambi,Kimisebeya
66d9c38e0bc303fcbe4cfd0b,Kigali city,Gasabo,Gisozi,Musezero,Amajyambere
66d9c38e0bc303fcbe4cfd10,Kigali city,Gasabo,Gisozi,Musezero,Kagara
66d9c38e0bc303fcbe4cfd17,Kigali city,Gasabo,Gisozi,Ruhango,Rukeri
66d9c38e0bc303fcbe4cfd2a,Kigali city,Gasabo,Jabana,Kabuye,Amasangano
66d9c38e0bc303fcbe4cfd2d,Kigali city,Gasabo,Jabana,Kabuye,Kabeza
66d9c38e0bc303fcbe4cfd2f,Kigali city,Gasabo,Jabana,Kabuye,Murama
66d9c38e0bc303fcbe4cfd37,Kigali city,Gasabo,Jabana,Kidashya,Mubuga
66d9c38e0bc303fcbe4cfd38,Kigali city,Gasabo,Jabana,Kidashya,Nyamweru
66d9c38e0bc303fcbe4cfd39,Kigali city,Gasabo,Jabana,Ngiryi,Agahama
66d9c38e0bc303fcbe4cfcca,Kigali city,Gasabo,Bumbogo,Nyagasozi,Akigabiro
66d9c38e0bc303fcbe4cfcf7,Kigali city,Gasabo,Gikomero,Gasagara,Bwimiyange
66d9c38e0bc303fcbe4cfd08,Kigali city,Gasabo,Gikomero,Murambi,Kivugiza
66d9c38e0bc303fcbe4cfd0a,Kigali city,Gasabo,Gikomero,Murambi,Twina
66d9c38e0bc303fcbe4cfd14,Kigali city,Gasabo,Gisozi,Ruhango,Kumukenke
66d9c38e0bc303fcbe4cfd1b,Kigali city,Gasabo,Jabana,Akamatamu,Murehe
66d9c38e0bc303fcbe4cfd30,Kigali city,Gasabo,Jabana,Kabuye,Nyagasozi
66d9c38e0bc303fcbe4cfd35,Kigali city,Gasabo,Jabana,Kidashya,Agatare
66d9c38e0bc303fcbe4cfd3a,Kigali city,Gasabo,Jabana,Ngiryi,Agasharu
66d9c38e0bc303fcbe4cfccd,Kigali city,Gasabo,Bumbogo,Nyagasozi,Mpabwa
66d9c38e0bc303fcbe4cfcff,Kigali city,Gasabo,Gikomero,Kibara,Gahinga
66d9c38e0bc303fcbe4cfccb,Kigali city,Gasabo,Bumbogo,Nyagasozi,Gishaka
66d9c38e0bc303fcbe4cfc9b,Kigali city,Nyarugenge,Rwezamenyo,Kabuguru Ii,Ubusabane
66d9c38e0bc303fcbe4cfca6,Kigali city,Gasabo,Bumbogo,Kinyaga,Muhozi
66d9c38e0bc303fcbe4cfcb7,Kigali city,Gasabo,Bumbogo,Ngara,Munini
66d9c38e0bc303fcbe4cfcbb,Kigali city,Gasabo,Bumbogo,Nkuzuzu,Akasedogo
66d9c38e0bc303fcbe4cfc00,Kigali city,Nyarugenge,Mageragere,Ntungamo,Rwindonyi
66d9c38e0bc303fcbe4cfc01,Kigali city,Nyarugenge,Mageragere,Nyarufunzo,Akabungo
66d9c38e0bc303fcbe4cfc0b,Kigali city,Nyarugenge,Mageragere,Nyarurenzi,Nyabirondo
66d9c38e0bc303fcbe4cfc13,Kigali city,Nyarugenge,Muhima,Amahoro,Amizero
66d9c38e0bc303fcbe4cfc14,Kigali city,Nyarugenge,Muhima,Amahoro,Inyarurembo
66d9c38e0bc303fcbe4cfc15,Kigali city,Nyarugenge,Muhima,Amahoro,Kabirizi
66d9c38e0bc303fcbe4cfc2b,Kigali city,Nyarugenge,Muhima,Rugenge,Rugenge
66d9c38e0bc303fcbe4cfc2e,Kigali city,Nyarugenge,Muhima,Tetero,Ingoro
66d9c38e0bc303fcbe4cfc32,Kigali city,Nyarugenge,Muhima,Tetero,Tetero
66d9c38e0bc303fcbe4cfc41,Kigali city,Nyarugenge,Nyakabanda,Munanira Ii,Karudandi
66d9c38e0bc303fcbe4cfc52,Kigali city,Nyarugenge,Nyakabanda,Nyakabanda Ii,Kigarama
66d9c38e0bc303fcbe4cfc58,Kigali city,Nyarugenge,Nyamirambo,Cyivugiza,Intwari
66d9c38e0bc303fcbe4cfc68,Kigali city,Nyarugenge,Nyamirambo,Mumena,Irembo
66d9c38e0bc303fcbe4cfc6a,Kigali city,Nyarugenge,Nyamirambo,Mumena,Kiberinka
66d9c38e0bc303fcbe4cfc72,Kigali city,Nyarugenge,Nyamirambo,Rugarama,Rugarama
66d9c38e0bc303fcbe4cfc78,Kigali city,Nyarugenge,Nyarugenge,Agatare,Inyambo
66d9c38e0bc303fcbe4cfc7d,Kigali city,Nyarugenge,Nyarugenge,Biryogo,Biryogo
66d9c38e0bc303fcbe4cfc87,Kigali city,Nyarugenge,Nyarugenge,Kiyovu,Ingenzi
66d9c38e0bc303fcbe4cfc97,Kigali city,Nyarugenge,Rwezamenyo,Kabuguru I,Murambi
66d9c38e0bc303fcbe4cfca9,Kigali city,Gasabo,Bumbogo,Kinyaga,Zindiro
66d9c38e0bc303fcbe4cfcaa,Kigali city,Gasabo,Bumbogo,Musave,Kagarama
66d9c38e0bc303fcbe4cfcac,Kigali city,Gasabo,Bumbogo,Musave,Ramba
66d9c38e0bc303fcbe4cfc07,Kigali city,Nyarugenge,Mageragere,Nyarurenzi,Amahoro
66d9c38e0bc303fcbe4cfc0c,Kigali city,Nyarugenge,Mageragere,Nyarurenzi,Nyarurenzi
66d9c38e0bc303fcbe4cfc1e,Kigali city,Nyarugenge,Muhima,Kabeza,Imanzi
66d9c38e0bc303fcbe4cfc2f,Kigali city,Nyarugenge,Muhima,Tetero,Inkingi
66d9c38e0bc303fcbe4cfc50,Kigali city,Nyarugenge,Nyakabanda,Nyakabanda Ii,Kanyiranganji
66d9c38e0bc303fcbe4cfc55,Kigali city,Nyarugenge,Nyamirambo,Cyivugiza,Gabiro
66d9c38e0bc303fcbe4cfc77,Kigali city,Nyarugenge,Nyarugenge,Agatare,Amajyambere
66d9c38e0bc303fcbe4cfc92,Kigali city,Nyarugenge,Nyarugenge,Rwampara,Umucyo
66d9c38e0bc303fcbe4cfcbf,Kigali city,Gasabo,Bumbogo,Nyabikenke,Bushya
66d9c38e0bc303fcbe4cfcd1,Kigali city,Gasabo,Gatsata,Karuruma,Akimihigo
66d9c38e0bc303fcbe4cfcd7,Kigali city,Gasabo,Gatsata,Karuruma,Nyagasozi
66d9c38e0bc303fcbe4cfcf3,Kigali city,Gasabo,Gatsata,Nyamugari,Isangano
66d9c38e0bc303fcbe4cfd06,Kigali city,Gasabo,Gikomero,Munini,Runyinya
66d9c38e0bc303fcbe4cfd18,Kigali city,Gasabo,Gisozi,Ruhango,Umurava
66d9c38e0bc303fcbe4cfd21,Kigali city,Gasabo,Jabana,Bweramvura,Akinyana
66d9c38e0bc303fcbe4cfcc6,Kigali city,Gasabo,Bumbogo,Nyabikenke,Masizi
66d9c38e0bc303fcbe4cfcc8,Kigali city,Gasabo,Bumbogo,Nyabikenke,Nyampamo
66d9c38e0bc303fcbe4cfcdc,Kigali city,Gasabo,Gatsata,Nyamabuye,Gashubi
66d9c38e0bc303fcbe4cfce3,Kigali city,Gasabo,Gatsata,Nyamabuye,Ndengo
66d9c38e0bc303fcbe4cfce4,Kigali city,Gasabo,Gatsata,Nyamabuye,Nyakabande
66d9c38e0bc303fcbe4cfce9,Kigali city,Gasabo,Gatsata,Nyamabuye,Ruvumero
66d9c38e0bc303fcbe4cfcf2,Kigali city,Gasabo,Gatsata,Nyamugari,Ihuriro
66d9c38e0bc303fcbe4cfd02,Kigali city,Gasabo,Gikomero,Kibara,Nombe
66d9c38e0bc303fcbe4cfd03,Kigali city,Gasabo,Gikomero,Munini,Munini
66d9c38e0bc303fcbe4cfd04,Kigali city,Gasabo,Gikomero,Munini,Mutokerezwa
66d9c38e0bc303fcbe4cfd0d,Kigali city,Gasabo,Gisozi,Musezero,Byimana
66d9c38e0bc303fcbe4cfd15,Kigali city,Gasabo,Gisozi,Ruhango,Murambi
66d9c38e0bc303fcbe4cfd1e,Kigali city,Gasabo,Jabana,Akamatamu,Nyarukurazo
66d9c38e0bc303fcbe4cfd24,Kigali city,Gasabo,Jabana,Bweramvura,Gitenga
66d9c38e0bc303fcbe4cfd3b,Kigali city,Gasabo,Jabana,Ngiryi,Akabuga
66d9c38e0bc303fcbe4cfcc5,Kigali city,Gasabo,Bumbogo,Nyabikenke,Kiriza
66d9c38e0bc303fcbe4cfcc9,Kigali city,Gasabo,Bumbogo,Nyagasozi,Akanyiramugarura
66d9c38e0bc303fcbe4cfcd9,Kigali city,Gasabo,Gatsata,Karuruma,Rwesero
66d9c38e0bc303fcbe4cfcdf,Kigali city,Gasabo,Gatsata,Nyamabuye,Juru
66d9c38e0bc303fcbe4cfce6,Kigali city,Gasabo,Gatsata,Nyamabuye,Rubonobono
66d9c38e0bc303fcbe4cfcfa,Kigali city,Gasabo,Gikomero,Gasagara,Rugwiza
66d9c38e0bc303fcbe4cfd0f,Kigali city,Gasabo,Gisozi,Musezero,Gasharu
66d9c38e0bc303fcbe4cfcd6,Kigali city,Gasabo,Gatsata,Karuruma,Muremera
66d9c38e0bc303fcbe4cfce7,Kigali city,Gasabo,Gatsata,Nyamabuye,Runyonza
66d9c38e0bc303fcbe4cfcf4,Kigali city,Gasabo,Gatsata,Nyamugari,Kanyonyomba
66d9c38e0bc303fcbe4cfcf9,Kigali city,Gasabo,Gikomero,Gasagara,Gasagara
66d9c38e0bc303fcbe4cfb42,Kigali city,Nyarugenge,Gitega,Akabahizi,Izuba
66d9c38e0bc303fcbe4cfb57,Kigali city,Nyarugenge,Gitega,Gacyamo,Ururembo
66d9c38e0bc303fcbe4cfb59,Kigali city,Nyarugenge,Gitega,Kigarama,Sangwa
66d9c38e0bc303fcbe4cfb7a,Kigali city,Nyarugenge,Kanyinya,Nzove,Gateko
66d9c38e0bc303fcbe4cfb4b,Kigali city,Nyarugenge,Gitega,Akabahizi,Vugizo
66d9c38e0bc303fcbe4cfb60,Kigali city,Nyarugenge,Gitega,Kinyange,Isangano
66d9c38e0bc303fcbe4cfb6e,Kigali city,Nyarugenge,Gitega,Kora,Mpazi
66d9c38e0bc303fcbe4cfb71,Kigali city,Nyarugenge,Gitega,Kora,Ubumwe
66d9c38e0bc303fcbe4cfb7e,Kigali city,Nyarugenge,Kanyinya,Nzove,Rutagara Ii
66d9c38e0bc303fcbe4cfb46,Kigali city,Nyarugenge,Gitega,Akabahizi,Ubumwe
66d9c38e0bc303fcbe4cfb51,Kigali city,Nyarugenge,Gitega,Gacyamo,Amahoro
66d9c38e0bc303fcbe4cfb70,Kigali city,Nyarugenge,Gitega,Kora,Rugari
66d9c38e0bc303fcbe4cfb77,Kigali city,Nyarugenge,Kanyinya,Nyamweru,Ruhengeri
66d9c38e0bc303fcbe4cfb69,Kigali city,Nyarugenge,Gitega,Kora,Isangano
66d9c38e0bc303fcbe4cfb95,Kigali city,Nyarugenge,Kigali,Mwendo,Isangano
66d9c38e0bc303fcbe4cfb9a,Kigali city,Nyarugenge,Kigali,Mwendo,Ubuzima
66d9c38e0bc303fcbe4cfba0,Kigali city,Nyarugenge,Kigali,Nyabugogo,Kamenge
66d9c38e0bc303fcbe4cfbac,Kigali city,Nyarugenge,Kigali,Ruriba,Ryamakomari
66d9c38e0bc303fcbe4cfbad,Kigali city,Nyarugenge,Kigali,Ruriba,Tubungo
66d9c38e0bc303fcbe4cfbb8,Kigali city,Nyarugenge,Kimisagara,Kamuhoza,Isimbi
66d9c38e0bc303fcbe4cfbc1,Kigali city,Nyarugenge,Kimisagara,Kamuhoza,Rurama
66d9c38e0bc303fcbe4cfbcc,Kigali city,Nyarugenge,Kimisagara,Katabaro,Ubumwe
66d9c38e0bc303fcbe4cfbd7,Kigali city,Nyarugenge,Kimisagara,Kimisagara,Gakaraza
66d9c38e0bc303fcbe4cfbde,Kigali city,Nyarugenge,Kimisagara,Kimisagara,Kove
66d9c38e0bc303fcbe4cfbb6,Kigali city,Nyarugenge,Kimisagara,Kamuhoza,Buhoro
66d9c38e0bc303fcbe4cfbba,Kigali city,Nyarugenge,Kimisagara,Kamuhoza,Karama
66d9c38e0bc303fcbe4cfbc8,Kigali city,Nyarugenge,Kimisagara,Katabaro,Inganzo
66d9c38e0bc303fcbe4cfbd9,Kigali city,Nyarugenge,Kimisagara,Kimisagara,Ihuriro
66d9c38e0bc303fcbe4cfb92,Kigali city,Nyarugenge,Kigali,Mwendo,Amahoro
66d9c38e0bc303fcbe4cfbaa,Kigali city,Nyarugenge,Kigali,Ruriba,Ruriba
66d9c38e0bc303fcbe4cfbbe,Kigali city,Nyarugenge,Kimisagara,Kamuhoza,Munini
66d9c38e0bc303fcbe4cfbc5,Kigali city,Nyarugenge,Kimisagara,Katabaro,Akishinge
66d9c38e0bc303fcbe4cfbd4,Kigali city,Nyarugenge,Kimisagara,Kimisagara,Buhoro
66d9c38e0bc303fcbe4cfbdc,Kigali city,Nyarugenge,Kimisagara,Kimisagara,Kigina
66d9c38e0bc303fcbe4cfbf6,Kigali city,Nyarugenge,Mageragere,Mataba,Karambi
66d9c38e0bc303fcbe4cfbf7,Kigali city,Nyarugenge,Mageragere,Mataba,Kwisanga
66d9c38e0bc303fcbe4cfb87,Kigali city,Nyarugenge,Kigali,Kigali,Gisenga
66d9c38e0bc303fcbe4cfb93,Kigali city,Nyarugenge,Kigali,Mwendo,Amajyambere
66d9c38e0bc303fcbe4cfb9f,Kigali city,Nyarugenge,Kigali,Nyabugogo,Kadobogo
66d9c38e0bc303fcbe4cfbab,Kigali city,Nyarugenge,Kigali,Ruriba,Ruzigimbogo
66d9c38e0bc303fcbe4cfbbc,Kigali city,Nyarugenge,Kimisagara,Kamuhoza,Kigabiro
66d9c38e0bc303fcbe4cfbce,Kigali city,Nyarugenge,Kimisagara,Katabaro,Umubano
66d9c38e0bc303fcbe4cfbd6,Kigali city,Nyarugenge,Kimisagara,Kimisagara,Byimana
66d9c38e0bc303fcbe4cfbe1,Kigali city,Nyarugenge,Kimisagara,Kimisagara,Nyagakoki
66d9c38e0bc303fcbe4cfbec,Kigali city,Nyarugenge,Mageragere,Kavumu,Ayabatanga
66d9c38e0bc303fcbe4cfbf1,Kigali city,Nyarugenge,Mageragere,Kavumu,Nyakabingo
66d9c38e0bc303fcbe4cfc02,Kigali city,Nyarugenge,Mageragere,Nyarufunzo,Akamashinge
66d9c38e0bc303fcbe4cfc06,Kigali city,Nyarugenge,Mageragere,Nyarufunzo,Rubete
66d9c38e0bc303fcbe4cfc11,Kigali city,Nyarugenge,Mageragere,Runzenze,Uwurugenge
66d9c38e0bc303fcbe4cfc18,Kigali city,Nyarugenge,Muhima,Kabasengerezi,Icyeza
66d9c38e0bc303fcbe4cfc19,Kigali city,Nyarugenge,Muhima,Kabasengerezi,Ikana
66d9c38e0bc303fcbe4cfc28,Kigali city,Nyarugenge,Muhima,Nyabugogo,Umutekano
66d9c38e0bc303fcbe4cfc39,Kigali city,Nyarugenge,Nyakabanda,Munanira I,Kabusunzu
66d9c38e0bc303fcbe4cfc54,Kigali city,Nyarugenge,Nyamirambo,Cyivugiza,Amizero
66d9c38e0bc303fcbe4cfc61,Kigali city,Nyarugenge,Nyamirambo,Gasharu,Kagunga
66d9c38e0bc303fcbe4cfc66,Kigali city,Nyarugenge,Nyamirambo,Mumena,Akarekare
66d9c38e0bc303fcbe4cfc75,Kigali city,Nyarugenge,Nyamirambo,Rugarama,Tetero
66d9c38e0bc303fcbe4cfc80,Kigali city,Nyarugenge,Nyarugenge,Biryogo,Nyiranuma
66d9c38e0bc303fcbe4cfc9d,Kigali city,Nyarugenge,Rwezamenyo,Rwezamenyo I,Indatwa
66d9c38e0bc303fcbe4cfca3,Kigali city,Gasabo,Bumbogo,Kinyaga,Akakaza
66d9c38e0bc303fcbe4cfcad,Kigali city,Gasabo,Bumbogo,Musave,Rebero
66d9c38e0bc303fcbe4cfc27,Kigali city,Nyarugenge,Muhima,Nyabugogo,Ubucuruzi
66d9c38e0bc303fcbe4cfc30,Kigali city,Nyarugenge,Muhima,Tetero,Intiganda
66d9c38e0bc303fcbe4cfc4d,Kigali city,Nyarugenge,Nyakabanda,Nyakabanda I,Rwagitanga
66d9c38e0bc303fcbe4cfc53,Kigali city,Nyarugenge,Nyakabanda,Nyakabanda Ii,Kirwa
66d9c38e0bc303fcbe4cfc5e,Kigali city,Nyarugenge,Nyamirambo,Cyivugiza,Munini
66d9c38e0bc303fcbe4cfc83,Kigali city,Nyarugenge,Nyarugenge,Kiyovu,Cercle Sportif
66d9c38e0bc303fcbe4cfc85,Kigali city,Nyarugenge,Nyarugenge,Kiyovu,Imena
66d9c38e0bc303fcbe4cfc9a,Kigali city,Nyarugenge,Rwezamenyo,Kabuguru Ii,Mutara
66d9c38e0bc303fcbe4cfca4,Kigali city,Gasabo,Bumbogo,Kinyaga,Kigarama
66d9c38e0bc303fcbe4cfcaf,Kigali city,Gasabo,Bumbogo,Mvuzo,Kigabiro
66d9c38e0bc303fcbe4cfcb1,Kigali city,Gasabo,Bumbogo,Mvuzo,Murarambo
66d9c38e0bc303fcbe4cfc03,Kigali city,Nyarugenge,Mageragere,Nyarufunzo,Maya
66d9c38e0bc303fcbe4cfc04,Kigali city,Nyarugenge,Mageragere,Nyarufunzo,Nyarufunzo
66d9c38e0bc303fcbe4cfc05,Kigali city,Nyarugenge,Mageragere,Nyarufunzo,Nyarurama
66d9c38e0bc303fcbe4cfc0f,Kigali city,Nyarugenge,Mageragere,Runzenze,Nkomero
66d9c38e0bc303fcbe4cfc16,Kigali city,Nyarugenge,Muhima,Amahoro,Ubuzima
66d9c38e0bc303fcbe4cfc3f,Kigali city,Nyarugenge,Nyakabanda,Munanira Ii,Kamwiza
66d9c38e0bc303fcbe4cfc43,Kigali city,Nyarugenge,Nyakabanda,Munanira Ii,Kokobe
66d9c38e0bc303fcbe4cfc47,Kigali city,Nyarugenge,Nyakabanda,Nyakabanda I,Gapfupfu
66d9c38e0bc303fcbe4cfc51,Kigali city,Nyarugenge,Nyakabanda,Nyakabanda Ii,Karujongi
66d9c38e0bc303fcbe4cfc5c,Kigali city,Nyarugenge,Nyamirambo,Cyivugiza,Muhabura
66d9c38e0bc303fcbe4cfc5d,Kigali city,Nyarugenge,Nyamirambo,Cyivugiza,Muhoza
66d9c38e0bc303fcbe4cfc65,Kigali city,Nyarugenge,Nyamirambo,Mumena,Akanyirazaninka
66d9c38e0bc303fcbe4cfc67,Kigali city,Nyarugenge,Nyamirambo,Mumena,Akatabaro
66d9c38e0bc303fcbe4cfc69,Kigali city,Nyarugenge,Nyamirambo,Mumena,Itaba
66d9c38e0bc303fcbe4cfc70,Kigali city,Nyarugenge,Nyamirambo,Rugarama,Riba
66d9c38e0bc303fcbe4cfc8a,Kigali city,Nyarugenge,Nyarugenge,Kiyovu,Isibo
66d9c38e0bc303fcbe4cfc90,Kigali city,Nyarugenge,Nyarugenge,Rwampara,Intwari
66d9c38e0bc303fcbe4cfc99,Kigali city,Nyarugenge,Rwezamenyo,Kabuguru Ii,Gasabo
66d9c38e0bc303fcbe4cfca1,Kigali city,Nyarugenge,Rwezamenyo,Rwezamenyo Ii,Umucyo
66d9c38e0bc303fcbe4cfca5,Kigali city,Gasabo,Bumbogo,Kinyaga,Kingabo
66d9c38e0bc303fcbe4cfcb4,Kigali city,Gasabo,Bumbogo,Mvuzo,Rukoma
66d9c38e0bc303fcbe4cfcba,Kigali city,Gasabo,Bumbogo,Nkuzuzu,Akabenejuru
66d9c38e0bc303fcbe4cfcc3,Kigali city,Gasabo,Bumbogo,Nyabikenke,Kayenzi
66d9c38e0bc303fcbe4cfcce,Kigali city,Gasabo,Bumbogo,Nyagasozi,Nyagasambu
66d9c38e0bc303fcbe4cfcf5,Kigali city,Gasabo,Gatsata,Nyamugari,Nyakariba
66d9c38e0bc303fcbe4cfd09,Kigali city,Gasabo,Gikomero,Murambi,Rugarama
66d9c38e0bc303fcbe4cfd20,Kigali city,Gasabo,Jabana,Bweramvura,Agatare
66d9c38e0bc303fcbe4cfd25,Kigali city,Gasabo,Jabana,Bweramvura,Nyakabingo
66d9c38e0bc303fcbe4cfd29,Kigali city,Gasabo,Jabana,Kabuye,Amakawa
66d9c38e0bc303fcbe4cfce5,Kigali city,Gasabo,Gatsata,Nyamabuye,Nyakanunga
66d9c38e0bc303fcbe4cfcf8,Kigali city,Gasabo,Gikomero,Gasagara,Bwingeyo
66d9c38e0bc303fcbe4cfcfe,Kigali city,Gasabo,Gikomero,Gicaca,Ruganda
66d9c38e0bc303fcbe4cfcc2,Kigali city,Gasabo,Bumbogo,Nyabikenke,Karama
66d9c38e0bc303fcbe4cfccc,Kigali city,Gasabo,Bumbogo,Nyagasozi,Kabuye
66d9c38e0bc303fcbe4cfcde,Kigali city,Gasabo,Gatsata,Nyamabuye,Hanika
66d9c38e0bc303fcbe4cfcee,Kigali city,Gasabo,Gatsata,Nyamugari,Akisoko
66d9c38e0bc303fcbe4cfd12,Kigali city,Gasabo,Gisozi,Musezero,Rwinyana
66d9c38e0bc303fcbe4cfd22,Kigali city,Gasabo,Jabana,Bweramvura,Gikingo
66d9c38e0bc303fcbe4cfd23,Kigali city,Gasabo,Jabana,Bweramvura,Gitega
66d9c38e0bc303fcbe4cfd2c,Kigali city,Gasabo,Jabana,Kabuye,Ihuriro
66d9c38e0bc303fcbe4cfcc4,Kigali city,Gasabo,Bumbogo,Nyabikenke,Kigara
66d9c38e0bc303fcbe4cfcc7,Kigali city,Gasabo,Bumbogo,Nyabikenke,Mbogo
66d9c38e0bc303fcbe4cfcd0,Kigali city,Gasabo,Gatsata,Karuruma,Akamamana
66d9c38e0bc303fcbe4cfcd2,Kigali city,Gasabo,Gatsata,Karuruma,Bigega
66d9c38e0bc303fcbe4cfcd5,Kigali city,Gasabo,Gatsata,Karuruma,Kumuyange
66d9c38e0bc303fcbe4cfcdb,Kigali city,Gasabo,Gatsata,Nyamabuye,Agakomeye
66d9c38e0bc303fcbe4cfce1,Kigali city,Gasabo,Gatsata,Nyamabuye,Mpakabavu
66d9c38e0bc303fcbe4cfcec,Kigali city,Gasabo,Gatsata,Nyamugari,Akamwunguzi
66d9c38e0bc303fcbe4cfcf1,Kigali city,Gasabo,Gatsata,Nyamugari,Bwiza
66d9c38e0bc303fcbe4cfcfc,Kigali city,Gasabo,Gikomero,Gicaca,Nyagasozi
66d9c38e0bc303fcbe4cfb54,Kigali city,Nyarugenge,Gitega,Gacyamo,Kivumu
66d9c38e0bc303fcbe4cfb64,Kigali city,Nyarugenge,Gitega,Kinyange,Uburezi
66d9c38e0bc303fcbe4cfb68,Kigali city,Nyarugenge,Gitega,Kinyange,Urugano
66d9c38e0bc303fcbe4cfb79,Kigali city,Nyarugenge,Kanyinya,Nzove,Bwiza
66d9c38e0bc303fcbe4cfb45,Kigali city,Nyarugenge,Gitega,Akabahizi,Ubukorikori
66d9c38e0bc303fcbe4cfb4e,Kigali city,Nyarugenge,Gitega,Akabeza,Gitwa
66d9c38e0bc303fcbe4cfb50,Kigali city,Nyarugenge,Gitega,Akabeza,Mpazi
66d9c38e0bc303fcbe4cfb52,Kigali city,Nyarugenge,Gitega,Gacyamo,Impuhwe
66d9c38e0bc303fcbe4cfb56,Kigali city,Nyarugenge,Gitega,Gacyamo,Urukundo
66d9c38e0bc303fcbe4cfb61,Kigali city,Nyarugenge,Gitega,Kinyange,Isano
66d9c38e0bc303fcbe4cfb63,Kigali city,Nyarugenge,Gitega,Kinyange,Ubumanzi
66d9c38e0bc303fcbe4cfb6c,Kigali city,Nyarugenge,Gitega,Kora,Kivumu
66d9c38e0bc303fcbe4cfb6f,Kigali city,Nyarugenge,Gitega,Kora,Rugano
66d9c38e0bc303fcbe4cfb75,Kigali city,Nyarugenge,Kanyinya,Nyamweru,Nyakirambi
66d9c38e0bc303fcbe4cfb78,Kigali city,Nyarugenge,Kanyinya,Nzove,Bibungo
66d9c38e0bc303fcbe4cfb40,Kigali city,Nyarugenge,Gitega,Akabahizi,Gihanga
66d9c38e0bc303fcbe4cfb55,Kigali city,Nyarugenge,Gitega,Gacyamo,Ubumwe
66d9c38e0bc303fcbe4cfb66,Kigali city,Nyarugenge,Gitega,Kinyange,Umucyo
66d9c38e0bc303fcbe4cfb6d,Kigali city,Nyarugenge,Gitega,Kora,Kora
66d9c38e0bc303fcbe4cfb8c,Kigali city,Nyarugenge,Kigali,Kigali,Murama
66d9c38e0bc303fcbe4cfb88,Kigali city,Nyarugenge,Kigali,Kigali,Kadobogo
66d9c38e0bc303fcbe4cfbae,Kigali city,Nyarugenge,Kigali,Rwesero,Akanyamirambo
66d9c38e0bc303fcbe4cfbbf,Kigali city,Nyarugenge,Kimisagara,Kamuhoza,Ntaraga
66d9c38e0bc303fcbe4cfbc6,Kigali city,Nyarugenge,Kimisagara,Katabaro,Akishuri
66d9c38e0bc303fcbe4cfbfd,Kigali city,Nyarugenge,Mageragere,Ntungamo,Nyabitare
66d9c38e0bc303fcbe4cfb82,Kigali city,Nyarugenge,Kanyinya,Taba,Nyarurama
66d9c38e0bc303fcbe4cfb94,Kigali city,Nyarugenge,Kigali,Mwendo,Birambo
66d9c38e0bc303fcbe4cfb9c,Kigali city,Nyarugenge,Kigali,Nyabugogo,Gakoni
66d9c38e0bc303fcbe4cfba6,Kigali city,Nyarugenge,Kigali,Ruriba,Misibya
66d9c38e0bc303fcbe4cfba9,Kigali city,Nyarugenge,Kigali,Ruriba,Ruharabuge
66d9c38e0bc303fcbe4cfbb0,Kigali city,Nyarugenge,Kigali,Rwesero,Makaga
66d9c38e0bc303fcbe4cfbc0,Kigali city,Nyarugenge,Kimisagara,Kamuhoza,Nunga
66d9c38e0bc303fcbe4cfbcd,Kigali city,Nyarugenge,Kimisagara,Katabaro,Ubusabane
66d9c38e0bc303fcbe4cfbcf,Kigali city,Nyarugenge,Kimisagara,Katabaro,Umurinzi
66d9c38e0bc303fcbe4cfbd5,Kigali city,Nyarugenge,Kimisagara,Kimisagara,Bwiza
66d9c38e0bc303fcbe4cfbd8,Kigali city,Nyarugenge,Kimisagara,Kimisagara,Gaseke
66d9c38e0bc303fcbe4cfbe2,Kigali city,Nyarugenge,Kimisagara,Kimisagara,Nyakabingo
66d9c38e0bc303fcbe4cfbee,Kigali city,Nyarugenge,Mageragere,Kavumu,Kavumu
66d9c38e0bc303fcbe4cfbf8,Kigali city,Nyarugenge,Mageragere,Mataba,Mageragere
66d9c38e0bc303fcbe4cfb80,Kigali city,Nyarugenge,Kanyinya,Taba,Kagaramira
66d9c38e0bc303fcbe4cfb91,Kigali city,Nyarugenge,Kigali,Mwendo,Akagugu
66d9c38e0bc303fcbe4cfb9b,Kigali city,Nyarugenge,Kigali,Mwendo,Umutekano
66d9c38e0bc303fcbe4cfbe9,Kigali city,Nyarugenge,Mageragere,Kankuba,Musave
66d9c38e0bc303fcbe4cfbed,Kigali city,Nyarugenge,Mageragere,Kavumu,Kankurimba
66d9c38e0bc303fcbe4cfbfe,Kigali city,Nyarugenge,Mageragere,Ntungamo,Nyarubande
66d9c38e0bc303fcbe4cfc1d,Kigali city,Nyarugenge,Muhima,Kabeza,Ikaze
66d9c38e0bc303fcbe4cfc4a,Kigali city,Nyarugenge,Nyakabanda,Nyakabanda I,Kokobe
66d9c38e0bc303fcbe4cfc57,Kigali city,Nyarugenge,Nyamirambo,Cyivugiza,Ingenzi
66d9c38e0bc303fcbe4cfc79,Kigali city,Nyarugenge,Nyarugenge,Agatare,Meraneza
66d9c38e0bc303fcbe4cfc84,Kigali city,Nyarugenge,Nyarugenge,Kiyovu,Ganza
66d9c38e0bc303fcbe4cfc94,Kigali city,Nyarugenge,Rwezamenyo,Kabuguru I,Muhoza
66d9c38e0bc303fcbe4cfc1b,Kigali city,Nyarugenge,Muhima,Kabasengerezi,Kabasengerezi
66d9c38e0bc303fcbe4cfc20,Kigali city,Nyarugenge,Muhima,Kabeza,Ituze
66d9c38e0bc303fcbe4cfc2c,Kigali city,Nyarugenge,Muhima,Rugenge,Ubumanzi
66d9c38e0bc303fcbe4cfc64,Kigali city,Nyarugenge,Nyamirambo,Mumena,Akanyana
66d9c38e0bc303fcbe4cfc6f,Kigali city,Nyarugenge,Nyamirambo,Rugarama,Munanira
66d9c38e0bc303fcbe4cfca0,Kigali city,Nyarugenge,Rwezamenyo,Rwezamenyo Ii,Amahoro
66d9c38e0bc303fcbe4cfcb5,Kigali city,Gasabo,Bumbogo,Ngara,Birembo
66d9c38e0bc303fcbe4cfc09,Kigali city,Nyarugenge,Mageragere,Nyarurenzi,Gikuyu
66d9c38e0bc303fcbe4cfc10,Kigali city,Nyarugenge,Mageragere,Runzenze,Runzenze
66d9c38e0bc303fcbe4cfc21,Kigali city,Nyarugenge,Muhima,Kabeza,Sangwa
66d9c38e0bc303fcbe4cfc23,Kigali city,Nyarugenge,Muhima,Nyabugogo,Abeza
66d9c38e0bc303fcbe4cfc26,Kigali city,Nyarugenge,Muhima,Nyabugogo,Rwezangoro
66d9c38e0bc303fcbe4cfc2d,Kigali city,Nyarugenge,Muhima,Tetero,Indamutsa
66d9c38e0bc303fcbe4cfc35,Kigali city,Nyarugenge,Muhima,Ubumwe,Isangano
66d9c38e0bc303fcbe4cfc37,Kigali city,Nyarugenge,Muhima,Ubumwe,Urugwiro
66d9c38e0bc303fcbe4cfc3c,Kigali city,Nyarugenge,Nyakabanda,Munanira I,Nyagasozi
66d9c38e0bc303fcbe4cfc42,Kigali city,Nyarugenge,Nyakabanda,Munanira Ii,Kigabiro
66d9c38e0bc303fcbe4cfc4e,Kigali city,Nyarugenge,Nyakabanda,Nyakabanda Ii,Ibuhoro
66d9c38e0bc303fcbe4cfc4f,Kigali city,Nyarugenge,Nyakabanda,Nyakabanda Ii,Kabeza
66d9c38e0bc303fcbe4cfc63,Kigali city,Nyarugenge,Nyamirambo,Gasharu,Rwintare
66d9c38e0bc303fcbe4cfc74,Kigali city,Nyarugenge,Nyamirambo,Rugarama,Rusisiro
66d9c38e0bc303fcbe4cfc76,Kigali city,Nyarugenge,Nyarugenge,Agatare,Agatare
66d9c38e0bc303fcbe4cfc7c,Kigali city,Nyarugenge,Nyarugenge,Agatare,Umurava
66d9c38e0bc303fcbe4cfc8c,Kigali city,Nyarugenge,Nyarugenge,Kiyovu,Rugunga
66d9c38e0bc303fcbe4cfc91,Kigali city,Nyarugenge,Nyarugenge,Rwampara,Rwampara
66d9c38e0bc303fcbe4cfc93,Kigali city,Nyarugenge,Nyarugenge,Rwampara,Umuganda
66d9c38e0bc303fcbe4cfc96,Kigali city,Nyarugenge,Rwezamenyo,Kabuguru I,Mumararungu
66d9c38e0bc303fcbe4cfc98,Kigali city,Nyarugenge,Rwezamenyo,Kabuguru Ii,Buhoro
66d9c38e0bc303fcbe4cfc9c,Kigali city,Nyarugenge,Rwezamenyo,Rwezamenyo I,Abatarushwa
66d9c38e0bc303fcbe4cfcb6,Kigali city,Gasabo,Bumbogo,Ngara,Gisasa
66d9c38e0bc303fcbe4cfcb9,Kigali city,Gasabo,Bumbogo,Ngara,Uwaruraza
66d9c38e0bc303fcbe4cfcbe,Kigali city,Gasabo,Bumbogo,Nkuzuzu,Kityazo
66d9c38e0bc303fcbe4cfc08,Kigali city,Nyarugenge,Mageragere,Nyarurenzi,Ayabaramba
66d9c38e0bc303fcbe4cfc12,Kigali city,Nyarugenge,Muhima,Amahoro,Amahoro
66d9c38e0bc303fcbe4cfc1c,Kigali city,Nyarugenge,Muhima,Kabeza,Hirwa
66d9c38e0bc303fcbe4cfc22,Kigali city,Nyarugenge,Muhima,Kabeza,Umwezi
66d9c38e0bc303fcbe4cfc3e,Kigali city,Nyarugenge,Nyakabanda,Munanira Ii,Gasiza
66d9c38e0bc303fcbe4cfc59,Kigali city,Nyarugenge,Nyamirambo,Cyivugiza,Karisimbi
66d9c38e0bc303fcbe4cfc60,Kigali city,Nyarugenge,Nyamirambo,Cyivugiza,Shema
66d9c38e0bc303fcbe4cfc88,Kigali city,Nyarugenge,Nyarugenge,Kiyovu,Inyarurembo
66d9c38e0bc303fcbe4cfca2,Kigali city,Nyarugenge,Rwezamenyo,Rwezamenyo Ii,Urumuri
66d9c38e0bc303fcbe4cfca7,Kigali city,Gasabo,Bumbogo,Kinyaga,Rubungo
66d9c38e0bc303fcbe4cfcc0,Kigali city,Gasabo,Bumbogo,Nyabikenke,Gikumba
66d9c38e0bc303fcbe4cfcd8,Kigali city,Gasabo,Gatsata,Karuruma,Rugoro
66d9c38e0bc303fcbe4cfcdd,Kigali city,Gasabo,Gatsata,Nyamabuye,Gisiza
66d9c38e0bc303fcbe4cfd2e,Kigali city,Gasabo,Jabana,Kabuye,Karuruma
66d9c38e0bc303fcbe4cfd34,Kigali city,Gasabo,Jabana,Kidashya,Agasekabuye
66d9c38e0bc303fcbe4cfd3d,Kigali city,Gasabo,Jabana,Ngiryi,Kiberinka
66d9c38e0bc303fcbe4cfcd3,Kigali city,Gasabo,Gatsata,Karuruma,Busasamana
66d9c38e0bc303fcbe4cfcd4,Kigali city,Gasabo,Gatsata,Karuruma,Kingasire
66d9c38e0bc303fcbe4cfcda,Kigali city,Gasabo,Gatsata,Karuruma,Tetero
66d9c38e0bc303fcbe4cfce2,Kigali city,Gasabo,Gatsata,Nyamabuye,Musango
66d9c38e0bc303fcbe4cfcef,Kigali city,Gasabo,Gatsata,Nyamugari,Amarembo
66d9c38e0bc303fcbe4cfcf0,Kigali city,Gasabo,Gatsata,Nyamugari,Amizero
66d9c38e0bc303fcbe4cfcfb,Kigali city,Gasabo,Gikomero,Gicaca,Ntaganzwa
66d9c38e0bc303fcbe4cfd0e,Kigali city,Gasabo,Gisozi,Musezero,Gasave
66d9c38e0bc303fcbe4cfd11,Kigali city,Gasabo,Gisozi,Musezero,Nyakariba
66d9c38e0bc303fcbe4cfd19,Kigali city,Gasabo,Jabana,Akamatamu,Akamatamu
66d9c38e0bc303fcbe4cfd1f,Kigali city,Gasabo,Jabana,Bweramvura,Agakenke
66d9c38e0bc303fcbe4cfd26,Kigali city,Gasabo,Jabana,Bweramvura,Nyarurama
66d9c38e0bc303fcbe4cfd28,Kigali city,Gasabo,Jabana,Bweramvura,Taba
66d9c38e0bc303fcbe4cfd2b,Kigali city,Gasabo,Jabana,Kabuye,Buliza
66d9c38e0bc303fcbe4cfd31,Kigali city,Gasabo,Jabana,Kabuye,Rebero
66d9c38e0bc303fcbe4cfd32,Kigali city,Gasabo,Jabana,Kabuye,Rugarama
66d9c38e0bc303fcbe4cfd3c,Kigali city,Gasabo,Jabana,Ngiryi,Jurwe
66d9c38e0bc303fcbe4cfce0,Kigali city,Gasabo,Gatsata,Nyamabuye,Kibaya
66d9c38e0bc303fcbe4cfcea,Kigali city,Gasabo,Gatsata,Nyamabuye,Uwagatovu
66d9c38e0bc303fcbe4cfceb,Kigali city,Gasabo,Gatsata,Nyamugari,Agataramo
66d9c38e0bc303fcbe4cfd16,Kigali city,Gasabo,Gisozi,Ruhango,Ntora
66d9c38e0bc303fcbe4cfd1c,Kigali city,Gasabo,Jabana,Akamatamu,Nyacyonga
66d9c38e0bc303fcbe4cfd27,Kigali city,Gasabo,Jabana,Bweramvura,Rugogwe
66d9c38e0bc303fcbe4cfd3e,Kigali city,Gasabo,Jabana,Ngiryi,Nyakirehe
66d9c38e0bc303fcbe4cfd45,Kigali city,Gasabo,Jali,Agateko,Byimana
66d9c38e0bc303fcbe4cfd4a,Kigali city,Gasabo,Jali,Buhiza,Akabande
66d9c38e0bc303fcbe4cfd4e,Kigali city,Gasabo,Jali,Muko,Gahinga
66d9c38e0bc303fcbe4cfd61,Kigali city,Gasabo,Jali,Nyamitanga,Agatare
66d9c38e0bc303fcbe4cfd68,Kigali city,Gasabo,Kacyiru,Kamatamu,Itetero
66d9c38e0bc303fcbe4cfd70,Kigali city,Gasabo,Kacyiru,Kamutwa,Agasaro
66d9c38e0bc303fcbe4cfd80,Kigali city,Gasabo,Kacyiru,Kibaza,Kabagari
66d9c38e0bc303fcbe4cfd83,Kigali city,Gasabo,Kacyiru,Kibaza,Urukundo
66d9c38e0bc303fcbe4cfd99,Kigali city,Gasabo,Kimihurura,Rugando,Marembo
66d9c38e0bc303fcbe4cfda5,Kigali city,Gasabo,Kimironko,Bibare,Intashyo
66d9c38e0bc303fcbe4cfda8,Kigali city,Gasabo,Kimironko,Bibare,Inyange
66d9c38e0bc303fcbe4cfdab,Kigali city,Gasabo,Kimironko,Kibagabaga,Akintwari
66d9c38e0bc303fcbe4cfdb7,Kigali city,Gasabo,Kimironko,Kibagabaga,Rukurazo
66d9c38e0bc303fcbe4cfd41,Kigali city,Gasabo,Jabana,Ngiryi,Rwanyanza
66d9c38e0bc303fcbe4cfd50,Kigali city,Gasabo,Jali,Muko,Umunyinya
66d9c38e0bc303fcbe4cfd67,Kigali city,Gasabo,Kacyiru,Kamatamu,Gataba
66d9c38e0bc303fcbe4cfd72,Kigali city,Gasabo,Kacyiru,Kamutwa,Inkingi
66d9c38e0bc303fcbe4cfd77,Kigali city,Gasabo,Kacyiru,Kamutwa,Umutekano
66d9c38e0bc303fcbe4cfd88,Kigali city,Gasabo,Kimihurura,Kamukina,Ituze
66d9c38e0bc303fcbe4cfd95,Kigali city,Gasabo,Kimihurura,Kimihurura,Umutekano
66d9c38e0bc303fcbe4cfdb5,Kigali city,Gasabo,Kimironko,Kibagabaga,Rindiro
66d9c38e0bc303fcbe4cfd86,Kigali city,Gasabo,Kimihurura,Kamukina,Isangano
66d9c38e0bc303fcbe4cfd42,Kigali city,Gasabo,Jabana,Ngiryi,Uwanyange
66d9c38e0bc303fcbe4cfd5f,Kigali city,Gasabo,Jali,Nyakabungo,Ruhihi
66d9c38e0bc303fcbe4cfd69,Kigali city,Gasabo,Kacyiru,Kamatamu,Kabare
66d9c38e0bc303fcbe4cfd6f,Kigali city,Gasabo,Kacyiru,Kamatamu,Uruhongore
66d9c38e0bc303fcbe4cfd76,Kigali city,Gasabo,Kacyiru,Kamutwa,Umuco
66d9c38e0bc303fcbe4cfd7f,Kigali city,Gasabo,Kacyiru,Kibaza,Iriba
66d9c38e0bc303fcbe4cfd81,Kigali city,Gasabo,Kacyiru,Kibaza,Ubumwe
66d9c38e0bc303fcbe4cfd8b,Kigali city,Gasabo,Kimihurura,Kamukina,Nyenyeri
66d9c38e0bc303fcbe4cfd9b,Kigali city,Gasabo,Kimihurura,Rugando,Taba
66d9c38e0bc303fcbe4cfdb8,Kigali city,Gasabo,Kimironko,Kibagabaga,Rumuri
66d9c38e0bc303fcbe4cfdbe,Kigali city,Gasabo,Kimironko,Nyagatovu,Urugwiro
66d9c38e0bc303fcbe4cfdc4,Kigali city,Gasabo,Kinyinya,Gacuriro,Cyeru
66d9c38e0bc303fcbe4cfdc7,Kigali city,Gasabo,Kinyinya,Gacuriro,Kirira
66d9c38e0bc303fcbe4cfdce,Kigali city,Gasabo,Kinyinya,Kagugu,Dusenyi
66d9c38e0bc303fcbe4cfdd2,Kigali city,Gasabo,Kinyinya,Kagugu,Kadobogo
66d9c38e0bc303fcbe4cfdd8,Kigali city,Gasabo,Kinyinya,Murama,Ngaruyinka
66d9c38e0bc303fcbe4cfdda,Kigali city,Gasabo,Kinyinya,Murama,Taba
66d9c38e0bc303fcbe4cfddf,Kigali city,Gasabo,Ndera,Bwiza,Kagarama
66d9c38e0bc303fcbe4cfde5,Kigali city,Gasabo,Ndera,Cyaruzinge,Gisura
66d9c38e0bc303fcbe4cfdee,Kigali city,Gasabo,Ndera,Kibenga,Nezerwa
66d9c38e0bc303fcbe4cfdf3,Kigali city,Gasabo,Ndera,Masoro,Byimana
66d9c38e0bc303fcbe4cfe0b,Kigali city,Gasabo,Nduba,Butare,Nyura
66d9c38e0bc303fcbe4cfe0d,Kigali city,Gasabo,Nduba,Gasanze,Kagarama
66d9c38e0bc303fcbe4cfe0e,Kigali city,Gasabo,Nduba,Gasanze,Nyabitare
66d9c38e0bc303fcbe4cfe15,Kigali city,Gasabo,Nduba,Gasura,Kazi
66d9c38e0bc303fcbe4cfe1b,Kigali city,Gasabo,Nduba,Gatunga,Burungero
66d9c38e0bc303fcbe4cfe21,Kigali city,Gasabo,Nduba,Muremure,Kibungo
66d9c38e0bc303fcbe4cfe24,Kigali city,Gasabo,Nduba,Muremure,Taba
66d9c38e0bc303fcbe4cfe3e,Kigali city,Gasabo,Remera,Nyarutarama,Kangondo Ii
66d9c38e0bc303fcbe4cfdca,Kigali city,Gasabo,Kinyinya,Gasharu,Agatare
66d9c38e0bc303fcbe4cfde1,Kigali city,Gasabo,Ndera,Cyaruzinge,Ayabakora
66d9c38e0bc303fcbe4cfe1a,Kigali city,Gasabo,Nduba,Gatunga,Amataba
66d9c38e0bc303fcbe4cfe3f,Kigali city,Gasabo,Remera,Nyarutarama,Kibiraro I
66d9c38e0bc303fcbe4cfdc3,Kigali city,Gasabo,Kinyinya,Gacuriro,Bishikiri
66d9c38e0bc303fcbe4cfdde,Kigali city,Gasabo,Ndera,Bwiza,Gasharu
66d9c38e0bc303fcbe4cfde0,Kigali city,Gasabo,Ndera,Bwiza,Ruhangare
66d9c38e0bc303fcbe4cfdf4,Kigali city,Gasabo,Ndera,Masoro,Kabeza
66d9c38e0bc303fcbe4cfe19,Kigali city,Gasabo,Nduba,Gatunga,Agasharu
66d9c38e0bc303fcbe4cfcfd,Kigali city,Gasabo,Gikomero,Gicaca,Nyagisozi
66d9c38e0bc303fcbe4cfd0c,Kigali city,Gasabo,Gisozi,Musezero,Amarembo
66d9c38e0bc303fcbe4cfd13,Kigali city,Gasabo,Gisozi,Ruhango,Kanyinya
66d9c38e0bc303fcbe4cfd1a,Kigali city,Gasabo,Jabana,Akamatamu,Cyeyere
66d9c38e0bc303fcbe4cfd1d,Kigali city,Gasabo,Jabana,Akamatamu,Nyagasozi
66d9c38e0bc303fcbe4cfd33,Kigali city,Gasabo,Jabana,Kabuye,Tetero
66d9c38e0bc303fcbe4cfd36,Kigali city,Gasabo,Jabana,Kidashya,Amasangano
66d9c38e0bc303fcbe4cfd3f,Kigali city,Gasabo,Jabana,Ngiryi,Nyarubuye
66d9c38e0bc303fcbe4cfd4c,Kigali city,Gasabo,Jali,Buhiza,Nyamugali
66d9c38e0bc303fcbe4cfd52,Kigali city,Gasabo,Jali,Nkusi,Kabagina
66d9c38e0bc303fcbe4cfd56,Kigali city,Gasabo,Jali,Nyabuliba,Byimana
66d9c38e0bc303fcbe4cfd6c,Kigali city,Gasabo,Kacyiru,Kamatamu,Nyagacyamo
66d9c38e0bc303fcbe4cfd7e,Kigali city,Gasabo,Kacyiru,Kibaza,Inyange
66d9c38e0bc303fcbe4cfd8a,Kigali city,Gasabo,Kimihurura,Kamukina,Juru
66d9c38e0bc303fcbe4cfda4,Kigali city,Gasabo,Kimironko,Bibare,Inshuti
66d9c38e0bc303fcbe4cfdb4,Kigali city,Gasabo,Kimironko,Kibagabaga,Ramiro
66d9c38e0bc303fcbe4cfdbb,Kigali city,Gasabo,Kimironko,Nyagatovu,Ijabiro
66d9c38e0bc303fcbe4cfd78,Kigali city,Gasabo,Kacyiru,Kamutwa,Urugero
66d9c38e0bc303fcbe4cfd89,Kigali city,Gasabo,Kimihurura,Kamukina,Izuba
66d9c38e0bc303fcbe4cfd91,Kigali city,Gasabo,Kimihurura,Kimihurura,Intambwe
66d9c38e0bc303fcbe4cfdbd,Kigali city,Gasabo,Kimironko,Nyagatovu,Itetero
66d9c38e0bc303fcbe4cfd44,Kigali city,Gasabo,Jali,Agateko,Bukamba
66d9c38e0bc303fcbe4cfd53,Kigali city,Gasabo,Jali,Nkusi,Kajevuba
66d9c38e0bc303fcbe4cfd65,Kigali city,Gasabo,Kacyiru,Kamatamu,Bukinanyana
66d9c38e0bc303fcbe4cfd7a,Kigali city,Gasabo,Kacyiru,Kibaza,Amahoro
66d9c38e0bc303fcbe4cfd7c,Kigali city,Gasabo,Kacyiru,Kibaza,Ihuriro
66d9c38e0bc303fcbe4cfd96,Kigali city,Gasabo,Kimihurura,Kimihurura,Urwego
66d9c38e0bc303fcbe4cfda3,Kigali city,Gasabo,Kimironko,Bibare,Ingeri
66d9c38e0bc303fcbe4cfda7,Kigali city,Gasabo,Kimironko,Bibare,Inyamibwa
66d9c38e0bc303fcbe4cfd47,Kigali city,Gasabo,Jali,Agateko,Kinunga
66d9c38e0bc303fcbe4cfd4f,Kigali city,Gasabo,Jali,Muko,Gatare
66d9c38e0bc303fcbe4cfd73,Kigali city,Gasabo,Kacyiru,Kamutwa,Kanserege
66d9c38e0bc303fcbe4cfd75,Kigali city,Gasabo,Kacyiru,Kamutwa,Ruganwa
66d9c38e0bc303fcbe4cfd7b,Kigali city,Gasabo,Kacyiru,Kibaza,Bwiza
66d9c38e0bc303fcbe4cfd87,Kigali city,Gasabo,Kimihurura,Kamukina,Isano
66d9c38e0bc303fcbe4cfd8d,Kigali city,Gasabo,Kimihurura,Kamukina,Urumuri
66d9c38e0bc303fcbe4cfd98,Kigali city,Gasabo,Kimihurura,Rugando,Gasasa
66d9c38e0bc303fcbe4cfda2,Kigali city,Gasabo,Kimironko,Bibare,Ingenzi
66d9c38e0bc303fcbe4cfdaa,Kigali city,Gasabo,Kimironko,Bibare,Umwezi
66d9c38e0bc303fcbe4cfdba,Kigali city,Gasabo,Kimironko,Nyagatovu,Ibuhoro
66d9c38e0bc303fcbe4cfdbf,Kigali city,Gasabo,Kinyinya,Gacuriro,Agatare
66d9c38e0bc303fcbe4cfdc6,Kigali city,Gasabo,Kinyinya,Gacuriro,Kabuhunde Ii
66d9c38e0bc303fcbe4cfdd1,Kigali city,Gasabo,Kinyinya,Kagugu,Kabuhunde I
66d9c38e0bc303fcbe4cfde7,Kigali city,Gasabo,Ndera,Cyaruzinge,Murindi
66d9c38e0bc303fcbe4cfded,Kigali city,Gasabo,Ndera,Kibenga,Kira
66d9c38e0bc303fcbe4cfdf9,Kigali city,Gasabo,Ndera,Mukuyu,Akamusare
66d9c38e0bc303fcbe4cfdfc,Kigali city,Gasabo,Ndera,Mukuyu,Jurwe
66d9c38e0bc303fcbe4cfe00,Kigali city,Gasabo,Ndera,Rudashya,Kacyinyaga
66d9c38e0bc303fcbe4cfe0a,Kigali city,Gasabo,Nduba,Butare,Nyarubuye
66d9c38e0bc303fcbe4cfe1c,Kigali city,Gasabo,Nduba,Gatunga,Karama
66d9c38e0bc303fcbe4cfe27,Kigali city,Gasabo,Nduba,Sha,Gatare
66d9c38e0bc303fcbe4cfe2d,Kigali city,Gasabo,Nduba,Shango,Kamuhoza
66d9c38e0bc303fcbe4cfdc9,Kigali city,Gasabo,Kinyinya,Gacuriro,Urugarama
66d9c38e0bc303fcbe4cfdd3,Kigali city,Gasabo,Kinyinya,Kagugu,Kagarama
66d9c38e0bc303fcbe4cfdef,Kigali city,Gasabo,Ndera,Kibenga,Rugazi
66d9c38e0bc303fcbe4cfe1e,Kigali city,Gasabo,Nduba,Gatunga,Rebero
66d9c38e0bc303fcbe4cfe3a,Kigali city,Gasabo,Remera,Nyarutarama,Gishushu
66d9c38e0bc303fcbe4cfe3b,Kigali city,Gasabo,Remera,Nyarutarama,Juru
66d9c38e0bc303fcbe4cfdc1,Kigali city,Gasabo,Kinyinya,Gacuriro,Akarambo
66d9c38e0bc303fcbe4cfdcb,Kigali city,Gasabo,Kinyinya,Gasharu,Gasharu
66d9c38e0bc303fcbe4cfdcc,Kigali city,Gasabo,Kinyinya,Gasharu,Kami
66d9c38e0bc303fcbe4cfdd7,Kigali city,Gasabo,Kinyinya,Murama,Binunga
66d9c38e0bc303fcbe4cfddd,Kigali city,Gasabo,Ndera,Bwiza,Bucyemba
66d9c38e0bc303fcbe4cfdf0,Kigali city,Gasabo,Ndera,Kibenga,Runyonza
66d9c38e0bc303fcbe4cfe2a,Kigali city,Gasabo,Nduba,Sha,Ngara
66d9c38e0bc303fcbe4cfe2e,Kigali city,Gasabo,Nduba,Shango,Mirambi
66d9c38e0bc303fcbe4cfe41,Kigali city,Gasabo,Remera,Rukiri I,Agashyitsi
66d9c38e0bc303fcbe4cfe45,Kigali city,Gasabo,Remera,Rukiri I,Ubumwe
66d9c38e0bc303fcbe4cfe4d,Kigali city,Gasabo,Rusororo,Bisenga,Bisenga
66d9c38e0bc303fcbe4cfe4f,Kigali city,Gasabo,Rusororo,Bisenga,Gasiza
66d9c38e0bc303fcbe4cfe53,Kigali city,Gasabo,Rusororo,Gasagara,Kamasasa
66d9c38e0bc303fcbe4cfe6d,Kigali city,Gasabo,Rusororo,Nyagahinga,Gisharara
66d9c38e0bc303fcbe4cfe71,Kigali city,Gasabo,Rusororo,Nyagahinga,Nyarucundura
66d9c38e0bc303fcbe4cfe72,Kigali city,Gasabo,Rusororo,Nyagahinga,Runyonza
66d9c38e0bc303fcbe4cfe75,Kigali city,Gasabo,Rusororo,Ruhanga,Mirama
66d9c38e0bc303fcbe4cfe48,Kigali city,Gasabo,Remera,Rukiri Ii,Amahoro
66d9c38e0bc303fcbe4cfe4e,Kigali city,Gasabo,Rusororo,Bisenga,Gakenyeri
66d9c38e0bc303fcbe4cfe54,Kigali city,Gasabo,Rusororo,Gasagara,Rugagi
66d9c38e0bc303fcbe4cfe42,Kigali city,Gasabo,Remera,Rukiri I,Amajyambere
66d9c38e0bc303fcbe4cfe6c,Kigali city,Gasabo,Rusororo,Mbandazi,Samuduha
66d9c38e0bc303fcbe4cfe44,Kigali city,Gasabo,Remera,Rukiri I,Kisimenti
66d9c38e0bc303fcbe4cfe4c,Kigali city,Gasabo,Remera,Rukiri Ii,Ubumwe
66d9c38e0bc303fcbe4cfe82,Kigali city,Gasabo,Rutunga,Kabaliza,Nyamise
66d9c38e0bc303fcbe4cfe86,Kigali city,Gasabo,Rutunga,Kacyatwa,Kandamira
66d9c38e0bc303fcbe4cfe91,Kigali city,Kicukiro,Gahanga,Gahanga,Gahanga
66d9c38e0bc303fcbe4cfea5,Kigali city,Kicukiro,Gahanga,Karembure,Rwamaya
66d9c38e0bc303fcbe4cfebe,Kigali city,Kicukiro,Gatenga,Gatenga,Isangano
66d9c38e0bc303fcbe4cfebf,Kigali city,Kicukiro,Gatenga,Gatenga,Rugari
66d9c38e0bc303fcbe4cfe84,Kigali city,Gasabo,Rutunga,Kacyatwa,Cyili
66d9c38e0bc303fcbe4cfea7,Kigali city,Kicukiro,Gahanga,Murinja,Kigasa
66d9c38e0bc303fcbe4cfeb4,Kigali city,Kicukiro,Gahanga,Rwabutenge,Gahosha
66d9c38e0bc303fcbe4cfe9f,Kigali city,Kicukiro,Gahanga,Karembure,Bigo
66d9c38e0bc303fcbe4cfeb9,Kigali city,Kicukiro,Gahanga,Rwabutenge,Rugando I
66d9c38e0bc303fcbe4cfec1,Kigali city,Kicukiro,Gatenga,Karambo,Ihuriro
66d9c38e0bc303fcbe4cfef7,Kigali city,Kicukiro,Kagarama,Rukatsa,Inshuti
66d9c38e0bc303fcbe4cfec7,Kigali city,Kicukiro,Gatenga,Karambo,Rugwiro
66d9c38e0bc303fcbe4cfecd,Kigali city,Kicukiro,Gatenga,Nyanza,Ihuriro
66d9c38e0bc303fcbe4cfee4,Kigali city,Kicukiro,Gikondo,Kanserege,Marembo I
66d9c38e0bc303fcbe4cfee8,Kigali city,Kicukiro,Gikondo,Kinunga,Kigugu Ii
66d9c38e0bc303fcbe4cfef5,Kigali city,Kicukiro,Kagarama,Muyange,Muyange
66d9c38e0bc303fcbe4cfec0,Kigali city,Kicukiro,Gatenga,Karambo,Gwiza
66d9c38e0bc303fcbe4cfed5,Kigali city,Kicukiro,Gatenga,Nyanza,Sabaganga
66d9c38e0bc303fcbe4cfec4,Kigali city,Kicukiro,Gatenga,Karambo,Mahoro
66d9c38e0bc303fcbe4cfec8,Kigali city,Kicukiro,Gatenga,Karambo,Ruhuka
66d9c38e0bc303fcbe4cfed2,Kigali city,Kicukiro,Gatenga,Nyanza,Nyanza
66d9c38e0bc303fcbe4cfed6,Kigali city,Kicukiro,Gatenga,Nyanza,Taba
66d9c38e0bc303fcbe4cfedd,Kigali city,Kicukiro,Gikondo,Kagunga,Kabuye Ii
66d9c38e0bc303fcbe4cfef4,Kigali city,Kicukiro,Kagarama,Muyange,Mugeyo
66d9c38e0bc303fcbe4cfefa,Kigali city,Kicukiro,Kagarama,Rukatsa,Nyanza
66d9c38e0bc303fcbe4cff01,Kigali city,Kicukiro,Kanombe,Busanza,Gashyushya
66d9c38e0bc303fcbe4cff15,Kigali city,Kicukiro,Kanombe,Karama,Bitare
66d9c38e0bc303fcbe4cff1b,Kigali city,Kicukiro,Kanombe,Karama,Karama
66d9c38e0bc303fcbe4cff0e,Kigali city,Kicukiro,Kanombe,Kabeza,Kabeza
66d9c38e0bc303fcbe4cff10,Kigali city,Kicukiro,Kanombe,Kabeza,Muhabura
66d9c38e0bc303fcbe4cff26,Kigali city,Kicukiro,Kanombe,Rubirizi,Ubumwe
66d9c38e0bc303fcbe4cfe06,Kigali city,Gasabo,Nduba,Butare,Kanani
66d9c38e0bc303fcbe4cfe08,Kigali city,Gasabo,Nduba,Butare,Kigabiro
66d9c38e0bc303fcbe4cfe09,Kigali city,Gasabo,Nduba,Butare,Nyamurambi
66d9c38e0bc303fcbe4cfe0f,Kigali city,Gasabo,Nduba,Gasanze,Nyakabungo
66d9c38e0bc303fcbe4cfe2f,Kigali city,Gasabo,Nduba,Shango,Munini
66d9c38e0bc303fcbe4cfe35,Kigali city,Gasabo,Remera,Nyabisindu,Gihogere
66d9c38e0bc303fcbe4cfe37,Kigali city,Gasabo,Remera,Nyabisindu,Kinunga
66d9c38e0bc303fcbe4cfe49,Kigali city,Gasabo,Remera,Rukiri Ii,Rebero
66d9c38e0bc303fcbe4cfe74,Kigali city,Gasabo,Rusororo,Ruhanga,Kinyaga
66d9c38e0bc303fcbe4cfe46,Kigali city,Gasabo,Remera,Rukiri I,Ukwezi
66d9c38e0bc303fcbe4cfe50,Kigali city,Gasabo,Rusororo,Bisenga,Kidogo
66d9c38e0bc303fcbe4cfe6e,Kigali city,Gasabo,Rusororo,Nyagahinga,Kabutare
66d9c38e0bc303fcbe4cfe56,Kigali city,Gasabo,Rusororo,Kabuga I,Abatangampundu
66d9c38e0bc303fcbe4cfe60,Kigali city,Gasabo,Rusororo,Kabuga Ii,Mataba
66d9c38e0bc303fcbe4cfe66,Kigali city,Gasabo,Rusororo,Kinyana,Nyagisozi
66d9c38e0bc303fcbe4cfe7d,Kigali city,Gasabo,Rutunga,Indatemwa,Kamusengo
66d9c38e0bc303fcbe4cfe55,Kigali city,Gasabo,Rusororo,Gasagara,Ryabazana
66d9c38e0bc303fcbe4cfe57,Kigali city,Gasabo,Rusororo,Kabuga I,Amahoro
66d9c38e0bc303fcbe4cfe58,Kigali city,Gasabo,Rusororo,Kabuga I,Isangano
66d9c38e0bc303fcbe4cfe5a,Kigali city,Gasabo,Rusororo,Kabuga I,Kalisimbi
66d9c38e0bc303fcbe4cfe5b,Kigali city,Gasabo,Rusororo,Kabuga I,Masango
66d9c38e0bc303fcbe4cfe5c,Kigali city,Gasabo,Rusororo,Kabuga Ii,Bwiza
66d9c38e0bc303fcbe4cfe61,Kigali city,Gasabo,Rusororo,Kabuga Ii,Nyagakombe
66d9c38e0bc303fcbe4cfe68,Kigali city,Gasabo,Rusororo,Mbandazi,Karambo
66d9c38e0bc303fcbe4cfe6a,Kigali city,Gasabo,Rusororo,Mbandazi,Mugeyo
66d9c38e0bc303fcbe4cfe6f,Kigali city,Gasabo,Rusororo,Nyagahinga,Kanyinya
66d9c38e0bc303fcbe4cfe78,Kigali city,Gasabo,Rusororo,Ruhanga,Ruhanga
66d9c38e0bc303fcbe4cfe7e,Kigali city,Gasabo,Rutunga,Indatemwa,Karekare
66d9c38e0bc303fcbe4cfe96,Kigali city,Kicukiro,Gahanga,Gahanga,Ubumwe
66d9c38e0bc303fcbe4cfe9a,Kigali city,Kicukiro,Gahanga,Kagasa,Nyacyonga
66d9c38e0bc303fcbe4cfea1,Kigali city,Kicukiro,Gahanga,Karembure,Kamuyinga
66d9c38e0bc303fcbe4cfeb2,Kigali city,Kicukiro,Gahanga,Nunga,Nunga Ii
66d9c38e0bc303fcbe4cfe81,Kigali city,Gasabo,Rutunga,Kabaliza,Kabaliza
66d9c38e0bc303fcbe4cfe87,Kigali city,Gasabo,Rutunga,Kacyatwa,Kantabana
66d9c38e0bc303fcbe4cfe99,Kigali city,Kicukiro,Gahanga,Kagasa,Kiyanja
66d9c38e0bc303fcbe4cfe9d,Kigali city,Kicukiro,Gahanga,Kagasa,Rugando Ii
66d9c38e0bc303fcbe4cfe9e,Kigali city,Kicukiro,Gahanga,Karembure,Amahoro
66d9c38e0bc303fcbe4cfeaa,Kigali city,Kicukiro,Gahanga,Murinja,Nyamuharaza
66d9c38e0bc303fcbe4cfeae,Kigali city,Kicukiro,Gahanga,Nunga,Kigarama
66d9c38e0bc303fcbe4cfe89,Kigali city,Gasabo,Rutunga,Kibenga,Abanyangeyo
66d9c38e0bc303fcbe4cfe8d,Kigali city,Gasabo,Rutunga,Kigabiro,Karwiru
66d9c38e0bc303fcbe4cfe90,Kigali city,Gasabo,Rutunga,Kigabiro,Rwintare
66d9c38e0bc303fcbe4cfe92,Kigali city,Kicukiro,Gahanga,Gahanga,Gatare
66d9c38e0bc303fcbe4cfe97,Kigali city,Kicukiro,Gahanga,Kagasa,Kabeza
66d9c38e0bc303fcbe4cfe98,Kigali city,Kicukiro,Gahanga,Kagasa,Kabidandi
66d9c38e0bc303fcbe4cfea0,Kigali city,Kicukiro,Gahanga,Karembure,Kabeza
66d9c38e0bc303fcbe4cfea8,Kigali city,Kicukiro,Gahanga,Murinja,Mashyiga
66d9c38e0bc303fcbe4cfeb7,Kigali city,Kicukiro,Gahanga,Rwabutenge,Karambo
66d9c38e0bc303fcbe4cfebc,Kigali city,Kicukiro,Gatenga,Gatenga,Gatenga
66d9c38e0bc303fcbe4cfecb,Kigali city,Kicukiro,Gatenga,Nyanza,Cyeza
66d9c38e0bc303fcbe4cfedb,Kigali city,Kicukiro,Gikondo,Kagunga,Gatare
66d9c38e0bc303fcbe4cfeeb,Kigali city,Kicukiro,Gikondo,Kinunga,Ruganwa I
66d9c38e0bc303fcbe4cfef8,Kigali city,Kicukiro,Kagarama,Rukatsa,Mpingayanyanza
66d9c38e0bc303fcbe4cfefc,Kigali city,Kicukiro,Kagarama,Rukatsa,Taba
66d9c38e0bc303fcbe4cfedc,Kigali city,Kicukiro,Gikondo,Kagunga,Kabuye I
66d9c38e0bc303fcbe4cfec6,Kigali city,Kicukiro,Gatenga,Karambo,Rebero
66d9c38e0bc303fcbe4cfed4,Kigali city,Kicukiro,Gatenga,Nyanza,Rusororo
66d9c38e0bc303fcbe4cfeda,Kigali city,Kicukiro,Gatenga,Nyarurama,Nyabikenke
66d9c38e0bc303fcbe4cfef3,Kigali city,Kicukiro,Kagarama,Muyange,Kamuna
66d9c38e0bc303fcbe4cfef9,Kigali city,Kicukiro,Kagarama,Rukatsa,Nyacyonga
66d9c38e0bc303fcbe4cfefb,Kigali city,Kicukiro,Kagarama,Rukatsa,Rukatsa
66d9c38e0bc303fcbe4cfed3,Kigali city,Kicukiro,Gatenga,Nyanza,Rebero
66d9c38e0bc303fcbe4cfef0,Kigali city,Kicukiro,Kagarama,Kanserege,Ituze
66d9c38e0bc303fcbe4cff02,Kigali city,Kicukiro,Kanombe,Busanza,Gishikiri
66d9c38e0bc303fcbe4cfd57,Kigali city,Gasabo,Jali,Nyabuliba,Kirehe
66d9c38e0bc303fcbe4cfd5a,Kigali city,Gasabo,Jali,Nyabuliba,Rubona
66d9c38e0bc303fcbe4cfd64,Kigali city,Gasabo,Kacyiru,Kamatamu,Amajyambere
66d9c38e0bc303fcbe4cfd66,Kigali city,Gasabo,Kacyiru,Kamatamu,Cyimana
66d9c38e0bc303fcbe4cfd6b,Kigali city,Gasabo,Kacyiru,Kamatamu,Karukamba
66d9c38e0bc303fcbe4cfd71,Kigali city,Gasabo,Kacyiru,Kamutwa,Gasharu
66d9c38e0bc303fcbe4cfd74,Kigali city,Gasabo,Kacyiru,Kamutwa,Kigugu
66d9c38e0bc303fcbe4cfd97,Kigali city,Gasabo,Kimihurura,Rugando,Gasange
66d9c38e0bc303fcbe4cfd9d,Kigali city,Gasabo,Kimironko,Bibare,Amariza
66d9c38e0bc303fcbe4cfda6,Kigali city,Gasabo,Kimironko,Bibare,Intwari
66d9c38e0bc303fcbe4cfdae,Kigali city,Gasabo,Kimironko,Kibagabaga,Ibuhoro
66d9c38e0bc303fcbe4cfdb2,Kigali city,Gasabo,Kimironko,Kibagabaga,Karongi
66d9c38e0bc303fcbe4cfdb9,Kigali city,Gasabo,Kimironko,Nyagatovu,Bukinanyana
66d9c38e0bc303fcbe4cfd40,Kigali city,Gasabo,Jabana,Ngiryi,Rubona
66d9c38e0bc303fcbe4cfd49,Kigali city,Gasabo,Jali,Agateko,Rwankuba
66d9c38e0bc303fcbe4cfd55,Kigali city,Gasabo,Jali,Nkusi,Nyagasayo
66d9c38e0bc303fcbe4cfd59,Kigali city,Gasabo,Jali,Nyabuliba,Nyarurembo
66d9c38e0bc303fcbe4cfd7d,Kigali city,Gasabo,Kacyiru,Kibaza,Ineza
66d9c38e0bc303fcbe4cfd85,Kigali city,Gasabo,Kimihurura,Kamukina,Inyamibwa
66d9c38e0bc303fcbe4cfd9f,Kigali city,Gasabo,Kimironko,Bibare,Imena
66d9c38e0bc303fcbe4cfda0,Kigali city,Gasabo,Kimironko,Bibare,Imitari
66d9c38e0bc303fcbe4cfda1,Kigali city,Gasabo,Kimironko,Bibare,Inganji
66d9c38e0bc303fcbe4cfdb3,Kigali city,Gasabo,Kimironko,Kibagabaga,Nyirabwana
66d9c38e0bc303fcbe4cfdb6,Kigali city,Gasabo,Kimironko,Kibagabaga,Rugero
66d9c38e0bc303fcbe4cfd51,Kigali city,Gasabo,Jali,Nkusi,Agatwa
66d9c38e0bc303fcbe4cfd5b,Kigali city,Gasabo,Jali,Nyakabungo,Bwocya
66d9c38e0bc303fcbe4cfd5d,Kigali city,Gasabo,Jali,Nyakabungo,Karenge
66d9c38e0bc303fcbe4cfd63,Kigali city,Gasabo,Jali,Nyamitanga,Urunyinya
66d9c38e0bc303fcbe4cfd79,Kigali city,Gasabo,Kacyiru,Kamutwa,Urwibutso
66d9c38e0bc303fcbe4cfd8e,Kigali city,Gasabo,Kimihurura,Kimihurura,Amahoro
66d9c38e0bc303fcbe4cfd9a,Kigali city,Gasabo,Kimihurura,Rugando,Rebero
66d9c38e0bc303fcbe4cfd9e,Kigali city,Gasabo,Kimironko,Bibare,Imanzi
66d9c38e0bc303fcbe4cfda9,Kigali city,Gasabo,Kimironko,Bibare,Ubwiza
66d9c38e0bc303fcbe4cfdb0,Kigali city,Gasabo,Kimironko,Kibagabaga,Kamahinda
66d9c38e0bc303fcbe4cfde8,Kigali city,Gasabo,Ndera,Kibenga,Bahoze
66d9c38e0bc303fcbe4cfdc8,Kigali city,Gasabo,Kinyinya,Gacuriro,Urubanda
66d9c38e0bc303fcbe4cfdcf,Kigali city,Gasabo,Kinyinya,Kagugu,Gicikiza
66d9c38e0bc303fcbe4cfde4,Kigali city,Gasabo,Ndera,Cyaruzinge,Gatare
66d9c38e0bc303fcbe4cfdea,Kigali city,Gasabo,Ndera,Kibenga,Buhoro
66d9c38e0bc303fcbe4cfdfa,Kigali city,Gasabo,Ndera,Mukuyu,Akimana
66d9c38e0bc303fcbe4cfdfb,Kigali city,Gasabo,Ndera,Mukuyu,Gasharu
66d9c38e0bc303fcbe4cfe03,Kigali city,Gasabo,Ndera,Rudashya,Nyakagezi
66d9c38e0bc303fcbe4cfe25,Kigali city,Gasabo,Nduba,Sha,Bikumba
66d9c38e0bc303fcbe4cfe39,Kigali city,Gasabo,Remera,Nyabisindu,Rugarama
66d9c38e0bc303fcbe4cfdcd,Kigali city,Gasabo,Kinyinya,Gasharu,Rwankuba
66d9c38e0bc303fcbe4cfdd9,Kigali city,Gasabo,Kinyinya,Murama,Rusenyi
66d9c38e0bc303fcbe4cfde2,Kigali city,Gasabo,Ndera,Cyaruzinge,Cyaruzinge
66d9c38e0bc303fcbe4cfde6,Kigali city,Gasabo,Ndera,Cyaruzinge,Karubibi
66d9c38e0bc303fcbe4cfde9,Kigali city,Gasabo,Ndera,Kibenga,Berwa
66d9c38e0bc303fcbe4cfdeb,Kigali city,Gasabo,Ndera,Kibenga,Burunga
66d9c38e0bc303fcbe4cfdf2,Kigali city,Gasabo,Ndera,Kibenga,Ururembo
66d9c38e0bc303fcbe4cfdf6,Kigali city,Gasabo,Ndera,Masoro,Matwari
66d9c38e0bc303fcbe4cfe02,Kigali city,Gasabo,Ndera,Rudashya,Munini
66d9c38e0bc303fcbe4cfe11,Kigali city,Gasabo,Nduba,Gasanze,Uruhetse
66d9c38e0bc303fcbe4cfe13,Kigali city,Gasabo,Nduba,Gasura,Gashinya
66d9c38e0bc303fcbe4cfe1f,Kigali city,Gasabo,Nduba,Gatunga,Uruyange
66d9c38e0bc303fcbe4cfe26,Kigali city,Gasabo,Nduba,Sha,Gakizi
66d9c38e0bc303fcbe4cfe28,Kigali city,Gasabo,Nduba,Sha,Kamuyange
66d9c38e0bc303fcbe4cfe29,Kigali city,Gasabo,Nduba,Sha,Kigarama
66d9c38e0bc303fcbe4cfe2b,Kigali city,Gasabo,Nduba,Shango,Akazi
66d9c38e0bc303fcbe4cfe2c,Kigali city,Gasabo,Nduba,Shango,Kaduha
66d9c38e0bc303fcbe4cfe30,Kigali city,Gasabo,Nduba,Shango,Ndanyoye
66d9c38e0bc303fcbe4cfe31,Kigali city,Gasabo,Nduba,Shango,Nyamigina
66d9c38e0bc303fcbe4cfe33,Kigali city,Gasabo,Remera,Nyabisindu,Amarembo I
66d9c38e0bc303fcbe4cff18,Kigali city,Kicukiro,Kanombe,Karama,Gakorokombe
66d9c38e0bc303fcbe4cff06,Kigali city,Kicukiro,Kanombe,Busanza,Radari
66d9c38e0bc303fcbe4cff0b,Kigali city,Kicukiro,Kanombe,Kabeza,Giporoso I
66d9c38e0bc303fcbe4cff16,Kigali city,Kicukiro,Kanombe,Karama,Byimana
66d9c38e0bc303fcbe4cff20,Kigali city,Kicukiro,Kanombe,Rubirizi,Bukunzi
66d9c38e0bc303fcbe4cff00,Kigali city,Kicukiro,Kanombe,Busanza,Bamporeze Ii
66d9c38e0bc303fcbe4cff0f,Kigali city,Kicukiro,Kanombe,Kabeza,Karisimbi
66d9c38e0bc303fcbe4cff11,Kigali city,Kicukiro,Kanombe,Kabeza,Mulindi
66d9c38e0bc303fcbe4cff17,Kigali city,Kicukiro,Kanombe,Karama,Cyurusagara
66d9c38e0bc303fcbe4cff19,Kigali city,Kicukiro,Kanombe,Karama,Gikundiro
66d9c38e0bc303fcbe4cff21,Kigali city,Kicukiro,Kanombe,Rubirizi,Cyeru
66d9c38e0bc303fcbe4cff23,Kigali city,Kicukiro,Kanombe,Rubirizi,Itunda
66d9c38e0bc303fcbe4cff24,Kigali city,Kicukiro,Kanombe,Rubirizi,Kavumu
66d9c38e0bc303fcbe4cfe3d,Kigali city,Gasabo,Remera,Nyarutarama,Kangondo I
66d9c38e0bc303fcbe4cfddc,Kigali city,Gasabo,Ndera,Bwiza,Akasemuromba
66d9c38e0bc303fcbe4cfdf1,Kigali city,Gasabo,Ndera,Kibenga,Tumurere
66d9c38e0bc303fcbe4cfdf8,Kigali city,Gasabo,Ndera,Masoro,Munini
66d9c38e0bc303fcbe4cfdfd,Kigali city,Gasabo,Ndera,Mukuyu,Karambo
66d9c38e0bc303fcbe4cfe10,Kigali city,Gasabo,Nduba,Gasanze,Nyarubande
66d9c38e0bc303fcbe4cfe17,Kigali city,Gasabo,Nduba,Gasura,Nyirakibehe
66d9c38e0bc303fcbe4cfe1d,Kigali city,Gasabo,Nduba,Gatunga,Nyange
66d9c38e0bc303fcbe4cfe22,Kigali city,Gasabo,Nduba,Muremure,Musezero
66d9c38e0bc303fcbe4cfe32,Kigali city,Gasabo,Nduba,Shango,Rugarama
66d9c38e0bc303fcbe4cfe63,Kigali city,Gasabo,Rusororo,Kinyana,Busenyi
66d9c38e0bc303fcbe4cfe70,Kigali city,Gasabo,Rusororo,Nyagahinga,Kigarama
66d9c38e0bc303fcbe4cfe40,Kigali city,Gasabo,Remera,Nyarutarama,Kibiraro Ii
66d9c38e0bc303fcbe4cfe4b,Kigali city,Gasabo,Remera,Rukiri Ii,Ruturusu Ii
66d9c38e0bc303fcbe4cfe51,Kigali city,Gasabo,Rusororo,Gasagara,Agatare
66d9c38e0bc303fcbe4cfe62,Kigali city,Gasabo,Rusororo,Kabuga Ii,Ruhangare
66d9c38e0bc303fcbe4cfe67,Kigali city,Gasabo,Rusororo,Mbandazi,Cyeru
66d9c38e0bc303fcbe4cfe76,Kigali city,Gasabo,Rusororo,Ruhanga,Nyagacyamo
66d9c38e0bc303fcbe4cfe59,Kigali city,Gasabo,Rusororo,Kabuga I,Kabeza
66d9c38e0bc303fcbe4cfe6b,Kigali city,Gasabo,Rusororo,Mbandazi,Rugarama
66d9c38e0bc303fcbe4cfe7f,Kigali city,Gasabo,Rutunga,Indatemwa,Karuranga
66d9c38e0bc303fcbe4cfe5e,Kigali city,Gasabo,Rusororo,Kabuga Ii,Gatare
66d9c38e0bc303fcbe4cfe79,Kigali city,Gasabo,Rutunga,Gasabo,Gasharu
66d9c38e0bc303fcbe4cfe7a,Kigali city,Gasabo,Rutunga,Gasabo,Mulindi
66d9c38e0bc303fcbe4cfe9c,Kigali city,Kicukiro,Gahanga,Kagasa,Nyakuguma
66d9c38e0bc303fcbe4cfeaf,Kigali city,Kicukiro,Gahanga,Nunga,Kinyana
66d9c38e0bc303fcbe4cfeb0,Kigali city,Kicukiro,Gahanga,Nunga,Mugendo
66d9c38e0bc303fcbe4cfebb,Kigali city,Kicukiro,Gatenga,Gatenga,Gakoki
66d9c38e0bc303fcbe4cfe83,Kigali city,Gasabo,Rutunga,Kabaliza,Rwanyanza
66d9c38e0bc303fcbe4cfe94,Kigali city,Kicukiro,Gahanga,Gahanga,Rinini
66d9c38e0bc303fcbe4cfeb5,Kigali city,Kicukiro,Gahanga,Rwabutenge,Gashubi
66d9c38e0bc303fcbe4cfeba,Kigali city,Kicukiro,Gatenga,Gatenga,Amahoro
66d9c38e0bc303fcbe4cfe85,Kigali city,Gasabo,Rutunga,Kacyatwa,Kacyatwa
66d9c38e0bc303fcbe4cfe8a,Kigali city,Gasabo,Rutunga,Kibenga,Kibenga
66d9c38e0bc303fcbe4cfe8c,Kigali city,Gasabo,Rutunga,Kigabiro,Kamusare
66d9c38e0bc303fcbe4cfe9b,Kigali city,Kicukiro,Gahanga,Kagasa,Nyagafunzo
66d9c38e0bc303fcbe4cfeb8,Kigali city,Kicukiro,Gahanga,Rwabutenge,Rebero
66d9c38e0bc303fcbe4cfebd,Kigali city,Kicukiro,Gatenga,Gatenga,Ihuriro
66d9c38e0bc303fcbe4cfec2,Kigali city,Kicukiro,Gatenga,Karambo,Jyambere
66d9c38e0bc303fcbe4cfec9,Kigali city,Kicukiro,Gatenga,Karambo,Sangwa
66d9c38e0bc303fcbe4cfed1,Kigali city,Kicukiro,Gatenga,Nyanza,Murambi
66d9c38e0bc303fcbe4cfed9,Kigali city,Kicukiro,Gatenga,Nyarurama,Kabeza
66d9c38e0bc303fcbe4cfee1,Kigali city,Kicukiro,Gikondo,Kanserege,Kanserege I
66d9c38e0bc303fcbe4cfee5,Kigali city,Kicukiro,Gikondo,Kanserege,Marembo Ii
66d9c38e0bc303fcbe4cfee9,Kigali city,Kicukiro,Gikondo,Kinunga,Kigugu Iii
66d9c38e0bc303fcbe4cfeea,Kigali city,Kicukiro,Gikondo,Kinunga,Kinunga
66d9c38e0bc303fcbe4cfeed,Kigali city,Kicukiro,Gikondo,Kinunga,Ruganwa Iii
66d9c38e0bc303fcbe4cfeef,Kigali city,Kicukiro,Kagarama,Kanserege,Byimana
66d9c38e0bc303fcbe4cfef6,Kigali city,Kicukiro,Kagarama,Muyange,Rugunga
66d9c38e0bc303fcbe4cfeff,Kigali city,Kicukiro,Kanombe,Busanza,Bamporeze I
66d9c38e0bc303fcbe4cfed7,Kigali city,Kicukiro,Gatenga,Nyarurama,Bigo
66d9c38e0bc303fcbe4cfee0,Kigali city,Kicukiro,Gikondo,Kagunga,Rebero
66d9c38e0bc303fcbe4cfee2,Kigali city,Kicukiro,Gikondo,Kanserege,Kanserege Ii
66d9c38e0bc303fcbe4cfee7,Kigali city,Kicukiro,Gikondo,Kinunga,Kigugu I
66d9c38e0bc303fcbe4cfefd,Kigali city,Kicukiro,Kanombe,Busanza,Amahoro
66d9c38e0bc303fcbe4cfece,Kigali city,Kicukiro,Gatenga,Nyanza,Isonga
66d9c38e0bc303fcbe4cfedf,Kigali city,Kicukiro,Gikondo,Kagunga,Kagunga Ii
66d9c38e0bc303fcbe4cfee3,Kigali city,Kicukiro,Gikondo,Kanserege,Kanserege Iii
66d9c38e0bc303fcbe4cfefe,Kigali city,Kicukiro,Kanombe,Busanza,Antene
66d9c38e0bc303fcbe4cff1c,Kigali city,Kicukiro,Kanombe,Karama,Nyabyunyu
66d9c38e0bc303fcbe4cff03,Kigali city,Kicukiro,Kanombe,Busanza,Hope
66d9c38e0bc303fcbe4cff04,Kigali city,Kicukiro,Kanombe,Busanza,Kariyeri
66d9c38e0bc303fcbe4cff0a,Kigali city,Kicukiro,Kanombe,Kabeza,Gasabo
66d9c38e0bc303fcbe4cff0c,Kigali city,Kicukiro,Kanombe,Kabeza,Giporoso Ii
66d9c38e0bc303fcbe4cfd43,Kigali city,Gasabo,Jali,Agateko,Bugarama
66d9c38e0bc303fcbe4cfd54,Kigali city,Gasabo,Jali,Nkusi,Kigarama
66d9c38e0bc303fcbe4cfd60,Kigali city,Gasabo,Jali,Nyamitanga,Agasharu
66d9c38e0bc303fcbe4cfd6a,Kigali city,Gasabo,Kacyiru,Kamatamu,Kamuhire
66d9c38e0bc303fcbe4cfd92,Kigali city,Gasabo,Kimihurura,Kimihurura,Mutara
66d9c38e0bc303fcbe4cfd9c,Kigali city,Gasabo,Kimironko,Bibare,Abatuje
66d9c38e0bc303fcbe4cfd46,Kigali city,Gasabo,Jali,Agateko,Kabizoza
66d9c38e0bc303fcbe4cfd48,Kigali city,Gasabo,Jali,Agateko,Runyinya
66d9c38e0bc303fcbe4cfd4b,Kigali city,Gasabo,Jali,Buhiza,Gatare
66d9c38e0bc303fcbe4cfd4d,Kigali city,Gasabo,Jali,Buhiza,Nyarubuye
66d9c38e0bc303fcbe4cfd5e,Kigali city,Gasabo,Jali,Nyakabungo,Rugina
66d9c38e0bc303fcbe4cfd62,Kigali city,Gasabo,Jali,Nyamitanga,Kabuga
66d9c38e0bc303fcbe4cfd82,Kigali city,Gasabo,Kacyiru,Kibaza,Umutako
66d9c38e0bc303fcbe4cfd8c,Kigali city,Gasabo,Kimihurura,Kamukina,Umurava
66d9c38e0bc303fcbe4cfd90,Kigali city,Gasabo,Kimihurura,Kimihurura,Imihigo
66d9c38e0bc303fcbe4cfdac,Kigali city,Gasabo,Kimironko,Kibagabaga,Buranga
66d9c38e0bc303fcbe4cfdad,Kigali city,Gasabo,Kimironko,Kibagabaga,Gasharu
66d9c38e0bc303fcbe4cfdaf,Kigali city,Gasabo,Kimironko,Kibagabaga,Kageyo
66d9c38e0bc303fcbe4cfdb1,Kigali city,Gasabo,Kimironko,Kibagabaga,Karisimbi
66d9c38e0bc303fcbe4cfdbc,Kigali city,Gasabo,Kimironko,Nyagatovu,Isangano
66d9c38e0bc303fcbe4cfd58,Kigali city,Gasabo,Jali,Nyabuliba,Mataba
66d9c38e0bc303fcbe4cfd6d,Kigali city,Gasabo,Kacyiru,Kamatamu,Rwinzovu
66d9c38e0bc303fcbe4cfd6e,Kigali city,Gasabo,Kacyiru,Kamatamu,Urugwiro
66d9c38e0bc303fcbe4cfd84,Kigali city,Gasabo,Kacyiru,Kibaza,Virunga
66d9c38e0bc303fcbe4cfd8f,Kigali city,Gasabo,Kimihurura,Kimihurura,Amajyambere
66d9c38e0bc303fcbe4cfd93,Kigali city,Gasabo,Kimihurura,Kimihurura,Rugarama
66d9c38e0bc303fcbe4cfd94,Kigali city,Gasabo,Kimihurura,Kimihurura,Ubumwe
66d9c38e0bc303fcbe4cfd5c,Kigali city,Gasabo,Jali,Nyakabungo,Gitaba
66d9c38e0bc303fcbe4cfdc2,Kigali city,Gasabo,Kinyinya,Gacuriro,Akaruvusha
66d9c38e0bc303fcbe4cfdf5,Kigali city,Gasabo,Ndera,Masoro,Masoro
66d9c38e0bc303fcbe4cfdff,Kigali city,Gasabo,Ndera,Mukuyu,Ruseno
66d9c38e0bc303fcbe4cfe12,Kigali city,Gasabo,Nduba,Gasura,Agacyamo
66d9c38e0bc303fcbe4cfe14,Kigali city,Gasabo,Nduba,Gasura,Gikombe
66d9c38e0bc303fcbe4cfe18,Kigali city,Gasabo,Nduba,Gasura,Uruhahiro
66d9c38e0bc303fcbe4cfe23,Kigali city,Gasabo,Nduba,Muremure,Nyaburoro
66d9c38e0bc303fcbe4cfe34,Kigali city,Gasabo,Remera,Nyabisindu,Amarembo Il
66d9c38e0bc303fcbe4cfdc0,Kigali city,Gasabo,Kinyinya,Gacuriro,Akanyamugabo
66d9c38e0bc303fcbe4cfdd0,Kigali city,Gasabo,Kinyinya,Kagugu,Giheka
66d9c38e0bc303fcbe4cfdd4,Kigali city,Gasabo,Kinyinya,Kagugu,Muhororo
66d9c38e0bc303fcbe4cfdd5,Kigali city,Gasabo,Kinyinya,Kagugu,Nyakabungo
66d9c38e0bc303fcbe4cfde3,Kigali city,Gasabo,Ndera,Cyaruzinge,Gashure
66d9c38e0bc303fcbe4cfdec,Kigali city,Gasabo,Ndera,Kibenga,Gitaraga
66d9c38e0bc303fcbe4cfdfe,Kigali city,Gasabo,Ndera,Mukuyu,Kigabiro
66d9c38e0bc303fcbe4cfe01,Kigali city,Gasabo,Ndera,Rudashya,Kamahoro
66d9c38e0bc303fcbe4cfe04,Kigali city,Gasabo,Ndera,Rudashya,Ruhangare
66d9c38e0bc303fcbe4cfe07,Kigali city,Gasabo,Nduba,Butare,Kidahe
66d9c38e0bc303fcbe4cfe20,Kigali city,Gasabo,Nduba,Muremure,Gatobotobo
66d9c38e0bc303fcbe4cfe36,Kigali city,Gasabo,Remera,Nyabisindu,Kagara
66d9c38e0bc303fcbe4cfe3c,Kigali city,Gasabo,Remera,Nyarutarama,Kamahwa
66d9c38e0bc303fcbe4cfdc5,Kigali city,Gasabo,Kinyinya,Gacuriro,Gacuriro 2020
66d9c38e0bc303fcbe4cfdd6,Kigali city,Gasabo,Kinyinya,Kagugu,Rukingu
66d9c38e0bc303fcbe4cfe05,Kigali city,Gasabo,Ndera,Rudashya,Ruhogo
66d9c38e0bc303fcbe4cfe0c,Kigali city,Gasabo,Nduba,Gasanze,Gatagara
66d9c38e0bc303fcbe4cfe16,Kigali city,Gasabo,Nduba,Gasura,Kigufi
66d9c38e0bc303fcbe4cfe38,Kigali city,Gasabo,Remera,Nyabisindu,Nyabisindu
66d9c38e0bc303fcbe4cfddb,Kigali city,Gasabo,Ndera,Bwiza,Akarwasa
66d9c38e0bc303fcbe4cfdf7,Kigali city,Gasabo,Ndera,Masoro,Mubuga
66d9c38e0bc303fcbe4cfe47,Kigali city,Gasabo,Remera,Rukiri I,Urumuri
66d9c38e0bc303fcbe4cfe4a,Kigali city,Gasabo,Remera,Rukiri Ii,Ruturusu I
66d9c38e0bc303fcbe4cfe52,Kigali city,Gasabo,Rusororo,Gasagara,Gasagara
66d9c38e0bc303fcbe4cfe73,Kigali city,Gasabo,Rusororo,Nyagahinga,Urumuri
66d9c38e0bc303fcbe4cfe77,Kigali city,Gasabo,Rusororo,Ruhanga,Rugende
66d9c38e0bc303fcbe4cfe7c,Kigali city,Gasabo,Rutunga,Indatemwa,Kabarera
66d9c38e0bc303fcbe4cfe5f,Kigali city,Gasabo,Rusororo,Kabuga Ii,Kamashashi
66d9c38e0bc303fcbe4cff0d,Kigali city,Kicukiro,Kanombe,Kabeza,Juru
66d9c38e0bc303fcbe4cff1a,Kigali city,Kicukiro,Kanombe,Karama,Gitarama
66d9c38e0bc303fcbe4cff12,Kigali city,Kicukiro,Kanombe,Kabeza,Nyarurembo
66d9c38e0bc303fcbe4cff1d,Kigali city,Kicukiro,Kanombe,Karama,Nyarutovu
66d9c38e0bc303fcbe4cff1e,Kigali city,Kicukiro,Kanombe,Karama,Urukundo
66d9c38e0bc303fcbe4cfe64,Kigali city,Gasabo,Rusororo,Kinyana,Kigabiro
66d9c38e0bc303fcbe4cfe65,Kigali city,Gasabo,Rusororo,Kinyana,Kinyana
66d9c38e0bc303fcbe4cfe69,Kigali city,Gasabo,Rusororo,Mbandazi,Kataruha
66d9c38e0bc303fcbe4cfe7b,Kigali city,Gasabo,Rutunga,Gasabo,Vugavuge
66d9c38e0bc303fcbe4cfe43,Kigali city,Gasabo,Remera,Rukiri I,Izuba
66d9c38e0bc303fcbe4cfe5d,Kigali city,Gasabo,Rusororo,Kabuga Ii,Cyanamo
66d9c38e0bc303fcbe4cfe8e,Kigali city,Gasabo,Rutunga,Kigabiro,Kigabiro
66d9c38e0bc303fcbe4cfea4,Kigali city,Kicukiro,Gahanga,Karembure,Mubuga
66d9c38e0bc303fcbe4cfea9,Kigali city,Kicukiro,Gahanga,Murinja,Nyabigugu
66d9c38e0bc303fcbe4cfe88,Kigali city,Gasabo,Rutunga,Kacyatwa,Munini
66d9c38e0bc303fcbe4cfe8f,Kigali city,Gasabo,Rutunga,Kigabiro,Rukerereza
66d9c38e0bc303fcbe4cfea2,Kigali city,Kicukiro,Gahanga,Karembure,Karembure
66d9c38e0bc303fcbe4cfea3,Kigali city,Kicukiro,Gahanga,Karembure,Kimena
66d9c38e0bc303fcbe4cfea6,Kigali city,Kicukiro,Gahanga,Murinja,Kampuro
66d9c38e0bc303fcbe4cfeab,Kigali city,Kicukiro,Gahanga,Murinja,Rukore
66d9c38e0bc303fcbe4cfeb1,Kigali city,Kicukiro,Gahanga,Nunga,Nunga I
66d9c38e0bc303fcbe4cfeb3,Kigali city,Kicukiro,Gahanga,Nunga,Rugasa
66d9c38e0bc303fcbe4cfe8b,Kigali city,Gasabo,Rutunga,Kibenga,Nyamvumvu
66d9c38e0bc303fcbe4cfe95,Kigali city,Kicukiro,Gahanga,Gahanga,Rwinanka
66d9c38e0bc303fcbe4cfeac,Kigali city,Kicukiro,Gahanga,Murinja,Runyoni
66d9c38e0bc303fcbe4cfead,Kigali city,Kicukiro,Gahanga,Murinja,Sabununga
66d9c38e0bc303fcbe4cfeb6,Kigali city,Kicukiro,Gahanga,Rwabutenge,Kaboshya
66d9c38e0bc303fcbe4cfe80,Kigali city,Gasabo,Rutunga,Indatemwa,Nyakabande
66d9c38e0bc303fcbe4cfe93,Kigali city,Kicukiro,Gahanga,Gahanga,Gatovu
66d9c38e0bc303fcbe4cfed8,Kigali city,Kicukiro,Gatenga,Nyarurama,Bisambu
66d9c38e0bc303fcbe4cfeee,Kigali city,Kicukiro,Kagarama,Kanserege,Bwiza
66d9c38e0bc303fcbe4cfec5,Kigali city,Kicukiro,Gatenga,Karambo,Ramiro
66d9c38e0bc303fcbe4cfecc,Kigali city,Kicukiro,Gatenga,Nyanza,Gasabo
66d9c38e0bc303fcbe4cfecf,Kigali city,Kicukiro,Gatenga,Nyanza,Juru
66d9c38e0bc303fcbe4cfede,Kigali city,Kicukiro,Gikondo,Kagunga,Kagunga I
66d9c38e0bc303fcbe4cfeec,Kigali city,Kicukiro,Gikondo,Kinunga,Ruganwa Ii
66d9c38e0bc303fcbe4cfef1,Kigali city,Kicukiro,Kagarama,Kanserege,Kanserege
66d9c38e0bc303fcbe4cfec3,Kigali city,Kicukiro,Gatenga,Karambo,Kamabuye
66d9c38e0bc303fcbe4cfeca,Kigali city,Kicukiro,Gatenga,Nyanza,Bwiza
66d9c38e0bc303fcbe4cfed0,Kigali city,Kicukiro,Gatenga,Nyanza,Marembo
66d9c38e0bc303fcbe4cfee6,Kigali city,Kicukiro,Gikondo,Kanserege,Marembo Iii
66d9c38e0bc303fcbe4cfef2,Kigali city,Kicukiro,Kagarama,Kanserege,Kinunga
66d9c38e0bc303fcbe4cff25,Kigali city,Kicukiro,Kanombe,Rubirizi,Susuruka
66d9c38e0bc303fcbe4cff09,Kigali city,Kicukiro,Kanombe,Kabeza,Bwiza
66d9c38e0bc303fcbe4cff13,Kigali city,Kicukiro,Kanombe,Kabeza,Nyenyeri
66d9c38e0bc303fcbe4cff14,Kigali city,Kicukiro,Kanombe,Kabeza,Rebero
66d9c38e0bc303fcbe4cff1f,Kigali city,Kicukiro,Kanombe,Rubirizi,Beninka
66d9c38e0bc303fcbe4cff07,Kigali city,Kicukiro,Kanombe,Busanza,Rukore
66d9c38e0bc303fcbe4cff08,Kigali city,Kicukiro,Kanombe,Kabeza,Akagera
66d9c38e0bc303fcbe4cff22,Kigali city,Kicukiro,Kanombe,Rubirizi,Intwari
66d9c38e0bc303fcbe4cff05,Kigali city,Kicukiro,Kanombe,Busanza,Nyarugugu
66d9c38e0bc303fcbe4cff27,Kigali city,Kicukiro,Kanombe,Rubirizi,Umunara
66d9c3900bc303fcbe4cff28,Kigali city,Kicukiro,Kanombe,Rubirizi,Uwabarezi
66d9c3900bc303fcbe4cff2b,Kigali city,Kicukiro,Kicukiro,Gasharu,Gasharu
66d9c3900bc303fcbe4cff2c,Kigali city,Kicukiro,Kicukiro,Gasharu,Sakirwa
66d9c3900bc303fcbe4cff33,Kigali city,Kicukiro,Kicukiro,Kagina,Urugero
66d9c3900bc303fcbe4cff3e,Kigali city,Kicukiro,Kicukiro,Ngoma,Urugero
66d9c3900bc303fcbe4cff41,Kigali city,Kicukiro,Kigarama,Bwerankori,Imena
66d9c3900bc303fcbe4cff48,Kigali city,Kicukiro,Kigarama,Karugira,Ihuriro
66d9c3900bc303fcbe4cff4b,Kigali city,Kicukiro,Kigarama,Karugira,Taba
66d9c3900bc303fcbe4cff4c,Kigali city,Kicukiro,Kigarama,Karugira,Terimbere
66d9c3900bc303fcbe4cff51,Kigali city,Kicukiro,Kigarama,Kigarama,Byimana
66d9c3900bc303fcbe4cff52,Kigali city,Kicukiro,Kigarama,Kigarama,Indatwa
66d9c3900bc303fcbe4cff5a,Kigali city,Kicukiro,Kigarama,Nyarurama,Kivu
66d9c3900bc303fcbe4cff5d,Kigali city,Kicukiro,Kigarama,Nyarurama,Zuba
66d9c3900bc303fcbe4cff60,Kigali city,Kicukiro,Kigarama,Rwampara,Nyarurembo
66d9c3900bc303fcbe4cff63,Kigali city,Kicukiro,Kigarama,Rwampara,Urumuri
66d9c3900bc303fcbe4cff66,Kigali city,Kicukiro,Masaka,Ayabaraya,Ayabaraya
66d9c3900bc303fcbe4cff69,Kigali city,Kicukiro,Masaka,Ayabaraya,Nyirakavomo
66d9c3900bc303fcbe4cff6c,Kigali city,Kicukiro,Masaka,Cyimo,Bwiza
66d9c3900bc303fcbe4cff6d,Kigali city,Kicukiro,Masaka,Cyimo,Cyimo
66d9c3900bc303fcbe4cff77,Kigali city,Kicukiro,Masaka,Gako,Cyugamo
66d9c3900bc303fcbe4cff7e,Kigali city,Kicukiro,Masaka,Gako,Ruyaga
66d9c3900bc303fcbe4cffa0,Kigali city,Kicukiro,Niboye,Niboye,Kinunga
66d9c3900bc303fcbe4cffb7,Kigali city,Kicukiro,Niboye,Nyakabanda,Isangano
66d9c3900bc303fcbe4cffbb,Kigali city,Kicukiro,Niboye,Nyakabanda,Umurava
66d9c3900bc303fcbe4cffc5,Kigali city,Kicukiro,Nyarugunga,Nonko,Gasaraba
66d9c3900bc303fcbe4cffc8,Kigali city,Kicukiro,Nyarugunga,Nonko,Kavumu
66d9c3900bc303fcbe4cffcd,Kigali city,Kicukiro,Nyarugunga,Rwimbogo,Gabiro
66d9c3900bc303fcbe4cffd3,Kigali city,Kicukiro,Nyarugunga,Rwimbogo,Ruragendwa
66d9c3900bc303fcbe4cffd8,Western,Karongi,Bwishyura,Burunga,Kabuga
66d9c3900bc303fcbe4cffdc,Western,Karongi,Bwishyura,Burunga,Nyamarebe
66d9c3900bc303fcbe4cffde,Western,Karongi,Bwishyura,Burunga,Twimbogo
66d9c3900bc303fcbe4cffe1,Western,Karongi,Bwishyura,Gasura,Gatoki ?
66d9c3900bc303fcbe4cffec,Western,Karongi,Bwishyura,Gitarama,Kirambo
66d9c3900bc303fcbe4cfff1,Western,Karongi,Bwishyura,Kayenzi,Mugomba
66d9c3900bc303fcbe4cfff8,Western,Karongi,Bwishyura,Kiniha,Karutete
66d9c3900bc303fcbe4d0008,Western,Karongi,Gashari,Birambo,Kabirizi
66d9c3900bc303fcbe4d000a,Western,Karongi,Gashari,Birambo,Kananira
66d9c3900bc303fcbe4d001e,Western,Karongi,Gashari,Rugobagoba,Kibingo
66d9c3900bc303fcbe4d0020,Western,Karongi,Gashari,Rugobagoba,Nkingo
66d9c3900bc303fcbe4d0024,Western,Karongi,Gashari,Tongati,Nyagisozi
66d9c3900bc303fcbe4d002d,Western,Karongi,Gishyita,Cyanya,Gisiza
66d9c3900bc303fcbe4d004c,Western,Karongi,Gitesi,Gasharu,Nyaruvumu
66d9c3900bc303fcbe4d004f,Western,Karongi,Gitesi,Gitega,Kagari
66d9c3900bc303fcbe4d0051,Western,Karongi,Gitesi,Gitega,Muvungu
66d9c3900bc303fcbe4d0053,Western,Karongi,Gitesi,Kanunga,Giticyuma
66d9c3900bc303fcbe4d0055,Western,Karongi,Gitesi,Kanunga,Nemba
66d9c3900bc303fcbe4d006b,Western,Karongi,Gitesi,Ruhinga,Muramba
66d9c3900bc303fcbe4d007f,Western,Karongi,Mubuga,Kagabiro,Rubondo
66d9c3900bc303fcbe4d0084,Western,Karongi,Mubuga,Murangara,Karora
66d9c3900bc303fcbe4d008c,Western,Karongi,Mubuga,Nyagatovu,Mara
66d9c3900bc303fcbe4d008f,Western,Karongi,Mubuga,Nyagatovu,Ryarugenzi
66d9c3900bc303fcbe4d00ad,Western,Karongi,Murambi,Nyarunyinya,Karambo
66d9c3900bc303fcbe4d00b1,Western,Karongi,Murambi,Shyembe,Bugaramantare
66d9c3900bc303fcbe4d00b6,Western,Karongi,Murambi,Shyembe,Nyabaguma
66d9c3900bc303fcbe4d00c5,Western,Karongi,Murundi,Kabaya,Murambi
66d9c3900bc303fcbe4d00c6,Western,Karongi,Murundi,Kabaya,Mwumba ?
66d9c3900bc303fcbe4d00cf,Western,Karongi,Murundi,Kareba,Gasharu
66d9c3900bc303fcbe4d00d3,Western,Karongi,Murundi,Kareba,Ruhungamiyaga
66d9c3900bc303fcbe4d00dc,Western,Karongi,Murundi,Nzaratsi,Gishyikiro
66d9c3900bc303fcbe4d00e2,Western,Karongi,Mutuntu,Byogo,Gasenyi
66d9c3900bc303fcbe4d00e3,Western,Karongi,Mutuntu,Byogo,Gititi
66d9c3900bc303fcbe4d00ee,Western,Karongi,Mutuntu,Gasharu,Nyabiguri
66d9c3900bc303fcbe4d00f8,Western,Karongi,Mutuntu,Kanyege,Manji
66d9c3900bc303fcbe4d0108,Western,Karongi,Mutuntu,Rwufi,Gatiti
66d9c3900bc303fcbe4cffb8,Kigali city,Kicukiro,Niboye,Nyakabanda,Karama
66d9c3900bc303fcbe4d003e,Western,Karongi,Gishyita,Musasa,Kamunungu
66d9c3900bc303fcbe4d00c2,Western,Karongi,Murundi,Kabaya,Gakomeye
66d9c3900bc303fcbe4d00dd,Western,Karongi,Murundi,Nzaratsi,Nyabinombe
66d9c3900bc303fcbe4d012f,Western,Karongi,Rubengera,Kibirizi,Rubona
66d9c3900bc303fcbe4d0161,Western,Karongi,Rugabano,Mubuga,Gatwaro
66d9c3900bc303fcbe4d01ab,Western,Karongi,Rwankuba,Gasata,Muhingo
66d9c3900bc303fcbe4d01bf,Western,Karongi,Rwankuba,Nyarusanga,Wingwa
66d9c3900bc303fcbe4d01d4,Western,Karongi,Twumba,Gisovu,Bikunda
66d9c3900bc303fcbe4d0210,Western,Rutsiro,Gihango,Bugina,Kagarama
66d9c3900bc303fcbe4d0255,Western,Rutsiro,Kigeyo,Rukaragata,Tagaza
66d9c3900bc303fcbe4d02c1,Western,Rutsiro,Mukura,Karambo,Gituntu
66d9c3900bc303fcbe4cff3f,Kigali city,Kicukiro,Kigarama,Bwerankori,Gakokobe
66d9c3900bc303fcbe4cff4f,Kigali city,Kicukiro,Kigarama,Kigarama,Akimana
66d9c3900bc303fcbe4cff55,Kigali city,Kicukiro,Kigarama,Kigarama,Karurayi
66d9c3900bc303fcbe4cff67,Kigali city,Kicukiro,Masaka,Ayabaraya,Nyamico
66d9c3900bc303fcbe4cff6a,Kigali city,Kicukiro,Masaka,Ayabaraya,Rususa
66d9c3900bc303fcbe4cff72,Kigali city,Kicukiro,Masaka,Cyimo,Nyakagunga
66d9c3900bc303fcbe4cff76,Kigali city,Kicukiro,Masaka,Gako,Butare
66d9c3900bc303fcbe4cff8e,Kigali city,Kicukiro,Masaka,Rusheshe,Gatare
66d9c3900bc303fcbe4cff98,Kigali city,Kicukiro,Niboye,Gatare,Rugunga
66d9c3900bc303fcbe4cff9e,Kigali city,Kicukiro,Niboye,Niboye,Gorora
66d9c3900bc303fcbe4cffa8,Kigali city,Kicukiro,Niboye,Niboye,Sovu
66d9c3900bc303fcbe4cffad,Kigali city,Kicukiro,Niboye,Nyakabanda,Bigabiro
66d9c3900bc303fcbe4cffb4,Kigali city,Kicukiro,Niboye,Nyakabanda,Indamutsa
66d9c3900bc303fcbe4cffc4,Kigali city,Kicukiro,Nyarugunga,Kamashashi,Uruhongore
66d9c3900bc303fcbe4d0018,Western,Karongi,Gashari,Mwendo,Gihororo
66d9c3900bc303fcbe4cff2a,Kigali city,Kicukiro,Kicukiro,Gasharu,Amajyambere
66d9c3900bc303fcbe4cff34,Kigali city,Kicukiro,Kicukiro,Kicukiro,Gasave
66d9c3900bc303fcbe4cff4d,Kigali city,Kicukiro,Kigarama,Karugira,Ubutare
66d9c3900bc303fcbe4cff57,Kigali city,Kicukiro,Kigarama,Kigarama,Umucyo
66d9c3900bc303fcbe4cff58,Kigali city,Kicukiro,Kigarama,Nyarurama,Kamabuye
66d9c3900bc303fcbe4cff5c,Kigali city,Kicukiro,Kigarama,Nyarurama,Twishorezo
66d9c3900bc303fcbe4cff5e,Kigali city,Kicukiro,Kigarama,Rwampara,Amajyambere
66d9c3900bc303fcbe4cff5f,Kigali city,Kicukiro,Kigarama,Rwampara,Bwiza
66d9c3900bc303fcbe4cff70,Kigali city,Kicukiro,Masaka,Cyimo,Masaka
66d9c3900bc303fcbe4cff74,Kigali city,Kicukiro,Masaka,Gako,Bamporeze
66d9c3900bc303fcbe4cff7b,Kigali city,Kicukiro,Masaka,Gako,Kibande
66d9c3900bc303fcbe4cff7d,Kigali city,Kicukiro,Masaka,Gako,Rugende
66d9c3900bc303fcbe4cff85,Kigali city,Kicukiro,Masaka,Gitaraga,Rwintare
66d9c3900bc303fcbe4cff8b,Kigali city,Kicukiro,Masaka,Mbabe,Sangano
66d9c3900bc303fcbe4cff94,Kigali city,Kicukiro,Niboye,Gatare,Gatare
66d9c3900bc303fcbe4cffb1,Kigali city,Kicukiro,Niboye,Nyakabanda,Gatsibo
66d9c3900bc303fcbe4cffb3,Kigali city,Kicukiro,Niboye,Nyakabanda,Indakemwa
66d9c3900bc303fcbe4cffb9,Kigali city,Kicukiro,Niboye,Nyakabanda,Kinyana
66d9c3900bc303fcbe4cffbe,Kigali city,Kicukiro,Nyarugunga,Kamashashi,Intwari
66d9c3900bc303fcbe4cffc1,Kigali city,Kicukiro,Nyarugunga,Kamashashi,Mukoni
66d9c3900bc303fcbe4cffd0,Kigali city,Kicukiro,Nyarugunga,Rwimbogo,Marembo
66d9c3900bc303fcbe4cffd4,Kigali city,Kicukiro,Nyarugunga,Rwimbogo,Rwinyana
66d9c3900bc303fcbe4cffda,Western,Karongi,Bwishyura,Burunga,Matyazo
66d9c3900bc303fcbe4cffed,Western,Karongi,Bwishyura,Gitarama,Kivomo
66d9c3900bc303fcbe4cfffb,Western,Karongi,Bwishyura,Kiniha,Nyabaguma
66d9c3900bc303fcbe4d0009,Western,Karongi,Gashari,Birambo,Kakibereka
66d9c3900bc303fcbe4d0016,Western,Karongi,Gashari,Mwendo,Gakurwe
66d9c3900bc303fcbe4d001c,Western,Karongi,Gashari,Rugobagoba,Karambo
66d9c3900bc303fcbe4d0035,Western,Karongi,Gishyita,Kigarama,Kubutare ?
66d9c3900bc303fcbe4d0039,Western,Karongi,Gishyita,Munanira,Ngugu
66d9c3900bc303fcbe4d003f,Western,Karongi,Gishyita,Musasa,Kibaya
66d9c3900bc303fcbe4d004a,Western,Karongi,Gitesi,Gasharu,Kinyami
66d9c3900bc303fcbe4d0061,Western,Karongi,Gitesi,Munanira,Munanira
66d9c3900bc303fcbe4d0066,Western,Karongi,Gitesi,Nyamiringa,Cyimba
66d9c3900bc303fcbe4d006c,Western,Karongi,Gitesi,Ruhinga,Nyabikati
66d9c3900bc303fcbe4d0076,Western,Karongi,Gitesi,Rwariro,Rwariro
66d9c3900bc303fcbe4d0078,Western,Karongi,Mubuga,Kagabiro,Buhari
66d9c3900bc303fcbe4d00aa,Western,Karongi,Murambi,Nkoto,Muramba
66d9c3900bc303fcbe4d00bb,Western,Karongi,Murundi,Bukiro,Bugeni
66d9c3900bc303fcbe4d00bf,Western,Karongi,Murundi,Bukiro,Nyamabuye
66d9c3900bc303fcbe4d00c4,Western,Karongi,Murundi,Kabaya,Mujyojyo
66d9c3900bc303fcbe4d00d1,Western,Karongi,Murundi,Kareba,Kibingo
66d9c3900bc303fcbe4d00f0,Western,Karongi,Mutuntu,Gisayura,Gatwa
66d9c3900bc303fcbe4d002c,Western,Karongi,Gishyita,Cyanya,Gatare ?
66d9c3900bc303fcbe4d002e,Western,Karongi,Gishyita,Cyanya,Gitovu
66d9c3900bc303fcbe4d0037,Western,Karongi,Gishyita,Munanira,Bweramvura
66d9c3900bc303fcbe4d003c,Western,Karongi,Gishyita,Musasa,Gasharu
66d9c3900bc303fcbe4d0044,Western,Karongi,Gishyita,Ngoma,Magarama ?
66d9c3900bc303fcbe4d004e,Western,Karongi,Gitesi,Gitega,Bugoberi
66d9c3900bc303fcbe4d0056,Western,Karongi,Gitesi,Kanunga,Nyabitare
66d9c3900bc303fcbe4d0058,Western,Karongi,Gitesi,Kanunga,Nyarugenge
66d9c3900bc303fcbe4d005a,Western,Karongi,Gitesi,Kirambo,Karongi
66d9c3900bc303fcbe4d007c,Western,Karongi,Mubuga,Kagabiro,Nyabinyenga
66d9c3900bc303fcbe4d0082,Western,Karongi,Mubuga,Murangara,Kabuga
66d9c3900bc303fcbe4d0089,Western,Karongi,Mubuga,Nyagatovu,Bikomero
66d9c3900bc303fcbe4d008b,Western,Karongi,Mubuga,Nyagatovu,Karora
66d9c3900bc303fcbe4d0093,Western,Karongi,Mubuga,Ryaruhanga,Kizibaziba
66d9c3900bc303fcbe4d00a1,Western,Karongi,Murambi,Muhororo,Ndago
66d9c3900bc303fcbe4d00a3,Western,Karongi,Murambi,Muhororo,Nyakabuye
66d9c3900bc303fcbe4d00a7,Western,Karongi,Murambi,Nkoto,Kakirinda
66d9c3900bc303fcbe4d00a9,Western,Karongi,Murambi,Nkoto,Mataba
66d9c3900bc303fcbe4d00b9,Western,Karongi,Murambi,Shyembe,Nyamugari
66d9c3900bc303fcbe4d00ce,Western,Karongi,Murundi,Kareba,Gasave
66d9c3900bc303fcbe4d00d7,Western,Karongi,Murundi,Nyamushishi,Ngoma
66d9c3900bc303fcbe4d00e0,Western,Karongi,Murundi,Nzaratsi,Ruhondo
66d9c3900bc303fcbe4d00e4,Western,Karongi,Mutuntu,Byogo,Kivumu
66d9c3900bc303fcbe4d00ea,Western,Karongi,Mutuntu,Gasharu,Gasharu
66d9c3900bc303fcbe4d00f9,Western,Karongi,Mutuntu,Kanyege,Mukongoro
66d9c3900bc303fcbe4d0105,Western,Karongi,Mutuntu,Murengezo,Nyarutovu
66d9c3900bc303fcbe4d010b,Western,Karongi,Mutuntu,Rwufi,Rugusa
66d9c3900bc303fcbe4d010e,Western,Karongi,Rubengera,Bubazi,Gitwa
66d9c3900bc303fcbe4d0111,Western,Karongi,Rubengera,Bubazi,Kigarama
66d9c3900bc303fcbe4d011b,Western,Karongi,Rubengera,Gisanze,Kabatara
66d9c3900bc303fcbe4d011d,Western,Karongi,Rubengera,Gisanze,Kigabiro
66d9c3900bc303fcbe4d0123,Western,Karongi,Rubengera,Gitwa,Kibande
66d9c3900bc303fcbe4d012e,Western,Karongi,Rubengera,Kibirizi,Ndengwa
66d9c3900bc303fcbe4d013a,Western,Karongi,Rubengera,Nyarugenge,Nkomagurwa
66d9c3900bc303fcbe4d013c,Western,Karongi,Rubengera,Ruragwe,Bunyankungu
66d9c3900bc303fcbe4d0144,Western,Karongi,Rugabano,Gisiza,Gitwa
66d9c3900bc303fcbe4d0146,Western,Karongi,Rugabano,Gisiza,Muciro
66d9c3900bc303fcbe4d014d,Western,Karongi,Rugabano,Gitega,Mihora
66d9c3900bc303fcbe4d014f,Western,Karongi,Rugabano,Gitega,Mutotozi
66d9c3900bc303fcbe4d0153,Western,Karongi,Rugabano,Gitovu,Gatobo
66d9c3900bc303fcbe4d016c,Western,Karongi,Rugabano,Mucyimba,Rwagisozi ?
66d9c3900bc303fcbe4d017d,Western,Karongi,Rugabano,Tyazo,Winzira
66d9c3900bc303fcbe4d018d,Western,Karongi,Ruganda,Kivumu,Nyarusange
66d9c3900bc303fcbe4d01a3,Western,Karongi,Rwankuba,Bigugu,Nyantwa
66d9c3900bc303fcbe4d01a5,Western,Karongi,Rwankuba,Bigugu,Ruhuha
66d9c3900bc303fcbe4d01b7,Western,Karongi,Rwankuba,Munini,Winzira
66d9c3900bc303fcbe4d01b9,Western,Karongi,Rwankuba,Nyakamira,Musango
66d9c3900bc303fcbe4d01be,Western,Karongi,Rwankuba,Nyarusanga,Kinyege
66d9c3900bc303fcbe4d01c2,Western,Karongi,Rwankuba,Rubazo,Nyaruyaga
66d9c3900bc303fcbe4d01df,Western,Karongi,Twumba,Gitabura,Nyarubuye
66d9c3900bc303fcbe4d01e1,Western,Karongi,Twumba,Gitabura,Rugeyo
66d9c3900bc303fcbe4d01e4,Western,Karongi,Twumba,Kavumu,Kaganda
66d9c3900bc303fcbe4d01fb,Western,Rutsiro,Boneza,Kabihogo,Bweramana
66d9c3900bc303fcbe4d01fc,Western,Rutsiro,Boneza,Kabihogo,Gashoko
66d9c3900bc303fcbe4d0207,Western,Rutsiro,Boneza,Remera,Bigabiro
66d9c3900bc303fcbe4d0209,Western,Rutsiro,Boneza,Remera,Kaganza
66d9c3900bc303fcbe4d020e,Western,Rutsiro,Gihango,Bugina,Gishushu
66d9c3900bc303fcbe4d0212,Western,Rutsiro,Gihango,Congo-nil,Kandahura
66d9c3900bc303fcbe4d0213,Western,Rutsiro,Gihango,Congo-nil,Kindoyi
66d9c3900bc303fcbe4d0218,Western,Rutsiro,Gihango,Mataba,Kabeza
66d9c3900bc303fcbe4d022c,Western,Rutsiro,Gihango,Teba,Gasave
66d9c3900bc303fcbe4d0231,Western,Rutsiro,Kigeyo,Buhindure,Bushaka
66d9c3900bc303fcbe4d0237,Western,Rutsiro,Kigeyo,Buhindure,Nturo
66d9c3900bc303fcbe4d0238,Western,Rutsiro,Kigeyo,Nkora,Buhimba
66d9c3900bc303fcbe4d024a,Western,Rutsiro,Kigeyo,Nyagahinika,Rusisiro
66d9c3900bc303fcbe4d0252,Western,Rutsiro,Kigeyo,Rukaragata,Nganzo
66d9c3900bc303fcbe4d0254,Western,Rutsiro,Kigeyo,Rukaragata,Rwamiyaga
66d9c3900bc303fcbe4d0257,Western,Rutsiro,Kivumu,Bunyoni,Gashinga
66d9c3900bc303fcbe4d025d,Western,Rutsiro,Kivumu,Bunyunju,Cyivugiza
66d9c3900bc303fcbe4d0266,Western,Rutsiro,Kivumu,Kabere,Kabitara
66d9c3900bc303fcbe4d0273,Western,Rutsiro,Kivumu,Karambi,Bukiro
66d9c3900bc303fcbe4d027b,Western,Rutsiro,Kivumu,Nganzo,Bubira
66d9c3900bc303fcbe4d028b,Western,Rutsiro,Manihira,Muyira,Birambo
66d9c3900bc303fcbe4d028e,Western,Rutsiro,Manihira,Muyira,Kanama
66d9c3900bc303fcbe4d0292,Western,Rutsiro,Manihira,Muyira,Nyakarambi
66d9c3900bc303fcbe4d0297,Western,Rutsiro,Manihira,Tangabo,Kadehero
66d9c3900bc303fcbe4d02b9,Western,Rutsiro,Mukura,Kagusa,Gako
66d9c3900bc303fcbe4d02be,Western,Rutsiro,Mukura,Karambo,Dehero
66d9c3900bc303fcbe4d02c7,Western,Rutsiro,Mukura,Mwendo,Gitega
66d9c3900bc303fcbe4d02ca,Western,Rutsiro,Mukura,Mwendo,Kagogo
66d9c3900bc303fcbe4d02ce,Western,Rutsiro,Mukura,Mwendo,Nyarubande
66d9c3900bc303fcbe4d02d4,Western,Rutsiro,Murunda,Kirwa,Kabatemba
66d9c3900bc303fcbe4d02eb,Western,Rutsiro,Murunda,Twabugezi,Nyarucundura
66d9c3900bc303fcbe4d02f0,Western,Rutsiro,Musasa,Gabiro,Murama
66d9c3900bc303fcbe4d02f8,Western,Rutsiro,Musasa,Gisiza,Gihinga
66d9c3900bc303fcbe4d0304,Western,Rutsiro,Musasa,Murambi,Murambi
66d9c3900bc303fcbe4cff32,Kigali city,Kicukiro,Kicukiro,Kagina,Umuremure
66d9c3900bc303fcbe4cff7f,Kigali city,Kicukiro,Masaka,Gitaraga,Gitaraga
66d9c3900bc303fcbe4cff80,Kigali city,Kicukiro,Masaka,Gitaraga,Kabeza
66d9c3900bc303fcbe4cff89,Kigali city,Kicukiro,Masaka,Mbabe,Murambi
66d9c3900bc303fcbe4cff90,Kigali city,Kicukiro,Masaka,Rusheshe,Kanyetabi
66d9c3900bc303fcbe4cff9f,Kigali city,Kicukiro,Niboye,Niboye,Kigabiro
66d9c3900bc303fcbe4cffd7,Kigali city,Kicukiro,Nyarugunga,Rwimbogo,Urwibutso
66d9c3900bc303fcbe4cffe4,Western,Karongi,Bwishyura,Gasura,Nyagahinga
66d9c3900bc303fcbe4d0004,Western,Karongi,Bwishyura,Nyarusazi,Karongi ?
66d9c3900bc303fcbe4d0006,Western,Karongi,Gashari,Birambo,Birambo
66d9c3900bc303fcbe4cff30,Kigali city,Kicukiro,Kicukiro,Kagina,Multimedia
66d9c3900bc303fcbe4cffa7,Kigali city,Kicukiro,Niboye,Niboye,Rwezamenyo
66d9c3900bc303fcbe4d0005,Western,Karongi,Bwishyura,Nyarusazi,Nyarusozi
66d9c3900bc303fcbe4d0026,Western,Karongi,Gishyita,Buhoro,Buhire
66d9c3900bc303fcbe4d0059,Western,Karongi,Gitesi,Kirambo,Buye
66d9c3900bc303fcbe4d0068,Western,Karongi,Gitesi,Nyamiringa,Kagari
66d9c3900bc303fcbe4d0074,Western,Karongi,Gitesi,Rwariro,Rurumbu
66d9c3900bc303fcbe4d007a,Western,Karongi,Mubuga,Kagabiro,Kagarama
66d9c3900bc303fcbe4d0090,Western,Karongi,Mubuga,Ryaruhanga,Bikenke
66d9c3900bc303fcbe4d0091,Western,Karongi,Mubuga,Ryaruhanga,Gihira
66d9c3900bc303fcbe4d0097,Western,Karongi,Murambi,Mubuga,Cyamatare
66d9c3900bc303fcbe4d009a,Western,Karongi,Murambi,Mubuga,Migina
66d9c3900bc303fcbe4d00a0,Western,Karongi,Murambi,Muhororo,Kananira
66d9c3900bc303fcbe4d00a6,Western,Karongi,Murambi,Nkoto,Gisovu ?
66d9c3900bc303fcbe4d00ac,Western,Karongi,Murambi,Nyarunyinya,Kamasambu
66d9c3900bc303fcbe4d00c1,Western,Karongi,Murundi,Kabaya,Burwi
66d9c3900bc303fcbe4d00c8,Western,Karongi,Murundi,Kamina,Kirehe
66d9c3900bc303fcbe4d00d2,Western,Karongi,Murundi,Kareba,Kuruganda ???
66d9c3900bc303fcbe4d00a4,Western,Karongi,Murambi,Muhororo,Tariro
66d9c3900bc303fcbe4d00cb,Western,Karongi,Murundi,Kamina,Nyakarambi
66d9c3900bc303fcbe4cff2d,Kigali city,Kicukiro,Kicukiro,Gasharu,Umunyinya
66d9c3900bc303fcbe4cff2e,Kigali city,Kicukiro,Kicukiro,Kagina,Gashiha
66d9c3900bc303fcbe4cff35,Kigali city,Kicukiro,Kicukiro,Kicukiro,Isoko
66d9c3900bc303fcbe4cff54,Kigali city,Kicukiro,Kigarama,Kigarama,Kabeza
66d9c3900bc303fcbe4cff61,Kigali city,Kicukiro,Kigarama,Rwampara,Ubumwe
66d9c3900bc303fcbe4cff8d,Kigali city,Kicukiro,Masaka,Rusheshe,Cyeru
66d9c3900bc303fcbe4cff97,Kigali city,Kicukiro,Niboye,Gatare,Kigarama
66d9c3900bc303fcbe4cffba,Kigali city,Kicukiro,Niboye,Nyakabanda,Rugwiro
66d9c3900bc303fcbe4cffc0,Kigali city,Kicukiro,Nyarugunga,Kamashashi,Kibaya
66d9c3900bc303fcbe4cffd5,Kigali city,Kicukiro,Nyarugunga,Rwimbogo,Rwinyange
66d9c3900bc303fcbe4cffdf,Western,Karongi,Bwishyura,Gasura,Gafuruguto
66d9c3900bc303fcbe4cffe0,Western,Karongi,Bwishyura,Gasura,Gatare
66d9c3900bc303fcbe4cffe5,Western,Karongi,Bwishyura,Gasura,Nyarusange
66d9c3900bc303fcbe4cfff7,Western,Karongi,Bwishyura,Kibuye,Rurembo
66d9c3900bc303fcbe4d0003,Western,Karongi,Bwishyura,Nyarusazi,Kanyabusage
66d9c3900bc303fcbe4d005b,Western,Karongi,Gitesi,Kirambo,Kirambo
66d9c3900bc303fcbe4d0060,Western,Karongi,Gitesi,Munanira,Kinama
66d9c3900bc303fcbe4d0087,Western,Karongi,Mubuga,Murangara,Rubyiro
66d9c3900bc303fcbe4d0092,Western,Karongi,Mubuga,Ryaruhanga,Jurwe
66d9c3900bc303fcbe4d0098,Western,Karongi,Murambi,Mubuga,Gasebeya
66d9c3900bc303fcbe4d009d,Western,Karongi,Murambi,Mubuga,Nyaruvumu
66d9c3900bc303fcbe4d009e,Western,Karongi,Murambi,Muhororo,Birambo
66d9c3900bc303fcbe4d00b0,Western,Karongi,Murambi,Nyarunyinya,Nyarusave
66d9c3900bc303fcbe4d00b4,Western,Karongi,Murambi,Shyembe,Kavumu
66d9c3900bc303fcbe4d00e1,Western,Karongi,Murundi,Nzaratsi,Rusovu ?
66d9c3900bc303fcbe4d00e6,Western,Karongi,Mutuntu,Byogo,Murambi
66d9c3900bc303fcbe4d00ec,Western,Karongi,Mutuntu,Gasharu,Mukungu
66d9c3900bc303fcbe4d00ed,Western,Karongi,Mutuntu,Gasharu,Mutuntu
66d9c3900bc303fcbe4d00f7,Western,Karongi,Mutuntu,Kanyege,Kavumu
66d9c3900bc303fcbe4d010a,Western,Karongi,Mutuntu,Rwufi,Rasaniro
66d9c3900bc303fcbe4d0131,Western,Karongi,Rubengera,Mataba,Kabahizi
66d9c3900bc303fcbe4d013b,Western,Karongi,Rubengera,Nyarugenge,Rukaragata
66d9c3900bc303fcbe4d013d,Western,Karongi,Rubengera,Ruragwe,Kabeza
66d9c3900bc303fcbe4d014c,Western,Karongi,Rugabano,Gitega,Kigarama
66d9c3900bc303fcbe4d016e,Western,Karongi,Rugabano,Rufungo,Bucensha
66d9c3900bc303fcbe4d0173,Western,Karongi,Rugabano,Rufungo,Rukoko
66d9c3900bc303fcbe4d017e,Western,Karongi,Rugabano,Tyazo,Wurugogwe ?
66d9c3900bc303fcbe4d0189,Western,Karongi,Ruganda,Kinyovu,Kanyegenyege
66d9c3900bc303fcbe4d018e,Western,Karongi,Ruganda,Nyabikeri,Dusasa
66d9c3900bc303fcbe4d01a6,Western,Karongi,Rwankuba,Bisesero,Bisesero
66d9c3900bc303fcbe4d01c1,Western,Karongi,Rwankuba,Rubazo,Kanyarusanga
66d9c3900bc303fcbe4d01ee,Western,Karongi,Twumba,Rutabi,Gahondo
66d9c3900bc303fcbe4d01f4,Western,Rutsiro,Boneza,Bushaka,Gaseke
66d9c3900bc303fcbe4d01f9,Western,Rutsiro,Boneza,Bushaka,Rwimbogo
66d9c3900bc303fcbe4d01fa,Western,Rutsiro,Boneza,Kabihogo,Buhonongo
66d9c3900bc303fcbe4d020d,Western,Rutsiro,Boneza,Remera,Rusororo
66d9c3900bc303fcbe4d0211,Western,Rutsiro,Gihango,Bugina,Karambi
66d9c3900bc303fcbe4d021c,Western,Rutsiro,Gihango,Mataba,Terimbere
66d9c3900bc303fcbe4d021d,Western,Rutsiro,Gihango,Murambi,Gashihe
66d9c3900bc303fcbe4d0221,Western,Rutsiro,Gihango,Murambi,Nyagahinga
66d9c3900bc303fcbe4d0234,Western,Rutsiro,Kigeyo,Buhindure,Gisiza
66d9c3900bc303fcbe4d024e,Western,Rutsiro,Kigeyo,Rukaragata,Kagondero
66d9c3900bc303fcbe4d027a,Western,Rutsiro,Kivumu,Karambi,Rusumo
66d9c3900bc303fcbe4d0281,Western,Rutsiro,Kivumu,Nganzo,Rwinyoni
66d9c3900bc303fcbe4d029c,Western,Rutsiro,Manihira,Tangabo,Rugano
66d9c3900bc303fcbe4d02df,Western,Rutsiro,Murunda,Mburamazi,Kariba
66d9c3900bc303fcbe4d02e4,Western,Rutsiro,Murunda,Rugeyo,Kabeza
66d9c3900bc303fcbe4d02f6,Western,Rutsiro,Musasa,Gisiza,Bweramana
66d9c3900bc303fcbe4cff2f,Kigali city,Kicukiro,Kicukiro,Kagina,Iriba
66d9c3900bc303fcbe4cff43,Kigali city,Kicukiro,Kigarama,Bwerankori,Kabutare
66d9c3900bc303fcbe4cff53,Kigali city,Kicukiro,Kigarama,Kigarama,Ingenzi
66d9c3900bc303fcbe4cff59,Kigali city,Kicukiro,Kigarama,Nyarurama,Karuyenzi
66d9c3900bc303fcbe4cff68,Kigali city,Kicukiro,Masaka,Ayabaraya,Nyamyijima
66d9c3900bc303fcbe4cff6b,Kigali city,Kicukiro,Masaka,Cyimo,Biryogo
66d9c3900bc303fcbe4cff31,Kigali city,Kicukiro,Kicukiro,Kagina,Umunyinya
66d9c3900bc303fcbe4cff3b,Kigali city,Kicukiro,Kicukiro,Ngoma,Intaho
66d9c3900bc303fcbe4cff3c,Kigali city,Kicukiro,Kicukiro,Ngoma,Iriba
66d9c3900bc303fcbe4cff62,Kigali city,Kicukiro,Kigarama,Rwampara,Umutekano
66d9c3900bc303fcbe4cff64,Kigali city,Kicukiro,Kigarama,Rwampara,Uwateke
66d9c3900bc303fcbe4cff6f,Kigali city,Kicukiro,Masaka,Cyimo,Kiyovu
66d9c3900bc303fcbe4cff75,Kigali city,Kicukiro,Masaka,Gako,Butangampundu
66d9c3900bc303fcbe4cff8f,Kigali city,Kicukiro,Masaka,Rusheshe,Kagese
66d9c3900bc303fcbe4cffb2,Kigali city,Kicukiro,Niboye,Nyakabanda,Gikundiro
66d9c3900bc303fcbe4cffc7,Kigali city,Kicukiro,Nyarugunga,Nonko,Gitara
66d9c3900bc303fcbe4cffd9,Western,Karongi,Bwishyura,Burunga,Majuri ?
66d9c3900bc303fcbe4cffdd,Western,Karongi,Bwishyura,Burunga,Ruyenzi
66d9c3900bc303fcbe4cffef,Western,Karongi,Bwishyura,Kayenzi,Buhoro
66d9c3900bc303fcbe4d0010,Western,Karongi,Gashari,Musasa,Kabasare
66d9c3900bc303fcbe4d0015,Western,Karongi,Gashari,Musasa,Rasaniro
66d9c3900bc303fcbe4d0032,Western,Karongi,Gishyita,Kigarama,Gitwa
66d9c3900bc303fcbe4d0038,Western,Karongi,Gishyita,Munanira,Gisoro
66d9c3900bc303fcbe4d003d,Western,Karongi,Gishyita,Musasa,Kabuga ?
66d9c3900bc303fcbe4d0042,Western,Karongi,Gishyita,Musasa,Rwagisasa
66d9c3900bc303fcbe4d0048,Western,Karongi,Gishyita,Ngoma,Uwingabo
66d9c3900bc303fcbe4d0052,Western,Karongi,Gitesi,Gitega,Senga
66d9c3900bc303fcbe4d0054,Western,Karongi,Gitesi,Kanunga,Karongi
66d9c3900bc303fcbe4d005d,Western,Karongi,Gitesi,Kirambo,Nzabuhara
66d9c3900bc303fcbe4d005e,Western,Karongi,Gitesi,Munanira,Gahigiro
66d9c3900bc303fcbe4d0069,Western,Karongi,Gitesi,Nyamiringa,Kivuruga
66d9c3900bc303fcbe4d007b,Western,Karongi,Mubuga,Kagabiro,Mweya
66d9c3900bc303fcbe4d00a5,Western,Karongi,Murambi,Nkoto,Gakoma
66d9c3900bc303fcbe4d00bd,Western,Karongi,Murundi,Bukiro,Gitwa
66d9c3900bc303fcbe4d00cc,Western,Karongi,Murundi,Kamina,Nzobe
66d9c3900bc303fcbe4d00f3,Western,Karongi,Mutuntu,Gisayura,Ryarugango
66d9c3900bc303fcbe4d0118,Western,Karongi,Rubengera,Gacaca,Karehe
66d9c3900bc303fcbe4d0135,Western,Karongi,Rubengera,Nyarugenge,Bigugu
66d9c3900bc303fcbe4d0166,Western,Karongi,Rugabano,Mubuga,Uwigiti
66d9c3900bc303fcbe4d016a,Western,Karongi,Rugabano,Mucyimba,Kigarama
66d9c3900bc303fcbe4d0181,Western,Karongi,Ruganda,Biguhu,Muremure
66d9c3900bc303fcbe4d0191,Western,Karongi,Ruganda,Nyabikeri,Nyabikeri
66d9c3900bc303fcbe4d01a8,Western,Karongi,Rwankuba,Bisesero,Kigarama
66d9c3900bc303fcbe4d01af,Western,Karongi,Rwankuba,Gasata,Rutiti ?
66d9c3900bc303fcbe4d01d5,Western,Karongi,Twumba,Gisovu,Gashihe
66d9c3900bc303fcbe4d0219,Western,Rutsiro,Gihango,Mataba,Kamutambiro
66d9c3900bc303fcbe4d022b,Western,Rutsiro,Gihango,Teba,Bweramana
66d9c3900bc303fcbe4d0241,Western,Rutsiro,Kigeyo,Nkora,Muhora
66d9c3900bc303fcbe4d0242,Western,Rutsiro,Kigeyo,Nkora,Rukundo
66d9c3900bc303fcbe4d0245,Western,Rutsiro,Kigeyo,Nyagahinika,Nteko
66d9c3900bc303fcbe4d0251,Western,Rutsiro,Kigeyo,Rukaragata,Murambi
66d9c3900bc303fcbe4d0293,Western,Rutsiro,Manihira,Muyira,Rufungo
66d9c3900bc303fcbe4d02a5,Western,Rutsiro,Mukura,Kagano,Kamonyi
66d9c3900bc303fcbe4d02b1,Western,Rutsiro,Mukura,Kageyo,Mucaca
66d9c3900bc303fcbe4d02ba,Western,Rutsiro,Mukura,Kagusa,Gasharu
66d9c3900bc303fcbe4d02bb,Western,Rutsiro,Mukura,Kagusa,Muhindo
66d9c3900bc303fcbe4d02cc,Western,Rutsiro,Mukura,Mwendo,Kamariba
66d9c3900bc303fcbe4d02d2,Western,Rutsiro,Murunda,Kirwa,Bukongora
66d9c3900bc303fcbe4d02db,Western,Rutsiro,Murunda,Kirwa,Rusisiro
66d9c3900bc303fcbe4d02dd,Western,Rutsiro,Murunda,Mburamazi,Gatoki
66d9c3900bc303fcbe4d02e1,Western,Rutsiro,Murunda,Mburamazi,Rukingu
66d9c3900bc303fcbe4d02e7,Western,Rutsiro,Murunda,Rugeyo,Karambo
66d9c3900bc303fcbe4d02f7,Western,Rutsiro,Musasa,Gisiza,Gasharu
66d9c3900bc303fcbe4d030c,Western,Rutsiro,Musasa,Nyarubuye,Kabuga
66d9c3900bc303fcbe4cff8c,Kigali city,Kicukiro,Masaka,Rusheshe,Cyankongi
66d9c3900bc303fcbe4cff93,Kigali city,Kicukiro,Niboye,Gatare,Byimana
66d9c3900bc303fcbe4cffcb,Kigali city,Kicukiro,Nyarugunga,Nonko,Rugali
66d9c3900bc303fcbe4cfff6,Western,Karongi,Bwishyura,Kibuye,Gatwaro ?
66d9c3900bc303fcbe4cfffc,Western,Karongi,Bwishyura,Kiniha,Nyakigezi
66d9c3900bc303fcbe4d000e,Western,Karongi,Gashari,Birambo,Nyarusange
66d9c3900bc303fcbe4cff71,Kigali city,Kicukiro,Masaka,Cyimo,Murambi
66d9c3900bc303fcbe4cff84,Kigali city,Kicukiro,Masaka,Gitaraga,Ruhanga
66d9c3900bc303fcbe4cff92,Kigali city,Kicukiro,Masaka,Rusheshe,Ruhosha
66d9c3900bc303fcbe4cff95,Kigali city,Kicukiro,Niboye,Gatare,Imena
66d9c3900bc303fcbe4cff99,Kigali city,Kicukiro,Niboye,Gatare,Rurembo
66d9c3900bc303fcbe4cff9a,Kigali city,Kicukiro,Niboye,Gatare,Taba
66d9c3900bc303fcbe4cff9b,Kigali city,Kicukiro,Niboye,Niboye,Buhoro
66d9c3900bc303fcbe4cff9d,Kigali city,Kicukiro,Niboye,Niboye,Gateke
66d9c3900bc303fcbe4cffa1,Kigali city,Kicukiro,Niboye,Niboye,Kiruhura
66d9c3900bc303fcbe4cffa2,Kigali city,Kicukiro,Niboye,Niboye,Munini
66d9c3900bc303fcbe4cffa4,Kigali city,Kicukiro,Niboye,Niboye,Mwijabo
66d9c3900bc303fcbe4cffa6,Kigali city,Kicukiro,Niboye,Niboye,Nyarubande
66d9c3900bc303fcbe4cffbc,Kigali city,Kicukiro,Nyarugunga,Kamashashi,Akindege
66d9c3900bc303fcbe4cffc2,Kigali city,Kicukiro,Nyarugunga,Kamashashi,Mulindi
66d9c3900bc303fcbe4cffd2,Kigali city,Kicukiro,Nyarugunga,Rwimbogo,Nyandungu
66d9c3900bc303fcbe4cffe2,Western,Karongi,Bwishyura,Gasura,Gisayo
66d9c3900bc303fcbe4cffe9,Western,Karongi,Bwishyura,Gitarama,Josi
66d9c3900bc303fcbe4cffeb,Western,Karongi,Bwishyura,Gitarama,Kigezi
66d9c3900bc303fcbe4cfffa,Western,Karongi,Bwishyura,Kiniha,Maryohe
66d9c3900bc303fcbe4d000d,Western,Karongi,Gashari,Birambo,Nyakibuguma
66d9c3900bc303fcbe4d0011,Western,Karongi,Gashari,Musasa,Kaduha
66d9c3900bc303fcbe4d0012,Western,Karongi,Gashari,Musasa,Kagangare
66d9c3900bc303fcbe4d0014,Western,Karongi,Gashari,Musasa,Musasa
66d9c3900bc303fcbe4d0019,Western,Karongi,Gashari,Mwendo,Kabageni
66d9c3900bc303fcbe4d001f,Western,Karongi,Gashari,Rugobagoba,Musongati
66d9c3900bc303fcbe4d0025,Western,Karongi,Gashari,Tongati,Rubona
66d9c3900bc303fcbe4cff46,Kigali city,Kicukiro,Kigarama,Bwerankori,Ubumenyi
66d9c3900bc303fcbe4cff47,Kigali city,Kicukiro,Kigarama,Karugira,Ibuga
66d9c3900bc303fcbe4cff78,Kigali city,Kicukiro,Masaka,Gako,Gicaca
66d9c3900bc303fcbe4cff7a,Kigali city,Kicukiro,Masaka,Gako,Kabeza
66d9c3900bc303fcbe4cff83,Kigali city,Kicukiro,Masaka,Gitaraga,Nyange
66d9c3900bc303fcbe4cffb6,Kigali city,Kicukiro,Niboye,Nyakabanda,Inyarurembo
66d9c3900bc303fcbe4cffbd,Kigali city,Kicukiro,Nyarugunga,Kamashashi,Indatwa
66d9c3900bc303fcbe4cffe8,Western,Karongi,Bwishyura,Gitarama,Gomba
66d9c3900bc303fcbe4cfff3,Western,Karongi,Bwishyura,Kayenzi,Ruhande
66d9c3900bc303fcbe4cfff9,Western,Karongi,Bwishyura,Kiniha,Kiyovu
66d9c3900bc303fcbe4cfffe,Western,Karongi,Bwishyura,Kiniha,Nyegabo
66d9c3900bc303fcbe4cffff,Western,Karongi,Bwishyura,Kiniha,Ruganda
66d9c3900bc303fcbe4d0000,Western,Karongi,Bwishyura,Nyarusazi,Birembo
66d9c3900bc303fcbe4d0017,Western,Karongi,Gashari,Mwendo,Gataba
66d9c3900bc303fcbe4d001b,Western,Karongi,Gashari,Mwendo,Nyamigina
66d9c3900bc303fcbe4d0027,Western,Karongi,Gishyita,Buhoro,Mboneko
66d9c3900bc303fcbe4d0028,Western,Karongi,Gishyita,Buhoro,Mweya
66d9c3900bc303fcbe4d002a,Western,Karongi,Gishyita,Buhoro,Tura
66d9c3900bc303fcbe4d002b,Western,Karongi,Gishyita,Cyanya,Gataba
66d9c3900bc303fcbe4d002f,Western,Karongi,Gishyita,Cyanya,Kabuga
66d9c3900bc303fcbe4d0031,Western,Karongi,Gishyita,Cyanya,Mpatsi
66d9c3900bc303fcbe4d003a,Western,Karongi,Gishyita,Munanira,Nyakabuye
66d9c3900bc303fcbe4d004d,Western,Karongi,Gitesi,Gasharu,Rwintare
66d9c3900bc303fcbe4d0057,Western,Karongi,Gitesi,Kanunga,Nyagisozi
66d9c3900bc303fcbe4d005f,Western,Karongi,Gitesi,Munanira,Gatare
66d9c3900bc303fcbe4d0062,Western,Karongi,Gitesi,Munanira,Nyabigugu
66d9c3900bc303fcbe4d0065,Western,Karongi,Gitesi,Nyamiringa,Burega
66d9c3900bc303fcbe4d0070,Western,Karongi,Gitesi,Ruhinga,Ruhondo
66d9c3900bc303fcbe4d0072,Western,Karongi,Gitesi,Rwariro,Kigarama
66d9c3900bc303fcbe4d0075,Western,Karongi,Gitesi,Rwariro,Rusekera
66d9c3900bc303fcbe4d007d,Western,Karongi,Mubuga,Kagabiro,Nyakabande
66d9c3900bc303fcbe4d0080,Western,Karongi,Mubuga,Kagabiro,Runyinya
66d9c3900bc303fcbe4d008d,Western,Karongi,Mubuga,Nyagatovu,Nyagatovu
66d9c3900bc303fcbe4d0096,Western,Karongi,Mubuga,Ryaruhanga,Ryaruhanga
66d9c3900bc303fcbe4d009b,Western,Karongi,Murambi,Mubuga,Nyabivumu
66d9c3900bc303fcbe4d009c,Western,Karongi,Murambi,Mubuga,Nyabwoma
66d9c3900bc303fcbe4d009f,Western,Karongi,Murambi,Muhororo,Bwakira
66d9c3900bc303fcbe4d00b2,Western,Karongi,Murambi,Shyembe,Gitwa
66d9c3900bc303fcbe4d0022,Western,Karongi,Gashari,Tongati,Kayonga
66d9c3900bc303fcbe4d0023,Western,Karongi,Gashari,Tongati,Nyabivumu
66d9c3900bc303fcbe4cff39,Kigali city,Kicukiro,Kicukiro,Kicukiro,Ubumwe
66d9c3900bc303fcbe4cff40,Kigali city,Kicukiro,Kigarama,Bwerankori,Gatare
66d9c3900bc303fcbe4cff44,Kigali city,Kicukiro,Kigarama,Bwerankori,Kimisange
66d9c3900bc303fcbe4cff4a,Kigali city,Kicukiro,Kigarama,Karugira,Rutoki
66d9c3900bc303fcbe4cff5b,Kigali city,Kicukiro,Kigarama,Nyarurama,Rebero
66d9c3900bc303fcbe4cff65,Kigali city,Kicukiro,Masaka,Ayabaraya,Akababyeyi
66d9c3900bc303fcbe4cff82,Kigali city,Kicukiro,Masaka,Gitaraga,Nyakarambi
66d9c3900bc303fcbe4cff87,Kigali city,Kicukiro,Masaka,Mbabe,Kamashashi
66d9c3900bc303fcbe4cff91,Kigali city,Kicukiro,Masaka,Rusheshe,Mubano
66d9c3900bc303fcbe4cff9c,Kigali city,Kicukiro,Niboye,Niboye,Gaseke
66d9c3900bc303fcbe4cffa9,Kigali city,Kicukiro,Niboye,Niboye,Taba
66d9c3900bc303fcbe4cffce,Kigali city,Kicukiro,Nyarugunga,Rwimbogo,Kabaya
66d9c3900bc303fcbe4cffd6,Kigali city,Kicukiro,Nyarugunga,Rwimbogo,Rwiza
66d9c3900bc303fcbe4cffdb,Western,Karongi,Bwishyura,Burunga,Nyabikenke
66d9c3900bc303fcbe4cffe6,Western,Karongi,Bwishyura,Gasura,Ruganda
66d9c3900bc303fcbe4cfff2,Western,Karongi,Bwishyura,Kayenzi,Nyabikenke ?
66d9c3900bc303fcbe4d0007,Western,Karongi,Gashari,Birambo,Gashari
66d9c3900bc303fcbe4d0013,Western,Karongi,Gashari,Musasa,Kigarama
66d9c3900bc303fcbe4d00c7,Western,Karongi,Murundi,Kamina,Kiraro
66d9c3900bc303fcbe4d00d8,Western,Karongi,Murundi,Nyamushishi,Nyarurembo
66d9c3900bc303fcbe4d00d9,Western,Karongi,Murundi,Nyamushishi,Remera
66d9c3900bc303fcbe4d00df,Western,Karongi,Murundi,Nzaratsi,Remera
66d9c3900bc303fcbe4d0050,Western,Karongi,Gitesi,Gitega,Kamihaho
66d9c3900bc303fcbe4d0067,Western,Karongi,Gitesi,Nyamiringa,Gisasa
66d9c3900bc303fcbe4d006d,Western,Karongi,Gitesi,Ruhinga,Nyagahinga
66d9c3900bc303fcbe4d0071,Western,Karongi,Gitesi,Rwariro,Karwiru
66d9c3900bc303fcbe4d0099,Western,Karongi,Murambi,Mubuga,Kazibaziba
66d9c3900bc303fcbe4d00ae,Western,Karongi,Murambi,Nyarunyinya,Kigandaro
66d9c3900bc303fcbe4d00ca,Western,Karongi,Murundi,Kamina,Mwunguzi
66d9c3900bc303fcbe4d00d6,Western,Karongi,Murundi,Nyamushishi,Kisenge
66d9c3900bc303fcbe4d00eb,Western,Karongi,Mutuntu,Gasharu,Gituntu
66d9c3900bc303fcbe4d00f1,Western,Karongi,Mutuntu,Gisayura,Kabariro
66d9c3900bc303fcbe4d00f6,Western,Karongi,Mutuntu,Kanyege,Kanyege
66d9c3900bc303fcbe4d00b3,Western,Karongi,Murambi,Shyembe,Kaburega
66d9c3900bc303fcbe4d00bc,Western,Karongi,Murundi,Bukiro,Bukiro
66d9c3900bc303fcbe4d00be,Western,Karongi,Murundi,Bukiro,Munzanga
66d9c3900bc303fcbe4d00c0,Western,Karongi,Murundi,Bukiro,Nyamyumba
66d9c3900bc303fcbe4d00e9,Western,Karongi,Mutuntu,Gasharu,Gashanga
66d9c3900bc303fcbe4d00f5,Western,Karongi,Mutuntu,Kanyege,Gitumba
66d9c3900bc303fcbe4d0100,Western,Karongi,Mutuntu,Kinyonzwe,Uwabashi
66d9c3900bc303fcbe4d0104,Western,Karongi,Mutuntu,Murengezo,Ngundusi
66d9c3900bc303fcbe4d0049,Western,Karongi,Gitesi,Gasharu,Gasharu
66d9c3900bc303fcbe4d0063,Western,Karongi,Gitesi,Munanira,Nyarucyamo
66d9c3900bc303fcbe4d0064,Western,Karongi,Gitesi,Munanira,Ruhundo
66d9c3900bc303fcbe4d006f,Western,Karongi,Gitesi,Ruhinga,Nyarubuye
66d9c3900bc303fcbe4d0079,Western,Karongi,Mubuga,Kagabiro,Kagabiro
66d9c3900bc303fcbe4d008a,Western,Karongi,Mubuga,Nyagatovu,Gisizi
66d9c3900bc303fcbe4d0095,Western,Karongi,Mubuga,Ryaruhanga,Rwamiko
66d9c3900bc303fcbe4d00b7,Western,Karongi,Murambi,Shyembe,Nyabisindu
66d9c3900bc303fcbe4d00c3,Western,Karongi,Murundi,Kabaya,Karambo
66d9c3900bc303fcbe4d00cd,Western,Karongi,Murundi,Kareba,Bwenda
66d9c3900bc303fcbe4d00de,Western,Karongi,Murundi,Nzaratsi,Nyamabuye
66d9c3900bc303fcbe4d00ef,Western,Karongi,Mutuntu,Gisayura,Gashubi
66d9c3900bc303fcbe4d00f4,Western,Karongi,Mutuntu,Gisayura,Taba
66d9c3900bc303fcbe4d00ff,Western,Karongi,Mutuntu,Kinyonzwe,Ruhindiro
66d9c3900bc303fcbe4d0101,Western,Karongi,Mutuntu,Kinyonzwe,Uwibumba
66d9c3900bc303fcbe4d012d,Western,Karongi,Rubengera,Kibirizi,Kimigenge
66d9c3900bc303fcbe4d0140,Western,Karongi,Rubengera,Ruragwe,Nyagatovu
66d9c3900bc303fcbe4d014a,Western,Karongi,Rugabano,Gitega,Cyarubariro
66d9c3900bc303fcbe4d015b,Western,Karongi,Rugabano,Kabuga,Karambo
66d9c3900bc303fcbe4d0160,Western,Karongi,Rugabano,Kabuga,Simbi
66d9c3900bc303fcbe4d0175,Western,Karongi,Rugabano,Rwungo,Gasharu
66d9c3900bc303fcbe4d0176,Western,Karongi,Rugabano,Rwungo,Kabuye
66d9c3900bc303fcbe4d018c,Western,Karongi,Ruganda,Kivumu,Murambi
66d9c3900bc303fcbe4d0192,Western,Karongi,Ruganda,Nyamugwagwa,Burango
66d9c3900bc303fcbe4d019c,Western,Karongi,Ruganda,Rugobagoba,Nyabisiga ?
66d9c3900bc303fcbe4d019d,Western,Karongi,Ruganda,Rugobagoba,Nyagasambu
66d9c3900bc303fcbe4d01ce,Western,Karongi,Twumba,Bihumbe,Uwintobo
66d9c3900bc303fcbe4d01e0,Western,Karongi,Twumba,Gitabura,Nyaruyaga
66d9c3900bc303fcbe4d021a,Western,Rutsiro,Gihango,Mataba,Muyange
66d9c3900bc303fcbe4d014b,Western,Karongi,Rugabano,Gitega,Kabyaza
66d9c3900bc303fcbe4d015f,Western,Karongi,Rugabano,Kabuga,Nyagasozi
66d9c3900bc303fcbe4d0198,Western,Karongi,Ruganda,Rubona,Muciro
66d9c3900bc303fcbe4d01bc,Western,Karongi,Rwankuba,Nyarusanga,Karambo
66d9c3900bc303fcbe4d01d8,Western,Karongi,Twumba,Gisovu,Kibuburo
66d9c3900bc303fcbe4d0230,Western,Rutsiro,Kigeyo,Buhindure,Burambo
66d9c3900bc303fcbe4d023a,Western,Rutsiro,Kigeyo,Nkora,Gasagara
66d9c3900bc303fcbe4d024d,Western,Rutsiro,Kigeyo,Rukaragata,Gasenyi
66d9c3900bc303fcbe4d027d,Western,Rutsiro,Kivumu,Nganzo,Kamwimba
66d9c3900bc303fcbe4d028f,Western,Rutsiro,Manihira,Muyira,Kimpongo
66d9c3900bc303fcbe4d02a6,Western,Rutsiro,Mukura,Kagano,Kazizi
66d9c3900bc303fcbe4d02aa,Western,Rutsiro,Mukura,Kagano,Nyaburama
66d9c3900bc303fcbe4d02d1,Western,Rutsiro,Mukura,Mwendo,Rugari
66d9c3900bc303fcbe4d02dc,Western,Rutsiro,Murunda,Kirwa,Satinsyi
66d9c3900bc303fcbe4d02ed,Western,Rutsiro,Murunda,Twabugezi,Rwoza
66d9c3900bc303fcbe4d01f6,Western,Rutsiro,Boneza,Bushaka,Kinunu
66d9c3900bc303fcbe4d021b,Western,Rutsiro,Gihango,Mataba,Nganzo
66d9c3900bc303fcbe4d0239,Western,Rutsiro,Kigeyo,Nkora,Gahotora
66d9c3900bc303fcbe4d0240,Western,Rutsiro,Kigeyo,Nkora,Kigugu
66d9c3900bc303fcbe4d02c4,Western,Rutsiro,Mukura,Mwendo,Bitenga
66d9c3900bc303fcbe4d02cd,Western,Rutsiro,Mukura,Mwendo,Mataba
66d9c3900bc303fcbe4d02e3,Western,Rutsiro,Murunda,Mburamazi,Rwamiko
66d9c3900bc303fcbe4d02fe,Western,Rutsiro,Musasa,Gisiza,Nyagafurwe
66d9c3900bc303fcbe4cff3a,Kigali city,Kicukiro,Kicukiro,Ngoma,Ahitegeye
66d9c3900bc303fcbe4cff45,Kigali city,Kicukiro,Kigarama,Bwerankori,Nyenyeri
66d9c3900bc303fcbe4cff50,Kigali city,Kicukiro,Kigarama,Kigarama,Amahoro
66d9c3900bc303fcbe4cff7c,Kigali city,Kicukiro,Masaka,Gako,Rebero
66d9c3900bc303fcbe4cff88,Kigali city,Kicukiro,Masaka,Mbabe,Mbabe
66d9c3900bc303fcbe4cffa3,Kigali city,Kicukiro,Niboye,Niboye,Murehe
66d9c3900bc303fcbe4cffaf,Kigali city,Kicukiro,Niboye,Nyakabanda,Bumanzi
66d9c3900bc303fcbe4cffc9,Kigali city,Kicukiro,Nyarugunga,Nonko,Mahoro
66d9c3900bc303fcbe4cffea,Western,Karongi,Bwishyura,Gitarama,Karambo
66d9c3900bc303fcbe4cfff0,Western,Karongi,Bwishyura,Kayenzi,Gitega
66d9c3900bc303fcbe4d0029,Western,Karongi,Gishyita,Buhoro,Ruhunde
66d9c3900bc303fcbe4d0030,Western,Karongi,Gishyita,Cyanya,Kagano
66d9c3900bc303fcbe4d0034,Western,Karongi,Gishyita,Kigarama,Karenge
66d9c3900bc303fcbe4d003b,Western,Karongi,Gishyita,Musasa,Cyimbo
66d9c3900bc303fcbe4d007e,Western,Karongi,Mubuga,Kagabiro,Nyakagezi
66d9c3900bc303fcbe4d0081,Western,Karongi,Mubuga,Murangara,Gisunzu
66d9c3900bc303fcbe4d0083,Western,Karongi,Mubuga,Murangara,Kaduha
66d9c3900bc303fcbe4d008e,Western,Karongi,Mubuga,Nyagatovu,Nyankira
66d9c3900bc303fcbe4d0094,Western,Karongi,Mubuga,Ryaruhanga,Mubuga
66d9c3900bc303fcbe4d00a8,Western,Karongi,Murambi,Nkoto,Kibamba
66d9c3900bc303fcbe4d00af,Western,Karongi,Murambi,Nyarunyinya,Murambi
66d9c3900bc303fcbe4d00b5,Western,Karongi,Murambi,Shyembe,Musibya
66d9c3900bc303fcbe4d00ba,Western,Karongi,Murambi,Shyembe,Nyaruhanga
66d9c3900bc303fcbe4d00d0,Western,Karongi,Murundi,Kareba,Gisebeya
66d9c3900bc303fcbe4d00d5,Western,Karongi,Murundi,Nyamushishi,Gitwa ?
66d9c3900bc303fcbe4d00db,Western,Karongi,Murundi,Nzaratsi,Gatwaro
66d9c3900bc303fcbe4d00e7,Western,Karongi,Mutuntu,Byogo,Musango
66d9c3900bc303fcbe4d0115,Western,Karongi,Rubengera,Gacaca,Gasharu
66d9c3900bc303fcbe4d0120,Western,Karongi,Rubengera,Gitwa,Bizu
66d9c3900bc303fcbe4d0125,Western,Karongi,Rubengera,Gitwa,Rubona
66d9c3900bc303fcbe4d0117,Western,Karongi,Rubengera,Gacaca,Kamwijagi
66d9c3900bc303fcbe4d01d2,Western,Karongi,Twumba,Gakuta,Rugogwe
66d9c3900bc303fcbe4d01ea,Western,Karongi,Twumba,Murehe,Duhati
66d9c3900bc303fcbe4d0200,Western,Rutsiro,Boneza,Nkira,Gisiza
66d9c3900bc303fcbe4d0205,Western,Rutsiro,Boneza,Nkira,Munanira
66d9c3900bc303fcbe4d0126,Western,Karongi,Rubengera,Gitwa,Rusebeya
66d9c3900bc303fcbe4d0136,Western,Karongi,Rubengera,Nyarugenge,Gatare
66d9c3900bc303fcbe4d0158,Western,Karongi,Rugabano,Gitovu,Rutoyi
66d9c3900bc303fcbe4d0159,Western,Karongi,Rugabano,Kabuga,Bihembe
66d9c3900bc303fcbe4d0180,Western,Karongi,Ruganda,Biguhu,Murambi
66d9c3900bc303fcbe4d0183,Western,Karongi,Ruganda,Biguhu,Nyagasozi
66d9c3900bc303fcbe4d0185,Western,Karongi,Ruganda,Kabingo,Kabingo
66d9c3900bc303fcbe4d018a,Western,Karongi,Ruganda,Kivumu,Birambo
66d9c3900bc303fcbe4d0195,Western,Karongi,Ruganda,Nyamugwagwa,Nyamugwagwa
66d9c3900bc303fcbe4d019b,Western,Karongi,Ruganda,Rugobagoba,Karambo
66d9c3900bc303fcbe4d01a1,Western,Karongi,Rwankuba,Bigugu,Kavumu
66d9c3900bc303fcbe4d01c6,Western,Karongi,Rwankuba,Rubumba,Himbo
66d9c3900bc303fcbe4d01e9,Western,Karongi,Twumba,Kavumu,Nyarutagara
66d9c3900bc303fcbe4d022a,Western,Rutsiro,Gihango,Shyembe,Shyembe
66d9c3900bc303fcbe4d022d,Western,Rutsiro,Gihango,Teba,Gateja
66d9c3900bc303fcbe4d0253,Western,Rutsiro,Kigeyo,Rukaragata,Rwambeho
66d9c3900bc303fcbe4d0274,Western,Rutsiro,Kivumu,Karambi,Bukumba
66d9c3900bc303fcbe4d0277,Western,Rutsiro,Kivumu,Karambi,Gateko
66d9c3900bc303fcbe4d0286,Western,Rutsiro,Manihira,Haniro,Kaziramihunda
66d9c3900bc303fcbe4d0289,Western,Rutsiro,Manihira,Haniro,Rukondo
66d9c3900bc303fcbe4d0296,Western,Rutsiro,Manihira,Tangabo,Kabeza
66d9c3900bc303fcbe4d029e,Western,Rutsiro,Mukura,Kabuga,Karambo Ya 1
66d9c3900bc303fcbe4d02a2,Western,Rutsiro,Mukura,Kagano,Gakeri
66d9c3900bc303fcbe4d02a8,Western,Rutsiro,Mukura,Kagano,Kiriba
66d9c3900bc303fcbe4d02d6,Western,Rutsiro,Murunda,Kirwa,Karumbi
66d9c3900bc303fcbe4d02e2,Western,Rutsiro,Murunda,Mburamazi,Rurimba
66d9c3900bc303fcbe4d021e,Western,Rutsiro,Gihango,Murambi,Gatomvu
66d9c3900bc303fcbe4d026b,Western,Rutsiro,Kivumu,Kabujenje,Buhogo
66d9c3900bc303fcbe4d0290,Western,Rutsiro,Manihira,Muyira,Mujebeshi
66d9c3900bc303fcbe4d0298,Western,Rutsiro,Manihira,Tangabo,Kanama
66d9c3900bc303fcbe4d029d,Western,Rutsiro,Mukura,Kabuga,Kabahigi
66d9c3900bc303fcbe4d02ac,Western,Rutsiro,Mukura,Kagano,Tumba
66d9c3900bc303fcbe4d02b8,Western,Rutsiro,Mukura,Kagusa,Bucyeye
66d9c3900bc303fcbe4d02e6,Western,Rutsiro,Murunda,Rugeyo,Kamusambi
66d9c3900bc303fcbe4d02ea,Western,Rutsiro,Murunda,Twabugezi,Gatare
66d9c3900bc303fcbe4cff38,Kigali city,Kicukiro,Kicukiro,Kicukiro,Triangle
66d9c3900bc303fcbe4cff3d,Kigali city,Kicukiro,Kicukiro,Ngoma,Isangano
66d9c3900bc303fcbe4cff49,Kigali city,Kicukiro,Kigarama,Karugira,Murambi
66d9c3900bc303fcbe4cff4e,Kigali city,Kicukiro,Kigarama,Karugira,Umurimo
66d9c3900bc303fcbe4cff56,Kigali city,Kicukiro,Kigarama,Kigarama,Mataba
66d9c3900bc303fcbe4cff6e,Kigali city,Kicukiro,Masaka,Cyimo,Kabeza
66d9c3900bc303fcbe4cff73,Kigali city,Kicukiro,Masaka,Cyimo,Urugwiro
66d9c3900bc303fcbe4cff81,Kigali city,Kicukiro,Masaka,Gitaraga,Kajevuba
66d9c3900bc303fcbe4cffac,Kigali city,Kicukiro,Niboye,Nyakabanda,Amarembo
66d9c3900bc303fcbe4cffb0,Kigali city,Kicukiro,Niboye,Nyakabanda,Bwiza
66d9c3900bc303fcbe4cffbf,Kigali city,Kicukiro,Nyarugunga,Kamashashi,Kabagendwa
66d9c3900bc303fcbe4cffc3,Kigali city,Kicukiro,Nyarugunga,Kamashashi,Umucyo
66d9c3900bc303fcbe4cffca,Kigali city,Kicukiro,Nyarugunga,Nonko,Nyarutovu
66d9c3900bc303fcbe4cffe3,Western,Karongi,Bwishyura,Gasura,Nyabihanga
66d9c3900bc303fcbe4cffe7,Western,Karongi,Bwishyura,Gitarama,Gitarama
66d9c3900bc303fcbe4cfff4,Western,Karongi,Bwishyura,Kayenzi,Sakinnyaga
66d9c3900bc303fcbe4cfff5,Western,Karongi,Bwishyura,Kibuye,Gacumba
66d9c3900bc303fcbe4cfffd,Western,Karongi,Bwishyura,Kiniha,Nyarurembo
66d9c3900bc303fcbe4d0001,Western,Karongi,Bwishyura,Nyarusazi,Bupfune
66d9c3900bc303fcbe4d0002,Western,Karongi,Bwishyura,Nyarusazi,Bwishyura
66d9c3900bc303fcbe4d000c,Western,Karongi,Gashari,Birambo,Nyabikenke
66d9c3900bc303fcbe4d001a,Western,Karongi,Gashari,Mwendo,Kayogoro
66d9c3900bc303fcbe4d001d,Western,Karongi,Gashari,Rugobagoba,Karutare
66d9c3900bc303fcbe4d0021,Western,Karongi,Gashari,Rugobagoba,Shungwe
66d9c3900bc303fcbe4d0033,Western,Karongi,Gishyita,Kigarama,Kabwenge
66d9c3900bc303fcbe4d0040,Western,Karongi,Gishyita,Musasa,Kirunga
66d9c3900bc303fcbe4d0043,Western,Karongi,Gishyita,Ngoma,Kanyinya
66d9c3900bc303fcbe4d0045,Western,Karongi,Gishyita,Ngoma,Mataba
66d9c3900bc303fcbe4d0047,Western,Karongi,Gishyita,Ngoma,Rufumberi
66d9c3900bc303fcbe4d004b,Western,Karongi,Gitesi,Gasharu,Nyarukeri
66d9c3900bc303fcbe4d005c,Western,Karongi,Gitesi,Kirambo,Nyarusange
66d9c3900bc303fcbe4d006a,Western,Karongi,Gitesi,Ruhinga,Gasayo
66d9c3900bc303fcbe4d006e,Western,Karongi,Gitesi,Ruhinga,Nyamiyaga
66d9c3900bc303fcbe4d0077,Western,Karongi,Mubuga,Kagabiro,Bitaba
66d9c3900bc303fcbe4d0086,Western,Karongi,Mubuga,Murangara,Nyabitare
66d9c3900bc303fcbe4d0088,Western,Karongi,Mubuga,Murangara,Rwakamuri ?
66d9c3900bc303fcbe4d00c9,Western,Karongi,Murundi,Kamina,Murehe
66d9c3900bc303fcbe4d00da,Western,Karongi,Murundi,Nyamushishi,Rubona
66d9c3900bc303fcbe4d00e5,Western,Karongi,Mutuntu,Byogo,Muhondo
66d9c3900bc303fcbe4d00fb,Western,Karongi,Mutuntu,Kanyege,Rugogwe
66d9c3900bc303fcbe4d00fe,Western,Karongi,Mutuntu,Kinyonzwe,Matyazo
66d9c3900bc303fcbe4d0102,Western,Karongi,Mutuntu,Murengezo,Cyamakamba
66d9c3900bc303fcbe4d010c,Western,Karongi,Mutuntu,Rwufi,Ruhuha
66d9c3900bc303fcbe4d011c,Western,Karongi,Rubengera,Gisanze,Kibande
66d9c3900bc303fcbe4d0122,Western,Karongi,Rubengera,Gitwa,Gitega
66d9c3900bc303fcbe4d012c,Western,Karongi,Rubengera,Kibirizi,Kamusanganya
66d9c3900bc303fcbe4d0130,Western,Karongi,Rubengera,Mataba,Gitwa
66d9c3900bc303fcbe4d0138,Western,Karongi,Rubengera,Nyarugenge,Kambogo
66d9c3900bc303fcbe4d0141,Western,Karongi,Rubengera,Ruragwe,Nyakabungo
66d9c3900bc303fcbe4d0148,Western,Karongi,Rugabano,Gisiza,Rugabano
66d9c3900bc303fcbe4d0151,Western,Karongi,Rugabano,Gitega,Rwesero
66d9c3900bc303fcbe4d015d,Western,Karongi,Rugabano,Kabuga,Migina
66d9c3900bc303fcbe4d0167,Western,Karongi,Rugabano,Mucyimba,Gihara ??
66d9c3900bc303fcbe4d016b,Western,Karongi,Rugabano,Mucyimba,Kivumu
66d9c3900bc303fcbe4d0178,Western,Karongi,Rugabano,Rwungo,Wisazi
66d9c3900bc303fcbe4d017a,Western,Karongi,Rugabano,Tyazo,Kirabo
66d9c3900bc303fcbe4d017f,Western,Karongi,Ruganda,Biguhu,Gitwa
66d9c3900bc303fcbe4d0186,Western,Karongi,Ruganda,Kabingo,Nyagisozi
66d9c3900bc303fcbe4d0196,Western,Karongi,Ruganda,Rubona,Gahunduguru
66d9c3900bc303fcbe4d0197,Western,Karongi,Ruganda,Rubona,Maryohe
66d9c3900bc303fcbe4d01b2,Western,Karongi,Rwankuba,Munini,Byimana
66d9c3900bc303fcbe4d01b5,Western,Karongi,Rwankuba,Munini,Muvumba
66d9c3900bc303fcbe4d01c8,Western,Karongi,Rwankuba,Rubumba,Ryampande
66d9c3900bc303fcbe4d01cb,Western,Karongi,Twumba,Bihumbe,Gikaranka
66d9c3900bc303fcbe4d01da,Western,Karongi,Twumba,Gisovu,Nyakabingo
66d9c3900bc303fcbe4d01de,Western,Karongi,Twumba,Gitabura,Nyakiyabo
66d9c3900bc303fcbe4d01e7,Western,Karongi,Twumba,Kavumu,Murambi
66d9c3900bc303fcbe4d01ec,Western,Karongi,Twumba,Murehe,Kaganda
66d9c3900bc303fcbe4d01f1,Western,Karongi,Twumba,Rutabi,Wintobo
66d9c3900bc303fcbe4d01ff,Western,Rutsiro,Boneza,Kabihogo,Rwabisururu
66d9c3900bc303fcbe4d0204,Western,Rutsiro,Boneza,Nkira,Kigarama
66d9c3900bc303fcbe4d020c,Western,Rutsiro,Boneza,Remera,Muyange
66d9c3900bc303fcbe4d0217,Western,Rutsiro,Gihango,Mataba,Butare
66d9c3900bc303fcbe4d0220,Western,Rutsiro,Gihango,Murambi,Muhora
66d9c3900bc303fcbe4d0225,Western,Rutsiro,Gihango,Shyembe,Gisunzu
66d9c3900bc303fcbe4d022f,Western,Rutsiro,Gihango,Teba,Rasaniro
66d9c3900bc303fcbe4d023c,Western,Rutsiro,Kigeyo,Nkora,Humiro
66d9c3900bc303fcbe4d024c,Western,Rutsiro,Kigeyo,Rukaragata,Gahunga
66d9c3900bc303fcbe4d0258,Western,Rutsiro,Kivumu,Bunyoni,Gihari
66d9c3900bc303fcbe4d025a,Western,Rutsiro,Kivumu,Bunyoni,Kabigabiro
66d9c3900bc303fcbe4d0263,Western,Rutsiro,Kivumu,Kabere,Burambo
66d9c3900bc303fcbe4d0269,Western,Rutsiro,Kivumu,Kabere,Mushubati
66d9c3900bc303fcbe4d026a,Western,Rutsiro,Kivumu,Kabujenje,Bitare
66d9c3900bc303fcbe4d026c,Western,Rutsiro,Kivumu,Kabujenje,Kabagwe
66d9c3900bc303fcbe4d0276,Western,Rutsiro,Kivumu,Karambi,Bushamba
66d9c3900bc303fcbe4d00f2,Western,Karongi,Mutuntu,Gisayura,Mayombo
66d9c3900bc303fcbe4d00fc,Western,Karongi,Mutuntu,Kinyonzwe,Kadehero
66d9c3900bc303fcbe4d00fd,Western,Karongi,Mutuntu,Kinyonzwe,Kinyonzwe
66d9c3900bc303fcbe4d010f,Western,Karongi,Rubengera,Bubazi,Kabuga
66d9c3900bc303fcbe4d011f,Western,Karongi,Rubengera,Gisanze,Nyamagana
66d9c3900bc303fcbe4d0121,Western,Karongi,Rubengera,Gitwa,Gaseke
66d9c3900bc303fcbe4d012a,Western,Karongi,Rubengera,Kibirizi,Kabeza
66d9c3900bc303fcbe4d0142,Western,Karongi,Rubengera,Ruragwe,Rutabo
66d9c3900bc303fcbe4d0162,Western,Karongi,Rugabano,Mubuga,Kabyigo
66d9c3900bc303fcbe4d0163,Western,Karongi,Rugabano,Mubuga,Karumbi
66d9c3900bc303fcbe4d0164,Western,Karongi,Rugabano,Mubuga,Kavumu
66d9c3900bc303fcbe4d018f,Western,Karongi,Ruganda,Nyabikeri,Gahororo
66d9c3900bc303fcbe4d0194,Western,Karongi,Ruganda,Nyamugwagwa,Kibari
66d9c3900bc303fcbe4d01b6,Western,Karongi,Rwankuba,Munini,Muyira
66d9c3900bc303fcbe4d01bd,Western,Karongi,Rwankuba,Nyarusanga,Kigogwe
66d9c3900bc303fcbe4d01f8,Western,Rutsiro,Boneza,Bushaka,Rutagara
66d9c3900bc303fcbe4d0202,Western,Rutsiro,Boneza,Nkira,Kabuga
66d9c3900bc303fcbe4d023e,Western,Rutsiro,Kigeyo,Nkora,Kanyirahweza
66d9c3900bc303fcbe4d0248,Western,Rutsiro,Kigeyo,Nyagahinika,Rukombe
66d9c3900bc303fcbe4d0259,Western,Rutsiro,Kivumu,Bunyoni,Gitwa
66d9c3900bc303fcbe4d025e,Western,Rutsiro,Kivumu,Bunyunju,Kamabuye
66d9c3900bc303fcbe4d025f,Western,Rutsiro,Kivumu,Bunyunju,Karungu
66d9c3900bc303fcbe4d0260,Western,Rutsiro,Kivumu,Bunyunju,Mpinga
66d9c3900bc303fcbe4d026f,Western,Rutsiro,Kivumu,Kabujenje,Rurembo
66d9c3900bc303fcbe4d0271,Western,Rutsiro,Kivumu,Kabujenje,Rutambi
66d9c3900bc303fcbe4d0282,Western,Rutsiro,Kivumu,Nganzo,Tawuni
66d9c3900bc303fcbe4d0291,Western,Rutsiro,Manihira,Muyira,Muyira
66d9c3900bc303fcbe4d02b4,Western,Rutsiro,Mukura,Kageyo,Rukeri
66d9c3900bc303fcbe4d02cf,Western,Rutsiro,Mukura,Mwendo,Nyarusongati
66d9c3900bc303fcbe4d02d3,Western,Rutsiro,Murunda,Kirwa,Gasasa
66d9c3900bc303fcbe4d02e5,Western,Rutsiro,Murunda,Rugeyo,Kamabuye
66d9c3900bc303fcbe4d02e9,Western,Rutsiro,Murunda,Twabugezi,Bweramana
66d9c3900bc303fcbe4d02f5,Western,Rutsiro,Musasa,Gabiro,Rwangoma
66d9c3900bc303fcbe4d030e,Western,Rutsiro,Musasa,Nyarubuye,Muhororo
66d9c3900bc303fcbe4d0279,Western,Rutsiro,Kivumu,Karambi,Nyundo
66d9c3900bc303fcbe4d0285,Western,Rutsiro,Manihira,Haniro,Gitwe
66d9c3900bc303fcbe4d0287,Western,Rutsiro,Manihira,Haniro,Kivumu
66d9c3900bc303fcbe4d028d,Western,Rutsiro,Manihira,Muyira,Kamishunguro
66d9c3900bc303fcbe4d029a,Western,Rutsiro,Manihira,Tangabo,Munini
66d9c3900bc303fcbe4d02a7,Western,Rutsiro,Mukura,Kagano,Kibavu
66d9c3900bc303fcbe4d02b6,Western,Rutsiro,Mukura,Kageyo,Site Mukura 1
66d9c3900bc303fcbe4d02c3,Western,Rutsiro,Mukura,Karambo,Terimbere
66d9c3900bc303fcbe4d02cb,Western,Rutsiro,Mukura,Mwendo,Kagombwa
66d9c3900bc303fcbe4d02da,Western,Rutsiro,Murunda,Kirwa,Ruhanga
66d9c3900bc303fcbe4d02de,Western,Rutsiro,Murunda,Mburamazi,Kamuhoza
66d9c3900bc303fcbe4d02e8,Western,Rutsiro,Murunda,Rugeyo,Musongati
66d9c3900bc303fcbe4d02fc,Western,Rutsiro,Musasa,Gisiza,Karambo
66d9c3900bc303fcbe4d02fd,Western,Rutsiro,Musasa,Gisiza,Ngoma
66d9c3900bc303fcbe4d030a,Western,Rutsiro,Musasa,Nyarubuye,Gataka
66d9c3900bc303fcbe4d0116,Western,Karongi,Rubengera,Gacaca,Kamuvunyi
66d9c3900bc303fcbe4d0137,Western,Karongi,Rubengera,Nyarugenge,Kabazi
66d9c3900bc303fcbe4d0147,Western,Karongi,Rugabano,Gisiza,Rubona
66d9c3900bc303fcbe4d0174,Western,Karongi,Rugabano,Rwungo,Gahengeri ?
66d9c3900bc303fcbe4d018b,Western,Karongi,Ruganda,Kivumu,Kagorora
66d9c3900bc303fcbe4d0190,Western,Karongi,Ruganda,Nyabikeri,Kiguhu
66d9c3900bc303fcbe4d019f,Western,Karongi,Ruganda,Rugobagoba,Nyarutembe
66d9c3900bc303fcbe4d01b0,Western,Karongi,Rwankuba,Gasata,Rwasheke
66d9c3900bc303fcbe4d01cc,Western,Karongi,Twumba,Bihumbe,Nyabubare
66d9c3900bc303fcbe4d01d1,Western,Karongi,Twumba,Gakuta,Nyamiryango
66d9c3900bc303fcbe4d01e3,Western,Karongi,Twumba,Kavumu,Gasharu
66d9c3900bc303fcbe4d01e8,Western,Karongi,Twumba,Kavumu,Muronzi
66d9c3900bc303fcbe4d01ed,Western,Karongi,Twumba,Murehe,Murehe
66d9c3900bc303fcbe4d01fe,Western,Rutsiro,Boneza,Kabihogo,Rugamba
66d9c3900bc303fcbe4d0206,Western,Rutsiro,Boneza,Nkira,Murambi
66d9c3900bc303fcbe4d0222,Western,Rutsiro,Gihango,Ruhingo,Gasharu
66d9c3900bc303fcbe4d0127,Western,Karongi,Rubengera,Gitwa,Rwakigarati
66d9c3900bc303fcbe4d012b,Western,Karongi,Rubengera,Kibirizi,Kagarama
66d9c3900bc303fcbe4d0132,Western,Karongi,Rubengera,Mataba,Mufumbezi
66d9c3900bc303fcbe4d0139,Western,Karongi,Rubengera,Nyarugenge,Karusha
66d9c3900bc303fcbe4d0150,Western,Karongi,Rugabano,Gitega,Ngoma ?
66d9c3900bc303fcbe4d0152,Western,Karongi,Rugabano,Gitovu,Bisusa
66d9c3900bc303fcbe4d0157,Western,Karongi,Rugabano,Gitovu,Rugabe
66d9c3900bc303fcbe4d015a,Western,Karongi,Rugabano,Kabuga,Kamata
66d9c3900bc303fcbe4d015c,Western,Karongi,Rugabano,Kabuga,Kigarama
66d9c3900bc303fcbe4d015e,Western,Karongi,Rugabano,Kabuga,Nyabitare ?
66d9c3900bc303fcbe4d016d,Western,Karongi,Rugabano,Mucyimba,Ryangondo
66d9c3900bc303fcbe4d0171,Western,Karongi,Rugabano,Rufungo,Karambo
66d9c3900bc303fcbe4d0177,Western,Karongi,Rugabano,Rwungo,Rwungo
66d9c3900bc303fcbe4d0179,Western,Karongi,Rugabano,Tyazo,Karambi
66d9c3900bc303fcbe4d017c,Western,Karongi,Rugabano,Tyazo,Rubatura
66d9c3900bc303fcbe4d0184,Western,Karongi,Ruganda,Kabingo,Bugarura
66d9c3900bc303fcbe4d019a,Western,Karongi,Ruganda,Rugobagoba,Gatare
66d9c3900bc303fcbe4d01a7,Western,Karongi,Rwankuba,Bisesero,Jurwe
66d9c3900bc303fcbe4d01aa,Western,Karongi,Rwankuba,Gasata,Cyabahanga
66d9c3900bc303fcbe4d01ac,Western,Karongi,Rwankuba,Gasata,Nyagafumba
66d9c3900bc303fcbe4d01b1,Western,Karongi,Rwankuba,Munini,Bweramana
66d9c3900bc303fcbe4d01b3,Western,Karongi,Rwankuba,Munini,Gakangaga
66d9c3900bc303fcbe4d01ba,Western,Karongi,Rwankuba,Nyakamira,Nyarushekera ?
66d9c3900bc303fcbe4d01c0,Western,Karongi,Rwankuba,Rubazo,Bucyurabuhoro
66d9c3900bc303fcbe4d01c4,Western,Karongi,Rwankuba,Rubazo,Wamahoro
66d9c3900bc303fcbe4d01c7,Western,Karongi,Rwankuba,Rubumba,Rukore
66d9c3900bc303fcbe4d01cd,Western,Karongi,Twumba,Bihumbe,Rushishi
66d9c3900bc303fcbe4d01d0,Western,Karongi,Twumba,Gakuta,Karumbi
66d9c3900bc303fcbe4d01d3,Western,Karongi,Twumba,Gakuta,Twumba
66d9c3900bc303fcbe4d01d9,Western,Karongi,Twumba,Gisovu,Mwumba
66d9c3900bc303fcbe4d01dc,Western,Karongi,Twumba,Gitabura,Kibingo
66d9c3900bc303fcbe4d01ef,Western,Karongi,Twumba,Rutabi,Nyirabununu
66d9c3900bc303fcbe4d01f0,Western,Karongi,Twumba,Rutabi,Rutabi
66d9c3900bc303fcbe4d0223,Western,Rutsiro,Gihango,Ruhingo,Kabuga
66d9c3900bc303fcbe4d0227,Western,Rutsiro,Gihango,Shyembe,Karongi
66d9c3900bc303fcbe4d0229,Western,Rutsiro,Gihango,Shyembe,Rwamiyaga
66d9c3900bc303fcbe4d0250,Western,Rutsiro,Kigeyo,Rukaragata,Kinihira
66d9c3900bc303fcbe4d025b,Western,Rutsiro,Kivumu,Bunyoni,Kanyempanga
66d9c3900bc303fcbe4d0265,Western,Rutsiro,Kivumu,Kabere,Cyato
66d9c3900bc303fcbe4d0270,Western,Rutsiro,Kivumu,Kabujenje,Rusisiro
66d9c3900bc303fcbe4d027c,Western,Rutsiro,Kivumu,Nganzo,Bugarishya
66d9c3900bc303fcbe4d02a1,Western,Rutsiro,Mukura,Kagano,Cyabatsinga
66d9c3900bc303fcbe4d02ad,Western,Rutsiro,Mukura,Kageyo,Bitura
66d9c3900bc303fcbe4d02b3,Western,Rutsiro,Mukura,Kageyo,Nyanzu
66d9c3900bc303fcbe4d02d5,Western,Rutsiro,Murunda,Kirwa,Kajugujugu
66d9c3900bc303fcbe4d02ef,Western,Rutsiro,Musasa,Gabiro,Gitwa
66d9c3900bc303fcbe4d02fa,Western,Rutsiro,Musasa,Gisiza,Gitovu
66d9c3900bc303fcbe4d01f2,Western,Rutsiro,Boneza,Bushaka,Bikono
66d9c3900bc303fcbe4d0113,Western,Karongi,Rubengera,Bubazi,Nyagahinga
66d9c3900bc303fcbe4d0119,Western,Karongi,Rubengera,Gacaca,Nyarubuye
66d9c3900bc303fcbe4d0124,Western,Karongi,Rubengera,Gitwa,Muremera
66d9c3900bc303fcbe4d0106,Western,Karongi,Mutuntu,Murengezo,Uwiraro
66d9c3900bc303fcbe4d0107,Western,Karongi,Mutuntu,Rwufi,Cyiha
66d9c3900bc303fcbe4d0109,Western,Karongi,Mutuntu,Rwufi,Mwumba
66d9c3900bc303fcbe4d0110,Western,Karongi,Rubengera,Bubazi,Kavumu
66d9c3900bc303fcbe4d0112,Western,Karongi,Rubengera,Bubazi,Makurungwe
66d9c3900bc303fcbe4d0114,Western,Karongi,Rubengera,Gacaca,Gakomeye
66d9c3900bc303fcbe4d011a,Western,Karongi,Rubengera,Gacaca,Remera
66d9c3900bc303fcbe4d011e,Western,Karongi,Rubengera,Gisanze,Nyabitare
66d9c3900bc303fcbe4d0129,Western,Karongi,Rubengera,Kibirizi,Cyimana
66d9c3900bc303fcbe4d0143,Western,Karongi,Rubengera,Ruragwe,Rwimpongo
66d9c3900bc303fcbe4d0149,Western,Karongi,Rugabano,Gisiza,Winyambo
66d9c3900bc303fcbe4d014e,Western,Karongi,Rugabano,Gitega,Misagara
66d9c3900bc303fcbe4d0155,Western,Karongi,Rugabano,Gitovu,Nganzo
66d9c3900bc303fcbe4d0168,Western,Karongi,Rugabano,Mucyimba,Kagombyi
66d9c3900bc303fcbe4d0169,Western,Karongi,Rugabano,Mucyimba,Kamonyi
66d9c3900bc303fcbe4d016f,Western,Karongi,Rugabano,Rufungo,Bwihe
66d9c3900bc303fcbe4d01a0,Western,Karongi,Rwankuba,Bigugu,Kagusa
66d9c3900bc303fcbe4d01ad,Western,Karongi,Rwankuba,Gasata,Rugeti
66d9c3900bc303fcbe4d01ae,Western,Karongi,Rwankuba,Gasata,Rurebero
66d9c3900bc303fcbe4d01bb,Western,Karongi,Rwankuba,Nyarusanga,Gasharu
66d9c3900bc303fcbe4d01ca,Western,Karongi,Twumba,Bihumbe,Bivumu
66d9c3900bc303fcbe4d01d7,Western,Karongi,Twumba,Gisovu,Karambo
66d9c3900bc303fcbe4d01db,Western,Karongi,Twumba,Gitabura,Gatare
66d9c3900bc303fcbe4d01dd,Western,Karongi,Twumba,Gitabura,Mataba
66d9c3900bc303fcbe4d01e2,Western,Karongi,Twumba,Gitabura,Tuvunasogi ?
66d9c3900bc303fcbe4d01e5,Western,Karongi,Twumba,Kavumu,Kavumu ?
66d9c3900bc303fcbe4d01e6,Western,Karongi,Twumba,Kavumu,Muhira
66d9c3900bc303fcbe4d01eb,Western,Karongi,Twumba,Murehe,Gatema
66d9c3900bc303fcbe4d0203,Western,Rutsiro,Boneza,Nkira,Karukamba
66d9c3900bc303fcbe4d0214,Western,Rutsiro,Gihango,Congo-nil,Mukebera
66d9c3900bc303fcbe4d0134,Western,Karongi,Rubengera,Mataba,Ruvumbu
66d9c3900bc303fcbe4d013f,Western,Karongi,Rubengera,Ruragwe,Nyagasozi
66d9c3900bc303fcbe4d0145,Western,Karongi,Rugabano,Gisiza,Kamina
66d9c3900bc303fcbe4d0165,Western,Karongi,Rugabano,Mubuga,Mataba ??
66d9c3900bc303fcbe4d0170,Western,Karongi,Rugabano,Rufungo,Gitabi
66d9c3900bc303fcbe4d0172,Western,Karongi,Rugabano,Rufungo,Kavumu
66d9c3900bc303fcbe4d017b,Western,Karongi,Rugabano,Tyazo,Nyakabingo
66d9c3900bc303fcbe4d0188,Western,Karongi,Ruganda,Kinyovu,Kabaranda
66d9c3900bc303fcbe4d01a9,Western,Karongi,Rwankuba,Bisesero,Uwingabo
66d9c3900bc303fcbe4d01c3,Western,Karongi,Rwankuba,Rubazo,Ruhinga
66d9c3900bc303fcbe4d01c5,Western,Karongi,Rwankuba,Rubumba,Gishwati
66d9c3900bc303fcbe4d01c9,Western,Karongi,Twumba,Bihumbe,Bihumbe
66d9c3900bc303fcbe4d01cf,Western,Karongi,Twumba,Gakuta,Gakoko
66d9c3900bc303fcbe4d0226,Western,Rutsiro,Gihango,Shyembe,Karambo
66d9c3900bc303fcbe4d0233,Western,Rutsiro,Kigeyo,Buhindure,Gaharawe
66d9c3900bc303fcbe4d0235,Western,Rutsiro,Kigeyo,Buhindure,Nkamba
66d9c3900bc303fcbe4d023d,Western,Rutsiro,Kigeyo,Nkora,Kabashyembe
66d9c3900bc303fcbe4d023f,Western,Rutsiro,Kigeyo,Nkora,Karambi
66d9c3900bc303fcbe4d0244,Western,Rutsiro,Kigeyo,Nyagahinika,Kampi
66d9c3900bc303fcbe4d024f,Western,Rutsiro,Kigeyo,Rukaragata,Kamina
66d9c3900bc303fcbe4d0261,Western,Rutsiro,Kivumu,Bunyunju,Rwamvura
66d9c3900bc303fcbe4d0267,Western,Rutsiro,Kivumu,Kabere,Kabusagara
66d9c3900bc303fcbe4d026e,Western,Rutsiro,Kivumu,Kabujenje,Kanyamatembe
66d9c3900bc303fcbe4d0278,Western,Rutsiro,Kivumu,Karambi,Kabuga
66d9c3900bc303fcbe4d028c,Western,Rutsiro,Manihira,Muyira,Kagarama
66d9c3900bc303fcbe4d029b,Western,Rutsiro,Manihira,Tangabo,Nyarushogwe
66d9c3900bc303fcbe4d02a9,Western,Rutsiro,Mukura,Kagano,Ntobo
66d9c3900bc303fcbe4d02ae,Western,Rutsiro,Mukura,Kageyo,Karumbi
66d9c3900bc303fcbe4d02b0,Western,Rutsiro,Mukura,Kageyo,Kimishishi
66d9c3900bc303fcbe4d02bd,Western,Rutsiro,Mukura,Karambo,Bandamiko
66d9c3900bc303fcbe4d02c2,Western,Rutsiro,Mukura,Karambo,Karambo Ya 2
66d9c3900bc303fcbe4d01f3,Western,Rutsiro,Boneza,Bushaka,Bugarura
66d9c3900bc303fcbe4d01f5,Western,Rutsiro,Boneza,Bushaka,Kabirizi
66d9c3900bc303fcbe4d0201,Western,Rutsiro,Boneza,Nkira,Gisoro
66d9c3900bc303fcbe4d020b,Western,Rutsiro,Boneza,Remera,Kinunga
66d9c3900bc303fcbe4d0215,Western,Rutsiro,Gihango,Congo-nil,Nduba
66d9c3900bc303fcbe4d0216,Western,Rutsiro,Gihango,Congo-nil,Nkwiro
66d9c3900bc303fcbe4d0228,Western,Rutsiro,Gihango,Shyembe,Rugote
66d9c3900bc303fcbe4d022e,Western,Rutsiro,Gihango,Teba,Kanembwe
66d9c3900bc303fcbe4d0232,Western,Rutsiro,Kigeyo,Buhindure,Gacaca
66d9c3900bc303fcbe4d023b,Western,Rutsiro,Kigeyo,Nkora,Gasereganya
66d9c3900bc303fcbe4d0243,Western,Rutsiro,Kigeyo,Nyagahinika,Bukungu
66d9c3900bc303fcbe4d0247,Western,Rutsiro,Kigeyo,Nyagahinika,Rugabi
66d9c3900bc303fcbe4d025c,Western,Rutsiro,Kivumu,Bunyoni,Nyarubuye
66d9c3900bc303fcbe4d0264,Western,Rutsiro,Kivumu,Kabere,Burango
66d9c3900bc303fcbe4d0268,Western,Rutsiro,Kivumu,Kabere,Kagera
66d9c3900bc303fcbe4d026d,Western,Rutsiro,Kivumu,Kabujenje,Kabuye
66d9c3900bc303fcbe4d0275,Western,Rutsiro,Kivumu,Karambi,Buroha
66d9c3900bc303fcbe4d027f,Western,Rutsiro,Kivumu,Nganzo,Nyabiti
66d9c3900bc303fcbe4d0280,Western,Rutsiro,Kivumu,Nganzo,Remera
66d9c3900bc303fcbe4d0283,Western,Rutsiro,Manihira,Haniro,Bitabaro
66d9c3900bc303fcbe4d0284,Western,Rutsiro,Manihira,Haniro,Gisunzu
66d9c3900bc303fcbe4d02a3,Western,Rutsiro,Mukura,Kagano,Kabacuzi
66d9c3900bc303fcbe4d02a4,Western,Rutsiro,Mukura,Kagano,Kagano
66d9c3900bc303fcbe4d02b7,Western,Rutsiro,Mukura,Kageyo,Site Mukura 2
66d9c3900bc303fcbe4d02bf,Western,Rutsiro,Mukura,Karambo,Gasambi
66d9c3900bc303fcbe4d02d7,Western,Rutsiro,Murunda,Kirwa,Karuruma
66d9c3900bc303fcbe4d02f1,Western,Rutsiro,Musasa,Gabiro,Nyagahinga
66d9c3900bc303fcbe4d0301,Western,Rutsiro,Musasa,Murambi,Buruseri
66d9c3900bc303fcbe4d0302,Western,Rutsiro,Musasa,Murambi,Kabatoni
66d9c3900bc303fcbe4d0308,Western,Rutsiro,Musasa,Murambi,Syiki
66d9c3900bc303fcbe4d0309,Western,Rutsiro,Musasa,Nyarubuye,Bwinyana
66d9c3900bc303fcbe4d030d,Western,Rutsiro,Musasa,Nyarubuye,Mirambi
66d9c3900bc303fcbe4cff36,Kigali city,Kicukiro,Kicukiro,Kicukiro,Karisimbi
66d9c3900bc303fcbe4cff37,Kigali city,Kicukiro,Kicukiro,Kicukiro,Kicukiro
66d9c3900bc303fcbe4cff42,Kigali city,Kicukiro,Kigarama,Bwerankori,Ituze
66d9c3900bc303fcbe4cff79,Kigali city,Kicukiro,Masaka,Gako,Gihuke
66d9c3900bc303fcbe4cff96,Kigali city,Kicukiro,Niboye,Gatare,Kamahoro
66d9c3900bc303fcbe4cffa5,Kigali city,Kicukiro,Niboye,Niboye,Mwijuto
66d9c3900bc303fcbe4cffaa,Kigali city,Kicukiro,Niboye,Nyakabanda,Amahoro
66d9c3900bc303fcbe4cffab,Kigali city,Kicukiro,Niboye,Nyakabanda,Amarebe
66d9c3900bc303fcbe4cffb5,Kigali city,Kicukiro,Niboye,Nyakabanda,Indatwa
66d9c3900bc303fcbe4cffc6,Kigali city,Kicukiro,Nyarugunga,Nonko,Gihanga
66d9c3900bc303fcbe4cffcc,Kigali city,Kicukiro,Nyarugunga,Nonko,Runyonza
66d9c3900bc303fcbe4cffd1,Kigali city,Kicukiro,Nyarugunga,Rwimbogo,Mushumbamwiza
66d9c3900bc303fcbe4cffee,Western,Karongi,Bwishyura,Gitarama,Nyamigina ?
66d9c3900bc303fcbe4d000b,Western,Karongi,Gashari,Birambo,Ntarabana
66d9c3900bc303fcbe4d000f,Western,Karongi,Gashari,Birambo,Rugarama
66d9c3900bc303fcbe4d0041,Western,Karongi,Gishyita,Musasa,Musebeya
66d9c3900bc303fcbe4d0073,Western,Karongi,Gitesi,Rwariro,Kirwa
66d9c3900bc303fcbe4d0085,Western,Karongi,Mubuga,Murangara,Murangara
66d9c3900bc303fcbe4d00a2,Western,Karongi,Murambi,Muhororo,Nyabiranga
66d9c3900bc303fcbe4d00ab,Western,Karongi,Murambi,Nyarunyinya,Gituntu
66d9c3900bc303fcbe4d00b8,Western,Karongi,Murambi,Shyembe,Nyamagana
66d9c3900bc303fcbe4d00e8,Western,Karongi,Mutuntu,Byogo,Rugogo
66d9c3900bc303fcbe4d00fa,Western,Karongi,Mutuntu,Kanyege,Nyarubuye
66d9c3900bc303fcbe4d0103,Western,Karongi,Mutuntu,Murengezo,Karambo
66d9c3900bc303fcbe4d010d,Western,Karongi,Rubengera,Bubazi,Gakomeye
66d9c3900bc303fcbe4d0128,Western,Karongi,Rubengera,Kibirizi,Buhoro
66d9c3900bc303fcbe4d0133,Western,Karongi,Rubengera,Mataba,Nyagisozi
66d9c3900bc303fcbe4d013e,Western,Karongi,Rubengera,Ruragwe,Nyagahinga
66d9c3900bc303fcbe4d0154,Western,Karongi,Rugabano,Gitovu,Matyazo
66d9c3900bc303fcbe4d0182,Western,Karongi,Ruganda,Biguhu,Ngange
66d9c3900bc303fcbe4d0193,Western,Karongi,Ruganda,Nyamugwagwa,Kaduha
66d9c3900bc303fcbe4d0199,Western,Karongi,Ruganda,Rubona,Rubona
66d9c3900bc303fcbe4d02c5,Western,Rutsiro,Mukura,Mwendo,Gafu
66d9c3900bc303fcbe4d02c8,Western,Rutsiro,Mukura,Mwendo,Kabeza
66d9c3900bc303fcbe4d02c9,Western,Rutsiro,Mukura,Mwendo,Kabisasa
66d9c3900bc303fcbe4d02d8,Western,Rutsiro,Murunda,Kirwa,Muremure
66d9c3900bc303fcbe4d02d9,Western,Rutsiro,Murunda,Kirwa,Nyenyeri
66d9c3900bc303fcbe4d02e0,Western,Rutsiro,Murunda,Mburamazi,Murunda
66d9c3900bc303fcbe4d02f4,Western,Rutsiro,Musasa,Gabiro,Rwagatoki
66d9c3900bc303fcbe4d02f9,Western,Rutsiro,Musasa,Gisiza,Gisiza
66d9c3900bc303fcbe4d02fb,Western,Rutsiro,Musasa,Gisiza,Karambi
66d9c3900bc303fcbe4d020a,Western,Rutsiro,Boneza,Remera,Kamuzigura
66d9c3900bc303fcbe4d021f,Western,Rutsiro,Gihango,Murambi,Karugaju
66d9c3900bc303fcbe4d0236,Western,Rutsiro,Kigeyo,Buhindure,Nkomero
66d9c3900bc303fcbe4d0246,Western,Rutsiro,Kigeyo,Nyagahinika,Nyarusuku
66d9c3900bc303fcbe4d024b,Western,Rutsiro,Kigeyo,Nyagahinika,Ruvumu
66d9c3900bc303fcbe4d0272,Western,Rutsiro,Kivumu,Kabujenje,Tarasi
66d9c3900bc303fcbe4d027e,Western,Rutsiro,Kivumu,Nganzo,Muramba
66d9c3900bc303fcbe4d0294,Western,Rutsiro,Manihira,Muyira,Rutangaza
66d9c3900bc303fcbe4d0295,Western,Rutsiro,Manihira,Muyira,Rutare
66d9c3900bc303fcbe4d02ab,Western,Rutsiro,Mukura,Kagano,Rugomero
66d9c3900bc303fcbe4d02af,Western,Rutsiro,Mukura,Kageyo,Kigeyo
66d9c3900bc303fcbe4d02c0,Western,Rutsiro,Mukura,Karambo,Gihumo
66d9c3900bc303fcbe4d02c6,Western,Rutsiro,Mukura,Mwendo,Gako
66d9c3900bc303fcbe4d02d0,Western,Rutsiro,Mukura,Mwendo,Nyove
66d9c3900bc303fcbe4d02f2,Western,Rutsiro,Musasa,Gabiro,Nyarugenge
66d9c3900bc303fcbe4d02f3,Western,Rutsiro,Musasa,Gabiro,Rugarambiro
66d9c3900bc303fcbe4d030b,Western,Rutsiro,Musasa,Nyarubuye,Gitete
66d9c3900bc303fcbe4d02ff,Western,Rutsiro,Musasa,Gisiza,Rubaya
66d9c3900bc303fcbe4d0303,Western,Rutsiro,Musasa,Murambi,Munyinya
66d9c3900bc303fcbe4d0305,Western,Rutsiro,Musasa,Murambi,Nyamasheke
66d9c3900bc303fcbe4d0306,Western,Rutsiro,Musasa,Murambi,Rwintanga
66d9c3900bc303fcbe4d0307,Western,Rutsiro,Musasa,Murambi,Rwumba
66d9c3900bc303fcbe4cff29,Kigali city,Kicukiro,Kanombe,Rubirizi,Zirakamwa
66d9c3900bc303fcbe4cff86,Kigali city,Kicukiro,Masaka,Mbabe,Kabeza
66d9c3900bc303fcbe4cff8a,Kigali city,Kicukiro,Masaka,Mbabe,Ngarama
66d9c3900bc303fcbe4cffae,Kigali city,Kicukiro,Niboye,Nyakabanda,Bukinanyana
66d9c3900bc303fcbe4cffcf,Kigali city,Kicukiro,Nyarugunga,Rwimbogo,Kanogo
66d9c3900bc303fcbe4d0036,Western,Karongi,Gishyita,Munanira,Butare
66d9c3900bc303fcbe4d0046,Western,Karongi,Gishyita,Ngoma,Murambi
66d9c3900bc303fcbe4d00d4,Western,Karongi,Murundi,Nyamushishi,Gasharu
66d9c3900bc303fcbe4d0156,Western,Karongi,Rugabano,Gitovu,Nyabagoyi
66d9c3900bc303fcbe4d0187,Western,Karongi,Ruganda,Kinyovu,Bizitiro
66d9c3900bc303fcbe4d01a2,Western,Karongi,Rwankuba,Bigugu,Mifuba ?
66d9c3900bc303fcbe4d01d6,Western,Karongi,Twumba,Gisovu,Kanyovu ?
66d9c3900bc303fcbe4d0249,Western,Rutsiro,Kigeyo,Nyagahinika,Rupango
66d9c3900bc303fcbe4d0288,Western,Rutsiro,Manihira,Haniro,Mifu
66d9c3900bc303fcbe4d02b2,Western,Rutsiro,Mukura,Kageyo,Ntonde
66d9c3900bc303fcbe4d019e,Western,Karongi,Ruganda,Rugobagoba,Nyakivumba
66d9c3900bc303fcbe4d01a4,Western,Karongi,Rwankuba,Bigugu,Ruhondo
66d9c3900bc303fcbe4d01b4,Western,Karongi,Rwankuba,Munini,Kinaba
66d9c3900bc303fcbe4d01b8,Western,Karongi,Rwankuba,Nyakamira,Mahembe
66d9c3900bc303fcbe4d01f7,Western,Rutsiro,Boneza,Bushaka,Muramba
66d9c3900bc303fcbe4d01fd,Western,Rutsiro,Boneza,Kabihogo,Kamuyaga
66d9c3900bc303fcbe4d0208,Western,Rutsiro,Boneza,Remera,Buhoro
66d9c3900bc303fcbe4d020f,Western,Rutsiro,Gihango,Bugina,Gitarama
66d9c3900bc303fcbe4d0224,Western,Rutsiro,Gihango,Ruhingo,Nyagahinga
66d9c3900bc303fcbe4d0256,Western,Rutsiro,Kivumu,Bunyoni,Bureke
66d9c3900bc303fcbe4d0262,Western,Rutsiro,Kivumu,Bunyunju,Trafipro
66d9c3900bc303fcbe4d028a,Western,Rutsiro,Manihira,Haniro,Runaba
66d9c3900bc303fcbe4d0299,Western,Rutsiro,Manihira,Tangabo,Karambo
66d9c3900bc303fcbe4d029f,Western,Rutsiro,Mukura,Kabuga,Miraramo
66d9c3900bc303fcbe4d02a0,Western,Rutsiro,Mukura,Kabuga,Sanzare
66d9c3900bc303fcbe4d02b5,Western,Rutsiro,Mukura,Kageyo,Rukondo
66d9c3900bc303fcbe4d02bc,Western,Rutsiro,Mukura,Kagusa,Rusasa
66d9c3900bc303fcbe4d02ec,Western,Rutsiro,Murunda,Twabugezi,Rwanika
66d9c3900bc303fcbe4d02ee,Western,Rutsiro,Musasa,Gabiro,Gabiro
66d9c3900bc303fcbe4d0300,Western,Rutsiro,Musasa,Murambi,Bunnyari
66d9c3900bc303fcbe4d030f,Western,Rutsiro,Musasa,Nyarubuye,Rebero
66d9c3910bc303fcbe4d031d,Western,Rutsiro,Mushonyi,Kaguriro,Mubuga
66d9c3910bc303fcbe4d033c,Western,Rutsiro,Mushubati,Cyarusera,Kigarama
66d9c3910bc303fcbe4d033e,Western,Rutsiro,Mushubati,Cyarusera,Mugeri
66d9c3910bc303fcbe4d031c,Western,Rutsiro,Mushonyi,Kaguriro,Maziba
66d9c3910bc303fcbe4d0323,Western,Rutsiro,Mushonyi,Magaba,Gihumba
66d9c3910bc303fcbe4d0325,Western,Rutsiro,Mushonyi,Magaba,Kariba
66d9c3910bc303fcbe4d0310,Western,Rutsiro,Mushonyi,Biruyi,Buhunde
66d9c3910bc303fcbe4d0316,Western,Rutsiro,Mushonyi,Biruyi,Mugara
66d9c3910bc303fcbe4d0324,Western,Rutsiro,Mushonyi,Magaba,Kakibaba
66d9c3910bc303fcbe4d0326,Western,Rutsiro,Mushonyi,Magaba,Nkomero
66d9c3910bc303fcbe4d0329,Western,Rutsiro,Mushonyi,Rurara,Gisunzu
66d9c3910bc303fcbe4d033d,Western,Rutsiro,Mushubati,Cyarusera,Kunini
66d9c3910bc303fcbe4d033f,Western,Rutsiro,Mushubati,Gitwa,Gakoma
66d9c3910bc303fcbe4d034e,Western,Rutsiro,Mushubati,Mageragere,Rarankuba
66d9c3910bc303fcbe4d0375,Western,Rutsiro,Nyabirasi,Mubuga,Rwankuba
66d9c3910bc303fcbe4d0376,Western,Rutsiro,Nyabirasi,Ngoma,Bukanda
66d9c3910bc303fcbe4d0373,Western,Rutsiro,Nyabirasi,Mubuga,Rushubi
66d9c3910bc303fcbe4d0387,Western,Rutsiro,Nyabirasi,Terimbere,Kinyamavuta
66d9c3910bc303fcbe4d038e,Western,Rutsiro,Nyabirasi,Terimbere,Ryanyiraminonko
66d9c3910bc303fcbe4d038f,Western,Rutsiro,Ruhango,Gatare,Gasovu
66d9c3910bc303fcbe4d0351,Western,Rutsiro,Mushubati,Sure,Kaduha
66d9c3910bc303fcbe4d0364,Western,Rutsiro,Nyabirasi,Cyivugiza,Gishahaga
66d9c3910bc303fcbe4d036b,Western,Rutsiro,Nyabirasi,Mubuga,Buryoshya
66d9c3910bc303fcbe4d039d,Western,Rutsiro,Ruhango,Gihira,Tara
66d9c3910bc303fcbe4d03a8,Western,Rutsiro,Ruhango,Nyakarera,Marabuye
66d9c3910bc303fcbe4d03b8,Western,Rutsiro,Rusebeya,Kabona,Munini
66d9c3910bc303fcbe4d0393,Western,Rutsiro,Ruhango,Gatare,Mwurire
66d9c3910bc303fcbe4d0394,Western,Rutsiro,Ruhango,Gatare,Ruhimbi
66d9c3910bc303fcbe4d03a3,Western,Rutsiro,Ruhango,Kavumu,Nyundo
66d9c3910bc303fcbe4d03aa,Western,Rutsiro,Ruhango,Rugasa,Cyashenge
66d9c3910bc303fcbe4d03ae,Western,Rutsiro,Ruhango,Rugasa,Murambi
66d9c3910bc303fcbe4d03b9,Western,Rutsiro,Rusebeya,Kabona,Murengeri
66d9c3910bc303fcbe4d03ba,Western,Rutsiro,Rusebeya,Kabona,Ntereye
66d9c3910bc303fcbe4d0397,Western,Rutsiro,Ruhango,Gihira,Busenda
66d9c3910bc303fcbe4d03a2,Western,Rutsiro,Ruhango,Kavumu,Muhingo
66d9c3910bc303fcbe4d03a6,Western,Rutsiro,Ruhango,Nyakarera,Kagogo
66d9c3910bc303fcbe4d03a9,Western,Rutsiro,Ruhango,Nyakarera,Mugali
66d9c3910bc303fcbe4d03b0,Western,Rutsiro,Ruhango,Rundoyi,Gakararanka
66d9c3910bc303fcbe4d03b1,Western,Rutsiro,Ruhango,Rundoyi,Karebero
66d9c3910bc303fcbe4d03b2,Western,Rutsiro,Ruhango,Rundoyi,Kaziga
66d9c3910bc303fcbe4d03b4,Western,Rutsiro,Ruhango,Rundoyi,Rugaragara
66d9c3910bc303fcbe4d03c2,Western,Rutsiro,Rusebeya,Mberi,Gihinga
66d9c3910bc303fcbe4d03c5,Western,Rutsiro,Rusebeya,Mberi,Kagano
66d9c3910bc303fcbe4d03cd,Western,Rutsiro,Rusebeya,Remera,Kiyanja
66d9c3910bc303fcbe4d03ef,Western,Rubavu,Bugeshi,Kabumba,Gatovu
66d9c3910bc303fcbe4d0401,Western,Rubavu,Bugeshi,Rusiza,Bihe
66d9c3910bc303fcbe4d0413,Western,Rubavu,Busasamana,Gasiza,Kibavu
66d9c3910bc303fcbe4d0439,Western,Rubavu,Cyanzarwe,Busigari,Bugu
66d9c3910bc303fcbe4d0445,Western,Rubavu,Cyanzarwe,Kinyanzovu,Bushanga
66d9c3910bc303fcbe4d044b,Western,Rubavu,Cyanzarwe,Makurizo,Mukingo
66d9c3910bc303fcbe4d045c,Western,Rubavu,Cyanzarwe,Ryabizige,Musene
66d9c3910bc303fcbe4d0461,Western,Rubavu,Gisenyi,Amahoro,Muhabura
66d9c3910bc303fcbe4d046b,Western,Rubavu,Gisenyi,Bugoyi,Isangano
66d9c3910bc303fcbe4d047b,Western,Rubavu,Gisenyi,Kivumu,Umurava
66d9c3910bc303fcbe4d0487,Western,Rubavu,Gisenyi,Mbugangari,Karundo
66d9c3910bc303fcbe4d03de,Western,Rubavu,Bugeshi,Butaka,Akabajara
66d9c3910bc303fcbe4d042c,Western,Rubavu,Busasamana,Nyacyonga,Kamiro
66d9c3910bc303fcbe4d0460,Western,Rubavu,Gisenyi,Amahoro,Kitagabwa
66d9c3910bc303fcbe4d0479,Western,Rubavu,Gisenyi,Kivumu,Ubumwe
66d9c3910bc303fcbe4d0480,Western,Rubavu,Gisenyi,Mbugangari,Haguruka
66d9c3910bc303fcbe4d03ed,Western,Rubavu,Bugeshi,Kabumba,Bugeshi
66d9c3910bc303fcbe4d03f1,Western,Rubavu,Bugeshi,Kabumba,Kabumba
66d9c3910bc303fcbe4d03f6,Western,Rubavu,Bugeshi,Mutovu,Kabuhanga
66d9c3910bc303fcbe4d0404,Western,Rubavu,Bugeshi,Rusiza,Kitagabwa
66d9c3910bc303fcbe4d0313,Western,Rutsiro,Mushonyi,Biruyi,Kabakiza
66d9c3910bc303fcbe4d0327,Western,Rutsiro,Mushonyi,Magaba,Ruyogoro
66d9c3910bc303fcbe4d0341,Western,Rutsiro,Mushubati,Gitwa,Karambira
66d9c3910bc303fcbe4d0343,Western,Rutsiro,Mushubati,Gitwa,Mbuga
66d9c3910bc303fcbe4d032e,Western,Rutsiro,Mushonyi,Rurara,Mukati
66d9c3910bc303fcbe4d0335,Western,Rutsiro,Mushubati,Bumba,Karambi
66d9c3910bc303fcbe4d0346,Western,Rutsiro,Mushubati,Gitwa,Rububa
66d9c3910bc303fcbe4d032f,Western,Rutsiro,Mushonyi,Rurara,Ngunguru
66d9c3910bc303fcbe4d0331,Western,Rutsiro,Mushonyi,Rurara,Ruhengeri
66d9c3910bc303fcbe4d0332,Western,Rutsiro,Mushubati,Bumba,Bisyo
66d9c3910bc303fcbe4d033b,Western,Rutsiro,Mushubati,Cyarusera,Gasharu
66d9c3910bc303fcbe4d0342,Western,Rutsiro,Mushubati,Gitwa,Kibari
66d9c3910bc303fcbe4d034c,Western,Rutsiro,Mushubati,Mageragere,Nyakabuye
66d9c3910bc303fcbe4d031b,Western,Rutsiro,Mushonyi,Kaguriro,Kivumu
66d9c3910bc303fcbe4d0321,Western,Rutsiro,Mushonyi,Magaba,Gakomeye
66d9c3910bc303fcbe4d032c,Western,Rutsiro,Mushonyi,Rurara,Kashishi
66d9c3910bc303fcbe4d0339,Western,Rutsiro,Mushubati,Cyarusera,Bivumu
66d9c3910bc303fcbe4d0344,Western,Rutsiro,Mushubati,Gitwa,Mubuga
66d9c3910bc303fcbe4d034d,Western,Rutsiro,Mushubati,Mageragere,Nyarusange
66d9c3910bc303fcbe4d034f,Western,Rutsiro,Mushubati,Mageragere,Rushikiri
66d9c3910bc303fcbe4d0380,Western,Rutsiro,Nyabirasi,Ngoma,Ngoma
66d9c3910bc303fcbe4d0356,Western,Rutsiro,Mushubati,Sure,Nyamahuru
66d9c3910bc303fcbe4d035b,Western,Rutsiro,Nyabirasi,Busuku,Gacaca
66d9c3910bc303fcbe4d035c,Western,Rutsiro,Nyabirasi,Busuku,Gatare
66d9c3910bc303fcbe4d036d,Western,Rutsiro,Nyabirasi,Mubuga,Gashasho
66d9c3910bc303fcbe4d0372,Western,Rutsiro,Nyabirasi,Mubuga,Pfunda
66d9c3910bc303fcbe4d0377,Western,Rutsiro,Nyabirasi,Ngoma,Bushoga
66d9c3910bc303fcbe4d0365,Western,Rutsiro,Nyabirasi,Cyivugiza,Kageyo
66d9c3910bc303fcbe4d0366,Western,Rutsiro,Nyabirasi,Cyivugiza,Kamananga
66d9c3910bc303fcbe4d0368,Western,Rutsiro,Nyabirasi,Cyivugiza,Nyabishongo
66d9c3910bc303fcbe4d036c,Western,Rutsiro,Nyabirasi,Mubuga,Gakararanka
66d9c3910bc303fcbe4d036e,Western,Rutsiro,Nyabirasi,Mubuga,Gatsiro
66d9c3910bc303fcbe4d0374,Western,Rutsiro,Nyabirasi,Mubuga,Rutovu
66d9c3910bc303fcbe4d037c,Western,Rutsiro,Nyabirasi,Ngoma,Kaje
66d9c3910bc303fcbe4d038d,Western,Rutsiro,Nyabirasi,Terimbere,Rwangambuto
66d9c3910bc303fcbe4d037b,Western,Rutsiro,Nyabirasi,Ngoma,Gishowa
66d9c3910bc303fcbe4d037f,Western,Rutsiro,Nyabirasi,Ngoma,Mpati
66d9c3910bc303fcbe4d0381,Western,Rutsiro,Nyabirasi,Ngoma,Nkuna
66d9c3910bc303fcbe4d0386,Western,Rutsiro,Nyabirasi,Terimbere,Kasonga
66d9c3910bc303fcbe4d039e,Western,Rutsiro,Ruhango,Kavumu,Gakeri
66d9c3910bc303fcbe4d03af,Western,Rutsiro,Ruhango,Rugasa,Nyakagezi
66d9c3910bc303fcbe4d03b5,Western,Rutsiro,Ruhango,Rundoyi,Rushasho
66d9c3910bc303fcbe4d03bb,Western,Rutsiro,Rusebeya,Kabona,Nyagasambu
66d9c3910bc303fcbe4d03c0,Western,Rutsiro,Rusebeya,Mberi,Gashihe
66d9c3910bc303fcbe4d03c1,Western,Rutsiro,Rusebeya,Mberi,Gatenga
66d9c3910bc303fcbe4d0398,Western,Rutsiro,Ruhango,Gihira,Karambagiro
66d9c3910bc303fcbe4d03ac,Western,Rutsiro,Ruhango,Rugasa,Kabitovu
66d9c3910bc303fcbe4d03c4,Western,Rutsiro,Rusebeya,Mberi,Kacyiru
66d9c3910bc303fcbe4d03c9,Western,Rutsiro,Rusebeya,Remera,Bihira
66d9c3910bc303fcbe4d03ce,Western,Rutsiro,Rusebeya,Remera,Nturo
66d9c3910bc303fcbe4d03cf,Western,Rutsiro,Rusebeya,Remera,Ruhuha
66d9c3910bc303fcbe4d03bc,Western,Rutsiro,Rusebeya,Kabona,Rusheshi
66d9c3910bc303fcbe4d03be,Western,Rutsiro,Rusebeya,Mberi,Bungwe
66d9c3910bc303fcbe4d03c3,Western,Rutsiro,Rusebeya,Mberi,Kabeza
66d9c3910bc303fcbe4d03c8,Western,Rutsiro,Rusebeya,Mberi,Rurimba
66d9c3910bc303fcbe4d03d3,Western,Rutsiro,Rusebeya,Ruronde,Kigali
66d9c3910bc303fcbe4d0416,Western,Rubavu,Busasamana,Gasiza,Kiraro
66d9c3910bc303fcbe4d0421,Western,Rubavu,Busasamana,Kageshi,Mufumba
66d9c3910bc303fcbe4d0429,Western,Rubavu,Busasamana,Makoro,Kidadi
66d9c3910bc303fcbe4d03db,Western,Rubavu,Bugeshi,Buringo,Gahira
66d9c3910bc303fcbe4d03eb,Western,Rubavu,Bugeshi,Hehu,Ngando
66d9c3910bc303fcbe4d0441,Western,Rubavu,Cyanzarwe,Cyanzarwe,Rushura
66d9c3910bc303fcbe4d044c,Western,Rubavu,Cyanzarwe,Makurizo,Nyamugari
66d9c3910bc303fcbe4d0474,Western,Rubavu,Gisenyi,Kivumu,Karisimbi
66d9c3910bc303fcbe4d0405,Western,Rubavu,Bugeshi,Rusiza,Nyacyonga
66d9c3910bc303fcbe4d0422,Western,Rubavu,Busasamana,Kageshi,Ruhara
66d9c3910bc303fcbe4d0426,Western,Rubavu,Busasamana,Makoro,Hanika
66d9c3910bc303fcbe4d0437,Western,Rubavu,Busasamana,Rusura,Rebero
66d9c3910bc303fcbe4d0448,Western,Rubavu,Cyanzarwe,Kinyanzovu,Muhororo
66d9c3910bc303fcbe4d044d,Western,Rubavu,Cyanzarwe,Makurizo,Ruhuranda
66d9c3910bc303fcbe4d0463,Western,Rubavu,Gisenyi,Amahoro,Murisanga
66d9c3910bc303fcbe4d0464,Western,Rubavu,Gisenyi,Amahoro,Terimbere
66d9c3910bc303fcbe4d0468,Western,Rubavu,Gisenyi,Bugoyi,Bugoyi
66d9c3910bc303fcbe4d046f,Western,Rubavu,Gisenyi,Bugoyi,Ubutabera
66d9c3910bc303fcbe4d0473,Western,Rubavu,Gisenyi,Kivumu,Itangazamakuru
66d9c3910bc303fcbe4d0475,Western,Rubavu,Gisenyi,Kivumu,Kivumu
66d9c3910bc303fcbe4d048f,Western,Rubavu,Gisenyi,Nengo,Gacuba
66d9c3910bc303fcbe4d03d0,Western,Rutsiro,Rusebeya,Remera,Rurambo
66d9c3910bc303fcbe4d03d7,Western,Rubavu,Bugeshi,Buringo,Bugeshi
66d9c3910bc303fcbe4d03e1,Western,Rubavu,Bugeshi,Butaka,Kabingo
66d9c3910bc303fcbe4d03e6,Western,Rubavu,Bugeshi,Hehu,Gasizi
66d9c3910bc303fcbe4d03f7,Western,Rubavu,Bugeshi,Mutovu,Kimpongo
66d9c3910bc303fcbe4d03f8,Western,Rubavu,Bugeshi,Mutovu,Mburamazi
66d9c3910bc303fcbe4d040c,Western,Rubavu,Busasamana,Gacurabwenge,Kanondo
66d9c3910bc303fcbe4d040e,Western,Rubavu,Busasamana,Gacurabwenge,Nyamyenge
66d9c3910bc303fcbe4d040f,Western,Rubavu,Busasamana,Gacurabwenge,Nyarubuye
66d9c3910bc303fcbe4d0417,Western,Rubavu,Busasamana,Gasiza,Mashinga
66d9c3910bc303fcbe4d0418,Western,Rubavu,Busasamana,Gasiza,Munanira
66d9c3910bc303fcbe4d041a,Western,Rubavu,Busasamana,Gasiza,Rwagare
66d9c3910bc303fcbe4d041c,Western,Rubavu,Busasamana,Gihonga,Mubona
66d9c3910bc303fcbe4d041d,Western,Rubavu,Busasamana,Gihonga,Nyamyumba
66d9c3910bc303fcbe4d042e,Western,Rubavu,Busasamana,Nyacyonga,Kitagabwa
66d9c3910bc303fcbe4d0430,Western,Rubavu,Busasamana,Rusura,Cyamabuye
66d9c3910bc303fcbe4d043d,Western,Rubavu,Cyanzarwe,Cyanzarwe,Cyanzarwe
66d9c3910bc303fcbe4d044f,Western,Rubavu,Cyanzarwe,Rwangara,Hanika
66d9c3910bc303fcbe4d0451,Western,Rubavu,Cyanzarwe,Rwangara,Nyakabanda
66d9c3910bc303fcbe4d0456,Western,Rubavu,Cyanzarwe,Rwanzekuma,Munaba
66d9c3910bc303fcbe4d045f,Western,Rubavu,Gisenyi,Amahoro,Isangano
66d9c3910bc303fcbe4d0462,Western,Rubavu,Gisenyi,Amahoro,Murakazaneza
66d9c3910bc303fcbe4d0472,Western,Rubavu,Gisenyi,Kivumu,Igisubizo
66d9c3910bc303fcbe4d0488,Western,Rubavu,Gisenyi,Mbugangari,Nyarubande
66d9c3910bc303fcbe4d0499,Western,Rubavu,Gisenyi,Rubavu,Munini
66d9c3910bc303fcbe4d04ae,Western,Rubavu,Kanama,Karambo,Ndongoshori
66d9c3910bc303fcbe4d04ba,Western,Rubavu,Kanama,Mahoko,Shusho
66d9c3910bc303fcbe4d04a3,Western,Rubavu,Gisenyi,Umuganda,Umuganda
66d9c3910bc303fcbe4d04c3,Western,Rubavu,Kanama,Nkomane,Nkomane
66d9c3910bc303fcbe4d04b7,Western,Rubavu,Kanama,Mahoko,Nyamugari
66d9c3910bc303fcbe4d04bb,Western,Rubavu,Kanama,Musabike,Kabingo
66d9c3910bc303fcbe4d04bc,Western,Rubavu,Kanama,Musabike,Kagano
66d9c3910bc303fcbe4d04bd,Western,Rubavu,Kanama,Musabike,Kaje
66d9c3910bc303fcbe4d04cc,Western,Rubavu,Kanama,Rusongati,Nyabitunda
66d9c3910bc303fcbe4d0491,Western,Rubavu,Gisenyi,Nengo,Kivu
66d9c3910bc303fcbe4d0492,Western,Rubavu,Gisenyi,Nengo,Nyabagobe
66d9c3910bc303fcbe4d0494,Western,Rubavu,Gisenyi,Nengo,Ubucuruzi
66d9c3910bc303fcbe4d0495,Western,Rubavu,Gisenyi,Nengo,Urubyiruko
66d9c3910bc303fcbe4d049c,Western,Rubavu,Gisenyi,Umuganda,Bonde
66d9c3910bc303fcbe4d04bf,Western,Rubavu,Kanama,Musabike,Nyakibande
66d9c3910bc303fcbe4d04c8,Western,Rubavu,Kanama,Rusongati,Kabere
66d9c3910bc303fcbe4d04c9,Western,Rubavu,Kanama,Rusongati,Kibuga
66d9c3910bc303fcbe4d04d0,Western,Rubavu,Kanama,Yungwe,Rugogwe
66d9c3910bc303fcbe4d04dc,Western,Rubavu,Kanzenze,Muramba,Rubara
66d9c3910bc303fcbe4d04df,Western,Rubavu,Kanzenze,Nyamikongi,Kabari
66d9c3910bc303fcbe4d0514,Western,Rubavu,Nyakiriba,Bisizi,Runaba
66d9c3910bc303fcbe4d052b,Western,Rubavu,Nyamyumba,Burushya,Muhingo
66d9c3910bc303fcbe4d0535,Western,Rubavu,Nyamyumba,Busoro,Kabushongo
66d9c3910bc303fcbe4d0536,Western,Rubavu,Nyamyumba,Busoro,Kanajana
66d9c3910bc303fcbe4d053c,Western,Rubavu,Nyamyumba,Kinigi,Nyabisusa
66d9c3910bc303fcbe4d04fb,Western,Rubavu,Mudende,Mirindi,Kiryoha
66d9c3910bc303fcbe4d0484,Western,Rubavu,Gisenyi,Mbugangari,Ikibuga
66d9c3910bc303fcbe4d03e2,Western,Rubavu,Bugeshi,Butaka,Kinyamuhanga
66d9c3910bc303fcbe4d03f4,Western,Rubavu,Bugeshi,Mutovu,Bigaragara
66d9c3910bc303fcbe4d03f5,Western,Rubavu,Bugeshi,Mutovu,Bugeshi
66d9c3910bc303fcbe4d03fa,Western,Rubavu,Bugeshi,Mutovu,Vuna
66d9c3910bc303fcbe4d03fd,Western,Rubavu,Bugeshi,Nsherima,Bweza
66d9c3910bc303fcbe4d0400,Western,Rubavu,Bugeshi,Nsherima,Murangara
66d9c3910bc303fcbe4d040d,Western,Rubavu,Busasamana,Gacurabwenge,Kanyabijumba
66d9c3910bc303fcbe4d041b,Western,Rubavu,Busasamana,Gihonga,Marumba
66d9c3910bc303fcbe4d0431,Western,Rubavu,Busasamana,Rusura,Kabagoyi
66d9c3910bc303fcbe4d0434,Western,Rubavu,Busasamana,Rusura,Kamivumba
66d9c3910bc303fcbe4d0446,Western,Rubavu,Cyanzarwe,Kinyanzovu,Kanyentambi
66d9c3910bc303fcbe4d0459,Western,Rubavu,Cyanzarwe,Ryabizige,Kanyamagare
66d9c3910bc303fcbe4d045a,Western,Rubavu,Cyanzarwe,Ryabizige,Kavumu
66d9c3910bc303fcbe4d0471,Western,Rubavu,Gisenyi,Kivumu,Giponda
66d9c3910bc303fcbe4d0477,Western,Rubavu,Gisenyi,Kivumu,Murisanga
66d9c3910bc303fcbe4d0483,Western,Rubavu,Gisenyi,Mbugangari,Ikaze
66d9c3910bc303fcbe4d03d9,Western,Rubavu,Bugeshi,Buringo,Butaka
66d9c3910bc303fcbe4d03e3,Western,Rubavu,Bugeshi,Butaka,Muremure
66d9c3910bc303fcbe4d03e5,Western,Rubavu,Bugeshi,Hehu,Bweramana
66d9c3910bc303fcbe4d03e9,Western,Rubavu,Bugeshi,Hehu,Humure
66d9c3910bc303fcbe4d03f9,Western,Rubavu,Bugeshi,Mutovu,Rindiro
66d9c3910bc303fcbe4d0408,Western,Rubavu,Busasamana,Gacurabwenge,Bukumu
66d9c3910bc303fcbe4d0419,Western,Rubavu,Busasamana,Gasiza,Nyarunembwe
66d9c3910bc303fcbe4d041e,Western,Rubavu,Busasamana,Gihonga,Sabushengo
66d9c3910bc303fcbe4d041f,Western,Rubavu,Busasamana,Kageshi,Gasenyi
66d9c3910bc303fcbe4d043b,Western,Rubavu,Cyanzarwe,Busigari,Rwashungwe
66d9c3910bc303fcbe4d0440,Western,Rubavu,Cyanzarwe,Cyanzarwe,Kiruhura
66d9c3910bc303fcbe4d0449,Western,Rubavu,Cyanzarwe,Makurizo,Gashuha
66d9c3910bc303fcbe4d048d,Western,Rubavu,Gisenyi,Mbugangari,Umubano
66d9c3910bc303fcbe4d0490,Western,Rubavu,Gisenyi,Nengo,Gikarani
66d9c3910bc303fcbe4d049d,Western,Rubavu,Gisenyi,Umuganda,Dukore
66d9c3910bc303fcbe4d049a,Western,Rubavu,Gisenyi,Rubavu,Rubavu
66d9c3910bc303fcbe4d04c6,Western,Rubavu,Kanama,Rusongati,Busesa
66d9c3910bc303fcbe4d0498,Western,Rubavu,Gisenyi,Rubavu,Kanyarutambi
66d9c3910bc303fcbe4d04a4,Western,Rubavu,Gisenyi,Umuganda,Umunyinya
66d9c3910bc303fcbe4d04a6,Western,Rubavu,Kanama,Kamuhoza,Kagarama
66d9c3910bc303fcbe4d04aa,Western,Rubavu,Kanama,Kamuhoza,Rwankomo
66d9c3910bc303fcbe4d04ad,Western,Rubavu,Kanama,Karambo,Mutanda
66d9c3910bc303fcbe4d04c2,Western,Rubavu,Kanama,Nkomane,Gatsina
66d9c3910bc303fcbe4d04ca,Western,Rubavu,Kanama,Rusongati,Mashyoza
66d9c3910bc303fcbe4d04cf,Western,Rubavu,Kanama,Yungwe,Rugege
66d9c3910bc303fcbe4d04af,Western,Rubavu,Kanama,Mahoko,Bikuka
66d9c3910bc303fcbe4d04c5,Western,Rubavu,Kanama,Nkomane,Rwanzuki
66d9c3910bc303fcbe4d04fe,Western,Rubavu,Mudende,Ndoranyi,Gaharawe
66d9c3910bc303fcbe4d04e8,Western,Rubavu,Kanzenze,Nyaruteme,Rugali
66d9c3910bc303fcbe4d0501,Western,Rubavu,Mudende,Ndoranyi,Karandaryi
66d9c3910bc303fcbe4d050d,Western,Rubavu,Nyakiriba,Bisizi,Bweza
66d9c3910bc303fcbe4d0517,Western,Rubavu,Nyakiriba,Gikombe,Nyabirezi
66d9c3910bc303fcbe4d034a,Western,Rutsiro,Mushubati,Mageragere,Gitega
66d9c3910bc303fcbe4d034b,Western,Rutsiro,Mushubati,Mageragere,Murambi
66d9c3910bc303fcbe4d0317,Western,Rutsiro,Mushonyi,Biruyi,Rurimba
66d9c3910bc303fcbe4d031e,Western,Rutsiro,Mushonyi,Kaguriro,Rugerero
66d9c3910bc303fcbe4d032b,Western,Rutsiro,Mushonyi,Rurara,Kagano
66d9c3910bc303fcbe4d0333,Western,Rutsiro,Mushubati,Bumba,Kabiraho
66d9c3910bc303fcbe4d0334,Western,Rutsiro,Mushubati,Bumba,Kamushozi
66d9c3910bc303fcbe4d0340,Western,Rutsiro,Mushubati,Gitwa,Gashinge
66d9c3910bc303fcbe4d0312,Western,Rutsiro,Mushonyi,Biruyi,Buzukira
66d9c3910bc303fcbe4d0328,Western,Rutsiro,Mushonyi,Rurara,Gasoro
66d9c3910bc303fcbe4d032d,Western,Rutsiro,Mushonyi,Rurara,Kavumu
66d9c3910bc303fcbe4d031a,Western,Rutsiro,Mushonyi,Kaguriro,Kabere
66d9c3910bc303fcbe4d0347,Western,Rutsiro,Mushubati,Gitwa,Ruhinga
66d9c3910bc303fcbe4d0361,Western,Rutsiro,Nyabirasi,Busuku,Tsindiro
66d9c3910bc303fcbe4d0367,Western,Rutsiro,Nyabirasi,Cyivugiza,Mukungu
66d9c3910bc303fcbe4d0382,Western,Rutsiro,Nyabirasi,Terimbere,Gihinga
66d9c3910bc303fcbe4d0350,Western,Rutsiro,Mushubati,Sure,Kabuga
66d9c3910bc303fcbe4d0357,Western,Rutsiro,Nyabirasi,Busuku,Bishami
66d9c3910bc303fcbe4d0359,Western,Rutsiro,Nyabirasi,Busuku,Busuti
66d9c3910bc303fcbe4d0360,Western,Rutsiro,Nyabirasi,Busuku,Torwe
66d9c3910bc303fcbe4d0371,Western,Rutsiro,Nyabirasi,Mubuga,Mubuga
66d9c3910bc303fcbe4d037a,Western,Rutsiro,Nyabirasi,Ngoma,Gisayo
66d9c3910bc303fcbe4d037e,Western,Rutsiro,Nyabirasi,Ngoma,Kazo
66d9c3910bc303fcbe4d038c,Western,Rutsiro,Nyabirasi,Terimbere,Rwandozi
66d9c3910bc303fcbe4d0353,Western,Rutsiro,Mushubati,Sure,Kanyinya
66d9c3910bc303fcbe4d035a,Western,Rutsiro,Nyabirasi,Busuku,Bwiza
66d9c3910bc303fcbe4d0369,Western,Rutsiro,Nyabirasi,Cyivugiza,Rukomero
66d9c3910bc303fcbe4d0370,Western,Rutsiro,Nyabirasi,Mubuga,Kabaratama
66d9c3910bc303fcbe4d0379,Western,Rutsiro,Nyabirasi,Ngoma,Gashihe
66d9c3910bc303fcbe4d039f,Western,Rutsiro,Ruhango,Kavumu,Gasasa
66d9c3910bc303fcbe4d03a5,Western,Rutsiro,Ruhango,Nyakarera,Kabeza
66d9c3910bc303fcbe4d03b6,Western,Rutsiro,Rusebeya,Kabona,Byiniro
66d9c3910bc303fcbe4d03bf,Western,Rutsiro,Rusebeya,Mberi,Gakeri
66d9c3910bc303fcbe4d03cc,Western,Rutsiro,Rusebeya,Remera,Kabarirwa
66d9c3910bc303fcbe4d0390,Western,Rutsiro,Ruhango,Gatare,Gasoyo
66d9c3910bc303fcbe4d039a,Western,Rutsiro,Ruhango,Gihira,Kinyenkanda
66d9c3910bc303fcbe4d039c,Western,Rutsiro,Ruhango,Gihira,Rukoko
66d9c3910bc303fcbe4d03b7,Western,Rutsiro,Rusebeya,Kabona,Kibara
66d9c3910bc303fcbe4d0391,Western,Rutsiro,Ruhango,Gatare,Kamuramira
66d9c3910bc303fcbe4d0395,Western,Rutsiro,Ruhango,Gatare,Rukenesha
66d9c3910bc303fcbe4d039b,Western,Rutsiro,Ruhango,Gihira,Murambi
66d9c3910bc303fcbe4d03a1,Western,Rutsiro,Ruhango,Kavumu,Mubirizi
66d9c3910bc303fcbe4d03ab,Western,Rutsiro,Ruhango,Rugasa,Gicaca
66d9c3910bc303fcbe4d03c7,Western,Rutsiro,Rusebeya,Mberi,Ruganda
66d9c3910bc303fcbe4d03e7,Western,Rubavu,Bugeshi,Hehu,Gitotoma
66d9c3910bc303fcbe4d03e8,Western,Rubavu,Bugeshi,Hehu,Hangari
66d9c3910bc303fcbe4d03fc,Western,Rubavu,Bugeshi,Nsherima,Bipfura
66d9c3910bc303fcbe4d0415,Western,Rubavu,Busasamana,Gasiza,Kinyandaro
66d9c3910bc303fcbe4d0420,Western,Rubavu,Busasamana,Kageshi,Kigezi
66d9c3910bc303fcbe4d0425,Western,Rubavu,Busasamana,Makoro,Gakuta
66d9c3910bc303fcbe4d0442,Western,Rubavu,Cyanzarwe,Gora,Burima
66d9c3910bc303fcbe4d044e,Western,Rubavu,Cyanzarwe,Rwangara,Buramazi
66d9c3910bc303fcbe4d0453,Western,Rubavu,Cyanzarwe,Rwanzekuma,Kabirizi
66d9c3910bc303fcbe4d0469,Western,Rubavu,Gisenyi,Bugoyi,Giraneza
66d9c3910bc303fcbe4d047f,Western,Rubavu,Gisenyi,Mbugangari,Gasutamo
66d9c3910bc303fcbe4d0486,Western,Rubavu,Gisenyi,Mbugangari,Iyobokamana
66d9c3910bc303fcbe4d0489,Western,Rubavu,Gisenyi,Mbugangari,Rebero
66d9c3910bc303fcbe4d048a,Western,Rubavu,Gisenyi,Mbugangari,Uburanga
66d9c3910bc303fcbe4d03d2,Western,Rutsiro,Rusebeya,Ruronde,Gisozi
66d9c3910bc303fcbe4d03dc,Western,Rubavu,Bugeshi,Buringo,Jende
66d9c3910bc303fcbe4d03df,Western,Rubavu,Bugeshi,Butaka,Akimitoni
66d9c3910bc303fcbe4d03ee,Western,Rubavu,Bugeshi,Kabumba,Gashaka
66d9c3910bc303fcbe4d03f0,Western,Rubavu,Bugeshi,Kabumba,Gihira
66d9c3910bc303fcbe4d0402,Western,Rubavu,Bugeshi,Rusiza,Bunjuri
66d9c3910bc303fcbe4d0407,Western,Rubavu,Busasamana,Gacurabwenge,Biziguro
66d9c3910bc303fcbe4d0409,Western,Rubavu,Busasamana,Gacurabwenge,Busanganya
66d9c3910bc303fcbe4d0410,Western,Rubavu,Busasamana,Gacurabwenge,Nyarusozi
66d9c3910bc303fcbe4d0414,Western,Rubavu,Busasamana,Gasiza,Kinyababa
66d9c3910bc303fcbe4d0424,Western,Rubavu,Busasamana,Kageshi,Rwankuba
66d9c3910bc303fcbe4d0427,Western,Rubavu,Busasamana,Makoro,Kamuzamuzi
66d9c3910bc303fcbe4d042d,Western,Rubavu,Busasamana,Nyacyonga,Kingogo
66d9c3910bc303fcbe4d0433,Western,Rubavu,Busasamana,Rusura,Kambonyi
66d9c3910bc303fcbe4d0438,Western,Rubavu,Cyanzarwe,Busigari,Bisizi
66d9c3910bc303fcbe4d043e,Western,Rubavu,Cyanzarwe,Cyanzarwe,Gasenyi
66d9c3910bc303fcbe4d0443,Western,Rubavu,Cyanzarwe,Gora,Gora
66d9c3910bc303fcbe4d0444,Western,Rubavu,Cyanzarwe,Gora,Kabere
66d9c3910bc303fcbe4d0450,Western,Rubavu,Cyanzarwe,Rwangara,Muti
66d9c3910bc303fcbe4d0452,Western,Rubavu,Cyanzarwe,Rwangara,Nyakabungo
66d9c3910bc303fcbe4d0465,Western,Rubavu,Gisenyi,Amahoro,Umunezero
66d9c3910bc303fcbe4d046d,Western,Rubavu,Gisenyi,Bugoyi,Kaminuza
66d9c3910bc303fcbe4d0470,Western,Rubavu,Gisenyi,Bugoyi,Ubwiza
66d9c3910bc303fcbe4d048b,Western,Rubavu,Gisenyi,Mbugangari,Uburezi
66d9c3910bc303fcbe4d048e,Western,Rubavu,Gisenyi,Mbugangari,Umutekano
66d9c3910bc303fcbe4d03d4,Western,Rutsiro,Rusebeya,Ruronde,Kirumbi
66d9c3910bc303fcbe4d03e4,Western,Rubavu,Bugeshi,Hehu,Bereshi
66d9c3910bc303fcbe4d0412,Western,Rubavu,Busasamana,Gasiza,Gisura
66d9c3910bc303fcbe4d042a,Western,Rubavu,Busasamana,Nyacyonga,Cyanika
66d9c3910bc303fcbe4d043a,Western,Rubavu,Cyanzarwe,Busigari,Kanembwe
66d9c3910bc303fcbe4d0466,Western,Rubavu,Gisenyi,Amahoro,Urugwiro
66d9c3910bc303fcbe4d046c,Western,Rubavu,Gisenyi,Bugoyi,Ituze
66d9c3910bc303fcbe4d03ec,Western,Rubavu,Bugeshi,Kabumba,Bondi
66d9c3910bc303fcbe4d042f,Western,Rubavu,Busasamana,Nyacyonga,Nyarurembo
66d9c3910bc303fcbe4d0435,Western,Rubavu,Busasamana,Rusura,Kinogo
66d9c3910bc303fcbe4d0478,Western,Rubavu,Gisenyi,Kivumu,Ubukerarugendo
66d9c3910bc303fcbe4d0496,Western,Rubavu,Gisenyi,Rubavu,Gahojo
66d9c3910bc303fcbe4d04a1,Western,Rubavu,Gisenyi,Umuganda,Muhato
66d9c3910bc303fcbe4d04ac,Western,Rubavu,Kanama,Karambo,Mariba
66d9c3910bc303fcbe4d04b2,Western,Rubavu,Kanama,Mahoko,Kanama
66d9c3910bc303fcbe4d04b8,Western,Rubavu,Kanama,Mahoko,Nyamuremure
66d9c3910bc303fcbe4d04cd,Western,Rubavu,Kanama,Yungwe,Bwikurure
66d9c3910bc303fcbe4d049e,Western,Rubavu,Gisenyi,Umuganda,Ihuriro
66d9c3910bc303fcbe4d049f,Western,Rubavu,Gisenyi,Umuganda,Kabuga
66d9c3910bc303fcbe4d04a8,Western,Rubavu,Kanama,Kamuhoza,Nyanshundura
66d9c3910bc303fcbe4d04b6,Western,Rubavu,Kanama,Mahoko,Nyamirambo
66d9c3910bc303fcbe4d04be,Western,Rubavu,Kanama,Musabike,Nteranya
66d9c3910bc303fcbe4d04c1,Western,Rubavu,Kanama,Nkomane,Gashasho
66d9c3910bc303fcbe4d04c7,Western,Rubavu,Kanama,Rusongati,Gihurizo
66d9c3910bc303fcbe4d04ce,Western,Rubavu,Kanama,Yungwe,Gikomero
66d9c3910bc303fcbe4d0493,Western,Rubavu,Gisenyi,Nengo,Nyaburanga
66d9c3910bc303fcbe4d04b3,Western,Rubavu,Kanama,Mahoko,Kara
66d9c3910bc303fcbe4d04b4,Western,Rubavu,Kanama,Mahoko,Mahoko
66d9c3910bc303fcbe4d0497,Western,Rubavu,Gisenyi,Rubavu,Kamayugi
66d9c3910bc303fcbe4d04a9,Western,Rubavu,Kanama,Kamuhoza,Rukoro
66d9c3910bc303fcbe4d04f9,Western,Rubavu,Mudende,Micinyiro,Tetero
66d9c3910bc303fcbe4d0506,Western,Rubavu,Mudende,Rungu,Ndiza
66d9c3910bc303fcbe4d051c,Western,Rubavu,Nyakiriba,Kanyefurwe,Kiyovu
66d9c3910bc303fcbe4d051e,Western,Rubavu,Nyakiriba,Kanyefurwe,Nyakabungo
66d9c3910bc303fcbe4d053e,Western,Rubavu,Nyamyumba,Kinigi,Pfunda
66d9c3910bc303fcbe4d04ff,Western,Rubavu,Mudende,Ndoranyi,Gikuyu
66d9c3910bc303fcbe4d0504,Western,Rubavu,Mudende,Rungu,Bihe
66d9c3910bc303fcbe4d0509,Western,Rubavu,Mudende,Rwanyakayaga,Kabunoni
66d9c3910bc303fcbe4d050f,Western,Rubavu,Nyakiriba,Bisizi,Kamakinga
66d9c3910bc303fcbe4d0311,Western,Rutsiro,Mushonyi,Biruyi,Bushunga
66d9c3910bc303fcbe4d0315,Western,Rutsiro,Mushonyi,Biruyi,Karengera
66d9c3910bc303fcbe4d0314,Western,Rutsiro,Mushonyi,Biruyi,Kamaranzara
66d9c3910bc303fcbe4d031f,Western,Rutsiro,Mushonyi,Kaguriro,Rwesero
66d9c3910bc303fcbe4d0320,Western,Rutsiro,Mushonyi,Kaguriro,Ryarwasa
66d9c3910bc303fcbe4d0322,Western,Rutsiro,Mushonyi,Magaba,Gasave
66d9c3910bc303fcbe4d0336,Western,Rutsiro,Mushubati,Bumba,Mataba
66d9c3910bc303fcbe4d033a,Western,Rutsiro,Mushubati,Cyarusera,Cyahafi
66d9c3910bc303fcbe4d0345,Western,Rutsiro,Mushubati,Gitwa,Mugote
66d9c3910bc303fcbe4d0349,Western,Rutsiro,Mushubati,Gitwa,Taba
66d9c3910bc303fcbe4d0337,Western,Rutsiro,Mushubati,Bumba,Rugote
66d9c3910bc303fcbe4d0338,Western,Rutsiro,Mushubati,Bumba,Ruhinga
66d9c3910bc303fcbe4d0348,Western,Rutsiro,Mushubati,Gitwa,Rwintore
66d9c3910bc303fcbe4d0330,Western,Rutsiro,Mushonyi,Rurara,Rugaragara
66d9c3910bc303fcbe4d0318,Western,Rutsiro,Mushonyi,Kaguriro,Cyondo
66d9c3910bc303fcbe4d0319,Western,Rutsiro,Mushonyi,Kaguriro,Gakenke
66d9c3910bc303fcbe4d032a,Western,Rutsiro,Mushonyi,Rurara,Kaboneye
66d9c3910bc303fcbe4d0354,Western,Rutsiro,Mushubati,Sure,Kivumu
66d9c3910bc303fcbe4d0355,Western,Rutsiro,Mushubati,Sure,Nyagahinga
66d9c3910bc303fcbe4d0358,Western,Rutsiro,Nyabirasi,Busuku,Busuku
66d9c3910bc303fcbe4d0362,Western,Rutsiro,Nyabirasi,Cyivugiza,Cyubi
66d9c3910bc303fcbe4d0363,Western,Rutsiro,Nyabirasi,Cyivugiza,Gakumba
66d9c3910bc303fcbe4d0378,Western,Rutsiro,Nyabirasi,Ngoma,Cyeshero
66d9c3910bc303fcbe4d0385,Western,Rutsiro,Nyabirasi,Terimbere,Karongi
66d9c3910bc303fcbe4d038a,Western,Rutsiro,Nyabirasi,Terimbere,Nyampengeri
66d9c3910bc303fcbe4d036a,Western,Rutsiro,Nyabirasi,Mubuga,Bugorozi
66d9c3910bc303fcbe4d036f,Western,Rutsiro,Nyabirasi,Mubuga,Gitongo
66d9c3910bc303fcbe4d038b,Western,Rutsiro,Nyabirasi,Terimbere,Ruraji
66d9c3910bc303fcbe4d035e,Western,Rutsiro,Nyabirasi,Busuku,Nyakibande
66d9c3910bc303fcbe4d035f,Western,Rutsiro,Nyabirasi,Busuku,Rwamigega
66d9c3910bc303fcbe4d0352,Western,Rutsiro,Mushubati,Sure,Kagugu
66d9c3910bc303fcbe4d035d,Western,Rutsiro,Nyabirasi,Busuku,Ngugo
66d9c3910bc303fcbe4d037d,Western,Rutsiro,Nyabirasi,Ngoma,Kamunyurwe
66d9c3910bc303fcbe4d0383,Western,Rutsiro,Nyabirasi,Terimbere,Kageshi
66d9c3910bc303fcbe4d0384,Western,Rutsiro,Nyabirasi,Terimbere,Kanombe
66d9c3910bc303fcbe4d0388,Western,Rutsiro,Nyabirasi,Terimbere,Mukondo
66d9c3910bc303fcbe4d0389,Western,Rutsiro,Nyabirasi,Terimbere,Negenero
66d9c3910bc303fcbe4d0399,Western,Rutsiro,Ruhango,Gihira,Kararo
66d9c3910bc303fcbe4d03a0,Western,Rutsiro,Ruhango,Kavumu,Gasunzu
66d9c3910bc303fcbe4d03a4,Western,Rutsiro,Ruhango,Nyakarera,Buzeyi
66d9c3910bc303fcbe4d03bd,Western,Rutsiro,Rusebeya,Kabona,Rwamvura
66d9c3910bc303fcbe4d03c6,Western,Rutsiro,Rusebeya,Mberi,Marimba
66d9c3910bc303fcbe4d03a7,Western,Rutsiro,Ruhango,Nyakarera,Kayove
66d9c3910bc303fcbe4d0396,Western,Rutsiro,Ruhango,Gihira,Bitenga
66d9c3910bc303fcbe4d03ad,Western,Rutsiro,Ruhango,Rugasa,Kiraza
66d9c3910bc303fcbe4d03b3,Western,Rutsiro,Ruhango,Rundoyi,Matyazo
66d9c3910bc303fcbe4d0392,Western,Rutsiro,Ruhango,Gatare,Kirinja
66d9c3910bc303fcbe4d03ca,Western,Rutsiro,Rusebeya,Remera,Bweramana
66d9c3910bc303fcbe4d03cb,Western,Rutsiro,Rusebeya,Remera,Gahunga
66d9c3910bc303fcbe4d03d1,Western,Rutsiro,Rusebeya,Remera,Shyembe
66d9c3910bc303fcbe4d03d5,Western,Rutsiro,Rusebeya,Ruronde,Mubuga
66d9c3910bc303fcbe4d03d6,Western,Rutsiro,Rusebeya,Ruronde,Nyamibombwe
66d9c3910bc303fcbe4d03f2,Western,Rubavu,Bugeshi,Kabumba,Mweya
66d9c3910bc303fcbe4d0403,Western,Rubavu,Bugeshi,Rusiza,Kabarore
66d9c3910bc303fcbe4d0406,Western,Rubavu,Bugeshi,Rusiza,Ryarugamba
66d9c3910bc303fcbe4d040a,Western,Rubavu,Busasamana,Gacurabwenge,Gakomero
66d9c3910bc303fcbe4d040b,Western,Rubavu,Busasamana,Gacurabwenge,Kamuyenzi
66d9c3910bc303fcbe4d0411,Western,Rubavu,Busasamana,Gasiza,Bunyogwe
66d9c3910bc303fcbe4d0423,Western,Rubavu,Busasamana,Kageshi,Rwamigega
66d9c3910bc303fcbe4d042b,Western,Rubavu,Busasamana,Nyacyonga,Kacyiru
66d9c3910bc303fcbe4d043f,Western,Rubavu,Cyanzarwe,Cyanzarwe,Karangara
66d9c3910bc303fcbe4d0454,Western,Rubavu,Cyanzarwe,Rwanzekuma,Karambi
66d9c3910bc303fcbe4d0455,Western,Rubavu,Cyanzarwe,Rwanzekuma,Kinyamiyaga
66d9c3910bc303fcbe4d0457,Western,Rubavu,Cyanzarwe,Rwanzekuma,Rukorakore
66d9c3910bc303fcbe4d0458,Western,Rubavu,Cyanzarwe,Ryabizige,Burere
66d9c3910bc303fcbe4d045b,Western,Rubavu,Cyanzarwe,Ryabizige,Muhuhuri
66d9c3910bc303fcbe4d045d,Western,Rubavu,Cyanzarwe,Ryabizige,Nganzo
66d9c3910bc303fcbe4d045e,Western,Rubavu,Gisenyi,Amahoro,Amahoro
66d9c3910bc303fcbe4d046a,Western,Rubavu,Gisenyi,Bugoyi,Irakiza
66d9c3910bc303fcbe4d047c,Western,Rubavu,Gisenyi,Kivumu,Urumuri
66d9c3910bc303fcbe4d0485,Western,Rubavu,Gisenyi,Mbugangari,Inkurunziza
66d9c3910bc303fcbe4d048c,Western,Rubavu,Gisenyi,Mbugangari,Ubwiyunge
66d9c3910bc303fcbe4d03d8,Western,Rubavu,Bugeshi,Buringo,Buringo
66d9c3910bc303fcbe4d03da,Western,Rubavu,Bugeshi,Buringo,Gaharawe
66d9c3910bc303fcbe4d03dd,Western,Rubavu,Bugeshi,Buringo,Mutegengeri
66d9c3910bc303fcbe4d03ea,Western,Rubavu,Bugeshi,Hehu,Kabeza
66d9c3910bc303fcbe4d03fb,Western,Rubavu,Bugeshi,Nsherima,Batikoti
66d9c3910bc303fcbe4d03ff,Western,Rubavu,Bugeshi,Nsherima,Gaheriheri
66d9c3910bc303fcbe4d0428,Western,Rubavu,Busasamana,Makoro,Karambi
66d9c3910bc303fcbe4d044a,Western,Rubavu,Cyanzarwe,Makurizo,Makurizo
66d9c3910bc303fcbe4d0467,Western,Rubavu,Gisenyi,Bugoyi,Amataba
66d9c3910bc303fcbe4d0476,Western,Rubavu,Gisenyi,Kivumu,Muduha
66d9c3910bc303fcbe4d047d,Western,Rubavu,Gisenyi,Mbugangari,Abahuje
66d9c3910bc303fcbe4d0481,Western,Rubavu,Gisenyi,Mbugangari,Icyinyambo
66d9c3910bc303fcbe4d0432,Western,Rubavu,Busasamana,Rusura,Kageyo
66d9c3910bc303fcbe4d0482,Western,Rubavu,Gisenyi,Mbugangari,Ihumure
66d9c3910bc303fcbe4d03e0,Western,Rubavu,Bugeshi,Butaka,Gaheriheri
66d9c3910bc303fcbe4d03f3,Western,Rubavu,Bugeshi,Kabumba,Ryarukara
66d9c3910bc303fcbe4d03fe,Western,Rubavu,Bugeshi,Nsherima,Cyumba
66d9c3910bc303fcbe4d0436,Western,Rubavu,Busasamana,Rusura,Munege
66d9c3910bc303fcbe4d043c,Western,Rubavu,Cyanzarwe,Cyanzarwe,Butango
66d9c3910bc303fcbe4d0447,Western,Rubavu,Cyanzarwe,Kinyanzovu,Kibaya
66d9c3910bc303fcbe4d046e,Western,Rubavu,Gisenyi,Bugoyi,Nyakabungo
66d9c3910bc303fcbe4d047a,Western,Rubavu,Gisenyi,Kivumu,Ubutabazi
66d9c3910bc303fcbe4d047e,Western,Rubavu,Gisenyi,Mbugangari,Amajyambere
66d9c3910bc303fcbe4d04a7,Western,Rubavu,Kanama,Kamuhoza,Nyamigogo
66d9c3910bc303fcbe4d04b0,Western,Rubavu,Kanama,Mahoko,Kabeza
66d9c3910bc303fcbe4d04b5,Western,Rubavu,Kanama,Mahoko,Nyagasozi
66d9c3910bc303fcbe4d04c0,Western,Rubavu,Kanama,Musabike,Ryamibungo
66d9c3910bc303fcbe4d04cb,Western,Rubavu,Kanama,Rusongati,Muvebwa
66d9c3910bc303fcbe4d04a2,Western,Rubavu,Gisenyi,Umuganda,Umucyo
66d9c3910bc303fcbe4d04b9,Western,Rubavu,Kanama,Mahoko,Rubare
66d9c3910bc303fcbe4d04c4,Western,Rubavu,Kanama,Nkomane,Nyabishongo
66d9c3910bc303fcbe4d049b,Western,Rubavu,Gisenyi,Rubavu,Ruliba
66d9c3910bc303fcbe4d04a0,Western,Rubavu,Gisenyi,Umuganda,Majengo
66d9c3910bc303fcbe4d04a5,Western,Rubavu,Kanama,Kamuhoza,Bambiro
66d9c3910bc303fcbe4d04ab,Western,Rubavu,Kanama,Karambo,Gahunga
66d9c3910bc303fcbe4d04b1,Western,Rubavu,Kanama,Mahoko,Kabindi
66d9c3910bc303fcbe4d04d5,Western,Rubavu,Kanzenze,Kanyirabigogo,Mizingo
66d9c3910bc303fcbe4d04dd,Western,Rubavu,Kanzenze,Muramba,Tubindi
66d9c3910bc303fcbe4d04e0,Western,Rubavu,Kanzenze,Nyamikongi,Nyamikongi
66d9c3910bc303fcbe4d04e1,Western,Rubavu,Kanzenze,Nyamikongi,Rwamikungu
66d9c3910bc303fcbe4d04ee,Western,Rubavu,Mudende,Kanyundo,Gahanika
66d9c3910bc303fcbe4d04ef,Western,Rubavu,Mudende,Kanyundo,Mugongo
66d9c3910bc303fcbe4d04f0,Western,Rubavu,Mudende,Kanyundo,Murambi
66d9c3910bc303fcbe4d04f1,Western,Rubavu,Mudende,Kanyundo,Mutura
66d9c3910bc303fcbe4d04fd,Western,Rubavu,Mudende,Mirindi,Tamira
66d9c3910bc303fcbe4d0502,Western,Rubavu,Mudende,Ndoranyi,Kinyangwe
66d9c3910bc303fcbe4d0505,Western,Rubavu,Mudende,Rungu,Gahenerezo
66d9c3910bc303fcbe4d0507,Western,Rubavu,Mudende,Rungu,Rungu
66d9c3910bc303fcbe4d0511,Western,Rubavu,Nyakiriba,Bisizi,Kingoma
66d9c3910bc303fcbe4d0513,Western,Rubavu,Nyakiriba,Bisizi,Nyamwishyura
66d9c3910bc303fcbe4d0516,Western,Rubavu,Nyakiriba,Gikombe,Nyabibuye
66d9c3910bc303fcbe4d0521,Western,Rubavu,Nyakiriba,Nyarushyamba,Bazirete
66d9c3910bc303fcbe4d0534,Western,Rubavu,Nyamyumba,Busoro,Gateko
66d9c3910bc303fcbe4d053d,Western,Rubavu,Nyamyumba,Kinigi,Nyamiko
66d9c3910bc303fcbe4d0540,Western,Rubavu,Nyamyumba,Kiraga,Bukiro
66d9c3910bc303fcbe4d0543,Western,Rubavu,Nyamyumba,Kiraga,Nyaruhonga
66d9c3910bc303fcbe4d054c,Western,Rubavu,Nyamyumba,Munanira,Shusho
66d9c3910bc303fcbe4d054e,Western,Rubavu,Nyamyumba,Rubona,Buharara
66d9c3910bc303fcbe4d04e5,Western,Rubavu,Kanzenze,Nyamirango,Nyamirango
66d9c3910bc303fcbe4d04e6,Western,Rubavu,Kanzenze,Nyaruteme,Kabere
66d9c3910bc303fcbe4d04eb,Western,Rubavu,Mudende,Bihungwe,Bunyove
66d9c3910bc303fcbe4d04fc,Western,Rubavu,Mudende,Mirindi,Mirindi
66d9c3910bc303fcbe4d050b,Western,Rubavu,Mudende,Rwanyakayaga,Nangurubibi
66d9c3910bc303fcbe4d0510,Western,Rubavu,Nyakiriba,Bisizi,Kibuye
66d9c3910bc303fcbe4d0519,Western,Rubavu,Nyakiriba,Gikombe,Rugerero
66d9c3910bc303fcbe4d0520,Western,Rubavu,Nyakiriba,Kanyefurwe,Rukoro
66d9c3910bc303fcbe4d04f6,Western,Rubavu,Mudende,Micinyiro,Kanyamitura
66d9c3910bc303fcbe4d04d7,Western,Rubavu,Kanzenze,Kirerema,Bisesero
66d9c3910bc303fcbe4d04e2,Western,Rubavu,Kanzenze,Nyamirango,Gasizi
66d9c3910bc303fcbe4d04e3,Western,Rubavu,Kanzenze,Nyamirango,Mareru
66d9c3910bc303fcbe4d04f3,Western,Rubavu,Mudende,Kanyundo,Rebero
66d9c3910bc303fcbe4d0512,Western,Rubavu,Nyakiriba,Bisizi,Mwumba
66d9c3910bc303fcbe4d0544,Western,Rubavu,Nyamyumba,Kiraga,Rambo
66d9c3910bc303fcbe4d0549,Western,Rubavu,Nyamyumba,Munanira,Nyamirambo
66d9c3910bc303fcbe4d0551,Western,Rubavu,Nyamyumba,Rubona,Butotori
66d9c3910bc303fcbe4d0550,Western,Rubavu,Nyamyumba,Rubona,Burima
66d9c3910bc303fcbe4d0557,Western,Rubavu,Nyamyumba,Rubona,Tagaza
66d9c3910bc303fcbe4d0562,Western,Rubavu,Nyundo,Gatovu,Kanyahene
66d9c3910bc303fcbe4d057a,Western,Rubavu,Nyundo,Mukondo,Remera
66d9c3910bc303fcbe4d057f,Western,Rubavu,Nyundo,Nyundo,Kayanza
66d9c3910bc303fcbe4d0589,Western,Rubavu,Nyundo,Terimbere,Keya
66d9c3910bc303fcbe4d055c,Western,Rubavu,Nyundo,Bahimba,Kanyiraruhindu
66d9c3910bc303fcbe4d055f,Western,Rubavu,Nyundo,Gatovu,Budaha
66d9c3910bc303fcbe4d0560,Western,Rubavu,Nyundo,Gatovu,Busheru
66d9c3910bc303fcbe4d0563,Western,Rubavu,Nyundo,Gatovu,Murambi
66d9c3910bc303fcbe4d0571,Western,Rubavu,Nyundo,Kigarama,Rwandobo
66d9c3910bc303fcbe4d0578,Western,Rubavu,Nyundo,Mukondo,Kashumba
66d9c3910bc303fcbe4d058e,Western,Rubavu,Rubavu,Buhaza,Dufatanye
66d9c3910bc303fcbe4d0576,Western,Rubavu,Nyundo,Mukondo,Kabitongo
66d9c3910bc303fcbe4d0588,Western,Rubavu,Nyundo,Terimbere,Kanyamatembe
66d9c3910bc303fcbe4d055e,Western,Rubavu,Nyundo,Bahimba,Rurembo
66d9c3910bc303fcbe4d0593,Western,Rubavu,Rubavu,Burinda,Gasenyi
66d9c3910bc303fcbe4d0597,Western,Rubavu,Rubavu,Byahi,Buhuru
66d9c3910bc303fcbe4d05a5,Western,Rubavu,Rubavu,Murambi,Ruvumbu
66d9c3910bc303fcbe4d05a6,Western,Rubavu,Rubavu,Murambi,Rwangara
66d9c3910bc303fcbe4d05a7,Western,Rubavu,Rubavu,Murara,Bugesera
66d9c3910bc303fcbe4d05ab,Western,Rubavu,Rubavu,Murara,Kiroji
66d9c3910bc303fcbe4d05b4,Western,Rubavu,Rugerero,Basa,Kanyukiro
66d9c3910bc303fcbe4d05b8,Western,Rubavu,Rugerero,Gisa,Gatangare
66d9c3910bc303fcbe4d05bc,Western,Rubavu,Rugerero,Gisa,Kaniga
66d9c3910bc303fcbe4d05c3,Western,Rubavu,Rugerero,Kabilizi,Nyamyiri
66d9c3910bc303fcbe4d05d1,Western,Rubavu,Rugerero,Rugerero,Rukingo
66d9c3910bc303fcbe4d05d4,Western,Rubavu,Rugerero,Rushubi,Butangi
66d9c3910bc303fcbe4d05d9,Western,Rubavu,Rugerero,Rushubi,Muhingo
66d9c3910bc303fcbe4d05de,Western,Rubavu,Rugerero,Rwaza,Kiroji
66d9c3910bc303fcbe4d05e5,Western,Nyabihu,Bigogwe,Arusha,Bukinanyana
66d9c3910bc303fcbe4d05e8,Western,Nyabihu,Bigogwe,Arusha,Ngandu
66d9c3910bc303fcbe4d05ef,Western,Nyabihu,Bigogwe,Basumba,Rusenge
66d9c3910bc303fcbe4d05fc,Western,Nyabihu,Bigogwe,Kora,Kabatezi
66d9c3910bc303fcbe4d0604,Western,Nyabihu,Bigogwe,Muhe,Kirandaryi
66d9c3910bc303fcbe4d0608,Western,Nyabihu,Bigogwe,Rega,Kabaya
66d9c3910bc303fcbe4d060a,Western,Nyabihu,Bigogwe,Rega,Kariyeri
66d9c3910bc303fcbe4d0612,Western,Nyabihu,Jenda,Bukinanyana,Kageri
66d9c3910bc303fcbe4d0616,Western,Nyabihu,Jenda,Gasizi,Kagano
66d9c3910bc303fcbe4d0618,Western,Nyabihu,Jenda,Gasizi,Kanzenze
66d9c3910bc303fcbe4d061a,Western,Nyabihu,Jenda,Gasizi,Mikingo
66d9c3910bc303fcbe4d062f,Western,Nyabihu,Jenda,Nyirakigugu,Rushunguru
66d9c3910bc303fcbe4d0634,Western,Nyabihu,Jenda,Rega,Rega
66d9c3910bc303fcbe4d0636,Western,Nyabihu,Jenda,Rega,Terimbere
66d9c3910bc303fcbe4d063b,Western,Nyabihu,Jomba,Gasiza,Kabingo
66d9c3910bc303fcbe4d0646,Western,Nyabihu,Jomba,Gisizi,Gikaranka
66d9c3910bc303fcbe4d0651,Western,Nyabihu,Jomba,Kavumu,Muhare
66d9c3910bc303fcbe4d0652,Western,Nyabihu,Jomba,Kavumu,Munyege
66d9c3910bc303fcbe4d0654,Western,Nyabihu,Jomba,Kavumu,Rushubi
66d9c3910bc303fcbe4d0655,Western,Nyabihu,Jomba,Nyamitanzi,Bihinga
66d9c3910bc303fcbe4d0660,Western,Nyabihu,Kabatwa,Batikoti,Sake
66d9c3910bc303fcbe4d0662,Western,Nyabihu,Kabatwa,Cyamvumba,Murambi
66d9c3910bc303fcbe4d05b9,Western,Rubavu,Rugerero,Gisa,Gihira
66d9c3910bc303fcbe4d05ff,Western,Nyabihu,Bigogwe,Kora,Ruhinga
66d9c3910bc303fcbe4d0614,Western,Nyabihu,Jenda,Bukinanyana,Kibaya
66d9c3910bc303fcbe4d064c,Western,Nyabihu,Jomba,Guriro,Ngabo
66d9c3910bc303fcbe4d066d,Western,Nyabihu,Kabatwa,Ngando,Gaharawe
66d9c3910bc303fcbe4d066e,Western,Nyabihu,Kabatwa,Ngando,Kiramira
66d9c3910bc303fcbe4d066f,Western,Nyabihu,Kabatwa,Ngando,Mahurura
66d9c3910bc303fcbe4d067b,Western,Nyabihu,Karago,Busoro,Kagohe
66d9c3910bc303fcbe4d0682,Western,Nyabihu,Karago,Cyamabuye,Muremure
66d9c3910bc303fcbe4d068a,Western,Nyabihu,Karago,Gatagara,Karambi
66d9c3910bc303fcbe4d059f,Western,Rubavu,Rubavu,Gikombe,Mubuga
66d9c3910bc303fcbe4d05ac,Western,Rubavu,Rubavu,Rukoko,Bisizi
66d9c3910bc303fcbe4d05c6,Western,Rubavu,Rugerero,Muhira,Gatebe I
66d9c3910bc303fcbe4d05cb,Western,Rubavu,Rugerero,Muhira,Kizi
66d9c3910bc303fcbe4d05e3,Western,Rubavu,Rugerero,Rwaza,Rwaza
66d9c3910bc303fcbe4d05ed,Western,Nyabihu,Bigogwe,Basumba,Giticyinyoni
66d9c3910bc303fcbe4d062c,Western,Nyabihu,Jenda,Nyirakigugu,Jenda
66d9c3910bc303fcbe4d0637,Western,Nyabihu,Jomba,Gasiza,Cyumba
66d9c3910bc303fcbe4d0643,Western,Nyabihu,Jomba,Gasura,Ryabirumba
66d9c3910bc303fcbe4d0648,Western,Nyabihu,Jomba,Gisizi,Kagege
66d9c3910bc303fcbe4d064e,Western,Nyabihu,Jomba,Guriro,Ruhunga
66d9c3910bc303fcbe4d0659,Western,Nyabihu,Jomba,Nyamitanzi,Rubavu
66d9c3910bc303fcbe4d065a,Western,Nyabihu,Jomba,Nyamitanzi,Rugera
66d9c3910bc303fcbe4d05c5,Western,Rubavu,Rugerero,Kabilizi,Rukukumbo
66d9c3910bc303fcbe4d05ea,Western,Nyabihu,Bigogwe,Arusha,Nyagihinga
66d9c3910bc303fcbe4d05ec,Western,Nyabihu,Bigogwe,Basumba,Gasizi
66d9c3910bc303fcbe4d05f7,Western,Nyabihu,Bigogwe,Kijote,Kazuba
66d9c3910bc303fcbe4d0602,Western,Nyabihu,Bigogwe,Muhe,Bihangara
66d9c3910bc303fcbe4d0615,Western,Nyabihu,Jenda,Bukinanyana,Nsakira
66d9c3910bc303fcbe4d0624,Western,Nyabihu,Jenda,Kareba,Gikombe
66d9c3910bc303fcbe4d0629,Western,Nyabihu,Jenda,Kareba,Rubare
66d9c3910bc303fcbe4d062b,Western,Nyabihu,Jenda,Nyirakigugu,Gisozi
66d9c3910bc303fcbe4d0688,Western,Nyabihu,Karago,Gatagara,Gatwe
66d9c3910bc303fcbe4d0696,Western,Nyabihu,Karago,Kadahenda,Karandaryi
66d9c3910bc303fcbe4d0697,Western,Nyabihu,Karago,Kadahenda,Kivunja
66d9c3910bc303fcbe4d069b,Western,Nyabihu,Karago,Kadahenda,Nyaburaro
66d9c3910bc303fcbe4d069f,Western,Nyabihu,Karago,Karengera,Remera
66d9c3910bc303fcbe4d06a4,Western,Nyabihu,Kintobo,Gatovu,Nyagitaba
66d9c3910bc303fcbe4d06a9,Western,Nyabihu,Kintobo,Kintobo,Gasura
66d9c3910bc303fcbe4d06ae,Western,Nyabihu,Kintobo,Nyagisozi,Nyanshundura
66d9c3910bc303fcbe4d06b5,Western,Nyabihu,Kintobo,Nyamugari,Kizunga
66d9c3910bc303fcbe4d06c3,Western,Nyabihu,Mukamira,Jaba,Biriba
66d9c3910bc303fcbe4d06c6,Western,Nyabihu,Mukamira,Jaba,Hesha
66d9c3910bc303fcbe4d06ca,Western,Nyabihu,Mukamira,Kanyove,Kanyove
66d9c3910bc303fcbe4d06cb,Western,Nyabihu,Mukamira,Kanyove,Musumba
66d9c3910bc303fcbe4d06a0,Western,Nyabihu,Karago,Karengera,Ruyebe
66d9c3910bc303fcbe4d06a7,Western,Nyabihu,Kintobo,Kintobo,Bikingi
66d9c3910bc303fcbe4d06b3,Western,Nyabihu,Kintobo,Nyamugari,Karucuranya
66d9c3910bc303fcbe4d06b9,Western,Nyabihu,Kintobo,Rukondo,Mugogo
66d9c3910bc303fcbe4d06c4,Western,Nyabihu,Mukamira,Jaba,Butondwe
66d9c3910bc303fcbe4d06ab,Western,Nyabihu,Kintobo,Kintobo,Kansesa
66d9c3910bc303fcbe4d06bb,Western,Nyabihu,Kintobo,Ryinyo,Gasenyi
66d9c3910bc303fcbe4d06d5,Western,Nyabihu,Mukamira,Rugeshi,Kamenyo
66d9c3910bc303fcbe4d06df,Western,Nyabihu,Mukamira,Rurengeri,Kibugazi
66d9c3910bc303fcbe4d06f2,Western,Nyabihu,Muringa,Mwiyanike,Gitebe
66d9c3910bc303fcbe4d06d9,Western,Nyabihu,Mukamira,Rukoma,Bihinga
66d9c3910bc303fcbe4d06f4,Western,Nyabihu,Muringa,Mwiyanike,Kivuruga
66d9c3910bc303fcbe4d06d0,Western,Nyabihu,Mukamira,Rubaya,Karandaryi
66d9c3910bc303fcbe4d06db,Western,Nyabihu,Mukamira,Rukoma,Gitete
66d9c3910bc303fcbe4d06f1,Western,Nyabihu,Muringa,Mulinga,Rurambo
66d9c3910bc303fcbe4d051a,Western,Rubavu,Nyakiriba,Gikombe,Rushubi
66d9c3910bc303fcbe4d04d2,Western,Rubavu,Kanama,Yungwe,Yungwe
66d9c3910bc303fcbe4d04d3,Western,Rubavu,Kanzenze,Kanyirabigogo,Giramata
66d9c3910bc303fcbe4d04d8,Western,Rubavu,Kanzenze,Kirerema,Kirerema
66d9c3910bc303fcbe4d04de,Western,Rubavu,Kanzenze,Nyamikongi,Cyivugiza
66d9c3910bc303fcbe4d04e4,Western,Rubavu,Kanzenze,Nyamirango,Mizingo
66d9c3910bc303fcbe4d04ea,Western,Rubavu,Mudende,Bihungwe,Bivumu
66d9c3910bc303fcbe4d0500,Western,Rubavu,Mudende,Ndoranyi,Gitega
66d9c3910bc303fcbe4d051d,Western,Rubavu,Nyakiriba,Kanyefurwe,Muhira
66d9c3910bc303fcbe4d052d,Western,Rubavu,Nyamyumba,Burushya,Nganzo
66d9c3910bc303fcbe4d054a,Western,Rubavu,Nyamyumba,Munanira,Rebero
66d9c3910bc303fcbe4d04d6,Western,Rubavu,Kanzenze,Kanyirabigogo,Murambi
66d9c3910bc303fcbe4d04f4,Western,Rubavu,Mudende,Micinyiro,Gasiza
66d9c3910bc303fcbe4d04f7,Western,Rubavu,Mudende,Micinyiro,Micinyiro
66d9c3910bc303fcbe4d04f8,Western,Rubavu,Mudende,Micinyiro,Nyagisozi
66d9c3910bc303fcbe4d050c,Western,Rubavu,Mudende,Rwanyakayaga,Nyamugari
66d9c3910bc303fcbe4d0523,Western,Rubavu,Nyakiriba,Nyarushyamba,Makoro
66d9c3910bc303fcbe4d0531,Western,Rubavu,Nyamyumba,Busoro,Bujenje
66d9c3910bc303fcbe4d0533,Western,Rubavu,Nyamyumba,Busoro,Buvano
66d9c3910bc303fcbe4d0538,Western,Rubavu,Nyamyumba,Kinigi,Burevu
66d9c3910bc303fcbe4d0539,Western,Rubavu,Nyamyumba,Kinigi,Byima
66d9c3910bc303fcbe4d053b,Western,Rubavu,Nyamyumba,Kinigi,Karambi
66d9c3910bc303fcbe4d0542,Western,Rubavu,Nyamyumba,Kiraga,Mukondo
66d9c3910bc303fcbe4d0554,Western,Rubavu,Nyamyumba,Rubona,Remera
66d9c3910bc303fcbe4d0567,Western,Rubavu,Nyundo,Kavomo,Gitwa
66d9c3910bc303fcbe4d0552,Western,Rubavu,Nyamyumba,Rubona,Kabiza
66d9c3910bc303fcbe4d0553,Western,Rubavu,Nyamyumba,Rubona,Kabuyekera
66d9c3910bc303fcbe4d056f,Western,Rubavu,Nyundo,Kigarama,Ndamiye
66d9c3910bc303fcbe4d0574,Western,Rubavu,Nyundo,Mukondo,Byiniro
66d9c3910bc303fcbe4d057e,Western,Rubavu,Nyundo,Nyundo,Huye
66d9c3910bc303fcbe4d0585,Western,Rubavu,Nyundo,Nyundo,Runandi
66d9c3910bc303fcbe4d056e,Western,Rubavu,Nyundo,Kigarama,Mwali
66d9c3910bc303fcbe4d057d,Western,Rubavu,Nyundo,Nyundo,Gasenyi
66d9c3910bc303fcbe4d0559,Western,Rubavu,Nyundo,Bahimba,Buhozi
66d9c3910bc303fcbe4d0565,Western,Rubavu,Nyundo,Kavomo,Bahimba
66d9c3910bc303fcbe4d058d,Western,Rubavu,Nyundo,Terimbere,Terimbere
66d9c3910bc303fcbe4d0595,Western,Rubavu,Rubavu,Burinda,Nyamwinshi
66d9c3910bc303fcbe4d0600,Western,Nyabihu,Bigogwe,Kora,Rukore
66d9c3910bc303fcbe4d060d,Western,Nyabihu,Bigogwe,Rega,Ngangare
66d9c3910bc303fcbe4d061d,Western,Nyabihu,Jenda,Kabatezi,Gitambuko
66d9c3910bc303fcbe4d0623,Western,Nyabihu,Jenda,Kareba,Bizu
66d9c3910bc303fcbe4d0644,Western,Nyabihu,Jomba,Gisizi,Futi
66d9c3910bc303fcbe4d064f,Western,Nyabihu,Jomba,Kavumu,Gasanze
66d9c3910bc303fcbe4d065f,Western,Nyabihu,Kabatwa,Batikoti,Rubare
66d9c3910bc303fcbe4d066b,Western,Nyabihu,Kabatwa,Myuga,Myuga
66d9c3910bc303fcbe4d05a8,Western,Rubavu,Rubavu,Murara,Gahinga
66d9c3910bc303fcbe4d05bd,Western,Rubavu,Rugerero,Gisa,Ndobogo
66d9c3910bc303fcbe4d05d0,Western,Rubavu,Rugerero,Rugerero,Nyarurembo
66d9c3910bc303fcbe4d05f0,Western,Nyabihu,Bigogwe,Basumba,Vuga
66d9c3910bc303fcbe4d05fa,Western,Nyabihu,Bigogwe,Kijote,Zihari
66d9c3910bc303fcbe4d060f,Western,Nyabihu,Jenda,Bukinanyana,Bibanza
66d9c3910bc303fcbe4d0635,Western,Nyabihu,Jenda,Rega,Rubare
66d9c3910bc303fcbe4d065d,Western,Nyabihu,Kabatwa,Batikoti,Batikoti
66d9c3910bc303fcbe4d0661,Western,Nyabihu,Kabatwa,Cyamvumba,Kabagabo
66d9c3910bc303fcbe4d0666,Western,Nyabihu,Kabatwa,Gihorwe,Kinyababa
66d9c3910bc303fcbe4d0668,Western,Nyabihu,Kabatwa,Myuga,Akabeza
66d9c3910bc303fcbe4d066c,Western,Nyabihu,Kabatwa,Myuga,Rugendabari
66d9c3910bc303fcbe4d0674,Western,Nyabihu,Kabatwa,Rugarama,Masasa
66d9c3910bc303fcbe4d067c,Western,Nyabihu,Karago,Busoro,Rebero
66d9c3910bc303fcbe4d05af,Western,Rubavu,Rubavu,Rukoko,Kitarimwa
66d9c3910bc303fcbe4d0613,Western,Nyabihu,Jenda,Bukinanyana,Karuhirwa
66d9c3910bc303fcbe4d0632,Western,Nyabihu,Jenda,Rega,Gasesero
66d9c3910bc303fcbe4d0590,Western,Rubavu,Rubavu,Buhaza,Murambi
66d9c3910bc303fcbe4d05a9,Western,Rubavu,Rubavu,Murara,Gasayo
66d9c3910bc303fcbe4d05ad,Western,Rubavu,Rubavu,Rukoko,Isangano
66d9c3910bc303fcbe4d05b2,Western,Rubavu,Rugerero,Basa,Gahinga
66d9c3910bc303fcbe4d05b5,Western,Rubavu,Rugerero,Basa,Mukumya
66d9c3910bc303fcbe4d05b6,Western,Rubavu,Rugerero,Basa,Nyaruhengeri
66d9c3910bc303fcbe4d05c0,Western,Rubavu,Rugerero,Kabilizi,Amahoro
66d9c3910bc303fcbe4d05c4,Western,Rubavu,Rugerero,Kabilizi,Ruhangiro
66d9c3910bc303fcbe4d05cf,Western,Rubavu,Rugerero,Rugerero,Nyantomvu
66d9c3910bc303fcbe4d05d2,Western,Rubavu,Rugerero,Rugerero,Ruranga
66d9c3910bc303fcbe4d05d8,Western,Rubavu,Rugerero,Rushubi,Kimina
66d9c3910bc303fcbe4d05dd,Western,Rubavu,Rugerero,Rwaza,Gateko
66d9c3910bc303fcbe4d05e2,Western,Rubavu,Rugerero,Rwaza,Rucyamo
66d9c3910bc303fcbe4d05e9,Western,Nyabihu,Bigogwe,Arusha,Nyabishunguru
66d9c3910bc303fcbe4d05f2,Western,Nyabihu,Bigogwe,Kijote,Bukinanyana
66d9c3910bc303fcbe4d0610,Western,Nyabihu,Jenda,Bukinanyana,Bugarama
66d9c3910bc303fcbe4d061e,Western,Nyabihu,Jenda,Kabatezi,Kagaga
66d9c3910bc303fcbe4d0621,Western,Nyabihu,Jenda,Kabatezi,Ndorwa
66d9c3910bc303fcbe4d0626,Western,Nyabihu,Jenda,Kareba,Kareba
66d9c3910bc303fcbe4d062d,Western,Nyabihu,Jenda,Nyirakigugu,Nteranya
66d9c3910bc303fcbe4d0633,Western,Nyabihu,Jenda,Rega,Kajebeshi
66d9c3910bc303fcbe4d0638,Western,Nyabihu,Jomba,Gasiza,Gahama
66d9c3910bc303fcbe4d063a,Western,Nyabihu,Jomba,Gasiza,Isangano
66d9c3910bc303fcbe4d0640,Western,Nyabihu,Jomba,Gasura,Kagano
66d9c3910bc303fcbe4d0650,Western,Nyabihu,Jomba,Kavumu,Kavumu
66d9c3910bc303fcbe4d0657,Western,Nyabihu,Jomba,Nyamitanzi,Ntwaro
66d9c3910bc303fcbe4d0670,Western,Nyabihu,Kabatwa,Ngando,Ngando
66d9c3910bc303fcbe4d0671,Western,Nyabihu,Kabatwa,Ngando,Ruhango
66d9c3910bc303fcbe4d0673,Western,Nyabihu,Kabatwa,Rugarama,Kinkware
66d9c3910bc303fcbe4d0687,Western,Nyabihu,Karago,Gatagara,Budacya
66d9c3910bc303fcbe4d0689,Western,Nyabihu,Karago,Gatagara,Gisunzu
66d9c3910bc303fcbe4d068c,Western,Nyabihu,Karago,Gatagara,Muvure
66d9c3910bc303fcbe4d068e,Western,Nyabihu,Karago,Gihirwa,Gifumba
66d9c3910bc303fcbe4d06a3,Western,Nyabihu,Kintobo,Gatovu,Giharo
66d9c3910bc303fcbe4d06bd,Western,Nyabihu,Kintobo,Ryinyo,Kabashumba Centre
66d9c3910bc303fcbe4d0698,Western,Nyabihu,Karago,Kadahenda,Muremure
66d9c3910bc303fcbe4d0699,Western,Nyabihu,Karago,Kadahenda,Mwiyanike
66d9c3910bc303fcbe4d06cc,Western,Nyabihu,Mukamira,Kanyove,Rwaseka
66d9c3910bc303fcbe4d06a6,Western,Nyabihu,Kintobo,Gatovu,Rubande
66d9c3910bc303fcbe4d06af,Western,Nyabihu,Kintobo,Nyagisozi,Rutoyi
66d9c3910bc303fcbe4d069d,Western,Nyabihu,Karago,Karengera,Kirwa
66d9c3910bc303fcbe4d06ad,Western,Nyabihu,Kintobo,Nyagisozi,Hungiro
66d9c3910bc303fcbe4d06b1,Western,Nyabihu,Kintobo,Nyamugari,Kabagundu
66d9c3910bc303fcbe4d06b7,Western,Nyabihu,Kintobo,Rukondo,Kankima
66d9c3910bc303fcbe4d06be,Western,Nyabihu,Kintobo,Ryinyo,Kadaterurwa
66d9c3910bc303fcbe4d06c0,Western,Nyabihu,Kintobo,Ryinyo,Rwamikeri
66d9c3910bc303fcbe4d06c8,Western,Nyabihu,Mukamira,Jaba,Rwanyirangeni
66d9c3910bc303fcbe4d06c9,Western,Nyabihu,Mukamira,Kanyove,Kabere
66d9c3910bc303fcbe4d06ce,Western,Nyabihu,Mukamira,Rubaya,Gashonero
66d9c3910bc303fcbe4d06f6,Western,Nyabihu,Muringa,Mwiyanike,Musaraba
66d9c3910bc303fcbe4d06e1,Western,Nyabihu,Mukamira,Rurengeri,Rugarambiro
66d9c3910bc303fcbe4d06d4,Western,Nyabihu,Mukamira,Rugeshi,Cyumukenke
66d9c3910bc303fcbe4d06de,Western,Nyabihu,Mukamira,Rurengeri,Kabyaza
66d9c3910bc303fcbe4d06e5,Western,Nyabihu,Muringa,Gisizi,Kinihira
66d9c3910bc303fcbe4d06e9,Western,Nyabihu,Muringa,Mulinga,Bunywero
66d9c3910bc303fcbe4d06ea,Western,Nyabihu,Muringa,Mulinga,Gakamba
66d9c3910bc303fcbe4d06f3,Western,Nyabihu,Muringa,Mwiyanike,Kayanza
66d9c3910bc303fcbe4d0522,Western,Rubavu,Nyakiriba,Nyarushyamba,Kivumu
66d9c3910bc303fcbe4d0532,Western,Rubavu,Nyamyumba,Busoro,Bushagi
66d9c3910bc303fcbe4d053a,Western,Rubavu,Nyamyumba,Kinigi,Gatyazo
66d9c3910bc303fcbe4d04d9,Western,Rubavu,Kanzenze,Kirerema,Rushasho
66d9c3910bc303fcbe4d04e9,Western,Rubavu,Mudende,Bihungwe,Bihungwe
66d9c3910bc303fcbe4d04ed,Western,Rubavu,Mudende,Bihungwe,Rukeri
66d9c3910bc303fcbe4d04f5,Western,Rubavu,Mudende,Micinyiro,Kanombe
66d9c3910bc303fcbe4d04fa,Western,Rubavu,Mudende,Mirindi,Gasumba
66d9c3910bc303fcbe4d0503,Western,Rubavu,Mudende,Ndoranyi,Nyabishongo
66d9c3910bc303fcbe4d0508,Western,Rubavu,Mudende,Rungu,Rwangara
66d9c3910bc303fcbe4d050a,Western,Rubavu,Mudende,Rwanyakayaga,Muyange
66d9c3910bc303fcbe4d050e,Western,Rubavu,Nyakiriba,Bisizi,Gisangani
66d9c3910bc303fcbe4d0518,Western,Rubavu,Nyakiriba,Gikombe,Nyakibande
66d9c3910bc303fcbe4d051f,Western,Rubavu,Nyakiriba,Kanyefurwe,Rebero
66d9c3910bc303fcbe4d0527,Western,Rubavu,Nyakiriba,Nyarushyamba,Ruvuzananga
66d9c3910bc303fcbe4d0528,Western,Rubavu,Nyamyumba,Burushya,Kaberamo
66d9c3910bc303fcbe4d052f,Western,Rubavu,Nyamyumba,Busoro,Bugoma
66d9c3910bc303fcbe4d0530,Western,Rubavu,Nyamyumba,Busoro,Buhanga
66d9c3910bc303fcbe4d0537,Western,Rubavu,Nyamyumba,Busoro,Kiguri
66d9c3910bc303fcbe4d0545,Western,Rubavu,Nyamyumba,Munanira,Bugarura
66d9c3910bc303fcbe4d0548,Western,Rubavu,Nyamyumba,Munanira,Kabakora
66d9c3910bc303fcbe4d054f,Western,Rubavu,Nyamyumba,Rubona,Bunyago
66d9c3910bc303fcbe4d04d1,Western,Rubavu,Kanama,Yungwe,Rutagara
66d9c3910bc303fcbe4d04d4,Western,Rubavu,Kanzenze,Kanyirabigogo,Kabana
66d9c3910bc303fcbe4d04da,Western,Rubavu,Kanzenze,Muramba,Kanya
66d9c3910bc303fcbe4d04e7,Western,Rubavu,Kanzenze,Nyaruteme,Karagarago
66d9c3910bc303fcbe4d051b,Western,Rubavu,Nyakiriba,Kanyefurwe,Kayove
66d9c3910bc303fcbe4d0547,Western,Rubavu,Nyamyumba,Munanira,Cyeya
66d9c3910bc303fcbe4d054b,Western,Rubavu,Nyamyumba,Munanira,Ruhondo
66d9c3910bc303fcbe4d0566,Western,Rubavu,Nyundo,Kavomo,Burambo
66d9c3910bc303fcbe4d056b,Western,Rubavu,Nyundo,Kavomo,Shonyi
66d9c3910bc303fcbe4d056c,Western,Rubavu,Nyundo,Kigarama,Busesa
66d9c3910bc303fcbe4d0582,Western,Rubavu,Nyundo,Nyundo,Kiziguro
66d9c3910bc303fcbe4d0568,Western,Rubavu,Nyundo,Kavomo,Kavumu
66d9c3910bc303fcbe4d055d,Western,Rubavu,Nyundo,Bahimba,Ngege
66d9c3910bc303fcbe4d0573,Western,Rubavu,Nyundo,Mukondo,Busogo
66d9c3910bc303fcbe4d058f,Western,Rubavu,Rubavu,Buhaza,Gabiro
66d9c3910bc303fcbe4d0558,Western,Rubavu,Nyundo,Bahimba,Bahimba
66d9c3910bc303fcbe4d0577,Western,Rubavu,Nyundo,Mukondo,Kanyamisuku
66d9c3910bc303fcbe4d057b,Western,Rubavu,Nyundo,Mukondo,Tanda
66d9c3910bc303fcbe4d057c,Western,Rubavu,Nyundo,Nyundo,Birembo
66d9c3910bc303fcbe4d0580,Western,Rubavu,Nyundo,Nyundo,Kiribata
66d9c3910bc303fcbe4d0587,Western,Rubavu,Nyundo,Terimbere,Hanika
66d9c3910bc303fcbe4d058c,Western,Rubavu,Nyundo,Terimbere,Ruhango
66d9c3910bc303fcbe4d0592,Western,Rubavu,Rubavu,Burinda,Bubaji
66d9c3910bc303fcbe4d059b,Western,Rubavu,Rubavu,Byahi,Rurembo
66d9c3910bc303fcbe4d05a2,Western,Rubavu,Rubavu,Murambi,Buzuta
66d9c3910bc303fcbe4d05fb,Western,Nyabihu,Bigogwe,Kora,Bweramana
66d9c3910bc303fcbe4d061b,Western,Nyabihu,Jenda,Gasizi,Munanira
66d9c3910bc303fcbe4d061c,Western,Nyabihu,Jenda,Gasizi,Rwanamiza
66d9c3910bc303fcbe4d064a,Western,Nyabihu,Jomba,Guriro,Kabari
66d9c3910bc303fcbe4d0596,Western,Rubavu,Rubavu,Burinda,Rwezamenyo
66d9c3910bc303fcbe4d0598,Western,Rubavu,Rubavu,Byahi,Isangano
66d9c3910bc303fcbe4d059e,Western,Rubavu,Rubavu,Gikombe,Gafuku
66d9c3910bc303fcbe4d05a4,Western,Rubavu,Rubavu,Murambi,Kabere Ii
66d9c3910bc303fcbe4d05aa,Western,Rubavu,Rubavu,Murara,Kabere
66d9c3910bc303fcbe4d05ba,Western,Rubavu,Rugerero,Gisa,Gisa
66d9c3910bc303fcbe4d05cc,Western,Rubavu,Rugerero,Muhira,Rusamaza
66d9c3910bc303fcbe4d05d5,Western,Rubavu,Rugerero,Rushubi,Butumba
66d9c3910bc303fcbe4d05da,Western,Rubavu,Rugerero,Rwaza,Byima
66d9c3910bc303fcbe4d05db,Western,Rubavu,Rugerero,Rwaza,Cyanika
66d9c3910bc303fcbe4d05eb,Western,Nyabihu,Bigogwe,Basumba,Buheke
66d9c3910bc303fcbe4d05f4,Western,Nyabihu,Bigogwe,Kijote,Gasiza
66d9c3910bc303fcbe4d05fe,Western,Nyabihu,Bigogwe,Kora,Kageli
66d9c3910bc303fcbe4d0603,Western,Nyabihu,Bigogwe,Muhe,Kananira
66d9c3910bc303fcbe4d0605,Western,Nyabihu,Bigogwe,Muhe,Murambi
66d9c3910bc303fcbe4d0607,Western,Nyabihu,Bigogwe,Rega,Gaturo
66d9c3910bc303fcbe4d0611,Western,Nyabihu,Jenda,Bukinanyana,Bukinanyana
66d9c3910bc303fcbe4d0619,Western,Nyabihu,Jenda,Gasizi,Kinyengagi
66d9c3910bc303fcbe4d0620,Western,Nyabihu,Jenda,Kabatezi,Musumba
66d9c3910bc303fcbe4d062e,Western,Nyabihu,Jenda,Nyirakigugu,Nyamutukura
66d9c3910bc303fcbe4d063f,Western,Nyabihu,Jomba,Gasura,Gisoro
66d9c3910bc303fcbe4d0641,Western,Nyabihu,Jomba,Gasura,Rwandarugari
66d9c3910bc303fcbe4d0642,Western,Nyabihu,Jomba,Gasura,Ryabasenge
66d9c3910bc303fcbe4d0647,Western,Nyabihu,Jomba,Gisizi,Gisizi
66d9c3910bc303fcbe4d064d,Western,Nyabihu,Jomba,Guriro,Nyarusongati
66d9c3910bc303fcbe4d0653,Western,Nyabihu,Jomba,Kavumu,Rugerero
66d9c3910bc303fcbe4d0663,Western,Nyabihu,Kabatwa,Cyamvumba,Nyabitembo
66d9c3910bc303fcbe4d0664,Western,Nyabihu,Kabatwa,Gihorwe,Bisukiro
66d9c3910bc303fcbe4d0669,Western,Nyabihu,Kabatwa,Myuga,Akimitoni
66d9c3910bc303fcbe4d0675,Western,Nyabihu,Kabatwa,Rugarama,Rebero
66d9c3910bc303fcbe4d0677,Western,Nyabihu,Karago,Busoro,Gasasa
66d9c3910bc303fcbe4d0679,Western,Nyabihu,Karago,Busoro,Gisesa
66d9c3910bc303fcbe4d068f,Western,Nyabihu,Karago,Gihirwa,Kanombe
66d9c3910bc303fcbe4d067f,Western,Nyabihu,Karago,Cyamabuye,Kinyanja
66d9c3910bc303fcbe4d0683,Western,Nyabihu,Karago,Cyamabuye,Nanga
66d9c3910bc303fcbe4d0684,Western,Nyabihu,Karago,Cyamabuye,Nkomane
66d9c3910bc303fcbe4d068b,Western,Nyabihu,Karago,Gatagara,Kinanira
66d9c3910bc303fcbe4d068d,Western,Nyabihu,Karago,Gihirwa,Biseke
66d9c3910bc303fcbe4d05be,Western,Rubavu,Rugerero,Gisa,Rusongati
66d9c3910bc303fcbe4d05bf,Western,Rubavu,Rugerero,Gisa,Shwemu
66d9c3910bc303fcbe4d05c9,Western,Rubavu,Rugerero,Muhira,Gitebe Ii
66d9c3910bc303fcbe4d05e0,Western,Rubavu,Rugerero,Rwaza,Rebero
66d9c3910bc303fcbe4d05f5,Western,Nyabihu,Bigogwe,Kijote,Gatagara
66d9c3910bc303fcbe4d05f6,Western,Nyabihu,Bigogwe,Kijote,Kabaya
66d9c3910bc303fcbe4d0609,Western,Nyabihu,Bigogwe,Rega,Kagano
66d9c3910bc303fcbe4d061f,Western,Nyabihu,Jenda,Kabatezi,Kibuye
66d9c3910bc303fcbe4d064b,Western,Nyabihu,Jomba,Guriro,Misegwibiri
66d9c3910bc303fcbe4d0656,Western,Nyabihu,Jomba,Nyamitanzi,Kivumu
66d9c3910bc303fcbe4d0678,Western,Nyabihu,Karago,Busoro,Gatagara
66d9c3910bc303fcbe4d067d,Western,Nyabihu,Karago,Busoro,Ruhigiro
66d9c3910bc303fcbe4d0594,Western,Rubavu,Rubavu,Burinda,Nyabantu
66d9c3910bc303fcbe4d0599,Western,Rubavu,Rubavu,Byahi,Mikingo
66d9c3910bc303fcbe4d05a1,Western,Rubavu,Rubavu,Murambi,Bushengo
66d9c3910bc303fcbe4d05b7,Western,Rubavu,Rugerero,Basa,Tagaza
66d9c3910bc303fcbe4d05c2,Western,Rubavu,Rugerero,Kabilizi,Nkama
66d9c3910bc303fcbe4d05c7,Western,Rubavu,Rugerero,Muhira,Gatebe Ii
66d9c3910bc303fcbe4d05d6,Western,Rubavu,Rugerero,Rushubi,Kabashara
66d9c3910bc303fcbe4d05f3,Western,Nyabihu,Bigogwe,Kijote,Busasamana
66d9c3910bc303fcbe4d05f9,Western,Nyabihu,Bigogwe,Kijote,Shaba
66d9c3910bc303fcbe4d0606,Western,Nyabihu,Bigogwe,Muhe,Rusogo
66d9c3910bc303fcbe4d060b,Western,Nyabihu,Bigogwe,Rega,Kinamba
66d9c3910bc303fcbe4d060c,Western,Nyabihu,Bigogwe,Rega,Mizingo
66d9c3910bc303fcbe4d0628,Western,Nyabihu,Jenda,Kareba,Rebero
66d9c3910bc303fcbe4d0639,Western,Nyabihu,Jomba,Gasiza,Gasiza
66d9c3910bc303fcbe4d0681,Western,Nyabihu,Karago,Cyamabuye,Muderi
66d9c3910bc303fcbe4d06a1,Western,Nyabihu,Karago,Karengera,Rwumuyaga
66d9c3910bc303fcbe4d06bc,Western,Nyabihu,Kintobo,Ryinyo,Humiro
66d9c3910bc303fcbe4d069e,Western,Nyabihu,Karago,Karengera,Mashyuza
66d9c3910bc303fcbe4d06a5,Western,Nyabihu,Kintobo,Gatovu,Nyarusekera
66d9c3910bc303fcbe4d06aa,Western,Nyabihu,Kintobo,Kintobo,Gasyo
66d9c3910bc303fcbe4d06b0,Western,Nyabihu,Kintobo,Nyagisozi,Sinayi
66d9c3910bc303fcbe4d06b4,Western,Nyabihu,Kintobo,Nyamugari,Kiyumba
66d9c3910bc303fcbe4d06bf,Western,Nyabihu,Kintobo,Ryinyo,Kirwa
66d9c3910bc303fcbe4d06c7,Western,Nyabihu,Mukamira,Jaba,Nyirabashenyi
66d9c3910bc303fcbe4d06ac,Western,Nyabihu,Kintobo,Nyagisozi,Dehero
66d9c3910bc303fcbe4d06b8,Western,Nyabihu,Kintobo,Rukondo,Kimpundu
66d9c3910bc303fcbe4d06cf,Western,Nyabihu,Mukamira,Rubaya,Kaburende
66d9c3910bc303fcbe4d0524,Western,Rubavu,Nyakiriba,Nyarushyamba,Nyonirima
66d9c3910bc303fcbe4d0525,Western,Rubavu,Nyakiriba,Nyarushyamba,Ruhangiro
66d9c3910bc303fcbe4d0529,Western,Rubavu,Nyamyumba,Burushya,Kabuyekera
66d9c3910bc303fcbe4d052e,Western,Rubavu,Nyamyumba,Burushya,Wintwari
66d9c3910bc303fcbe4d053f,Western,Rubavu,Nyamyumba,Kiraga,Buhogo
66d9c3910bc303fcbe4d0541,Western,Rubavu,Nyamyumba,Kiraga,Kigufi
66d9c3910bc303fcbe4d0546,Western,Rubavu,Nyamyumba,Munanira,Busumba
66d9c3910bc303fcbe4d04db,Western,Rubavu,Kanzenze,Muramba,Muramba
66d9c3910bc303fcbe4d0515,Western,Rubavu,Nyakiriba,Gikombe,Kitarimwa
66d9c3910bc303fcbe4d0526,Western,Rubavu,Nyakiriba,Nyarushyamba,Runyeheri
66d9c3910bc303fcbe4d052a,Western,Rubavu,Nyamyumba,Burushya,Karuvugiro
66d9c3910bc303fcbe4d052c,Western,Rubavu,Nyamyumba,Burushya,Mutembe
66d9c3910bc303fcbe4d054d,Western,Rubavu,Nyamyumba,Rubona,Bugasha
66d9c3910bc303fcbe4d04ec,Western,Rubavu,Mudende,Bihungwe,Mwirima
66d9c3910bc303fcbe4d04f2,Western,Rubavu,Mudende,Kanyundo,Nyamirama
66d9c3910bc303fcbe4d0556,Western,Rubavu,Nyamyumba,Rubona,Rushagara
66d9c3910bc303fcbe4d055a,Western,Rubavu,Nyundo,Bahimba,Gatuntu
66d9c3910bc303fcbe4d055b,Western,Rubavu,Nyundo,Bahimba,Kagera
66d9c3910bc303fcbe4d0561,Western,Rubavu,Nyundo,Gatovu,Cyima
66d9c3910bc303fcbe4d0564,Western,Rubavu,Nyundo,Gatovu,Ruhanga
66d9c3910bc303fcbe4d0570,Western,Rubavu,Nyundo,Kigarama,Rukore
66d9c3910bc303fcbe4d0583,Western,Rubavu,Nyundo,Nyundo,Nyakagezi
66d9c3910bc303fcbe4d0586,Western,Rubavu,Nyundo,Terimbere,Gahama
66d9c3910bc303fcbe4d058a,Western,Rubavu,Nyundo,Terimbere,Nombe
66d9c3910bc303fcbe4d058b,Western,Rubavu,Nyundo,Terimbere,Rambura
66d9c3910bc303fcbe4d0555,Western,Rubavu,Nyamyumba,Rubona,Rurembo
66d9c3910bc303fcbe4d056a,Western,Rubavu,Nyundo,Kavomo,Kinyendaro
66d9c3910bc303fcbe4d0575,Western,Rubavu,Nyundo,Mukondo,Cyungeri
66d9c3910bc303fcbe4d0581,Western,Rubavu,Nyundo,Nyundo,Kiyove
66d9c3910bc303fcbe4d0569,Western,Rubavu,Nyundo,Kavomo,Kinihira
66d9c3910bc303fcbe4d056d,Western,Rubavu,Nyundo,Kigarama,Kazabe
66d9c3910bc303fcbe4d0572,Western,Rubavu,Nyundo,Mukondo,Buroha
66d9c3910bc303fcbe4d0579,Western,Rubavu,Nyundo,Mukondo,Nkora
66d9c3910bc303fcbe4d0584,Western,Rubavu,Nyundo,Nyundo,Rumbati
66d9c3910bc303fcbe4d0591,Western,Rubavu,Rubavu,Burinda,Akasengore
66d9c3910bc303fcbe4d059c,Western,Rubavu,Rubavu,Gikombe,Bambiro
66d9c3910bc303fcbe4d059d,Western,Rubavu,Rubavu,Gikombe,Bushengo I
66d9c3910bc303fcbe4d05ae,Western,Rubavu,Rubavu,Rukoko,Karukogo
66d9c3910bc303fcbe4d05ce,Western,Rubavu,Rugerero,Rugerero,Kibaya
66d9c3910bc303fcbe4d05df,Western,Rubavu,Rugerero,Rwaza,Mushoko
66d9c3910bc303fcbe4d05e4,Western,Nyabihu,Bigogwe,Arusha,Arusha
66d9c3910bc303fcbe4d05e6,Western,Nyabihu,Bigogwe,Arusha,Busasamana
66d9c3910bc303fcbe4d05f1,Western,Nyabihu,Bigogwe,Kijote,Bikingi
66d9c3910bc303fcbe4d060e,Western,Nyabihu,Bigogwe,Rega,Nyagafumberi
66d9c3910bc303fcbe4d0625,Western,Nyabihu,Jenda,Kareba,Kamatenge
66d9c3910bc303fcbe4d062a,Western,Nyabihu,Jenda,Nyirakigugu,Cyamabuye
66d9c3910bc303fcbe4d0658,Western,Nyabihu,Jomba,Nyamitanzi,Nyamitanzi
66d9c3910bc303fcbe4d065c,Western,Nyabihu,Jomba,Nyamitanzi,Rutabu
66d9c3910bc303fcbe4d05a0,Western,Rubavu,Rubavu,Gikombe,Rebero
66d9c3910bc303fcbe4d05b0,Western,Rubavu,Rubavu,Rukoko,Rutagara
66d9c3910bc303fcbe4d05b1,Western,Rubavu,Rugerero,Basa,Buranga
66d9c3910bc303fcbe4d05bb,Western,Rubavu,Rugerero,Gisa,Kabashanja
66d9c3910bc303fcbe4d05c1,Western,Rubavu,Rugerero,Kabilizi,Gakoro
66d9c3910bc303fcbe4d05d7,Western,Rubavu,Rugerero,Rushubi,Kazika
66d9c3910bc303fcbe4d05e7,Western,Nyabihu,Bigogwe,Arusha,Ngamba
66d9c3910bc303fcbe4d05ee,Western,Nyabihu,Bigogwe,Basumba,Ngando
66d9c3910bc303fcbe4d05fd,Western,Nyabihu,Bigogwe,Kora,Kabuga
66d9c3910bc303fcbe4d0601,Western,Nyabihu,Bigogwe,Kora,Rwankuba
66d9c3910bc303fcbe4d0617,Western,Nyabihu,Jenda,Gasizi,Kanyaru
66d9c3910bc303fcbe4d0622,Western,Nyabihu,Jenda,Kabatezi,Runyanja
66d9c3910bc303fcbe4d0627,Western,Nyabihu,Jenda,Kareba,Nyacyonga
66d9c3910bc303fcbe4d066a,Western,Nyabihu,Kabatwa,Myuga,Butaka
66d9c3910bc303fcbe4d0676,Western,Nyabihu,Kabatwa,Rugarama,Remera
66d9c3910bc303fcbe4d067a,Western,Nyabihu,Karago,Busoro,Kageshi
66d9c3910bc303fcbe4d06d7,Western,Nyabihu,Mukamira,Rugeshi,Kazibake
66d9c3910bc303fcbe4d06d3,Western,Nyabihu,Mukamira,Rugeshi,Cyinkenke
66d9c3910bc303fcbe4d06d8,Western,Nyabihu,Mukamira,Rugeshi,Kazuba
66d9c3910bc303fcbe4d06dc,Western,Nyabihu,Mukamira,Rukoma,Pfunda
66d9c3910bc303fcbe4d06e3,Western,Nyabihu,Mukamira,Rurengeri,Rwankeri
66d9c3910bc303fcbe4d06ee,Western,Nyabihu,Muringa,Mulinga,Kivugiza
66d9c3910bc303fcbe4d06ef,Western,Nyabihu,Muringa,Mulinga,Migongo
66d9c3910bc303fcbe4d06f5,Western,Nyabihu,Muringa,Mwiyanike,Mucundebo
66d9c3910bc303fcbe4d06e0,Western,Nyabihu,Mukamira,Rurengeri,Maziba
66d9c3910bc303fcbe4d067e,Western,Nyabihu,Karago,Cyamabuye,Buremera
66d9c3910bc303fcbe4d0680,Western,Nyabihu,Karago,Cyamabuye,Matyazo
66d9c3910bc303fcbe4d05a3,Western,Rubavu,Rubavu,Murambi,Bwiru
66d9c3910bc303fcbe4d05b3,Western,Rubavu,Rugerero,Basa,Kabeza
66d9c3910bc303fcbe4d05c8,Western,Rubavu,Rugerero,Muhira,Gitebe I
66d9c3910bc303fcbe4d05ca,Western,Rubavu,Rugerero,Muhira,Kasonga
66d9c3910bc303fcbe4d05cd,Western,Rubavu,Rugerero,Rugerero,Kabarora
66d9c3910bc303fcbe4d05d3,Western,Rubavu,Rugerero,Rushubi,Busheke
66d9c3910bc303fcbe4d05dc,Western,Rubavu,Rugerero,Rwaza,Gashovu
66d9c3910bc303fcbe4d05e1,Western,Rubavu,Rugerero,Rwaza,Rohero
66d9c3910bc303fcbe4d05f8,Western,Nyabihu,Bigogwe,Kijote,Kijote
66d9c3910bc303fcbe4d0630,Western,Nyabihu,Jenda,Rega,Bihinga
66d9c3910bc303fcbe4d063c,Western,Nyabihu,Jomba,Gasiza,Kanama
66d9c3910bc303fcbe4d063e,Western,Nyabihu,Jomba,Gasura,Gasura
66d9c3910bc303fcbe4d0645,Western,Nyabihu,Jomba,Gisizi,Gahanga
66d9c3910bc303fcbe4d0649,Western,Nyabihu,Jomba,Guriro,Guriro
66d9c3910bc303fcbe4d0667,Western,Nyabihu,Kabatwa,Gihorwe,Rushubi
66d9c3910bc303fcbe4d0672,Western,Nyabihu,Kabatwa,Rugarama,Karambi
66d9c3910bc303fcbe4d0685,Western,Nyabihu,Karago,Cyamabuye,Rubare
66d9c3910bc303fcbe4d0686,Western,Nyabihu,Karago,Gatagara,Bikereri
66d9c3910bc303fcbe4d059a,Western,Rubavu,Rubavu,Byahi,Ngugo
66d9c3910bc303fcbe4d0631,Western,Nyabihu,Jenda,Rega,Gakarara
66d9c3910bc303fcbe4d063d,Western,Nyabihu,Jomba,Gasiza,Nyundo
66d9c3910bc303fcbe4d065b,Western,Nyabihu,Jomba,Nyamitanzi,Ruhongore
66d9c3910bc303fcbe4d065e,Western,Nyabihu,Kabatwa,Batikoti,Kamuhe
66d9c3910bc303fcbe4d0665,Western,Nyabihu,Kabatwa,Gihorwe,Kaminuza
66d9c3910bc303fcbe4d0695,Western,Nyabihu,Karago,Kadahenda,Gihira
66d9c3910bc303fcbe4d0690,Western,Nyabihu,Karago,Gihirwa,Nyagasozi
66d9c3910bc303fcbe4d06c1,Western,Nyabihu,Mukamira,Gasizi,Kamiro
66d9c3910bc303fcbe4d0691,Western,Nyabihu,Karago,Gihirwa,Rugarambiro
66d9c3910bc303fcbe4d06a2,Western,Nyabihu,Kintobo,Gatovu,Gatovu Centre
66d9c3910bc303fcbe4d06a8,Western,Nyabihu,Kintobo,Kintobo,Gakoro
66d9c3910bc303fcbe4d0692,Western,Nyabihu,Karago,Gihirwa,Rurambo
66d9c3910bc303fcbe4d0693,Western,Nyabihu,Karago,Kadahenda,Bukongora
66d9c3910bc303fcbe4d0694,Western,Nyabihu,Karago,Kadahenda,Gakoma
66d9c3910bc303fcbe4d069a,Western,Nyabihu,Karago,Kadahenda,Nkomane
66d9c3910bc303fcbe4d069c,Western,Nyabihu,Karago,Karengera,Hanika
66d9c3910bc303fcbe4d06b2,Western,Nyabihu,Kintobo,Nyamugari,Kariyeri
66d9c3910bc303fcbe4d06b6,Western,Nyabihu,Kintobo,Rukondo,Kamanga
66d9c3910bc303fcbe4d06ba,Western,Nyabihu,Kintobo,Ryinyo,Gahwege
66d9c3910bc303fcbe4d06c2,Western,Nyabihu,Mukamira,Gasizi,Sasangabo
66d9c3910bc303fcbe4d06c5,Western,Nyabihu,Mukamira,Jaba,Gisenyi
66d9c3910bc303fcbe4d06cd,Western,Nyabihu,Mukamira,Rubaya,Cyivugiza
66d9c3910bc303fcbe4d06d1,Western,Nyabihu,Mukamira,Rubaya,Kinyababa
66d9c3910bc303fcbe4d06dd,Western,Nyabihu,Mukamira,Rukoma,Rugaragara
66d9c3910bc303fcbe4d06e2,Western,Nyabihu,Mukamira,Rurengeri,Rutovu
66d9c3910bc303fcbe4d06e7,Western,Nyabihu,Muringa,Gisizi,Munini
66d9c3910bc303fcbe4d06e8,Western,Nyabihu,Muringa,Gisizi,Muremure
66d9c3910bc303fcbe4d06d2,Western,Nyabihu,Mukamira,Rubaya,Rwamikeri
66d9c3910bc303fcbe4d06d6,Western,Nyabihu,Mukamira,Rugeshi,Karama
66d9c3910bc303fcbe4d06e4,Western,Nyabihu,Muringa,Gisizi,Kabyuma
66d9c3910bc303fcbe4d06e6,Western,Nyabihu,Muringa,Gisizi,Kinyasenge
66d9c3910bc303fcbe4d06ec,Western,Nyabihu,Muringa,Mulinga,Kamazage
66d9c3910bc303fcbe4d06ed,Western,Nyabihu,Muringa,Mulinga,Kiruma
66d9c3910bc303fcbe4d06da,Western,Nyabihu,Mukamira,Rukoma,Gatare
66d9c3910bc303fcbe4d06f0,Western,Nyabihu,Muringa,Mulinga,Ruganda
66d9c3910bc303fcbe4d06eb,Western,Nyabihu,Muringa,Mulinga,Gora
66d9c3910bc303fcbe4d06f7,Western,Nyabihu,Muringa,Mwiyanike,Nyankukuma
66d9c3920bc303fcbe4d06f9,Western,Nyabihu,Muringa,Mwiyanike,Ryanyirandaba
66d9c3920bc303fcbe4d06fd,Western,Nyabihu,Muringa,Nkomane,Mabare
66d9c3920bc303fcbe4d070a,Western,Nyabihu,Rambura,Birembo,Birembo
66d9c3920bc303fcbe4d0715,Western,Nyabihu,Rambura,Guriro,Raro
66d9c3920bc303fcbe4d0719,Western,Nyabihu,Rambura,Kibisabo,Kabeza
66d9c3920bc303fcbe4d06ff,Western,Nyabihu,Muringa,Nyamasheke,Bambiro
66d9c3920bc303fcbe4d0701,Western,Nyabihu,Muringa,Nyamasheke,Muyange
66d9c3920bc303fcbe4d0708,Western,Nyabihu,Muringa,Rwantobo,Rurembo
66d9c3920bc303fcbe4d0709,Western,Nyabihu,Muringa,Rwantobo,Rwandarugari
66d9c3920bc303fcbe4d070b,Western,Nyabihu,Rambura,Birembo,Cyugi
66d9c3920bc303fcbe4d070e,Western,Nyabihu,Rambura,Birembo,Munyangari
66d9c3920bc303fcbe4d070f,Western,Nyabihu,Rambura,Birembo,Nyavuvu
66d9c3920bc303fcbe4d0713,Western,Nyabihu,Rambura,Guriro,Nteko
66d9c3920bc303fcbe4d071b,Western,Nyabihu,Rambura,Kibisabo,Kinihira
66d9c3920bc303fcbe4d071e,Western,Nyabihu,Rambura,Mutaho,Bihangara
66d9c3920bc303fcbe4d072a,Western,Nyabihu,Rambura,Nyundo,Ntagihendo
66d9c3920bc303fcbe4d0731,Western,Nyabihu,Rambura,Rugamba,Muturagara
66d9c3920bc303fcbe4d0733,Western,Nyabihu,Rambura,Rugamba,Nkomane
66d9c3920bc303fcbe4d0734,Western,Nyabihu,Rugera,Gakoro,Bweru
66d9c3920bc303fcbe4d076e,Western,Nyabihu,Rurembo,Gitega,Cyuve
66d9c3920bc303fcbe4d0740,Western,Nyabihu,Rugera,Marangara,Nyagasozi
66d9c3920bc303fcbe4d073a,Western,Nyabihu,Rugera,Marangara,Bwumba
66d9c3920bc303fcbe4d073b,Western,Nyabihu,Rugera,Marangara,Gasayo
66d9c3920bc303fcbe4d073f,Western,Nyabihu,Rugera,Marangara,Kagano
66d9c3920bc303fcbe4d074c,Western,Nyabihu,Rugera,Nyarutembe,Jari
66d9c3920bc303fcbe4d0745,Western,Nyabihu,Rugera,Nyagahondo,Kabyaza
66d9c3920bc303fcbe4d074b,Western,Nyabihu,Rugera,Nyarutembe,Gisenyi
66d9c3920bc303fcbe4d0754,Western,Nyabihu,Rugera,Rurembo,Cyasenge
66d9c3920bc303fcbe4d0757,Western,Nyabihu,Rugera,Rurembo,Gihuri
66d9c3920bc303fcbe4d0760,Western,Nyabihu,Rugera,Tyazo,Nyakiriba
66d9c3920bc303fcbe4d0769,Western,Nyabihu,Rurembo,Gahondo,Rugendabari
66d9c3920bc303fcbe4d076b,Western,Nyabihu,Rurembo,Gitega,Bukangano
66d9c3920bc303fcbe4d07aa,Western,Nyabihu,Shyira,Kintarure,Kabuguzo
66d9c3920bc303fcbe4d077e,Western,Nyabihu,Rurembo,Murambi,Kabyaza
66d9c3920bc303fcbe4d0782,Western,Nyabihu,Rurembo,Murambi,Mpinga
66d9c3920bc303fcbe4d0787,Western,Nyabihu,Rurembo,Mwana,Busenge
66d9c3920bc303fcbe4d079d,Western,Nyabihu,Rurembo,Rwaza,Tubuye
66d9c3920bc303fcbe4d0788,Western,Nyabihu,Rurembo,Mwana,Kamugarura
66d9c3920bc303fcbe4d078c,Western,Nyabihu,Rurembo,Mwana,Nemba
66d9c3920bc303fcbe4d0794,Western,Nyabihu,Rurembo,Rwaza,Murama
66d9c3920bc303fcbe4d079a,Western,Nyabihu,Rurembo,Rwaza,Rugarambiro
66d9c3920bc303fcbe4d079f,Western,Nyabihu,Shyira,Cyimanzovu,Cyinyana
66d9c3920bc303fcbe4d07a2,Western,Nyabihu,Shyira,Cyimanzovu,Murikwa
66d9c3920bc303fcbe4d07a3,Western,Nyabihu,Shyira,Kanyamitana,Kamahoro
66d9c3920bc303fcbe4d07a8,Western,Nyabihu,Shyira,Kanyamitana,Rubaba
66d9c3920bc303fcbe4d0784,Western,Nyabihu,Rurembo,Murambi,Nyarukangaga
66d9c3920bc303fcbe4d07a0,Western,Nyabihu,Shyira,Cyimanzovu,Kabuga
66d9c3920bc303fcbe4d07b2,Western,Nyabihu,Shyira,Mpinga,Vunga
66d9c3920bc303fcbe4d07b7,Western,Nyabihu,Shyira,Shaki,Gitega
66d9c3920bc303fcbe4d07cd,Western,Ngororero,BWIRA,Kabarondo,Kurushishi
66d9c3920bc303fcbe4d07d2,Western,Ngororero,BWIRA,Ruhindage,Mwiha
66d9c3920bc303fcbe4d07d4,Western,Ngororero,GATUMBA,Cyome,Birambo
66d9c3920bc303fcbe4d07d5,Western,Ngororero,GATUMBA,Cyome,Mpara
66d9c3920bc303fcbe4d07e1,Western,Ngororero,GATUMBA,Kamasiga,Byimana
66d9c3920bc303fcbe4d07f2,Western,Ngororero,GATUMBA,Ruhanga,Kadehero
66d9c3920bc303fcbe4d07c4,Western,Ngororero,BWIRA,Cyahafi,Kamina
66d9c3920bc303fcbe4d07d1,Western,Ngororero,BWIRA,Ruhindage,Kiregamazi
66d9c3920bc303fcbe4d07f6,Western,Ngororero,GATUMBA,Rusumo,Mukaragata
66d9c3920bc303fcbe4d0802,Western,Ngororero,HINDIRO,Gatega,Kagarama
66d9c3920bc303fcbe4d0807,Western,Ngororero,HINDIRO,Kajinge,Rugari
66d9c3920bc303fcbe4d0835,Western,Ngororero,KABAYA,Ngoma,Hanika
66d9c3920bc303fcbe4d0840,Western,Ngororero,KABAYA,Nyenyeri,Nyasenge
66d9c3920bc303fcbe4d085f,Western,Ngororero,KAVUMU,Birembo,Nyabitsina
66d9c3920bc303fcbe4d0870,Western,Ngororero,KAVUMU,Rugeshi,Cyuzi
66d9c3920bc303fcbe4d0714,Western,Nyabihu,Rambura,Guriro,Nyanguragura
66d9c3920bc303fcbe4d0724,Western,Nyabihu,Rambura,Mutaho,Rutazigurwa
66d9c3920bc303fcbe4d0735,Western,Nyabihu,Rugera,Gakoro,Kintore
66d9c3920bc303fcbe4d070c,Western,Nyabihu,Rambura,Birembo,Kimisebeya
66d9c3920bc303fcbe4d0717,Western,Nyabihu,Rambura,Kibisabo,Bugonde
66d9c3920bc303fcbe4d0718,Western,Nyabihu,Rambura,Kibisabo,Gatare
66d9c3920bc303fcbe4d0700,Western,Nyabihu,Muringa,Nyamasheke,Kanwiri
66d9c3920bc303fcbe4d0704,Western,Nyabihu,Muringa,Rwantobo,Gasura
66d9c3920bc303fcbe4d0710,Western,Nyabihu,Rambura,Birembo,Rugarambiro
66d9c3920bc303fcbe4d0711,Western,Nyabihu,Rambura,Guriro,Cyanika
66d9c3920bc303fcbe4d0720,Western,Nyabihu,Rambura,Mutaho,Kiraza
66d9c3920bc303fcbe4d0721,Western,Nyabihu,Rambura,Mutaho,Murambi
66d9c3920bc303fcbe4d0727,Western,Nyabihu,Rambura,Nyundo,Kamifuho
66d9c3920bc303fcbe4d072c,Western,Nyabihu,Rambura,Nyundo,Rusereka
66d9c3920bc303fcbe4d075c,Western,Nyabihu,Rugera,Tyazo,Kingona
66d9c3920bc303fcbe4d0762,Western,Nyabihu,Rurembo,Gahondo,Gahoko
66d9c3920bc303fcbe4d0772,Western,Nyabihu,Rurembo,Kirimbogo,Cyayu
66d9c3920bc303fcbe4d0738,Western,Nyabihu,Rugera,Gakoro,Nyarubingo
66d9c3920bc303fcbe4d0739,Western,Nyabihu,Rugera,Gakoro,Nyarusange
66d9c3920bc303fcbe4d0744,Western,Nyabihu,Rugera,Nyagahondo,Gitotsi
66d9c3920bc303fcbe4d074f,Western,Nyabihu,Rugera,Nyarutembe,Kirebe
66d9c3920bc303fcbe4d0751,Western,Nyabihu,Rugera,Nyarutembe,Nyamugari
66d9c3920bc303fcbe4d0753,Western,Nyabihu,Rugera,Rurembo,Bukango
66d9c3920bc303fcbe4d0759,Western,Nyabihu,Rugera,Rurembo,Murama
66d9c3920bc303fcbe4d075d,Western,Nyabihu,Rugera,Tyazo,Kiyanza
66d9c3920bc303fcbe4d0775,Western,Nyabihu,Rurembo,Kirimbogo,Gabiro
66d9c3920bc303fcbe4d0748,Western,Nyabihu,Rugera,Nyagahondo,Musenyi
66d9c3920bc303fcbe4d074e,Western,Nyabihu,Rugera,Nyarutembe,Kibumba
66d9c3920bc303fcbe4d076a,Western,Nyabihu,Rurembo,Gahondo,Rwamigega
66d9c3920bc303fcbe4d0774,Western,Nyabihu,Rurembo,Kirimbogo,Cyogo
66d9c3920bc303fcbe4d0778,Western,Nyabihu,Rurembo,Kirimbogo,Kinaba
66d9c3920bc303fcbe4d077f,Western,Nyabihu,Rurembo,Murambi,Karambi
66d9c3920bc303fcbe4d078b,Western,Nyabihu,Rurembo,Mwana,Mwana
66d9c3920bc303fcbe4d0793,Western,Nyabihu,Rurembo,Rwaza,Muhungwe
66d9c3920bc303fcbe4d07b3,Western,Nyabihu,Shyira,Mutanda,Kaziba
66d9c3920bc303fcbe4d07b5,Western,Nyabihu,Shyira,Mutanda,Murambi
66d9c3920bc303fcbe4d07b6,Western,Nyabihu,Shyira,Mutanda,Ntende
66d9c3920bc303fcbe4d079c,Western,Nyabihu,Rurembo,Rwaza,Rwanika
66d9c3920bc303fcbe4d07ab,Western,Nyabihu,Shyira,Kintarure,Mabare
66d9c3920bc303fcbe4d07b1,Western,Nyabihu,Shyira,Mpinga,Rwabahungu
66d9c3920bc303fcbe4d07b9,Western,Nyabihu,Shyira,Shaki,Karambi
66d9c3920bc303fcbe4d07e2,Western,Ngororero,GATUMBA,Kamasiga,Gasave
66d9c3920bc303fcbe4d07eb,Western,Ngororero,GATUMBA,Karambo,Kimisagara
66d9c3920bc303fcbe4d07ed,Western,Ngororero,GATUMBA,Karambo,Rugara
66d9c3920bc303fcbe4d07bd,Western,Ngororero,BWIRA,Bungwe,Gasura
66d9c3920bc303fcbe4d07c0,Western,Ngororero,BWIRA,Bungwe,Rutembo
66d9c3920bc303fcbe4d07c2,Western,Ngororero,BWIRA,Cyahafi,Bushyogero
66d9c3920bc303fcbe4d07c5,Western,Ngororero,BWIRA,Cyahafi,Rushubi
66d9c3920bc303fcbe4d07c9,Western,Ngororero,BWIRA,Gashubi,Rukeri
66d9c3920bc303fcbe4d07cb,Western,Ngororero,BWIRA,Kabarondo,Bereshi
66d9c3920bc303fcbe4d07d6,Western,Ngororero,GATUMBA,Cyome,Musagara
66d9c3920bc303fcbe4d07d7,Western,Ngororero,GATUMBA,Cyome,Nyakagezi
66d9c3920bc303fcbe4d07e7,Western,Ngororero,GATUMBA,Karambo,Gahinga
66d9c3920bc303fcbe4d07e8,Western,Ngororero,GATUMBA,Karambo,Gitega
66d9c3920bc303fcbe4d07cc,Western,Ngororero,BWIRA,Kabarondo,Gitarama
66d9c3920bc303fcbe4d07d9,Western,Ngororero,GATUMBA,Cyome,Rwasare
66d9c3920bc303fcbe4d07dd,Western,Ngororero,GATUMBA,Gatsibo,Gatwa
66d9c3920bc303fcbe4d07f3,Western,Ngororero,GATUMBA,Ruhanga,Kamina
66d9c3920bc303fcbe4d0800,Western,Ngororero,HINDIRO,Gatega,Huriro
66d9c3920bc303fcbe4d0825,Western,Ngororero,KABAYA,Kabaya,Kimisagara
66d9c3920bc303fcbe4d082c,Western,Ngororero,KABAYA,Mwendo,Bukonde
66d9c3920bc303fcbe4d084e,Western,Ngororero,KAGEYO,Mukore,Rusenyi
66d9c3920bc303fcbe4d0851,Western,Ngororero,KAGEYO,Muramba,Murangara
66d9c3920bc303fcbe4d0853,Western,Ngororero,KAGEYO,Nyamata,Bereshi
66d9c3920bc303fcbe4d0812,Western,Ngororero,HINDIRO,Rugendabari,Mukoni
66d9c3920bc303fcbe4d081b,Western,Ngororero,KABAYA,Busunzu,Kabusizi
66d9c3920bc303fcbe4d081f,Western,Ngororero,KABAYA,Gaseke,Mizingo
66d9c3920bc303fcbe4d0846,Western,Ngororero,KAGEYO,Kirwa,Gatovu
66d9c3920bc303fcbe4d084d,Western,Ngororero,KAGEYO,Mukore,Nyamatanga
66d9c3920bc303fcbe4d085d,Western,Ngororero,KAVUMU,Birembo,Gashaki
66d9c3920bc303fcbe4d0864,Western,Ngororero,KAVUMU,Gitwa,Nyamugari
66d9c3920bc303fcbe4d0869,Western,Ngororero,KAVUMU,Murinzi,Nyaramba
66d9c3920bc303fcbe4d07ff,Western,Ngororero,HINDIRO,Gatega,Gasovu
66d9c3920bc303fcbe4d0805,Western,Ngororero,HINDIRO,Kajinge,Bwoga
66d9c3920bc303fcbe4d0808,Western,Ngororero,HINDIRO,Kajinge,Rugeshi
66d9c3920bc303fcbe4d0809,Western,Ngororero,HINDIRO,Marantima,Kagugu
66d9c3920bc303fcbe4d080a,Western,Ngororero,HINDIRO,Marantima,Karambo
66d9c3920bc303fcbe4d0824,Western,Ngororero,KABAYA,Kabaya,Bitare
66d9c3920bc303fcbe4d0829,Western,Ngororero,KABAYA,Kabaya,Rebero
66d9c3920bc303fcbe4d082b,Western,Ngororero,KABAYA,Kabaya,Rwantozi
66d9c3920bc303fcbe4d0831,Western,Ngororero,KABAYA,Mwendo,Nyabarinda
66d9c3920bc303fcbe4d0836,Western,Ngororero,KABAYA,Ngoma,Ngoma
66d9c3920bc303fcbe4d0837,Western,Ngororero,KABAYA,Ngoma,Nyamugeyo
66d9c3920bc303fcbe4d0849,Western,Ngororero,KAGEYO,Kirwa,Nyaruzenga
66d9c3920bc303fcbe4d0857,Western,Ngororero,KAGEYO,Nyamata,Nyamutuku
66d9c3920bc303fcbe4d0858,Western,Ngororero,KAGEYO,Rwamamara,Gaseke
66d9c3920bc303fcbe4d0862,Western,Ngororero,KAVUMU,Gitwa,Karambi
66d9c3920bc303fcbe4d0863,Western,Ngororero,KAVUMU,Gitwa,Kaziba
66d9c3920bc303fcbe4d086d,Western,Ngororero,KAVUMU,Nyamugeyo,Karambo
66d9c3920bc303fcbe4d0872,Western,Ngororero,KAVUMU,Rugeshi,Kabeza
66d9c3920bc303fcbe4d087c,Western,Ngororero,MATYAZO,Binana,Kaseke
66d9c3920bc303fcbe4d0882,Western,Ngororero,MATYAZO,Gitega,Gataka
66d9c3920bc303fcbe4d0898,Western,Ngororero,MUHANDA,Bugarura,Nkongora
66d9c3920bc303fcbe4d0899,Western,Ngororero,MUHANDA,Bugarura,Runayu
66d9c3920bc303fcbe4d08ad,Western,Ngororero,MUHANDA,Ngoma,Bugobora
66d9c3920bc303fcbe4d089f,Western,Ngororero,MUHANDA,Gasiza,Rurandama
66d9c3920bc303fcbe4d0884,Western,Ngororero,MATYAZO,Gitega,Rwankenke
66d9c3920bc303fcbe4d08ab,Western,Ngororero,MUHANDA,Nganzo,Murehe
66d9c3920bc303fcbe4d08b0,Western,Ngororero,MUHANDA,Ngoma,Ntendure
66d9c3920bc303fcbe4d0891,Western,Ngororero,MATYAZO,Rwamiko,Nyakibande
66d9c3920bc303fcbe4d089c,Western,Ngororero,MUHANDA,Gasiza,Kigina
66d9c3920bc303fcbe4d08ac,Western,Ngororero,MUHANDA,Nganzo,Ntaruko
66d9c3920bc303fcbe4d08ae,Western,Ngororero,MUHANDA,Ngoma,Gacaca
66d9c3920bc303fcbe4d08b1,Western,Ngororero,MUHANDA,Ngoma,Rucano
66d9c3920bc303fcbe4d08b3,Western,Ngororero,MUHANDA,Rutagara,Bambiro
66d9c3920bc303fcbe4d08b7,Western,Ngororero,MUHANDA,Rutagara,Mushishiro
66d9c3920bc303fcbe4d08ba,Western,Ngororero,MUHANDA,Rutagara,Rukondo
66d9c3920bc303fcbe4d08bf,Western,Ngororero,MUHORORO,Bweramana,Nyagaseke
66d9c3920bc303fcbe4d08ce,Western,Ngororero,MUHORORO,Rugogwe,Nganzo
66d9c3920bc303fcbe4d08d0,Western,Ngororero,MUHORORO,Rusororo,Gapfura
66d9c3920bc303fcbe4d091a,Western,Ngororero,NGORORERO,Rususa,Kabagari
66d9c3920bc303fcbe4d091b,Western,Ngororero,NGORORERO,Rususa,Nyarubingo
66d9c3920bc303fcbe4d08cf,Western,Ngororero,MUHORORO,Rusororo,Buhiro
66d9c3920bc303fcbe4d08fe,Western,Ngororero,NGORORERO,Kaseke,Kabusunzu
66d9c3920bc303fcbe4d07fe,Western,Ngororero,HINDIRO,Gatega,Gasharu
66d9c3920bc303fcbe4d0803,Western,Ngororero,HINDIRO,Gatega,Rutsiro
66d9c3920bc303fcbe4d080b,Western,Ngororero,HINDIRO,Marantima,Kiribata
66d9c3920bc303fcbe4d080d,Western,Ngororero,HINDIRO,Marantima,Muvugangoma
66d9c3920bc303fcbe4d0817,Western,Ngororero,KABAYA,Busunzu,Gitaba
66d9c3920bc303fcbe4d082d,Western,Ngororero,KABAYA,Mwendo,Butare
66d9c3920bc303fcbe4d0833,Western,Ngororero,KABAYA,Ngoma,Gisebeya
66d9c3920bc303fcbe4d0838,Western,Ngororero,KABAYA,Ngoma,Rukorati
66d9c3920bc303fcbe4d084a,Western,Ngororero,KAGEYO,Mukore,Gaseke
66d9c3920bc303fcbe4d0855,Western,Ngororero,KAGEYO,Nyamata,Kagarama
66d9c3920bc303fcbe4d085b,Western,Ngororero,KAGEYO,Rwamamara,Mubuga
66d9c3920bc303fcbe4d0866,Western,Ngororero,KAVUMU,Murinzi,Cyasenge
66d9c3920bc303fcbe4d0868,Western,Ngororero,KAVUMU,Murinzi,Ntebeyinuma
66d9c3920bc303fcbe4d086f,Western,Ngororero,KAVUMU,Nyamugeyo,Nyabubanda
66d9c3920bc303fcbe4d0875,Western,Ngororero,KAVUMU,Tetero,Bereshi
66d9c3920bc303fcbe4d0813,Western,Ngororero,HINDIRO,Runyinya,Marembo
66d9c3920bc303fcbe4d0819,Western,Ngororero,KABAYA,Busunzu,Kabere
66d9c3920bc303fcbe4d082e,Western,Ngororero,KABAYA,Mwendo,Kabeza
66d9c3920bc303fcbe4d083a,Western,Ngororero,KABAYA,Nyenyeri,Bukonde
66d9c3920bc303fcbe4d083e,Western,Ngororero,KABAYA,Nyenyeri,Kirwa
66d9c3920bc303fcbe4d084b,Western,Ngororero,KAGEYO,Mukore,Gitongo
66d9c3920bc303fcbe4d085c,Western,Ngororero,KAVUMU,Birembo,Buhuma
66d9c3920bc303fcbe4d0860,Western,Ngororero,KAVUMU,Birembo,Rwanamiza
66d9c3920bc303fcbe4d0865,Western,Ngororero,KAVUMU,Gitwa,Nyarukara
66d9c3920bc303fcbe4d0876,Western,Ngororero,KAVUMU,Tetero,Gatsibo
66d9c3920bc303fcbe4d0878,Western,Ngororero,KAVUMU,Tetero,Mizingo
66d9c3920bc303fcbe4d089e,Western,Ngororero,MUHANDA,Gasiza,Rukobora
66d9c3920bc303fcbe4d087e,Western,Ngororero,MATYAZO,Binana,Nyagisozi
66d9c3920bc303fcbe4d0880,Western,Ngororero,MATYAZO,Gitega,Gahanda
66d9c3920bc303fcbe4d0895,Western,Ngororero,MUHANDA,Bugarura,Burorero
66d9c3920bc303fcbe4d08b2,Western,Ngororero,MUHANDA,Ngoma,Ruganda
66d9c3920bc303fcbe4d088b,Western,Ngororero,MATYAZO,Rutare,Kabingo
66d9c3920bc303fcbe4d0893,Western,Ngororero,MATYAZO,Rwamiko,Rwamiko
66d9c3920bc303fcbe4d0897,Western,Ngororero,MUHANDA,Bugarura,Ngando
66d9c3920bc303fcbe4d089b,Western,Ngororero,MUHANDA,Gasiza,Kabeza
66d9c3920bc303fcbe4d089d,Western,Ngororero,MUHANDA,Gasiza,Nyenyeri
66d9c3920bc303fcbe4d08a0,Western,Ngororero,MUHANDA,Gasiza,Rwantobotobo
66d9c3920bc303fcbe4d08af,Western,Ngororero,MUHANDA,Ngoma,Karambi
66d9c3920bc303fcbe4d08b5,Western,Ngororero,MUHANDA,Rutagara,Kabari
66d9c3920bc303fcbe4d0888,Western,Ngororero,MATYAZO,Matare,Munyinya
66d9c3920bc303fcbe4d088d,Western,Ngororero,MATYAZO,Rutare,Ruhurura
66d9c3920bc303fcbe4d088e,Western,Ngororero,MATYAZO,Rutare,Rwamabuye
66d9c3920bc303fcbe4d08a2,Western,Ngororero,MUHANDA,Mashya,Kagano
66d9c3920bc303fcbe4d08a9,Western,Ngororero,MUHANDA,Nganzo,Gisunzu
66d9c3920bc303fcbe4d08cc,Western,Ngororero,MUHORORO,Rugogwe,Kibingo
66d9c3920bc303fcbe4d0932,Western,Ngororero,NYANGE,Nsibo,Muganza
66d9c3920bc303fcbe4d08cd,Western,Ngororero,MUHORORO,Rugogwe,Murambi
66d9c3920bc303fcbe4d08fa,Western,Ngororero,NDARO,Kinyovi,Rusebeya
66d9c3920bc303fcbe4d0901,Western,Ngororero,NGORORERO,Kaseke,Nyamabuye
66d9c3920bc303fcbe4d090c,Western,Ngororero,NGORORERO,Mugano,Mpara
66d9c3920bc303fcbe4d0912,Western,Ngororero,NGORORERO,Nyange,Kabeza
66d9c3920bc303fcbe4d06fc,Western,Nyabihu,Muringa,Nkomane,Kinaba
66d9c3920bc303fcbe4d06fa,Western,Nyabihu,Muringa,Nkomane,Kamajanga
66d9c3920bc303fcbe4d06fb,Western,Nyabihu,Muringa,Nkomane,Kigusa
66d9c3920bc303fcbe4d070d,Western,Nyabihu,Rambura,Birembo,Mariba
66d9c3920bc303fcbe4d071a,Western,Nyabihu,Rambura,Kibisabo,Karambi
66d9c3920bc303fcbe4d071d,Western,Nyabihu,Rambura,Kibisabo,Rwenzo
66d9c3920bc303fcbe4d071f,Western,Nyabihu,Rambura,Mutaho,Bukinanyana
66d9c3920bc303fcbe4d0723,Western,Nyabihu,Rambura,Mutaho,Rusekera
66d9c3920bc303fcbe4d0725,Western,Nyabihu,Rambura,Mutaho,Sukiro
66d9c3920bc303fcbe4d072e,Western,Nyabihu,Rambura,Rugamba,Giharo
66d9c3920bc303fcbe4d072f,Western,Nyabihu,Rambura,Rugamba,Kamiro
66d9c3920bc303fcbe4d0702,Western,Nyabihu,Muringa,Nyamasheke,Nyamasheke
66d9c3920bc303fcbe4d0705,Western,Nyabihu,Muringa,Rwantobo,Karambi
66d9c3920bc303fcbe4d072b,Western,Nyabihu,Rambura,Nyundo,Nyempanika
66d9c3920bc303fcbe4d072d,Western,Nyabihu,Rambura,Nyundo,Rwinkingi
66d9c3920bc303fcbe4d0730,Western,Nyabihu,Rambura,Rugamba,Kibumbiro
66d9c3920bc303fcbe4d0706,Western,Nyabihu,Muringa,Rwantobo,Musenyi
66d9c3920bc303fcbe4d0726,Western,Nyabihu,Rambura,Nyundo,Gasiza
66d9c3920bc303fcbe4d0736,Western,Nyabihu,Rugera,Gakoro,Mubuga
66d9c3920bc303fcbe4d0716,Western,Nyabihu,Rambura,Guriro,Rusogo
66d9c3920bc303fcbe4d0741,Western,Nyabihu,Rugera,Marangara,Rwangege
66d9c3920bc303fcbe4d0746,Western,Nyabihu,Rugera,Nyagahondo,Muhare
66d9c3920bc303fcbe4d074a,Western,Nyabihu,Rugera,Nyarutembe,Gatyazo
66d9c3920bc303fcbe4d073c,Western,Nyabihu,Rugera,Marangara,Gasiza
66d9c3920bc303fcbe4d073d,Western,Nyabihu,Rugera,Marangara,Giko
66d9c3920bc303fcbe4d0755,Western,Nyabihu,Rugera,Rurembo,Gahama
66d9c3920bc303fcbe4d075a,Western,Nyabihu,Rugera,Tyazo,Harabana
66d9c3920bc303fcbe4d075e,Western,Nyabihu,Rugera,Tyazo,Mucaca
66d9c3920bc303fcbe4d0763,Western,Nyabihu,Rurembo,Gahondo,Gitega
66d9c3920bc303fcbe4d0767,Western,Nyabihu,Rurembo,Gahondo,Murungu
66d9c3920bc303fcbe4d076c,Western,Nyabihu,Rurembo,Gitega,Cyanika
66d9c3920bc303fcbe4d0771,Western,Nyabihu,Rurembo,Gitega,Rurambo
66d9c3920bc303fcbe4d0777,Western,Nyabihu,Rurembo,Kirimbogo,Karuhara
66d9c3920bc303fcbe4d0749,Western,Nyabihu,Rugera,Nyagahondo,Nganzo
66d9c3920bc303fcbe4d0764,Western,Nyabihu,Rurembo,Gahondo,Kamahwera
66d9c3920bc303fcbe4d0761,Western,Nyabihu,Rurembo,Gahondo,Bihira
66d9c3920bc303fcbe4d076d,Western,Nyabihu,Rurembo,Gitega,Cyivugiza
66d9c3920bc303fcbe4d078d,Western,Nyabihu,Rurembo,Mwana,Nyagahangara
66d9c3920bc303fcbe4d0792,Western,Nyabihu,Rurembo,Rwaza,Kamenyo Ii
66d9c3920bc303fcbe4d07a4,Western,Nyabihu,Shyira,Kanyamitana,Kazirankara
66d9c3920bc303fcbe4d07a5,Western,Nyabihu,Shyira,Kanyamitana,Kibuye
66d9c3920bc303fcbe4d07b0,Western,Nyabihu,Shyira,Mpinga,Mukaka
66d9c3920bc303fcbe4d0780,Western,Nyabihu,Rurembo,Murambi,Karuhindu
66d9c3920bc303fcbe4d079b,Western,Nyabihu,Rurembo,Rwaza,Rugote
66d9c3920bc303fcbe4d07ac,Western,Nyabihu,Shyira,Kintarure,Munanira
66d9c3920bc303fcbe4d079e,Western,Nyabihu,Shyira,Cyimanzovu,Bihembe
66d9c3920bc303fcbe4d077c,Western,Nyabihu,Rurembo,Murambi,Gahondo
66d9c3920bc303fcbe4d078e,Western,Nyabihu,Rurembo,Rwaza,Gatobo
66d9c3920bc303fcbe4d07a9,Western,Nyabihu,Shyira,Kintarure,Kabagabo
66d9c3920bc303fcbe4d07b4,Western,Nyabihu,Shyira,Mutanda,Kidandari
66d9c3920bc303fcbe4d07ba,Western,Nyabihu,Shyira,Shaki,Kirwa
66d9c3920bc303fcbe4d07d0,Western,Ngororero,BWIRA,Ruhindage,Kabirizi
66d9c3920bc303fcbe4d07e0,Western,Ngororero,GATUMBA,Gatsibo,Shyogi
66d9c3920bc303fcbe4d07e6,Western,Ngororero,GATUMBA,Kamasiga,Nyenyeri
66d9c3920bc303fcbe4d07f7,Western,Ngororero,GATUMBA,Rusumo,Rusumo
66d9c3920bc303fcbe4d07bf,Western,Ngororero,BWIRA,Bungwe,Nkuri
66d9c3920bc303fcbe4d07c3,Western,Ngororero,BWIRA,Cyahafi,Cyahafi
66d9c3920bc303fcbe4d07d8,Western,Ngororero,GATUMBA,Cyome,Ruvumu
66d9c3920bc303fcbe4d07da,Western,Ngororero,GATUMBA,Gatsibo,Gasave
66d9c3920bc303fcbe4d07db,Western,Ngororero,GATUMBA,Gatsibo,Gatongo
66d9c3920bc303fcbe4d07dc,Western,Ngororero,GATUMBA,Gatsibo,Gatsibo
66d9c3920bc303fcbe4d07de,Western,Ngororero,GATUMBA,Gatsibo,Kimirama
66d9c3920bc303fcbe4d07ea,Western,Ngororero,GATUMBA,Karambo,Karehe
66d9c3920bc303fcbe4d07ec,Western,Ngororero,GATUMBA,Karambo,Nteko
66d9c3920bc303fcbe4d07ee,Western,Ngororero,GATUMBA,Ruhanga,Butare
66d9c3920bc303fcbe4d07bc,Western,Nyabihu,Shyira,Shaki,Rutoyi
66d9c3920bc303fcbe4d07c1,Western,Ngororero,BWIRA,Bungwe,Rutoyi
66d9c3920bc303fcbe4d07ef,Western,Ngororero,GATUMBA,Ruhanga,Gasagara
66d9c3920bc303fcbe4d0811,Western,Ngororero,HINDIRO,Rugendabari,Mituga
66d9c3920bc303fcbe4d0816,Western,Ngororero,HINDIRO,Runyinya,Rwamiko
66d9c3920bc303fcbe4d081a,Western,Ngororero,KABAYA,Busunzu,Kabuganza
66d9c3920bc303fcbe4d0821,Western,Ngororero,KABAYA,Gaseke,Nyamugari
66d9c3920bc303fcbe4d0832,Western,Ngororero,KABAYA,Mwendo,Rubambiro
66d9c3920bc303fcbe4d083c,Western,Ngororero,KABAYA,Nyenyeri,Kabasare
66d9c3920bc303fcbe4d0847,Western,Ngororero,KAGEYO,Kirwa,Gihonga
66d9c3920bc303fcbe4d0874,Western,Ngororero,KAVUMU,Rugeshi,Mwiyanike
66d9c3920bc303fcbe4d07f8,Western,Ngororero,HINDIRO,Gatare,Buyungu
66d9c3920bc303fcbe4d07f9,Western,Ngororero,HINDIRO,Gatare,Kigarama
66d9c3920bc303fcbe4d07fc,Western,Ngororero,HINDIRO,Gatega,Cyahafi
66d9c3920bc303fcbe4d0801,Western,Ngororero,HINDIRO,Gatega,Kabenge
66d9c3920bc303fcbe4d080f,Western,Ngororero,HINDIRO,Rugendabari,Kabuga
66d9c3920bc303fcbe4d0815,Western,Ngororero,HINDIRO,Runyinya,Rugarambiro
66d9c3920bc303fcbe4d0822,Western,Ngororero,KABAYA,Gaseke,Nyamweru
66d9c3920bc303fcbe4d0826,Western,Ngororero,KABAYA,Kabaya,Kiyovu
66d9c3920bc303fcbe4d0827,Western,Ngororero,KABAYA,Kabaya,Migongo
66d9c3920bc303fcbe4d0830,Western,Ngororero,KABAYA,Mwendo,Merabuye
66d9c3920bc303fcbe4d0834,Western,Ngororero,KABAYA,Ngoma,Gitumba
66d9c3920bc303fcbe4d083b,Western,Ngororero,KABAYA,Nyenyeri,Gashyitsi
66d9c3920bc303fcbe4d083d,Western,Ngororero,KABAYA,Nyenyeri,Kimiramba
66d9c3920bc303fcbe4d0844,Western,Ngororero,KAGEYO,Kageshi,Mukaka
66d9c3920bc303fcbe4d0848,Western,Ngororero,KAGEYO,Kirwa,Kabagari
66d9c3920bc303fcbe4d084f,Western,Ngororero,KAGEYO,Muramba,Gashinge
66d9c3920bc303fcbe4d0867,Western,Ngororero,KAVUMU,Murinzi,Gasibya
66d9c3920bc303fcbe4d086b,Western,Ngororero,KAVUMU,Nyamugeyo,Gatovu
66d9c3920bc303fcbe4d0873,Western,Ngororero,KAVUMU,Rugeshi,Karambi
66d9c3920bc303fcbe4d07fa,Western,Ngororero,HINDIRO,Gatare,Muhororo
66d9c3920bc303fcbe4d0818,Western,Ngororero,KABAYA,Busunzu,Kabarenzi
66d9c3920bc303fcbe4d0861,Western,Ngororero,KAVUMU,Gitwa,Biraro
66d9c3920bc303fcbe4d086c,Western,Ngororero,KAVUMU,Nyamugeyo,Kabere
66d9c3920bc303fcbe4d0877,Western,Ngororero,KAVUMU,Tetero,Kasumo
66d9c3920bc303fcbe4d0828,Western,Ngororero,KABAYA,Kabaya,Nyanza
66d9c3920bc303fcbe4d082a,Western,Ngororero,KABAYA,Kabaya,Rurembo
66d9c3920bc303fcbe4d083f,Western,Ngororero,KABAYA,Nyenyeri,Nyamugari
66d9c3920bc303fcbe4d0841,Western,Ngororero,KAGEYO,Kageshi,Cyungo
66d9c3920bc303fcbe4d0894,Western,Ngororero,MUHANDA,Bugarura,Bugarura
66d9c3920bc303fcbe4d0896,Western,Ngororero,MUHANDA,Bugarura,Gatomvu
66d9c3920bc303fcbe4d08aa,Western,Ngororero,MUHANDA,Nganzo,Misemburo
66d9c3920bc303fcbe4d087b,Western,Ngororero,MATYAZO,Binana,Kabuye
66d9c3920bc303fcbe4d087d,Western,Ngororero,MATYAZO,Binana,Kavumu
66d9c3920bc303fcbe4d087f,Western,Ngororero,MATYAZO,Gitega,Barama
66d9c3920bc303fcbe4d0883,Western,Ngororero,MATYAZO,Gitega,Kabara
66d9c3920bc303fcbe4d0885,Western,Ngororero,MATYAZO,Matare,Gako
66d9c3920bc303fcbe4d0886,Western,Ngororero,MATYAZO,Matare,Gitega
66d9c3920bc303fcbe4d088f,Western,Ngororero,MATYAZO,Rutare,Shori
66d9c3920bc303fcbe4d0890,Western,Ngororero,MATYAZO,Rwamiko,Butare
66d9c3920bc303fcbe4d08b6,Western,Ngororero,MUHANDA,Rutagara,Kamashya
66d9c3920bc303fcbe4d0887,Western,Ngororero,MATYAZO,Matare,Kamasorori
66d9c3920bc303fcbe4d088c,Western,Ngororero,MATYAZO,Rutare,Nyakiliba
66d9c3920bc303fcbe4d08a4,Western,Ngororero,MUHANDA,Mashya,Kazuba
66d9c3920bc303fcbe4d08c0,Western,Ngororero,MUHORORO,Bweramana,Ruhanga
66d9c3920bc303fcbe4d08c7,Western,Ngororero,MUHORORO,Mubuga,Nyamirama
66d9c3920bc303fcbe4d08d1,Western,Ngororero,MUHORORO,Rusororo,Gisovu
66d9c3920bc303fcbe4d08f3,Western,Ngororero,NDARO,Kibanda,Ruhuha
66d9c3920bc303fcbe4d08f8,Western,Ngororero,NDARO,Kinyovi,Giseke
66d9c3920bc303fcbe4d090b,Western,Ngororero,NGORORERO,Mugano,Manogo
66d9c3920bc303fcbe4d0928,Western,Ngororero,NYANGE,Bambiro,Muzi
66d9c3920bc303fcbe4d08de,Western,Ngororero,NDARO,Bijyojyo,Kavumu
66d9c3920bc303fcbe4d08e6,Western,Ngororero,NDARO,Bitabage,Nganzo
66d9c3920bc303fcbe4d08e7,Western,Ngororero,NDARO,Bitabage,Ngugu
66d9c3920bc303fcbe4d08e8,Western,Ngororero,NDARO,Bitabage,Nyamugari
66d9c3920bc303fcbe4d08e9,Western,Ngororero,NDARO,Bitabage,Rwamikeri
66d9c3920bc303fcbe4d08ec,Western,Ngororero,NDARO,Kabageshi,Kandamira
66d9c3920bc303fcbe4d08ef,Western,Ngororero,NDARO,Kibanda,Kamina
66d9c3920bc303fcbe4d0900,Western,Ngororero,NGORORERO,Kaseke,Nyabisindu
66d9c3920bc303fcbe4d0902,Western,Ngororero,NGORORERO,Kaseke,Nyarubari
66d9c3920bc303fcbe4d0903,Western,Ngororero,NGORORERO,Kazabe,Butezi
66d9c3920bc303fcbe4d0906,Western,Ngororero,NGORORERO,Kazabe,Murambi
66d9c3920bc303fcbe4d0909,Western,Ngororero,NGORORERO,Mugano,Kabuga
66d9c3920bc303fcbe4d06f8,Western,Nyabihu,Muringa,Mwiyanike,Ryamwana
66d9c3920bc303fcbe4d06fe,Western,Nyabihu,Muringa,Nkomane,Muremure
66d9c3920bc303fcbe4d0703,Western,Nyabihu,Muringa,Nyamasheke,Rubare
66d9c3920bc303fcbe4d0707,Western,Nyabihu,Muringa,Rwantobo,Ntango
66d9c3920bc303fcbe4d0728,Western,Nyabihu,Rambura,Nyundo,Myumba
66d9c3920bc303fcbe4d0729,Western,Nyabihu,Rambura,Nyundo,Nama
66d9c3920bc303fcbe4d0737,Western,Nyabihu,Rugera,Gakoro,Nyakigezi
66d9c3920bc303fcbe4d0722,Western,Nyabihu,Rambura,Mutaho,Nyiragikokora
66d9c3920bc303fcbe4d0732,Western,Nyabihu,Rambura,Rugamba,Muturirwa
66d9c3920bc303fcbe4d071c,Western,Nyabihu,Rambura,Kibisabo,Nyampuhu
66d9c3920bc303fcbe4d0712,Western,Nyabihu,Rambura,Guriro,Kimisebeya
66d9c3920bc303fcbe4d0742,Western,Nyabihu,Rugera,Marangara,Tetero
66d9c3920bc303fcbe4d0743,Western,Nyabihu,Rugera,Nyagahondo,Buhete
66d9c3920bc303fcbe4d0747,Western,Nyabihu,Rugera,Nyagahondo,Munyinya
66d9c3920bc303fcbe4d0750,Western,Nyabihu,Rugera,Nyarutembe,Mwambi
66d9c3920bc303fcbe4d0758,Western,Nyabihu,Rugera,Rurembo,Karambi
66d9c3920bc303fcbe4d075b,Western,Nyabihu,Rugera,Tyazo,Kabuye
66d9c3920bc303fcbe4d075f,Western,Nyabihu,Rugera,Tyazo,Murengeri
66d9c3920bc303fcbe4d0765,Western,Nyabihu,Rurembo,Gahondo,Kanama
66d9c3920bc303fcbe4d0766,Western,Nyabihu,Rurembo,Gahondo,Kazuba
66d9c3920bc303fcbe4d0768,Western,Nyabihu,Rurembo,Gahondo,Musenyi
66d9c3920bc303fcbe4d076f,Western,Nyabihu,Rurembo,Gitega,Gitega
66d9c3920bc303fcbe4d073e,Western,Nyabihu,Rugera,Marangara,Kabahendanyi
66d9c3920bc303fcbe4d0752,Western,Nyabihu,Rugera,Rurembo,Bihe
66d9c3920bc303fcbe4d0770,Western,Nyabihu,Rurembo,Gitega,Kagusa
66d9c3920bc303fcbe4d074d,Western,Nyabihu,Rugera,Nyarutembe,Kamenyo
66d9c3920bc303fcbe4d0756,Western,Nyabihu,Rugera,Rurembo,Gaseke
66d9c3920bc303fcbe4d0773,Western,Nyabihu,Rurembo,Kirimbogo,Cyinkware
66d9c3920bc303fcbe4d0776,Western,Nyabihu,Rurembo,Kirimbogo,Gasenyi
66d9c3920bc303fcbe4d0779,Western,Nyabihu,Rurembo,Kirimbogo,Nturo
66d9c3920bc303fcbe4d0785,Western,Nyabihu,Rurembo,Murambi,Rubavu
66d9c3920bc303fcbe4d0795,Western,Nyabihu,Rurembo,Rwaza,Musekera
66d9c3920bc303fcbe4d0797,Western,Nyabihu,Rurembo,Rwaza,Musezero
66d9c3920bc303fcbe4d07a6,Western,Nyabihu,Shyira,Kanyamitana,Kigabiro
66d9c3920bc303fcbe4d077d,Western,Nyabihu,Rurembo,Murambi,Gisoro
66d9c3920bc303fcbe4d0781,Western,Nyabihu,Rurembo,Murambi,Kidomo
66d9c3920bc303fcbe4d0791,Western,Nyabihu,Rurembo,Rwaza,Kamenyo I
66d9c3920bc303fcbe4d07af,Western,Nyabihu,Shyira,Mpinga,Kagongo
66d9c3920bc303fcbe4d0783,Western,Nyabihu,Rurembo,Murambi,Muremure
66d9c3920bc303fcbe4d0798,Western,Nyabihu,Rurembo,Rwaza,Muturagara
66d9c3920bc303fcbe4d077a,Western,Nyabihu,Rurembo,Kirimbogo,Nturoy Inkoko
66d9c3920bc303fcbe4d077b,Western,Nyabihu,Rurembo,Murambi,Bugeshi
66d9c3920bc303fcbe4d0786,Western,Nyabihu,Rurembo,Murambi,Rubona I
66d9c3920bc303fcbe4d0789,Western,Nyabihu,Rurembo,Mwana,Karukungu
66d9c3920bc303fcbe4d078a,Western,Nyabihu,Rurembo,Mwana,Murama
66d9c3920bc303fcbe4d078f,Western,Nyabihu,Rurembo,Rwaza,Gifunzo
66d9c3920bc303fcbe4d0790,Western,Nyabihu,Rurembo,Rwaza,Kabutozi
66d9c3920bc303fcbe4d0796,Western,Nyabihu,Rurembo,Rwaza,Musenyi
66d9c3920bc303fcbe4d0799,Western,Nyabihu,Rurembo,Rwaza,Rubona Ii
66d9c3920bc303fcbe4d07a1,Western,Nyabihu,Shyira,Cyimanzovu,Mugwato
66d9c3920bc303fcbe4d07a7,Western,Nyabihu,Shyira,Kanyamitana,Mataba
66d9c3920bc303fcbe4d07ad,Western,Nyabihu,Shyira,Kintarure,Remera
66d9c3920bc303fcbe4d07ae,Western,Nyabihu,Shyira,Mpinga,Gacurabwenge
66d9c3920bc303fcbe4d07b8,Western,Nyabihu,Shyira,Shaki,Kabuga
66d9c3920bc303fcbe4d07be,Western,Ngororero,BWIRA,Bungwe,Kirwa
66d9c3920bc303fcbe4d07ca,Western,Ngororero,BWIRA,Gashubi,Rwamakara
66d9c3920bc303fcbe4d07df,Western,Ngororero,GATUMBA,Gatsibo,Rutabataba
66d9c3920bc303fcbe4d07e3,Western,Ngororero,GATUMBA,Kamasiga,Karehe
66d9c3920bc303fcbe4d07e4,Western,Ngororero,GATUMBA,Kamasiga,Kavumu
66d9c3920bc303fcbe4d07c7,Western,Ngororero,BWIRA,Gashubi,Gitonde
66d9c3920bc303fcbe4d07c8,Western,Ngororero,BWIRA,Gashubi,Rugeshi
66d9c3920bc303fcbe4d07d3,Western,Ngororero,BWIRA,Ruhindage,Nyabitare
66d9c3920bc303fcbe4d07e9,Western,Ngororero,GATUMBA,Karambo,Kabarore
66d9c3920bc303fcbe4d07f4,Western,Ngororero,GATUMBA,Rusumo,Kagarama
66d9c3920bc303fcbe4d07f5,Western,Ngororero,GATUMBA,Rusumo,Mataba
66d9c3920bc303fcbe4d07ce,Western,Ngororero,BWIRA,Kabarondo,Mukingi
66d9c3920bc303fcbe4d07bb,Western,Nyabihu,Shyira,Shaki,Kiyovu
66d9c3920bc303fcbe4d07c6,Western,Ngororero,BWIRA,Gashubi,Gasasa
66d9c3920bc303fcbe4d07cf,Western,Ngororero,BWIRA,Kabarondo,Nyakarambi
66d9c3920bc303fcbe4d07e5,Western,Ngororero,GATUMBA,Kamasiga,Nsyabire
66d9c3920bc303fcbe4d07f0,Western,Ngororero,GATUMBA,Ruhanga,Jimbu
66d9c3920bc303fcbe4d07f1,Western,Ngororero,GATUMBA,Ruhanga,Kabeza
66d9c3920bc303fcbe4d07fd,Western,Ngororero,HINDIRO,Gatega,Gapfura
66d9c3920bc303fcbe4d080e,Western,Ngororero,HINDIRO,Marantima,Rugarika
66d9c3920bc303fcbe4d0814,Western,Ngororero,HINDIRO,Runyinya,Murambi
66d9c3920bc303fcbe4d081e,Western,Ngororero,KABAYA,Gaseke,Mitabo
66d9c3920bc303fcbe4d0820,Western,Ngororero,KABAYA,Gaseke,Muturagara
66d9c3920bc303fcbe4d0842,Western,Ngororero,KAGEYO,Kageshi,Kantara
66d9c3920bc303fcbe4d0845,Western,Ngororero,KAGEYO,Kageshi,Ruganda
66d9c3920bc303fcbe4d084c,Western,Ngororero,KAGEYO,Mukore,Kabuhake
66d9c3920bc303fcbe4d0850,Western,Ngororero,KAGEYO,Muramba,Kabyaza
66d9c3920bc303fcbe4d0852,Western,Ngororero,KAGEYO,Muramba,Rurambo
66d9c3920bc303fcbe4d0856,Western,Ngororero,KAGEYO,Nyamata,Kibanda
66d9c3920bc303fcbe4d0859,Western,Ngororero,KAGEYO,Rwamamara,Gasiza
66d9c3920bc303fcbe4d085a,Western,Ngororero,KAGEYO,Rwamamara,Giseke
66d9c3920bc303fcbe4d085e,Western,Ngororero,KAVUMU,Birembo,Kantobo
66d9c3920bc303fcbe4d086e,Western,Ngororero,KAVUMU,Nyamugeyo,Murimba
66d9c3920bc303fcbe4d0871,Western,Ngororero,KAVUMU,Rugeshi,Gasumo
66d9c3920bc303fcbe4d0806,Western,Ngororero,HINDIRO,Kajinge,Kamana
66d9c3920bc303fcbe4d080c,Western,Ngororero,HINDIRO,Marantima,Munyegera
66d9c3920bc303fcbe4d081d,Western,Ngororero,KABAYA,Gaseke,Mbandari
66d9c3920bc303fcbe4d0823,Western,Ngororero,KABAYA,Gaseke,Rugari
66d9c3920bc303fcbe4d082f,Western,Ngororero,KABAYA,Mwendo,Karambi
66d9c3920bc303fcbe4d0839,Western,Ngororero,KABAYA,Ngoma,Rutoyi
66d9c3920bc303fcbe4d0854,Western,Ngororero,KAGEYO,Nyamata,Kabuga
66d9c3920bc303fcbe4d086a,Western,Ngororero,KAVUMU,Murinzi,Ruhurura
66d9c3920bc303fcbe4d07fb,Western,Ngororero,HINDIRO,Gatare,Nyagasozi
66d9c3920bc303fcbe4d081c,Western,Ngororero,KABAYA,Busunzu,Kinyamiyaga
66d9c3920bc303fcbe4d0804,Western,Ngororero,HINDIRO,Gatega,Sereri
66d9c3920bc303fcbe4d0810,Western,Ngororero,HINDIRO,Rugendabari,Kamonyi
66d9c3920bc303fcbe4d0843,Western,Ngororero,KAGEYO,Kageshi,Kariha
66d9c3920bc303fcbe4d087a,Western,Ngororero,MATYAZO,Binana,Busoro
66d9c3920bc303fcbe4d0881,Western,Ngororero,MATYAZO,Gitega,Gasayo
66d9c3920bc303fcbe4d0889,Western,Ngororero,MATYAZO,Matare,Mwumba
66d9c3920bc303fcbe4d0892,Western,Ngororero,MATYAZO,Rwamiko,Rusororo
66d9c3920bc303fcbe4d08a1,Western,Ngororero,MUHANDA,Mashya,Byerezo
66d9c3920bc303fcbe4d08a3,Western,Ngororero,MUHANDA,Mashya,Karuhindura
66d9c3920bc303fcbe4d08a5,Western,Ngororero,MUHANDA,Mashya,Maryoha
66d9c3920bc303fcbe4d08a6,Western,Ngororero,MUHANDA,Mashya,Rubaya
66d9c3920bc303fcbe4d08a7,Western,Ngororero,MUHANDA,Nganzo,Gisebeya
66d9c3920bc303fcbe4d08a8,Western,Ngororero,MUHANDA,Nganzo,Gisiza
66d9c3920bc303fcbe4d08b4,Western,Ngororero,MUHANDA,Rutagara,Gaseke
66d9c3920bc303fcbe4d0879,Western,Ngororero,KAVUMU,Tetero,Ruherahere
66d9c3920bc303fcbe4d088a,Western,Ngororero,MATYAZO,Matare,Nyenyeri
66d9c3920bc303fcbe4d089a,Western,Ngororero,MUHANDA,Gasiza,Gasiza
66d9c3920bc303fcbe4d08b9,Western,Ngororero,MUHANDA,Rutagara,Nyanshundura
66d9c3920bc303fcbe4d08c2,Western,Ngororero,MUHORORO,Mubuga,Gashonyi
66d9c3920bc303fcbe4d08cb,Western,Ngororero,MUHORORO,Rugogwe,Butinza
66d9c3920bc303fcbe4d08d5,Western,Ngororero,MUHORORO,Sanza,Gashyushya
66d9c3920bc303fcbe4d08db,Western,Ngororero,NDARO,Bijyojyo,Birima
66d9c3920bc303fcbe4d08e3,Western,Ngororero,NDARO,Bitabage,Gituza
66d9c3920bc303fcbe4d08f7,Western,Ngororero,NDARO,Kinyovi,Gahunga
66d9c3920bc303fcbe4d08f9,Western,Ngororero,NDARO,Kinyovi,Rugeyo
66d9c3920bc303fcbe4d08ff,Western,Ngororero,NGORORERO,Kaseke,Kanyinya
66d9c3920bc303fcbe4d0908,Western,Ngororero,NGORORERO,Mugano,Gashinya
66d9c3920bc303fcbe4d0916,Western,Ngororero,NGORORERO,Nyange,Nyange
66d9c3920bc303fcbe4d092c,Western,Ngororero,NYANGE,Gaseke,Dutwe
66d9c3920bc303fcbe4d0935,Western,Ngororero,NYANGE,Nsibo,Nyarusange
66d9c3920bc303fcbe4d08d4,Western,Ngororero,MUHORORO,Rusororo,Ryabadanga
66d9c3920bc303fcbe4d08d6,Western,Ngororero,MUHORORO,Sanza,Kansi
66d9c3920bc303fcbe4d08f1,Western,Ngororero,NDARO,Kibanda,Kimirehe
66d9c3920bc303fcbe4d08fc,Western,Ngororero,NGORORERO,Kaseke,Gatare
66d9c3920bc303fcbe4d090f,Western,Ngororero,NGORORERO,Mugano,Ruhuha
66d9c3920bc303fcbe4d08bd,Western,Ngororero,MUHORORO,Bweramana,Gasave
66d9c3920bc303fcbe4d08c6,Western,Ngororero,MUHORORO,Mubuga,Nyabigogoro
66d9c3920bc303fcbe4d08ee,Western,Ngororero,NDARO,Kabageshi,Ruhanga
66d9c3920bc303fcbe4d090d,Western,Ngororero,NGORORERO,Mugano,Nyabisindu
66d9c3920bc303fcbe4d0922,Western,Ngororero,NGORORERO,Torero,Nyamabuye
66d9c3920bc303fcbe4d0933,Western,Ngororero,NYANGE,Nsibo,Murambi
66d9c3920bc303fcbe4d08be,Western,Ngororero,MUHORORO,Bweramana,Musanzubize
66d9c3920bc303fcbe4d08c1,Western,Ngororero,MUHORORO,Mubuga,Burengo
66d9c3920bc303fcbe4d08c5,Western,Ngororero,MUHORORO,Mubuga,Murambi
66d9c3920bc303fcbe4d08c8,Western,Ngororero,MUHORORO,Myiha,Kabyiniro
66d9c3920bc303fcbe4d08d7,Western,Ngororero,MUHORORO,Sanza,Mubuga
66d9c3920bc303fcbe4d08dc,Western,Ngororero,NDARO,Bijyojyo,Cyajongo
66d9c3920bc303fcbe4d08df,Western,Ngororero,NDARO,Bijyojyo,Kibuga
66d9c3920bc303fcbe4d08e0,Western,Ngororero,NDARO,Bijyojyo,Runyoni
66d9c3920bc303fcbe4d08e2,Western,Ngororero,NDARO,Bitabage,Gasharu
66d9c3920bc303fcbe4d08e4,Western,Ngororero,NDARO,Bitabage,Kamuyobora
66d9c3920bc303fcbe4d08e5,Western,Ngororero,NDARO,Bitabage,Kinga
66d9c3920bc303fcbe4d08f0,Western,Ngororero,NDARO,Kibanda,Kideberi
66d9c3920bc303fcbe4d08fb,Western,Ngororero,NGORORERO,Kaseke,Cyandago
66d9c3920bc303fcbe4d0905,Western,Ngororero,NGORORERO,Kazabe,Kazabe
66d9c3920bc303fcbe4d0910,Western,Ngororero,NGORORERO,Nyange,Gatare
66d9c3920bc303fcbe4d0917,Western,Ngororero,NGORORERO,Nyange,Turamigina
66d9c3920bc303fcbe4d0923,Western,Ngororero,NGORORERO,Torero,Nyamiyaga
66d9c3920bc303fcbe4d092e,Western,Ngororero,NYANGE,Gaseke,Giko
66d9c3920bc303fcbe4d0942,Western,Ngororero,SOVU,Birembo,Muyange
66d9c3920bc303fcbe4d0947,Western,Ngororero,SOVU,Kagano,Ndagarago
66d9c3920bc303fcbe4d094c,Western,Ngororero,SOVU,Kanyana,Gashihe
66d9c3920bc303fcbe4d094d,Western,Ngororero,SOVU,Kanyana,Mugobati
66d9c3920bc303fcbe4d0963,Western,Rusizi,Bugarama,Nyange,Kabeza
66d9c3920bc303fcbe4d0977,Western,Rusizi,Bugarama,Pera,Mwaro
66d9c3920bc303fcbe4d09bc,Western,Rusizi,Bweyeye,Rasano,Runyovu
66d9c3920bc303fcbe4d09c0,Western,Rusizi,Gashonga,Buhokoro,Busekera
66d9c3920bc303fcbe4d09d0,Western,Rusizi,Gashonga,Kamurehe,Mashya
66d9c3920bc303fcbe4d09d2,Western,Rusizi,Gashonga,Kamurehe,Nyabihanga
66d9c3920bc303fcbe4d09f8,Western,Rusizi,Giheke,Kigenge,Gahinga
66d9c3920bc303fcbe4d09f9,Western,Rusizi,Giheke,Kigenge,Gahurubuka
66d9c3920bc303fcbe4d0a01,Western,Rusizi,Giheke,Ntura,Ntura
66d9c3920bc303fcbe4d0a0c,Western,Rusizi,Gihundwe,Burunga,Cyunyu
66d9c3920bc303fcbe4d0a11,Western,Rusizi,Gihundwe,Burunga,Karitasi
66d9c3920bc303fcbe4d0a2c,Western,Rusizi,Gihundwe,Shagasha,Kanoga
66d9c3920bc303fcbe4d0a33,Western,Rusizi,Gikundamvura,Kizura,Ituze
66d9c3920bc303fcbe4d094a,Western,Ngororero,SOVU,Kanyana,Bitaba
66d9c3920bc303fcbe4d09b0,Western,Rusizi,Bweyeye,Kiyabo,Rutobo
66d9c3920bc303fcbe4d09bf,Western,Rusizi,Gashonga,Birembo,Rurama
66d9c3920bc303fcbe4d09f0,Western,Rusizi,Giheke,Giheke,Murambi
66d9c3920bc303fcbe4d0a47,Western,Rusizi,Gikundamvura,Nyamigina,Binyaburanga
66d9c3920bc303fcbe4d0a69,Western,Rusizi,Kamembe,Cyangugu,Gatovu
66d9c3920bc303fcbe4d0a6e,Western,Rusizi,Kamembe,Cyangugu,Ngoma
66d9c3920bc303fcbe4d0a70,Western,Rusizi,Kamembe,Gihundwe,Batero
66d9c3920bc303fcbe4d0a7a,Western,Rusizi,Kamembe,Kamashangi,Kannyogo
66d9c3920bc303fcbe4d0a9c,Western,Rusizi,Muganza,Gakoni,Sano
66d9c3920bc303fcbe4d0aab,Western,Rusizi,Mururu,Gahinga,Gipfura
66d9c3920bc303fcbe4d0abe,Western,Rusizi,Mururu,Miko,Kabageni
66d9c3920bc303fcbe4d0acd,Western,Rusizi,Nkanka,Gitwa,Muhonga
66d9c3920bc303fcbe4d0ada,Western,Rusizi,Nkanka,Kinyaga,Kabutimbiri
66d9c3920bc303fcbe4d0a48,Western,Rusizi,Gikundamvura,Nyamigina,Buhinga
66d9c3920bc303fcbe4d0a97,Western,Rusizi,Muganza,Gakoni,Muhuta
66d9c3920bc303fcbe4d0aa3,Western,Rusizi,Muganza,Shara,Nyabishunju
66d9c3920bc303fcbe4d0ab7,Western,Rusizi,Mururu,Kagarama,Cyete
66d9c3920bc303fcbe4d0ad3,Western,Rusizi,Nkanka,Kamanyenga,Nyabiranga
66d9c3920bc303fcbe4d0949,Western,Ngororero,SOVU,Kagano,Rusenge
66d9c3920bc303fcbe4d0954,Western,Ngororero,SOVU,Musenyi,Rubindi
66d9c3920bc303fcbe4d0990,Western,Rusizi,Butare,Gatereri,Kareba
66d9c3920bc303fcbe4d09c3,Western,Rusizi,Gashonga,Buhokoro,Kabahizi
66d9c3920bc303fcbe4d0920,Western,Ngororero,NGORORERO,Torero,Karera
66d9c3920bc303fcbe4d0931,Western,Ngororero,NYANGE,Nsibo,Kanyinya
66d9c3920bc303fcbe4d0937,Western,Ngororero,NYANGE,Nsibo,Zegenya
66d9c3920bc303fcbe4d08c9,Western,Ngororero,MUHORORO,Myiha,Myiha
66d9c3920bc303fcbe4d08f4,Western,Ngororero,NDARO,Kibanda,Rutambiro
66d9c3920bc303fcbe4d08fd,Western,Ngororero,NGORORERO,Kaseke,Kabeza
66d9c3920bc303fcbe4d08d2,Western,Ngororero,MUHORORO,Rusororo,Kagunga
66d9c3920bc303fcbe4d08d3,Western,Ngororero,MUHORORO,Rusororo,Rongi
66d9c3920bc303fcbe4d08d8,Western,Ngororero,MUHORORO,Sanza,Nyaruhondo
66d9c3920bc303fcbe4d091c,Western,Ngororero,NGORORERO,Rususa,Rukaragata
66d9c3920bc303fcbe4d0921,Western,Ngororero,NGORORERO,Torero,Nyakariba
66d9c3920bc303fcbe4d092d,Western,Ngororero,NYANGE,Gaseke,Gaseke
66d9c3920bc303fcbe4d093b,Western,Ngororero,NYANGE,Vuganyana,Kazenga
66d9c3920bc303fcbe4d0940,Western,Ngororero,SOVU,Birembo,Kabayengo
66d9c3920bc303fcbe4d094e,Western,Ngororero,SOVU,Kanyana,Ruganda
66d9c3920bc303fcbe4d095a,Western,Ngororero,SOVU,Rutovu,Gasiza
66d9c3920bc303fcbe4d095e,Western,Ngororero,SOVU,Rutovu,Ngugu
66d9c3920bc303fcbe4d0962,Western,Rusizi,Bugarama,Nyange,Gatebe
66d9c3920bc303fcbe4d096b,Western,Rusizi,Bugarama,Nyange,Rubumba
66d9c3920bc303fcbe4d096d,Western,Rusizi,Bugarama,Pera,Buhanga
66d9c3920bc303fcbe4d0975,Western,Rusizi,Bugarama,Pera,Murambi
66d9c3920bc303fcbe4d0976,Western,Rusizi,Bugarama,Pera,Murwa
66d9c3920bc303fcbe4d097b,Western,Rusizi,Bugarama,Ryankana,Kabuga
66d9c3920bc303fcbe4d097e,Western,Rusizi,Bugarama,Ryankana,Mahoro
66d9c3920bc303fcbe4d0994,Western,Rusizi,Butare,Gatereri,Nyambeho
66d9c3920bc303fcbe4d09a8,Western,Rusizi,Bweyeye,Gikungu,Rwamagare
66d9c3920bc303fcbe4d09a9,Western,Rusizi,Bweyeye,Kiyabo,Bunyagiro
66d9c3920bc303fcbe4d09aa,Western,Rusizi,Bweyeye,Kiyabo,Matyazo
66d9c3920bc303fcbe4d09b3,Western,Rusizi,Bweyeye,Nyamuzi,Gakopfo
66d9c3920bc303fcbe4d09b5,Western,Rusizi,Bweyeye,Nyamuzi,Muhiza
66d9c3920bc303fcbe4d09c1,Western,Rusizi,Gashonga,Buhokoro,Cyimbazi
66d9c3920bc303fcbe4d09c2,Western,Rusizi,Gashonga,Buhokoro,Gahinga
66d9c3920bc303fcbe4d09c7,Western,Rusizi,Gashonga,Kabakobwa,Rango
66d9c3920bc303fcbe4d09cb,Western,Rusizi,Gashonga,Kacyuma,Rango
66d9c3920bc303fcbe4d09e1,Western,Rusizi,Gashonga,Rusayo,Kibombwe
66d9c3920bc303fcbe4d09e2,Western,Rusizi,Gashonga,Rusayo,Kiremereye
66d9c3920bc303fcbe4d0a02,Western,Rusizi,Giheke,Ntura,Rebero
66d9c3920bc303fcbe4d0a19,Western,Rusizi,Gihundwe,Gatsiro,Rwahi
66d9c3920bc303fcbe4d0a38,Western,Rusizi,Gikundamvura,Kizura,Rukuraza
66d9c3920bc303fcbe4d0a3d,Western,Rusizi,Gikundamvura,Mpinga,Gihomba
66d9c3920bc303fcbe4d0957,Western,Ngororero,SOVU,Nyabipfura,Migendezo
66d9c3920bc303fcbe4d095d,Western,Ngororero,SOVU,Rutovu,Ngaza
66d9c3920bc303fcbe4d0973,Western,Rusizi,Bugarama,Pera,Kiyovu
66d9c3920bc303fcbe4d0974,Western,Rusizi,Bugarama,Pera,Majyambere
66d9c3920bc303fcbe4d0978,Western,Rusizi,Bugarama,Pera,Pera
66d9c3920bc303fcbe4d0988,Western,Rusizi,Butare,Butanda,Murambi
66d9c3920bc303fcbe4d0993,Western,Rusizi,Butare,Gatereri,Nyakibanda
66d9c3920bc303fcbe4d0999,Western,Rusizi,Butare,Nyamihanda,Munkamba
66d9c3920bc303fcbe4d09a5,Western,Rusizi,Butare,Rwambogo,Nyaruteja
66d9c3920bc303fcbe4d09c6,Western,Rusizi,Gashonga,Kabakobwa,Munini
66d9c3920bc303fcbe4d09ec,Western,Rusizi,Giheke,Gakomeye,Kabuga
66d9c3920bc303fcbe4d09ee,Western,Rusizi,Giheke,Gakomeye,Ruvumbu
66d9c3920bc303fcbe4d09f7,Western,Rusizi,Giheke,Kamashangi,Rukombe
66d9c3920bc303fcbe4d09fd,Western,Rusizi,Giheke,Ntura,Kabyuma
66d9c3920bc303fcbe4d0a1b,Western,Rusizi,Gihundwe,Gihaya,Budorozo
66d9c3920bc303fcbe4d0a21,Western,Rusizi,Gihundwe,Kagara,Rubenga Ii
66d9c3920bc303fcbe4d0a41,Western,Rusizi,Gikundamvura,Mpinga,Matyazo
66d9c3920bc303fcbe4d0a5a,Western,Rusizi,Gitambi,Gahungeri,Nyakibingo
66d9c3920bc303fcbe4d0a66,Western,Rusizi,Gitambi,Mashesha,Karama
66d9c3920bc303fcbe4d0a6a,Western,Rusizi,Kamembe,Cyangugu,Karambo
66d9c3920bc303fcbe4d0a71,Western,Rusizi,Kamembe,Gihundwe,Burunga
66d9c3920bc303fcbe4d0a73,Western,Rusizi,Kamembe,Gihundwe,Munyinya
66d9c3920bc303fcbe4d0a84,Western,Rusizi,Kamembe,Kamurera,Murangi
66d9c3920bc303fcbe4d0a8b,Western,Rusizi,Muganza,Cyarukara,Gisozi
66d9c3920bc303fcbe4d0a8f,Western,Rusizi,Muganza,Cyarukara,Rubumba
66d9c3920bc303fcbe4d0a9b,Western,Rusizi,Muganza,Gakoni,Sanganiro
66d9c3920bc303fcbe4d0ab1,Western,Rusizi,Mururu,Kabahinda,Kabahire
66d9c3920bc303fcbe4d0ab2,Western,Rusizi,Mururu,Kabahinda,Karambo
66d9c3920bc303fcbe4d0abb,Western,Rusizi,Mururu,Karambi,Bugayi
66d9c3920bc303fcbe4d0abc,Western,Rusizi,Mururu,Karambi,Gihango
66d9c3920bc303fcbe4d0ac3,Western,Rusizi,Mururu,Tara,Gatimbwa
66d9c3920bc303fcbe4d0add,Western,Rusizi,Nkanka,Kinyaga,Rugaragara
66d9c3920bc303fcbe4d0ade,Western,Rusizi,Nkanka,Kinyaga,Sumoyamana
66d9c3920bc303fcbe4d0a54,Western,Rusizi,Gitambi,Gahungeri,Kamonyi
66d9c3920bc303fcbe4d0a6f,Western,Rusizi,Kamembe,Cyangugu,Ntwari
66d9c3920bc303fcbe4d0a76,Western,Rusizi,Kamembe,Kamashangi,Amahoro
66d9c3920bc303fcbe4d0a79,Western,Rusizi,Kamembe,Kamashangi,Kadasomwa
66d9c3920bc303fcbe4d0a81,Western,Rusizi,Kamembe,Kamurera,Cyapa
66d9c3920bc303fcbe4d0a9d,Western,Rusizi,Muganza,Gakoni,Umutuzo
66d9c3920bc303fcbe4d0ab8,Western,Rusizi,Mururu,Kagarama,Gikungwe
66d9c3920bc303fcbe4d0ace,Western,Rusizi,Nkanka,Gitwa,Rugarika
66d9c3920bc303fcbe4d09a7,Western,Rusizi,Bweyeye,Gikungu,Kibonajoro
66d9c3920bc303fcbe4d09dd,Western,Rusizi,Gashonga,Muti,Marebe
66d9c3920bc303fcbe4d09ff,Western,Rusizi,Giheke,Ntura,Kavuye
66d9c3920bc303fcbe4d0943,Western,Ngororero,SOVU,Birembo,Nshano
66d9c3920bc303fcbe4d094f,Western,Ngororero,SOVU,Kanyana,Rusebeya
66d9c3920bc303fcbe4d0966,Western,Rusizi,Bugarama,Nyange,Misufi
66d9c3920bc303fcbe4d097a,Western,Rusizi,Bugarama,Ryankana,Gombaniro
66d9c3920bc303fcbe4d0980,Western,Rusizi,Bugarama,Ryankana,Muyange
66d9c3920bc303fcbe4d098b,Western,Rusizi,Butare,Butanda,Rujagi
66d9c3920bc303fcbe4d0996,Western,Rusizi,Butare,Gatereri,Rwibutso
66d9c3920bc303fcbe4d0998,Western,Rusizi,Butare,Nyamihanda,Kirwano
66d9c3920bc303fcbe4d09a2,Western,Rusizi,Butare,Rwambogo,Gasumo
66d9c3920bc303fcbe4d09b4,Western,Rusizi,Bweyeye,Nyamuzi,Kigobe
66d9c3920bc303fcbe4d09b7,Western,Rusizi,Bweyeye,Rasano,Banamba
66d9c3920bc303fcbe4d09c4,Western,Rusizi,Gashonga,Buhokoro,Ryagacece
66d9c3920bc303fcbe4d09d5,Western,Rusizi,Gashonga,Karemereye,Kabaha
66d9c3920bc303fcbe4d09df,Western,Rusizi,Gashonga,Rusayo,Bitaba
66d9c3920bc303fcbe4d09f4,Western,Rusizi,Giheke,Kamashangi,Gitwa
66d9c3920bc303fcbe4d0aa8,Western,Rusizi,Mururu,Gahinga,Buremera
66d9c3920bc303fcbe4d0a20,Western,Rusizi,Gihundwe,Kagara,Rubenga I
66d9c3920bc303fcbe4d0a5b,Western,Rusizi,Gitambi,Gahungeri,Nyamaganda
66d9c3920bc303fcbe4d0a5c,Western,Rusizi,Gitambi,Gahungeri,Nyantaba
66d9c3920bc303fcbe4d0a6d,Western,Rusizi,Kamembe,Cyangugu,Mundima
66d9c3920bc303fcbe4d0a77,Western,Rusizi,Kamembe,Kamashangi,Badura
66d9c3920bc303fcbe4d0a83,Western,Rusizi,Kamembe,Kamurera,Kamuhirwa
66d9c3920bc303fcbe4d0a87,Western,Rusizi,Kamembe,Ruganda,Murindi
66d9c3920bc303fcbe4d0a9e,Western,Rusizi,Muganza,Shara,Busasamana
66d9c3920bc303fcbe4d0a9f,Western,Rusizi,Muganza,Shara,Gakenke
66d9c3920bc303fcbe4d0aa4,Western,Rusizi,Muganza,Shara,Nyenyeri
66d9c3920bc303fcbe4d0aaa,Western,Rusizi,Mururu,Gahinga,Cyirabyo B
66d9c3920bc303fcbe4d0ab5,Western,Rusizi,Mururu,Kabasigirira,Butazigurwa
66d9c3920bc303fcbe4d0ab6,Western,Rusizi,Mururu,Kabasigirira,Mutimasi
66d9c3920bc303fcbe4d0ac1,Western,Rusizi,Mururu,Tara,Byangoma
66d9c3920bc303fcbe4d0acb,Western,Rusizi,Nkanka,Gitwa,Kanyombya
66d9c3920bc303fcbe4d0ad0,Western,Rusizi,Nkanka,Kamanyenga,Hepfo
66d9c3920bc303fcbe4d09c8,Western,Rusizi,Gashonga,Kabakobwa,Rwesero
66d9c3920bc303fcbe4d09d4,Western,Rusizi,Gashonga,Kamurehe,Shara
66d9c3920bc303fcbe4d09e4,Western,Rusizi,Gashonga,Rusayo,Nyamutarama
66d9c3920bc303fcbe4d09e9,Western,Rusizi,Giheke,Cyendajuru,Murinzi
66d9c3920bc303fcbe4d0a03,Western,Rusizi,Giheke,Rwega,Impala
66d9c3920bc303fcbe4d0a09,Western,Rusizi,Giheke,Turambi,Turambi
66d9c3920bc303fcbe4d0a0d,Western,Rusizi,Gihundwe,Burunga,Gacamahembe
66d9c3920bc303fcbe4d0a18,Western,Rusizi,Gihundwe,Gatsiro,Mpongora
66d9c3920bc303fcbe4d0a1a,Western,Rusizi,Gihundwe,Gatsiro,Tuwonane
66d9c3920bc303fcbe4d0a1e,Western,Rusizi,Gihundwe,Kagara,Kivoga
66d9c3920bc303fcbe4d0a40,Western,Rusizi,Gikundamvura,Mpinga,Kirume
66d9c3920bc303fcbe4d0a57,Western,Rusizi,Gitambi,Gahungeri,Kigarama
66d9c3920bc303fcbe4d093f,Western,Ngororero,NYANGE,Vuganyana,Nyamyungo
66d9c3920bc303fcbe4d0945,Western,Ngororero,SOVU,Kagano,Gitabage
66d9c3920bc303fcbe4d0948,Western,Ngororero,SOVU,Kagano,Nyamuza
66d9c3920bc303fcbe4d0964,Western,Rusizi,Bugarama,Nyange,Kamabuye
66d9c3920bc303fcbe4d0965,Western,Rusizi,Bugarama,Nyange,Mihabura
66d9c3920bc303fcbe4d0967,Western,Rusizi,Bugarama,Nyange,Mubogora
66d9c3920bc303fcbe4d0969,Western,Rusizi,Bugarama,Nyange,Munini
66d9c3920bc303fcbe4d096a,Western,Rusizi,Bugarama,Nyange,Nyange
66d9c3920bc303fcbe4d096e,Western,Rusizi,Bugarama,Pera,Isangano
66d9c3920bc303fcbe4d0970,Western,Rusizi,Bugarama,Pera,Kabusunzu
66d9c3920bc303fcbe4d0984,Western,Rusizi,Bugarama,Ryankana,Rusizi
66d9c3920bc303fcbe4d0985,Western,Rusizi,Butare,Butanda,Buganzo
66d9c3920bc303fcbe4d0986,Western,Rusizi,Butare,Butanda,Gasihe
66d9c3920bc303fcbe4d098a,Western,Rusizi,Butare,Butanda,Rugera
66d9c3920bc303fcbe4d09a0,Western,Rusizi,Butare,Rwambogo,Cyaruhiza
66d9c3920bc303fcbe4d09a1,Western,Rusizi,Butare,Rwambogo,Cyijuru
66d9c3920bc303fcbe4d09a6,Western,Rusizi,Butare,Rwambogo,Rutovu
66d9c3920bc303fcbe4d09ad,Western,Rusizi,Bweyeye,Kiyabo,Mutara
66d9c3920bc303fcbe4d09b1,Western,Rusizi,Bweyeye,Murwa,Muyebe
66d9c3920bc303fcbe4d09b8,Western,Rusizi,Bweyeye,Rasano,Kabuga
66d9c3920bc303fcbe4d09c9,Western,Rusizi,Gashonga,Kacyuma,Mubuga
66d9c3920bc303fcbe4d09cc,Western,Rusizi,Gashonga,Kacyuma,Torero
66d9c3920bc303fcbe4d09d7,Western,Rusizi,Gashonga,Karemereye,Kagikongoro
66d9c3920bc303fcbe4d09d9,Western,Rusizi,Gashonga,Karemereye,Rugarama
66d9c3920bc303fcbe4d09db,Western,Rusizi,Gashonga,Muti,Kabeza
66d9c3920bc303fcbe4d09ea,Western,Rusizi,Giheke,Gakomeye,Buzi
66d9c3920bc303fcbe4d09ed,Western,Rusizi,Giheke,Gakomeye,Kagarama
66d9c3920bc303fcbe4d0a04,Western,Rusizi,Giheke,Rwega,Kanoga
66d9c3920bc303fcbe4d0a16,Western,Rusizi,Gihundwe,Gatsiro,Kavumu
66d9c3920bc303fcbe4d0a6c,Western,Rusizi,Kamembe,Cyangugu,Mont Cyangugu
66d9c3920bc303fcbe4d0a78,Western,Rusizi,Kamembe,Kamashangi,Gitinda
66d9c3920bc303fcbe4d0aae,Western,Rusizi,Mururu,Gahinga,Kanunga
66d9c3920bc303fcbe4d0ad1,Western,Rusizi,Nkanka,Kamanyenga,Kavogo
66d9c3920bc303fcbe4d0adc,Western,Rusizi,Nkanka,Kinyaga,Miramba
66d9c3920bc303fcbe4d0a17,Western,Rusizi,Gihundwe,Gatsiro,Kinyereri
66d9c3920bc303fcbe4d0a1d,Western,Rusizi,Gihundwe,Kagara,Bahemba
66d9c3920bc303fcbe4d0a1f,Western,Rusizi,Gihundwe,Kagara,Nyandarama
66d9c3920bc303fcbe4d0a23,Western,Rusizi,Gihundwe,Kamatita,Cyinzovu
66d9c3920bc303fcbe4d0a24,Western,Rusizi,Gihundwe,Kamatita,Gahwazi
66d9c3920bc303fcbe4d0a26,Western,Rusizi,Gihundwe,Kamatita,Muhari
66d9c3920bc303fcbe4d0a27,Western,Rusizi,Gihundwe,Kamatita,Munyana
66d9c3920bc303fcbe4d0a2a,Western,Rusizi,Gihundwe,Shagasha,Gasharu
66d9c3920bc303fcbe4d0a2f,Western,Rusizi,Gihundwe,Shagasha,Shagasha
66d9c3920bc303fcbe4d0a32,Western,Rusizi,Gikundamvura,Kizura,Hinduka
66d9c3920bc303fcbe4d0a3a,Western,Rusizi,Gikundamvura,Mpinga,Birindiro
66d9c3920bc303fcbe4d0a3c,Western,Rusizi,Gikundamvura,Mpinga,Bushenge
66d9c3920bc303fcbe4d0a45,Western,Rusizi,Gikundamvura,Mpinga,Nyabihanga
66d9c3920bc303fcbe4d0a61,Western,Rusizi,Gitambi,Hangabashi,Nzabuhaha
66d9c3920bc303fcbe4d0a64,Western,Rusizi,Gitambi,Mashesha,Idaga
66d9c3920bc303fcbe4d0a67,Western,Rusizi,Gitambi,Mashesha,Nyakivomero
66d9c3920bc303fcbe4d0a7c,Western,Rusizi,Kamembe,Kamashangi,Mucyamo
66d9c3920bc303fcbe4d0a7e,Western,Rusizi,Kamembe,Kamashangi,Nyakayonga
66d9c3920bc303fcbe4d08bb,Western,Ngororero,MUHANDA,Rutagara,Rurambo
66d9c3920bc303fcbe4d08bc,Western,Ngororero,MUHORORO,Bweramana,Buyenzi
66d9c3920bc303fcbe4d08c3,Western,Ngororero,MUHORORO,Mubuga,Gasovu
66d9c3920bc303fcbe4d08c4,Western,Ngororero,MUHORORO,Mubuga,Mitsimbi
66d9c3920bc303fcbe4d08d9,Western,Ngororero,MUHORORO,Sanza,Sanza
66d9c3920bc303fcbe4d08dd,Western,Ngororero,NDARO,Bijyojyo,Gasave
66d9c3920bc303fcbe4d08ed,Western,Ngororero,NDARO,Kabageshi,Masoro
66d9c3920bc303fcbe4d08f5,Western,Ngororero,NDARO,Kibanda,Rwamateke
66d9c3920bc303fcbe4d0904,Western,Ngororero,NGORORERO,Kazabe,Cyansi
66d9c3920bc303fcbe4d0911,Western,Ngororero,NGORORERO,Nyange,Gihe
66d9c3920bc303fcbe4d0918,Western,Ngororero,NGORORERO,Rususa,Cyumba
66d9c3920bc303fcbe4d091e,Western,Ngororero,NGORORERO,Torero,Gatare
66d9c3920bc303fcbe4d0929,Western,Ngororero,NYANGE,Bambiro,Nyarushubi
66d9c3920bc303fcbe4d0934,Western,Ngororero,NYANGE,Nsibo,Nyange
66d9c3920bc303fcbe4d08da,Western,Ngororero,NDARO,Bijyojyo,Bijyojyo
66d9c3920bc303fcbe4d08e1,Western,Ngororero,NDARO,Bijyojyo,Rutonde
66d9c3920bc303fcbe4d08ea,Western,Ngororero,NDARO,Kabageshi,Gasharu
66d9c3920bc303fcbe4d090a,Western,Ngororero,NGORORERO,Mugano,Mana
66d9c3920bc303fcbe4d090e,Western,Ngororero,NGORORERO,Mugano,Nyenyeri
66d9c3920bc303fcbe4d091f,Western,Ngororero,NGORORERO,Torero,Kanama
66d9c3920bc303fcbe4d0924,Western,Ngororero,NGORORERO,Torero,Rwambariro
66d9c3920bc303fcbe4d0925,Western,Ngororero,NYANGE,Bambiro,Bugabe
66d9c3920bc303fcbe4d092f,Western,Ngororero,NYANGE,Gaseke,Ngobagoba
66d9c3920bc303fcbe4d0952,Western,Ngororero,SOVU,Musenyi,Gisiza
66d9c3920bc303fcbe4d09cd,Western,Rusizi,Gashonga,Kamurehe,Gacyamo
66d9c3920bc303fcbe4d0a28,Western,Rusizi,Gihundwe,Kamatita,Ngoma
66d9c3920bc303fcbe4d0939,Western,Ngororero,NYANGE,Vuganyana,Kamuriza
66d9c3920bc303fcbe4d0950,Western,Ngororero,SOVU,Musenyi,Gihonga
66d9c3920bc303fcbe4d0955,Western,Ngororero,SOVU,Nyabipfura,Butenga
66d9c3920bc303fcbe4d099d,Western,Rusizi,Butare,Rwambogo,Bisengo
66d9c3920bc303fcbe4d09ac,Western,Rusizi,Bweyeye,Kiyabo,Mudasomwa
66d9c3920bc303fcbe4d09ae,Western,Rusizi,Bweyeye,Kiyabo,Ruhondo
66d9c3920bc303fcbe4d09ca,Western,Rusizi,Gashonga,Kacyuma,Mukaba
66d9c3920bc303fcbe4d09f1,Western,Rusizi,Giheke,Giheke,Rugombo
66d9c3920bc303fcbe4d09f5,Western,Rusizi,Giheke,Kamashangi,Isha
66d9c3920bc303fcbe4d09fb,Western,Rusizi,Giheke,Ntura,Bubanga
66d9c3920bc303fcbe4d0a0f,Western,Rusizi,Gihundwe,Burunga,Kanombe
66d9c3920bc303fcbe4d0a14,Western,Rusizi,Gihundwe,Gatsiro,Gahinga
66d9c3920bc303fcbe4d0a25,Western,Rusizi,Gihundwe,Kamatita,Kamanyenga
66d9c3920bc303fcbe4d0a3f,Western,Rusizi,Gikundamvura,Mpinga,Kagari
66d9c3920bc303fcbe4d0a6b,Western,Rusizi,Kamembe,Cyangugu,Karangiro
66d9c3920bc303fcbe4d0a93,Western,Rusizi,Muganza,Gakoni,Gatanga
66d9c3920bc303fcbe4d0a4a,Western,Rusizi,Gikundamvura,Nyamigina,Bwiza
66d9c3920bc303fcbe4d0a50,Western,Rusizi,Gitambi,Cyingwa,Mpinga
66d9c3920bc303fcbe4d0a55,Western,Rusizi,Gitambi,Gahungeri,Kaninda
66d9c3920bc303fcbe4d0a56,Western,Rusizi,Gitambi,Gahungeri,Kazinda
66d9c3920bc303fcbe4d0a5d,Western,Rusizi,Gitambi,Hangabashi,Kabonabose
66d9c3920bc303fcbe4d0a68,Western,Rusizi,Gitambi,Mashesha,Ruvuruga
66d9c3920bc303fcbe4d0a8d,Western,Rusizi,Muganza,Cyarukara,Murira
66d9c3920bc303fcbe4d0ab0,Western,Rusizi,Mururu,Gahinga,Ryabadugu
66d9c3920bc303fcbe4d0abf,Western,Rusizi,Mururu,Miko,Nyakanyinya
66d9c3920bc303fcbe4d0aca,Western,Rusizi,Nkanka,Gitwa,Burege
66d9c3920bc303fcbe4d093d,Western,Ngororero,NYANGE,Vuganyana,Ngorore
66d9c3920bc303fcbe4d0959,Western,Ngororero,SOVU,Nyabipfura,Sanzare
66d9c3920bc303fcbe4d095c,Western,Ngororero,SOVU,Rutovu,Kigusa
66d9c3920bc303fcbe4d095f,Western,Ngororero,SOVU,Rutovu,Rukeri
66d9c3920bc303fcbe4d097f,Western,Rusizi,Bugarama,Ryankana,Mubombo
66d9c3920bc303fcbe4d0981,Western,Rusizi,Bugarama,Ryankana,Nyehonga
66d9c3920bc303fcbe4d098c,Western,Rusizi,Butare,Gatereri,Giciramata
66d9c3920bc303fcbe4d098d,Western,Rusizi,Butare,Gatereri,Gisovu
66d9c3920bc303fcbe4d098f,Western,Rusizi,Butare,Gatereri,Karama
66d9c3920bc303fcbe4d0991,Western,Rusizi,Butare,Gatereri,Nyabitimbo
66d9c3920bc303fcbe4d09b2,Western,Rusizi,Bweyeye,Murwa,Nyabigoma
66d9c3920bc303fcbe4d09ba,Western,Rusizi,Bweyeye,Rasano,Nyamutake
66d9c3920bc303fcbe4d0a7f,Western,Rusizi,Kamembe,Kamashangi,Rushakamba
66d9c3920bc303fcbe4d0a82,Western,Rusizi,Kamembe,Kamurera,Gikombe
66d9c3920bc303fcbe4d0aac,Western,Rusizi,Mururu,Gahinga,Kabirizi
66d9c3920bc303fcbe4d0aba,Western,Rusizi,Mururu,Kagarama,Kamatene
66d9c3920bc303fcbe4d0ac5,Western,Rusizi,Mururu,Tara,Karanjwa
66d9c3920bc303fcbe4d0ad8,Western,Rusizi,Nkanka,Kangazi,Muyange
66d9c3920bc303fcbe4d09bb,Western,Rusizi,Bweyeye,Rasano,Runyami
66d9c3920bc303fcbe4d09d6,Western,Rusizi,Gashonga,Karemereye,Kabahinda
66d9c3920bc303fcbe4d09d8,Western,Rusizi,Gashonga,Karemereye,Mibirizi
66d9c3920bc303fcbe4d0a0e,Western,Rusizi,Gihundwe,Burunga,Kamabuye
66d9c3920bc303fcbe4d0a15,Western,Rusizi,Gihundwe,Gatsiro,Gikombe
66d9c3920bc303fcbe4d0a30,Western,Rusizi,Gikundamvura,Kizura,Gasharu
66d9c3920bc303fcbe4d0a44,Western,Rusizi,Gikundamvura,Mpinga,Mugerero
66d9c3920bc303fcbe4d0a46,Western,Rusizi,Gikundamvura,Mpinga,Rebero
66d9c3920bc303fcbe4d0a49,Western,Rusizi,Gikundamvura,Nyamigina,Bumaranyota
66d9c3920bc303fcbe4d0a4b,Western,Rusizi,Gikundamvura,Nyamigina,Jyambere
66d9c3920bc303fcbe4d0a4e,Western,Rusizi,Gitambi,Cyingwa,Kabucuku
66d9c3920bc303fcbe4d0a52,Western,Rusizi,Gitambi,Cyingwa,Rwihene
66d9c3920bc303fcbe4d0a53,Western,Rusizi,Gitambi,Gahungeri,Kamagaju
66d9c3920bc303fcbe4d0a58,Western,Rusizi,Gitambi,Gahungeri,Mugerero
66d9c3920bc303fcbe4d093a,Western,Ngororero,NYANGE,Vuganyana,Karambo
66d9c3920bc303fcbe4d0956,Western,Ngororero,SOVU,Nyabipfura,Gatare
66d9c3920bc303fcbe4d0958,Western,Ngororero,SOVU,Nyabipfura,Nyirabwina
66d9c3920bc303fcbe4d0961,Western,Rusizi,Bugarama,Nyange,Cyagara
66d9c3920bc303fcbe4d0968,Western,Rusizi,Bugarama,Nyange,Muko
66d9c3920bc303fcbe4d0983,Western,Rusizi,Bugarama,Ryankana,Ruhwa
66d9c3920bc303fcbe4d0989,Western,Rusizi,Butare,Butanda,Mwoya
66d9c3920bc303fcbe4d098e,Western,Rusizi,Butare,Gatereri,Kabuga
66d9c3920bc303fcbe4d0995,Western,Rusizi,Butare,Gatereri,Ruhinga
66d9c3920bc303fcbe4d09af,Western,Rusizi,Bweyeye,Kiyabo,Runege
66d9c3920bc303fcbe4d09c5,Western,Rusizi,Gashonga,Kabakobwa,Gatare
66d9c3920bc303fcbe4d09f2,Western,Rusizi,Giheke,Giheke,Rwumvangoma
66d9c3920bc303fcbe4d09f3,Western,Rusizi,Giheke,Giheke,Wimana
66d9c3920bc303fcbe4d09fe,Western,Rusizi,Giheke,Ntura,Karambi
66d9c3920bc303fcbe4d0a00,Western,Rusizi,Giheke,Ntura,Kigenge
66d9c3920bc303fcbe4d0a12,Western,Rusizi,Gihundwe,Burunga,Karorabose
66d9c3920bc303fcbe4d0a60,Western,Rusizi,Gitambi,Hangabashi,Kirehe
66d9c3920bc303fcbe4d0a62,Western,Rusizi,Gitambi,Hangabashi,Runanira
66d9c3920bc303fcbe4d0a65,Western,Rusizi,Gitambi,Mashesha,Kankuba
66d9c3920bc303fcbe4d0a7d,Western,Rusizi,Kamembe,Kamashangi,Ntemabiti
66d9c3920bc303fcbe4d0a80,Western,Rusizi,Kamembe,Kamashangi,Umuganda
66d9c3920bc303fcbe4d0a8c,Western,Rusizi,Muganza,Cyarukara,Kabamba
66d9c3920bc303fcbe4d0a92,Western,Rusizi,Muganza,Gakoni,Gatabuvuga
66d9c3920bc303fcbe4d0a98,Western,Rusizi,Muganza,Gakoni,Nyakagenge
66d9c3920bc303fcbe4d0a99,Western,Rusizi,Muganza,Gakoni,Rebero
66d9c3920bc303fcbe4d0a9a,Western,Rusizi,Muganza,Gakoni,Rugaragara
66d9c3920bc303fcbe4d0aa1,Western,Rusizi,Muganza,Shara,Kamabuye
66d9c3920bc303fcbe4d0aaf,Western,Rusizi,Mururu,Gahinga,Mutara
66d9c3920bc303fcbe4d0ab4,Western,Rusizi,Mururu,Kabasigirira,Bitongo
66d9c3920bc303fcbe4d0ab9,Western,Rusizi,Mururu,Kagarama,Gitwa
66d9c3920bc303fcbe4d0ac6,Western,Rusizi,Mururu,Tara,Mukorazuba
66d9c3920bc303fcbe4d0ac7,Western,Rusizi,Mururu,Tara,Mutongo
66d9c3920bc303fcbe4d0ac8,Western,Rusizi,Mururu,Tara,Rugerero
66d9c3920bc303fcbe4d0ad5,Western,Rusizi,Nkanka,Kangazi,Bahemba
66d9c3920bc303fcbe4d0ad7,Western,Rusizi,Nkanka,Kangazi,Gafoka
66d9c3920bc303fcbe4d0ad9,Western,Rusizi,Nkanka,Kangazi,Rusunyu
66d9c3920bc303fcbe4d0a1c,Western,Rusizi,Gihundwe,Gihaya,Kinyaga
66d9c3920bc303fcbe4d0a37,Western,Rusizi,Gikundamvura,Kizura,Ruhango
66d9c3920bc303fcbe4d0a4f,Western,Rusizi,Gitambi,Cyingwa,Kabugarama
66d9c3920bc303fcbe4d0a5e,Western,Rusizi,Gitambi,Hangabashi,Kabuga
66d9c3920bc303fcbe4d0a5f,Western,Rusizi,Gitambi,Hangabashi,Karambo
66d9c3920bc303fcbe4d0a74,Western,Rusizi,Kamembe,Gihundwe,Murambi
66d9c3920bc303fcbe4d0a75,Western,Rusizi,Kamembe,Gihundwe,Nkurunziza
66d9c3920bc303fcbe4d0a7b,Western,Rusizi,Kamembe,Kamashangi,Mbagira
66d9c3920bc303fcbe4d0a86,Western,Rusizi,Kamembe,Ruganda,Kamubaji
66d9c3920bc303fcbe4d0a90,Western,Rusizi,Muganza,Cyarukara,Rubyiro
66d9c3920bc303fcbe4d0a95,Western,Rusizi,Muganza,Gakoni,Kindobwe
66d9c3920bc303fcbe4d0a96,Western,Rusizi,Muganza,Gakoni,Kiyovu
66d9c3920bc303fcbe4d0abd,Western,Rusizi,Mururu,Karambi,Kagarama
66d9c3920bc303fcbe4d0ac2,Western,Rusizi,Mururu,Tara,Cyandarama
66d9c3920bc303fcbe4d0913,Western,Ngororero,NGORORERO,Nyange,Karama
66d9c3920bc303fcbe4d0914,Western,Ngororero,NGORORERO,Nyange,Mazimeru
66d9c3920bc303fcbe4d091d,Western,Ngororero,NGORORERO,Rususa,Rususa
66d9c3920bc303fcbe4d0927,Western,Ngororero,NYANGE,Bambiro,Gakoma
66d9c3920bc303fcbe4d092a,Western,Ngororero,NYANGE,Bambiro,Rwasankuba
66d9c3920bc303fcbe4d092b,Western,Ngororero,NYANGE,Gaseke,Birambo
66d9c3920bc303fcbe4d08b8,Western,Ngororero,MUHANDA,Rutagara,Nyamutoni
66d9c3920bc303fcbe4d08ca,Western,Ngororero,MUHORORO,Myiha,Shori
66d9c3920bc303fcbe4d08eb,Western,Ngororero,NDARO,Kabageshi,Kabuga
66d9c3920bc303fcbe4d08f6,Western,Ngororero,NDARO,Kibanda,Rwambogo
66d9c3920bc303fcbe4d0915,Western,Ngororero,NGORORERO,Nyange,Nyakaganzo
66d9c3920bc303fcbe4d0919,Western,Ngororero,NGORORERO,Rususa,Gasarara
66d9c3920bc303fcbe4d0926,Western,Ngororero,NYANGE,Bambiro,Butare
66d9c3920bc303fcbe4d0930,Western,Ngororero,NYANGE,Nsibo,Cyambogo
66d9c3920bc303fcbe4d0936,Western,Ngororero,NYANGE,Nsibo,Vungu
66d9c3920bc303fcbe4d08f2,Western,Ngororero,NDARO,Kibanda,Kirombozi
66d9c3920bc303fcbe4d0907,Western,Ngororero,NGORORERO,Kazabe,Ngororero
66d9c3920bc303fcbe4d095b,Western,Ngororero,SOVU,Rutovu,Kanyirajana
66d9c3920bc303fcbe4d0960,Western,Rusizi,Bugarama,Nyange,Cite
66d9c3920bc303fcbe4d096f,Western,Rusizi,Bugarama,Pera,Ituze
66d9c3920bc303fcbe4d097c,Western,Rusizi,Bugarama,Ryankana,Kagarama
66d9c3920bc303fcbe4d0982,Western,Rusizi,Bugarama,Ryankana,Rubyiro
66d9c3920bc303fcbe4d0987,Western,Rusizi,Butare,Butanda,Gitega
66d9c3920bc303fcbe4d09b9,Western,Rusizi,Bweyeye,Rasano,Nyamirambo
66d9c3920bc303fcbe4d09ce,Western,Rusizi,Gashonga,Kamurehe,Gasharu
66d9c3920bc303fcbe4d09cf,Western,Rusizi,Gashonga,Kamurehe,Kamonyi
66d9c3920bc303fcbe4d09da,Western,Rusizi,Gashonga,Muti,Gakombe
66d9c3920bc303fcbe4d09de,Western,Rusizi,Gashonga,Muti,Rugende
66d9c3920bc303fcbe4d09e5,Western,Rusizi,Gashonga,Rusayo,Ryagatebe
66d9c3920bc303fcbe4d09eb,Western,Rusizi,Giheke,Gakomeye,Gacyamo
66d9c3920bc303fcbe4d0a34,Western,Rusizi,Gikundamvura,Kizura,Kamabuye
66d9c3920bc303fcbe4d0a35,Western,Rusizi,Gikundamvura,Kizura,Mubera
66d9c3920bc303fcbe4d0a3b,Western,Rusizi,Gikundamvura,Mpinga,Busarabuye
66d9c3920bc303fcbe4d0938,Western,Ngororero,NYANGE,Vuganyana,Kakinyoni
66d9c3920bc303fcbe4d093e,Western,Ngororero,NYANGE,Vuganyana,Nyagatama
66d9c3920bc303fcbe4d0941,Western,Ngororero,SOVU,Birembo,Mahembe
66d9c3920bc303fcbe4d0951,Western,Ngororero,SOVU,Musenyi,Gisakavu
66d9c3920bc303fcbe4d0953,Western,Ngororero,SOVU,Musenyi,Kabuga
66d9c3920bc303fcbe4d096c,Western,Rusizi,Bugarama,Nyange,Rusayo
66d9c3920bc303fcbe4d0971,Western,Rusizi,Bugarama,Pera,Kabuye
66d9c3920bc303fcbe4d0972,Western,Rusizi,Bugarama,Pera,Kinamba
66d9c3920bc303fcbe4d0979,Western,Rusizi,Bugarama,Ryankana,Gihigano
66d9c3920bc303fcbe4d097d,Western,Rusizi,Bugarama,Ryankana,Kayenzi
66d9c3920bc303fcbe4d0997,Western,Rusizi,Butare,Nyamihanda,Kenya
66d9c3920bc303fcbe4d099b,Western,Rusizi,Butare,Nyamihanda,Ndengerezi
66d9c3920bc303fcbe4d099c,Western,Rusizi,Butare,Nyamihanda,Rushwati
66d9c3920bc303fcbe4d09a3,Western,Rusizi,Butare,Rwambogo,Karambo
66d9c3920bc303fcbe4d09b6,Western,Rusizi,Bweyeye,Nyamuzi,Rwamisave
66d9c3920bc303fcbe4d09bd,Western,Rusizi,Bweyeye,Rasano,Uwinzovu
66d9c3920bc303fcbe4d09be,Western,Rusizi,Gashonga,Birembo,Mariba
66d9c3920bc303fcbe4d09d3,Western,Rusizi,Gashonga,Kamurehe,Rebero
66d9c3920bc303fcbe4d09e0,Western,Rusizi,Gashonga,Rusayo,Kamuhana
66d9c3920bc303fcbe4d09e6,Western,Rusizi,Giheke,Cyendajuru,Burembo
66d9c3920bc303fcbe4d09e7,Western,Rusizi,Giheke,Cyendajuru,Kabeza
66d9c3920bc303fcbe4d09e8,Western,Rusizi,Giheke,Cyendajuru,Kibakure
66d9c3920bc303fcbe4d09f6,Western,Rusizi,Giheke,Kamashangi,Kamuhozi
66d9c3920bc303fcbe4d09fa,Western,Rusizi,Giheke,Kigenge,Rwamiko
66d9c3920bc303fcbe4d09fc,Western,Rusizi,Giheke,Ntura,Kabujyogoro
66d9c3920bc303fcbe4d0a05,Western,Rusizi,Giheke,Rwega,Rwega
66d9c3920bc303fcbe4d0a08,Western,Rusizi,Giheke,Turambi,Rwinkwavu
66d9c3920bc303fcbe4d0a0a,Western,Rusizi,Gihundwe,Burunga,Burunga
66d9c3920bc303fcbe4d0a13,Western,Rusizi,Gihundwe,Burunga,Karushaririza
66d9c3920bc303fcbe4d0a29,Western,Rusizi,Gihundwe,Shagasha,Bisanganira
66d9c3920bc303fcbe4d0a2b,Western,Rusizi,Gihundwe,Shagasha,Gitwa
66d9c3920bc303fcbe4d0acf,Western,Rusizi,Nkanka,Kamanyenga,Gatebe
66d9c3920bc303fcbe4d0a2e,Western,Rusizi,Gihundwe,Shagasha,Nyagatare
66d9c3920bc303fcbe4d0a4c,Western,Rusizi,Gikundamvura,Nyamigina,Kanoga
66d9c3920bc303fcbe4d0a88,Western,Rusizi,Kamembe,Ruganda,Ruhimbi
66d9c3920bc303fcbe4d0a89,Western,Rusizi,Muganza,Cyarukara,Gashinjano
66d9c3920bc303fcbe4d0ac0,Western,Rusizi,Mururu,Miko,Ruhimbi
66d9c3920bc303fcbe4d0a31,Western,Rusizi,Gikundamvura,Kizura,Gitambi
66d9c3920bc303fcbe4d0a36,Western,Rusizi,Gikundamvura,Kizura,Mutonga
66d9c3920bc303fcbe4d0a3e,Western,Rusizi,Gikundamvura,Mpinga,Kaberenge
66d9c3920bc303fcbe4d0a51,Western,Rusizi,Gitambi,Cyingwa,Mugenge
66d9c3920bc303fcbe4d0a63,Western,Rusizi,Gitambi,Mashesha,Busasamana
66d9c3920bc303fcbe4d0a72,Western,Rusizi,Kamembe,Gihundwe,Kabeza
66d9c3920bc303fcbe4d0a85,Western,Rusizi,Kamembe,Ruganda,Kadashya
66d9c3920bc303fcbe4d0a8e,Western,Rusizi,Muganza,Cyarukara,Nyakagoma
66d9c3920bc303fcbe4d0a94,Western,Rusizi,Muganza,Gakoni,Kabeza
66d9c3920bc303fcbe4d0aa5,Western,Rusizi,Muganza,Shara,Ramiro
66d9c3920bc303fcbe4d0aa6,Western,Rusizi,Muganza,Shara,Rubeho
66d9c3920bc303fcbe4d0aa9,Western,Rusizi,Mururu,Gahinga,Cyirabyo A
66d9c3920bc303fcbe4d0aad,Western,Rusizi,Mururu,Gahinga,Kamarebe
66d9c3920bc303fcbe4d0ac9,Western,Rusizi,Nkanka,Gitwa,Buganda
66d9c3920bc303fcbe4d0ad4,Western,Rusizi,Nkanka,Kamanyenga,Rweya
66d9c3920bc303fcbe4d0adb,Western,Rusizi,Nkanka,Kinyaga,Kinyaga
66d9c3920bc303fcbe4d093c,Western,Ngororero,NYANGE,Vuganyana,Mbobo
66d9c3920bc303fcbe4d0946,Western,Ngororero,SOVU,Kagano,Karambo
66d9c3920bc303fcbe4d094b,Western,Ngororero,SOVU,Kanyana,Gahombo
66d9c3920bc303fcbe4d099a,Western,Rusizi,Butare,Nyamihanda,Mwimerere
66d9c3920bc303fcbe4d099e,Western,Rusizi,Butare,Rwambogo,Buye
66d9c3920bc303fcbe4d099f,Western,Rusizi,Butare,Rwambogo,Byimana
66d9c3920bc303fcbe4d09a4,Western,Rusizi,Butare,Rwambogo,Kigarama
66d9c3920bc303fcbe4d09ab,Western,Rusizi,Bweyeye,Kiyabo,Mbisabasaba
66d9c3920bc303fcbe4d09e3,Western,Rusizi,Gashonga,Rusayo,Misave
66d9c3920bc303fcbe4d0a06,Western,Rusizi,Giheke,Turambi,Kamuhoza
66d9c3920bc303fcbe4d0a07,Western,Rusizi,Giheke,Turambi,Munyove
66d9c3920bc303fcbe4d0a0b,Western,Rusizi,Gihundwe,Burunga,Cyapa
66d9c3920bc303fcbe4d0a10,Western,Rusizi,Gihundwe,Burunga,Karangiro
66d9c3920bc303fcbe4d0a22,Western,Rusizi,Gihundwe,Kagara,Rukohwa
66d9c3920bc303fcbe4d0a2d,Western,Rusizi,Gihundwe,Shagasha,Karambo
66d9c3920bc303fcbe4d0a39,Western,Rusizi,Gikundamvura,Kizura,Shanike
66d9c3920bc303fcbe4d0a42,Western,Rusizi,Gikundamvura,Mpinga,Mpuzamahanga
66d9c3920bc303fcbe4d0a43,Western,Rusizi,Gikundamvura,Mpinga,Mubuga
66d9c3920bc303fcbe4d0a4d,Western,Rusizi,Gikundamvura,Nyamigina,Kariba
66d9c3920bc303fcbe4d0a59,Western,Rusizi,Gitambi,Gahungeri,Njambwe
66d9c3920bc303fcbe4d0944,Western,Ngororero,SOVU,Birembo,Ruseke
66d9c3920bc303fcbe4d0992,Western,Rusizi,Butare,Gatereri,Nyaburenge
66d9c3920bc303fcbe4d09d1,Western,Rusizi,Gashonga,Kamurehe,Murehe
66d9c3920bc303fcbe4d09dc,Western,Rusizi,Gashonga,Muti,Karenge
66d9c3920bc303fcbe4d09ef,Western,Rusizi,Giheke,Giheke,Karambo
66d9c3920bc303fcbe4d0a8a,Western,Rusizi,Muganza,Cyarukara,Gashisha
66d9c3920bc303fcbe4d0aa0,Western,Rusizi,Muganza,Shara,Kabarore
66d9c3920bc303fcbe4d0aa2,Western,Rusizi,Muganza,Shara,Murabyo
66d9c3920bc303fcbe4d0aa7,Western,Rusizi,Mururu,Gahinga,Birogo
66d9c3920bc303fcbe4d0ad2,Western,Rusizi,Nkanka,Kamanyenga,Muramba
66d9c3920bc303fcbe4d0a91,Western,Rusizi,Muganza,Cyarukara,Rungunga
66d9c3920bc303fcbe4d0ab3,Western,Rusizi,Mururu,Kabahinda,Winteko
66d9c3920bc303fcbe4d0ac4,Western,Rusizi,Mururu,Tara,Kamutongo
66d9c3920bc303fcbe4d0acc,Western,Rusizi,Nkanka,Gitwa,Karama
66d9c3920bc303fcbe4d0ad6,Western,Rusizi,Nkanka,Kangazi,Busekanka
66d9c3920bc303fcbe4d0adf,Western,Rusizi,Nkanka,Rugabano,Bitaba
66d9c3930bc303fcbe4d0ae4,Western,Rusizi,Nkanka,Rugabano,Rurembo
66d9c3930bc303fcbe4d0ae9,Western,Rusizi,Nkombo,Bigoga,Nyawenya
66d9c3930bc303fcbe4d0b17,Western,Rusizi,Nkungu,Mataba,Kabinyugwe
66d9c3930bc303fcbe4d0b08,Western,Rusizi,Nkungu,Kiziguro,Kabigohe
66d9c3930bc303fcbe4d0b10,Western,Rusizi,Nkungu,Kiziguro,Rebero
66d9c3930bc303fcbe4d0aed,Western,Rusizi,Nkombo,Bugarura,Nyankumbira
66d9c3930bc303fcbe4d0aef,Western,Rusizi,Nkombo,Ishywa,Biraro
66d9c3930bc303fcbe4d0af2,Western,Rusizi,Nkombo,Ishywa,Mapfura
66d9c3930bc303fcbe4d0af7,Western,Rusizi,Nkombo,Kamagimbo,Karenge
66d9c3930bc303fcbe4d0af9,Western,Rusizi,Nkombo,Kamagimbo,Muhora
66d9c3930bc303fcbe4d0afb,Western,Rusizi,Nkombo,Rwenje,Mirara
66d9c3930bc303fcbe4d0b04,Western,Rusizi,Nkungu,Gatare,Rubona
66d9c3930bc303fcbe4d0b12,Western,Rusizi,Nkungu,Mataba,Gashashi
66d9c3930bc303fcbe4d0b4a,Western,Rusizi,Nyakabuye,Kiziho,Ruhinga
66d9c3930bc303fcbe4d0b55,Western,Rusizi,Nyakabuye,Nyabintare,Mabuye
66d9c3930bc303fcbe4d0b5a,Western,Rusizi,Nyakarenzo,Gatare,Kabumbwe
66d9c3930bc303fcbe4d0b2b,Western,Rusizi,Nyakabuye,Gasebeya,Kabuye
66d9c3930bc303fcbe4d0b3b,Western,Rusizi,Nyakabuye,Kamanu,Kiyovu
66d9c3930bc303fcbe4d0b26,Western,Rusizi,Nyakabuye,Gasebeya,Biteri
66d9c3930bc303fcbe4d0b38,Western,Rusizi,Nyakabuye,Kamanu,Gatare
66d9c3930bc303fcbe4d0b3d,Western,Rusizi,Nyakabuye,Kamanu,Mukondo
66d9c3930bc303fcbe4d0b47,Western,Rusizi,Nyakabuye,Kiziho,Kamagerero
66d9c3930bc303fcbe4d0b4d,Western,Rusizi,Nyakabuye,Mashyuza,Kibirizi
66d9c3930bc303fcbe4d0b58,Western,Rusizi,Nyakabuye,Nyabintare,Ryarubaka
66d9c3930bc303fcbe4d0b2c,Western,Rusizi,Nyakabuye,Gasebeya,Kanoga
66d9c3930bc303fcbe4d0b30,Western,Rusizi,Nyakabuye,Gaseke,Gatambamo
66d9c3930bc303fcbe4d0b5e,Western,Rusizi,Nyakarenzo,Kabagina,Gitovu
66d9c3930bc303fcbe4d0b65,Western,Rusizi,Nyakarenzo,Kabuye,Mugerero
66d9c3930bc303fcbe4d0b67,Western,Rusizi,Nyakarenzo,Kabuye,Nyungu
66d9c3930bc303fcbe4d0b8d,Western,Rusizi,Nzahaha,Nyenji,Rugunga
66d9c3930bc303fcbe4d0b64,Western,Rusizi,Nyakarenzo,Kabuye,Mashya
66d9c3930bc303fcbe4d0b6e,Western,Rusizi,Nyakarenzo,Karangiro,Gituza
66d9c3930bc303fcbe4d0b6f,Western,Rusizi,Nyakarenzo,Karangiro,Kabayego
66d9c3930bc303fcbe4d0b7e,Western,Rusizi,Nzahaha,Kigenge,Karagizwa
66d9c3930bc303fcbe4d0b9a,Western,Rusizi,Rwimbogo,Karenge,Batura
66d9c3930bc303fcbe4d0b9b,Western,Rusizi,Rwimbogo,Karenge,Gatanga
66d9c3930bc303fcbe4d0b72,Western,Rusizi,Nyakarenzo,Murambi,Runyanzovu
66d9c3930bc303fcbe4d0b8b,Western,Rusizi,Nzahaha,Nyenji,Murindi
66d9c3930bc303fcbe4d0b8f,Western,Rusizi,Nzahaha,Rebero,Giti
66d9c3930bc303fcbe4d0b9d,Western,Rusizi,Rwimbogo,Karenge,Makambi
66d9c3930bc303fcbe4d0b9f,Western,Rusizi,Rwimbogo,Karenge,Ruzeneko
66d9c3930bc303fcbe4d0baa,Western,Rusizi,Rwimbogo,Mushaka,Nyagashora
66d9c3930bc303fcbe4d0bb3,Western,Rusizi,Rwimbogo,Ruganda,Ruhinga
66d9c3930bc303fcbe4d0bdf,Western,Nyamasheke,Bushenge,Gasheke,Nyamikingo
66d9c3930bc303fcbe4d0bf7,Western,Nyamasheke,Bushenge,Karusimbi,Karusimbi
66d9c3930bc303fcbe4d0c21,Western,Nyamasheke,Gihombo,Butare,Butare
66d9c3930bc303fcbe4d0c36,Western,Nyamasheke,Gihombo,Jarama,Kibirizi
66d9c3930bc303fcbe4d0c46,Western,Nyamasheke,Gihombo,Mubuga,Ruhingo
66d9c3930bc303fcbe4d0c47,Western,Nyamasheke,Kagano,Gako,Bagarama
66d9c3930bc303fcbe4d0c58,Western,Nyamasheke,Kagano,Mubumbano,Makoko
66d9c3930bc303fcbe4d0c01,Western,Nyamasheke,Cyato,Bisumo,Munini
66d9c3930bc303fcbe4d0c17,Western,Nyamasheke,Cyato,Mutongo,Rusi
66d9c3930bc303fcbe4d0c28,Western,Nyamasheke,Gihombo,Butare,Rwatsi
66d9c3930bc303fcbe4d0c37,Western,Nyamasheke,Gihombo,Jarama,Ruvumbu
66d9c3930bc303fcbe4d0ba6,Western,Rusizi,Rwimbogo,Mushaka,Gakombe
66d9c3930bc303fcbe4d0bb0,Western,Rusizi,Rwimbogo,Ruganda,Musumba
66d9c3930bc303fcbe4d0bb7,Western,Nyamasheke,Bushekeri,Buvungira,Gasebeya
66d9c3930bc303fcbe4d0bc8,Western,Nyamasheke,Bushekeri,Ngoma,Cyeshero
66d9c3930bc303fcbe4d0bee,Western,Nyamasheke,Bushenge,Kagatamu,Karunga
66d9c3930bc303fcbe4d0bef,Western,Nyamasheke,Bushenge,Kagatamu,Kidashira
66d9c3930bc303fcbe4d0bff,Western,Nyamasheke,Cyato,Bisumo,Kabuga
66d9c3930bc303fcbe4d0c24,Western,Nyamasheke,Gihombo,Butare,Mbogo
66d9c3930bc303fcbe4d0c32,Western,Nyamasheke,Gihombo,Jarama,Bigabiro
66d9c3930bc303fcbe4d0c49,Western,Nyamasheke,Kagano,Gako,Gitwa
66d9c3930bc303fcbe4d0ae6,Western,Rusizi,Nkombo,Bigoga,Giteme
66d9c3930bc303fcbe4d0aeb,Western,Rusizi,Nkombo,Bugarura,Gaturo
66d9c3930bc303fcbe4d0af3,Western,Rusizi,Nkombo,Kamagimbo,Gashara
66d9c3930bc303fcbe4d0af8,Western,Rusizi,Nkombo,Kamagimbo,Mbuga
66d9c3930bc303fcbe4d0b00,Western,Rusizi,Nkungu,Gatare,Kimpundu
66d9c3930bc303fcbe4d0b07,Western,Rusizi,Nkungu,Kiziguro,Gasarabuye
66d9c3930bc303fcbe4d0b0f,Western,Rusizi,Nkungu,Kiziguro,Mukenke
66d9c3930bc303fcbe4d0b14,Western,Rusizi,Nkungu,Mataba,Gatondo
66d9c3930bc303fcbe4d0aea,Western,Rusizi,Nkombo,Bigoga,Rebero
66d9c3930bc303fcbe4d0afa,Western,Rusizi,Nkombo,Rwenje,Gituro
66d9c3930bc303fcbe4d0b09,Western,Rusizi,Nkungu,Kiziguro,Kabuga
66d9c3930bc303fcbe4d0b19,Western,Rusizi,Nkungu,Mataba,Migazo
66d9c3930bc303fcbe4d0b1d,Western,Rusizi,Nkungu,Ryamuhirwa,Gako
66d9c3930bc303fcbe4d0b1e,Western,Rusizi,Nkungu,Ryamuhirwa,Gatarange
66d9c3930bc303fcbe4d0aec,Western,Rusizi,Nkombo,Bugarura,Nyakabanda
66d9c3930bc303fcbe4d0af6,Western,Rusizi,Nkombo,Kamagimbo,Kanyinya
66d9c3930bc303fcbe4d0b0d,Western,Rusizi,Nkungu,Kiziguro,Karongoro
66d9c3930bc303fcbe4d0ae0,Western,Rusizi,Nkanka,Rugabano,Kagarama
66d9c3930bc303fcbe4d0ae2,Western,Rusizi,Nkanka,Rugabano,Karambo
66d9c3930bc303fcbe4d0b1a,Western,Rusizi,Nkungu,Mataba,Muhora
66d9c3930bc303fcbe4d0b1b,Western,Rusizi,Nkungu,Mataba,Rubona
66d9c3930bc303fcbe4d0b25,Western,Rusizi,Nkungu,Ryamuhirwa,Ryamaraza
66d9c3930bc303fcbe4d0b2f,Western,Rusizi,Nyakabuye,Gaseke,Bitendezi
66d9c3930bc303fcbe4d0b37,Western,Rusizi,Nyakabuye,Kamanu,Bugumya
66d9c3930bc303fcbe4d0b39,Western,Rusizi,Nyakabuye,Kamanu,Gishagara
66d9c3930bc303fcbe4d0b41,Western,Rusizi,Nyakabuye,Kamanu,Ruguti
66d9c3930bc303fcbe4d0b46,Western,Rusizi,Nyakabuye,Kiziho,Bunyereri
66d9c3930bc303fcbe4d0b5b,Western,Rusizi,Nyakarenzo,Gatare,Rwindare
66d9c3930bc303fcbe4d0b24,Western,Rusizi,Nkungu,Ryamuhirwa,Rususa
66d9c3930bc303fcbe4d0b3a,Western,Rusizi,Nyakabuye,Kamanu,Kamusana
66d9c3930bc303fcbe4d0b45,Western,Rusizi,Nyakabuye,Kamanu,Site
66d9c3930bc303fcbe4d0b43,Western,Rusizi,Nyakabuye,Kamanu,Segege
66d9c3930bc303fcbe4d0b2d,Western,Rusizi,Nyakabuye,Gasebeya,Karambi
66d9c3930bc303fcbe4d0b3c,Western,Rusizi,Nyakabuye,Kamanu,Mpoga
66d9c3930bc303fcbe4d0b59,Western,Rusizi,Nyakarenzo,Gatare,Bigando
66d9c3930bc303fcbe4d0b61,Western,Rusizi,Nyakarenzo,Kabuye,Bisenyi
66d9c3930bc303fcbe4d0b88,Western,Rusizi,Nzahaha,Nyenji,Gasharu
66d9c3930bc303fcbe4d0b91,Western,Rusizi,Nzahaha,Rebero,Rukoro
66d9c3930bc303fcbe4d0b92,Western,Rusizi,Nzahaha,Rebero,Shariyo
66d9c3930bc303fcbe4d0b94,Western,Rusizi,Nzahaha,Rwinzuki,Kabugabo
66d9c3930bc303fcbe4d0b9c,Western,Rusizi,Rwimbogo,Karenge,Gishoma
66d9c3930bc303fcbe4d0b76,Western,Rusizi,Nyakarenzo,Rusambu,Rusambu
66d9c3930bc303fcbe4d0b78,Western,Rusizi,Nzahaha,Butambamo,Karunyerera
66d9c3930bc303fcbe4d0b8c,Western,Rusizi,Nzahaha,Nyenji,Ruganzu
66d9c3930bc303fcbe4d0b9e,Western,Rusizi,Rwimbogo,Karenge,Nyabihanga
66d9c3930bc303fcbe4d0b62,Western,Rusizi,Nyakarenzo,Kabuye,Kazuba
66d9c3930bc303fcbe4d0b84,Western,Rusizi,Nzahaha,Murya,Nyagahanga
66d9c3930bc303fcbe4d0b90,Western,Rusizi,Nzahaha,Rebero,Kabuyange
66d9c3930bc303fcbe4d0ba8,Western,Rusizi,Rwimbogo,Mushaka,Kabajoba
66d9c3930bc303fcbe4d0bab,Western,Rusizi,Rwimbogo,Rubugu,Gatare
66d9c3930bc303fcbe4d0bb5,Western,Nyamasheke,Bushekeri,Buvungira,Bushekeri
66d9c3930bc303fcbe4d0bba,Western,Nyamasheke,Bushekeri,Buvungira,Mujabagiro
66d9c3930bc303fcbe4d0bbe,Western,Nyamasheke,Bushekeri,Buvungira,Winkamba
66d9c3930bc303fcbe4d0bc1,Western,Nyamasheke,Bushekeri,Mpumbu,Gahondo
66d9c3930bc303fcbe4d0bc9,Western,Nyamasheke,Bushekeri,Ngoma,Kagarama
66d9c3930bc303fcbe4d0bcd,Western,Nyamasheke,Bushekeri,Nyarusange,Butangata
66d9c3930bc303fcbe4d0bce,Western,Nyamasheke,Bushekeri,Nyarusange,Gatoki
66d9c3930bc303fcbe4d0bec,Western,Nyamasheke,Bushenge,Kagatamu,Gatare
66d9c3930bc303fcbe4d0bf2,Western,Nyamasheke,Bushenge,Kagatamu,Ruhinga I
66d9c3930bc303fcbe4d0bf8,Western,Nyamasheke,Bushenge,Karusimbi,Kasenjara
66d9c3930bc303fcbe4d0bfb,Western,Nyamasheke,Bushenge,Karusimbi,Remera
66d9c3930bc303fcbe4d0bfe,Western,Nyamasheke,Cyato,Bisumo,Hangari
66d9c3930bc303fcbe4d0c04,Western,Nyamasheke,Cyato,Bisumo,Rugarama
66d9c3930bc303fcbe4d0c0c,Western,Nyamasheke,Cyato,Murambi,Muhingo
66d9c3930bc303fcbe4d0c14,Western,Nyamasheke,Cyato,Mutongo,Kizinga
66d9c3930bc303fcbe4d0c1c,Western,Nyamasheke,Cyato,Rugari,Gituntu
66d9c3930bc303fcbe4d0c22,Western,Nyamasheke,Gihombo,Butare,Gahanda
66d9c3930bc303fcbe4d0c2f,Western,Nyamasheke,Gihombo,Gitwa,Kinanira
66d9c3930bc303fcbe4d0c3e,Western,Nyamasheke,Gihombo,Kibingo,Rusuzumiro
66d9c3930bc303fcbe4d0c44,Western,Nyamasheke,Gihombo,Mubuga,Muhavu
66d9c3930bc303fcbe4d0c4a,Western,Nyamasheke,Kagano,Gako,Kazibira
66d9c3930bc303fcbe4d0c4d,Western,Nyamasheke,Kagano,Gako,Remera
66d9c3930bc303fcbe4d0bae,Western,Rusizi,Rwimbogo,Rubugu,Rukombe
66d9c3930bc303fcbe4d0bbf,Western,Nyamasheke,Bushekeri,Buvungira,Yove
66d9c3930bc303fcbe4d0bcb,Western,Nyamasheke,Bushekeri,Ngoma,Mashuhira
66d9c3930bc303fcbe4d0bd0,Western,Nyamasheke,Bushekeri,Nyarusange,Mubuga
66d9c3930bc303fcbe4d0bda,Western,Nyamasheke,Bushenge,Gasheke,Kamayenga
66d9c3930bc303fcbe4d0be1,Western,Nyamasheke,Bushenge,Impala,Birava
66d9c3930bc303fcbe4d0c26,Western,Nyamasheke,Gihombo,Butare,Rugaragara
66d9c3930bc303fcbe4d0c2b,Western,Nyamasheke,Gihombo,Gitwa,Doga
66d9c3930bc303fcbe4d0c40,Western,Nyamasheke,Gihombo,Kibingo,Rwanyundo
66d9c3930bc303fcbe4d0c48,Western,Nyamasheke,Kagano,Gako,Gasharu
66d9c3930bc303fcbe4d0c52,Western,Nyamasheke,Kagano,Mubumbano,Bisoro
66d9c3930bc303fcbe4d0bc5,Western,Nyamasheke,Bushekeri,Ngoma,Bitare
66d9c3930bc303fcbe4d0bcf,Western,Nyamasheke,Bushekeri,Nyarusange,Kinini
66d9c3930bc303fcbe4d0c02,Western,Nyamasheke,Cyato,Bisumo,Mutuntu
66d9c3930bc303fcbe4d0c1f,Western,Nyamasheke,Cyato,Rugari,Rubeho
66d9c3930bc303fcbe4d0ba5,Western,Rusizi,Rwimbogo,Muhehwe,Rungunga
66d9c3930bc303fcbe4d0bb1,Western,Rusizi,Rwimbogo,Ruganda,Rubamba
66d9c3930bc303fcbe4d0c00,Western,Nyamasheke,Cyato,Bisumo,Kayo
66d9c3930bc303fcbe4d0c23,Western,Nyamasheke,Gihombo,Butare,Gasharu
66d9c3930bc303fcbe4d0c4f,Western,Nyamasheke,Kagano,Gako,Rwangoma
66d9c3930bc303fcbe4d0c5f,Western,Nyamasheke,Kagano,Ninzi,Kavune
66d9c3930bc303fcbe4d0c63,Western,Nyamasheke,Kagano,Ninzi,Nyabageni
66d9c3930bc303fcbe4d0c7e,Western,Nyamasheke,Kanjongo,Kibogora,Maseka
66d9c3930bc303fcbe4d0c8c,Western,Nyamasheke,Kanjongo,Kigoya,Bujanga
66d9c3930bc303fcbe4d0c9d,Western,Nyamasheke,Kanjongo,Susa,Kamuramira
66d9c3930bc303fcbe4d0c9e,Western,Nyamasheke,Kanjongo,Susa,Kibazi
66d9c3930bc303fcbe4d0c9f,Western,Nyamasheke,Kanjongo,Susa,Marongi
66d9c3930bc303fcbe4d0ca5,Western,Nyamasheke,Karambi,Gasovu,Gikangaga
66d9c3930bc303fcbe4d0cab,Western,Nyamasheke,Karambi,Gasovu,Ryanyagahangara
66d9c3930bc303fcbe4d0cc6,Western,Nyamasheke,Karambi,Kagarama,Tetero
66d9c3930bc303fcbe4d0cc8,Western,Nyamasheke,Karambi,Rushyarara,Amizero
66d9c3930bc303fcbe4d0ccb,Western,Nyamasheke,Karambi,Rushyarara,Nkomero
66d9c3930bc303fcbe4d0ccd,Western,Nyamasheke,Karambi,Rushyarara,Rudaga
66d9c3930bc303fcbe4d0ce1,Western,Nyamasheke,Karengera,Miko,Boli
66d9c3930bc303fcbe4d0ce6,Western,Nyamasheke,Karengera,Miko,Nyagisozi
66d9c3930bc303fcbe4d0ce8,Western,Nyamasheke,Karengera,Miko,Rutare
66d9c3930bc303fcbe4d0cfb,Western,Nyamasheke,Kirimbi,Karengera,Kaburiro
66d9c3930bc303fcbe4d0cfd,Western,Nyamasheke,Kirimbi,Karengera,Mitanga
66d9c3930bc303fcbe4d0cff,Western,Nyamasheke,Kirimbi,Karengera,Nduba
66d9c3930bc303fcbe4d0d01,Western,Nyamasheke,Kirimbi,Karengera,Rugote
66d9c3930bc303fcbe4d0d06,Western,Nyamasheke,Kirimbi,Muhororo,Kigarama
66d9c3930bc303fcbe4d0d08,Western,Nyamasheke,Kirimbi,Muhororo,Nyakabingo
66d9c3930bc303fcbe4d0d0b,Western,Nyamasheke,Kirimbi,Nyarusange,Gisheke
66d9c3930bc303fcbe4d0d0d,Western,Nyamasheke,Kirimbi,Nyarusange,Mushungo
66d9c3930bc303fcbe4d0d14,Western,Nyamasheke,Macuba,Gatare,Gashwi
66d9c3930bc303fcbe4d0d27,Western,Nyamasheke,Macuba,Nyakabingo,Musumba
66d9c3930bc303fcbe4d0d2d,Western,Nyamasheke,Macuba,Rugari,Bitaba
66d9c3930bc303fcbe4d0d2f,Western,Nyamasheke,Macuba,Rugari,Butare
66d9c3930bc303fcbe4d0d3f,Western,Nyamasheke,Macuba,Vugangoma,Kagarama
66d9c3930bc303fcbe4d0d43,Western,Nyamasheke,Macuba,Vugangoma,Nyagahinga
66d9c3930bc303fcbe4d0d48,Western,Nyamasheke,Mahembe,Gisoke,Gisebeya
66d9c3930bc303fcbe4d0d4c,Western,Nyamasheke,Mahembe,Gisoke,Muramba
66d9c3930bc303fcbe4d0d50,Western,Nyamasheke,Mahembe,Kagarama,Giti
66d9c3930bc303fcbe4d0d52,Western,Nyamasheke,Mahembe,Kagarama,Kigara
66d9c3930bc303fcbe4d0d66,Western,Nyamasheke,Nyabitekeri,Kigabiro,Butsure
66d9c3930bc303fcbe4d0d6c,Western,Nyamasheke,Nyabitekeri,Kigabiro,Murambi
66d9c3930bc303fcbe4d0c5b,Western,Nyamasheke,Kagano,Mubumbano,Nyagashinge
66d9c3930bc303fcbe4d0ba2,Western,Rusizi,Rwimbogo,Muhehwe,Musigiti
66d9c3930bc303fcbe4d0ba7,Western,Rusizi,Rwimbogo,Mushaka,Gatambamo
66d9c3930bc303fcbe4d0bad,Western,Rusizi,Rwimbogo,Rubugu,Nyange
66d9c3930bc303fcbe4d0baf,Western,Rusizi,Rwimbogo,Ruganda,Cyunguriro
66d9c3930bc303fcbe4d0bb8,Western,Nyamasheke,Bushekeri,Buvungira,Gisakura
66d9c3930bc303fcbe4d0bc2,Western,Nyamasheke,Bushekeri,Mpumbu,Kamina
66d9c3930bc303fcbe4d0bcc,Western,Nyamasheke,Bushekeri,Ngoma,Rugeregere
66d9c3930bc303fcbe4d0bdb,Western,Nyamasheke,Bushenge,Gasheke,Kamucyamo
66d9c3930bc303fcbe4d0bde,Western,Nyamasheke,Bushenge,Gasheke,Kivoga
66d9c3930bc303fcbe4d0be4,Western,Nyamasheke,Bushenge,Impala,Gasharu
66d9c3930bc303fcbe4d0be6,Western,Nyamasheke,Bushenge,Impala,Kabeza
66d9c3930bc303fcbe4d0beb,Western,Nyamasheke,Bushenge,Kagatamu,Gasura
66d9c3930bc303fcbe4d0bf1,Western,Nyamasheke,Bushenge,Kagatamu,Ruhinamavi
66d9c3930bc303fcbe4d0bf4,Western,Nyamasheke,Bushenge,Karusimbi,Gahongo
66d9c3930bc303fcbe4d0c07,Western,Nyamasheke,Cyato,Murambi,Bigeyo
66d9c3930bc303fcbe4d0c0e,Western,Nyamasheke,Cyato,Murambi,Murenge
66d9c3930bc303fcbe4d0c12,Western,Nyamasheke,Cyato,Mutongo,Bwanama
66d9c3930bc303fcbe4d0c16,Western,Nyamasheke,Cyato,Mutongo,Rushahaga
66d9c3930bc303fcbe4d0c20,Western,Nyamasheke,Cyato,Rugari,Rwumba
66d9c3930bc303fcbe4d0c2d,Western,Nyamasheke,Gihombo,Gitwa,Gaseke
66d9c3930bc303fcbe4d0c3c,Western,Nyamasheke,Gihombo,Kibingo,Nyarunyinya
66d9c3930bc303fcbe4d0c45,Western,Nyamasheke,Gihombo,Mubuga,Muhororo
66d9c3930bc303fcbe4d0c4b,Western,Nyamasheke,Kagano,Gako,Mpombo
66d9c3930bc303fcbe4d0c55,Western,Nyamasheke,Kagano,Mubumbano,Kabagabo
66d9c3930bc303fcbe4d0c5e,Western,Nyamasheke,Kagano,Ninzi,Gikuyu
66d9c3930bc303fcbe4d0c6d,Western,Nyamasheke,Kagano,Shara,Gahumba
66d9c3930bc303fcbe4d0c72,Western,Nyamasheke,Kagano,Shara,Kamina
66d9c3930bc303fcbe4d0c83,Western,Nyamasheke,Kanjongo,Kibogora,Rwakagaju
66d9c3930bc303fcbe4d0c9b,Western,Nyamasheke,Kanjongo,Susa,Gakenke
66d9c3930bc303fcbe4d0ca1,Western,Nyamasheke,Kanjongo,Susa,Ruganda
66d9c3930bc303fcbe4d0cdc,Western,Nyamasheke,Karengera,Higiro,Gitunda
66d9c3930bc303fcbe4d0cdd,Western,Nyamasheke,Karengera,Higiro,Mpinga
66d9c3930bc303fcbe4d0ce7,Western,Nyamasheke,Karengera,Miko,Nyamiyaga
66d9c3930bc303fcbe4d0d16,Western,Nyamasheke,Macuba,Gatare,Kayenzi
66d9c3930bc303fcbe4d0d4a,Western,Nyamasheke,Mahembe,Gisoke,Kanyoni
66d9c3930bc303fcbe4d0d4e,Western,Nyamasheke,Mahembe,Kagarama,Gabiro
66d9c3930bc303fcbe4d0d65,Western,Nyamasheke,Nyabitekeri,Kigabiro,Bunyenga
66d9c3930bc303fcbe4d0d74,Western,Nyamasheke,Nyabitekeri,Kinunga,Karambi
66d9c3930bc303fcbe4d0d86,Western,Nyamasheke,Nyabitekeri,Muyange,Bukiro
66d9c3930bc303fcbe4d0d91,Western,Nyamasheke,Nyabitekeri,Ntango,Kankoni
66d9c3930bc303fcbe4d0da2,Western,Nyamasheke,Rangiro,Gakenke,Rwasa
66d9c3930bc303fcbe4d0db1,Western,Nyamasheke,Ruharambuga,Kanazi,Gitaba
66d9c3930bc303fcbe4d0de0,Western,Nyamasheke,Shangi,Burimba,Gikombe
66d9c3930bc303fcbe4d0dfb,Western,Nyamasheke,Shangi,Shangi,Gasharu
66d9c3930bc303fcbe4d0e0d,Eastern,Rwamagana,Fumbwe,Nyakagunga,Kirehe
66d9c3930bc303fcbe4d0e0e,Eastern,Rwamagana,Fumbwe,Nyakagunga,Rugarama
66d9c3930bc303fcbe4d0e13,Eastern,Rwamagana,Fumbwe,Nyamirama,Makwandi
66d9c3930bc303fcbe4d0b01,Western,Rusizi,Nkungu,Gatare,Kivugiza
66d9c3930bc303fcbe4d0ae8,Western,Rusizi,Nkombo,Bigoga,Ngoma
66d9c3930bc303fcbe4d0b06,Western,Rusizi,Nkungu,Kiziguro,Byugaro
66d9c3930bc303fcbe4d0b16,Western,Rusizi,Nkungu,Mataba,Honga
66d9c3930bc303fcbe4d0aee,Western,Rusizi,Nkombo,Bugarura,Rurembo
66d9c3930bc303fcbe4d0af0,Western,Rusizi,Nkombo,Ishywa,Kaboneke
66d9c3930bc303fcbe4d0af1,Western,Rusizi,Nkombo,Ishywa,Kabuga
66d9c3930bc303fcbe4d0afc,Western,Rusizi,Nkombo,Rwenje,Nyabintare
66d9c3930bc303fcbe4d0afd,Western,Rusizi,Nkombo,Rwenje,Rutarakiro
66d9c3930bc303fcbe4d0b0a,Western,Rusizi,Nkungu,Kiziguro,Kabuganza
66d9c3930bc303fcbe4d0b11,Western,Rusizi,Nkungu,Kiziguro,Ryamibuga
66d9c3930bc303fcbe4d0b15,Western,Rusizi,Nkungu,Mataba,Gikombe
66d9c3930bc303fcbe4d0b18,Western,Rusizi,Nkungu,Mataba,Kamajumba
66d9c3930bc303fcbe4d0b1f,Western,Rusizi,Nkungu,Ryamuhirwa,Kigurwe
66d9c3930bc303fcbe4d0ae5,Western,Rusizi,Nkombo,Bigoga,Gisunyu
66d9c3930bc303fcbe4d0af5,Western,Rusizi,Nkombo,Kamagimbo,Kabuye
66d9c3930bc303fcbe4d0b03,Western,Rusizi,Nkungu,Gatare,Njambwe
66d9c3930bc303fcbe4d0b0c,Western,Rusizi,Nkungu,Kiziguro,Kamabuye
66d9c3930bc303fcbe4d0b21,Western,Rusizi,Nkungu,Ryamuhirwa,Kiyanza
66d9c3930bc303fcbe4d0b27,Western,Rusizi,Nyakabuye,Gasebeya,Gacyamo
66d9c3930bc303fcbe4d0b32,Western,Rusizi,Nyakabuye,Gaseke,Kagenge
66d9c3930bc303fcbe4d0b48,Western,Rusizi,Nyakabuye,Kiziho,Makoko
66d9c3930bc303fcbe4d0b52,Western,Rusizi,Nyakabuye,Nyabintare,Gakungu
66d9c3930bc303fcbe4d0b53,Western,Rusizi,Nyakabuye,Nyabintare,Gatanga
66d9c3930bc303fcbe4d0b54,Western,Rusizi,Nyakabuye,Nyabintare,Gatare
66d9c3930bc303fcbe4d0b5f,Western,Rusizi,Nyakarenzo,Kabagina,Karambi
66d9c3930bc303fcbe4d0b34,Western,Rusizi,Nyakabuye,Gaseke,Muyange
66d9c3930bc303fcbe4d0b3f,Western,Rusizi,Nyakabuye,Kamanu,Nyakagoma
66d9c3930bc303fcbe4d0b49,Western,Rusizi,Nyakabuye,Kiziho,Nkanga
66d9c3930bc303fcbe4d0b50,Western,Rusizi,Nyakabuye,Mashyuza,Rukamba
66d9c3930bc303fcbe4d0b51,Western,Rusizi,Nyakabuye,Nyabintare,Barenga
66d9c3930bc303fcbe4d0b56,Western,Rusizi,Nyakabuye,Nyabintare,Mizibira
66d9c3930bc303fcbe4d0b57,Western,Rusizi,Nyakabuye,Nyabintare,Peru
66d9c3930bc303fcbe4d0b33,Western,Rusizi,Nyakabuye,Gaseke,Kinunga
66d9c3930bc303fcbe4d0b4f,Western,Rusizi,Nyakabuye,Mashyuza,Ruganzu
66d9c3930bc303fcbe4d0b73,Western,Rusizi,Nyakarenzo,Rusambu,Gataramo
66d9c3930bc303fcbe4d0b74,Western,Rusizi,Nyakarenzo,Rusambu,Karambi
66d9c3930bc303fcbe4d0b63,Western,Rusizi,Nyakarenzo,Kabuye,Kigarama
66d9c3930bc303fcbe4d0b75,Western,Rusizi,Nyakarenzo,Rusambu,Mugongo
66d9c3930bc303fcbe4d0b86,Western,Rusizi,Nzahaha,Murya,Ryagashyitsi
66d9c3930bc303fcbe4d0b96,Western,Rusizi,Nzahaha,Rwinzuki,Kiranga
66d9c3930bc303fcbe4d0b60,Western,Rusizi,Nyakarenzo,Kabagina,Nyamugari
66d9c3930bc303fcbe4d0b6a,Western,Rusizi,Nyakarenzo,Kanoga,Kanyovu
66d9c3930bc303fcbe4d0b77,Western,Rusizi,Nzahaha,Butambamo,Gashagwa
66d9c3930bc303fcbe4d0b79,Western,Rusizi,Nzahaha,Butambamo,Muguri
66d9c3930bc303fcbe4d0b7b,Western,Rusizi,Nzahaha,Butambamo,Ryarusaro
66d9c3930bc303fcbe4d0b7c,Western,Rusizi,Nzahaha,Kigenge,Gihungwe
66d9c3930bc303fcbe4d0b87,Western,Rusizi,Nzahaha,Murya,Tare
66d9c3930bc303fcbe4d0b8e,Western,Rusizi,Nzahaha,Rebero,Gatovu
66d9c3930bc303fcbe4d0b93,Western,Rusizi,Nzahaha,Rwinzuki,Gasave
66d9c3930bc303fcbe4d0b6d,Western,Rusizi,Nyakarenzo,Karangiro,Gihusi
66d9c3930bc303fcbe4d0bc3,Western,Nyamasheke,Bushekeri,Mpumbu,Karambi
66d9c3930bc303fcbe4d0bdd,Western,Nyamasheke,Bushenge,Gasheke,Kigenge
66d9c3930bc303fcbe4d0bbc,Western,Nyamasheke,Bushekeri,Buvungira,Ruvumbu
66d9c3930bc303fcbe4d0bc6,Western,Nyamasheke,Bushekeri,Ngoma,Buhembe
66d9c3930bc303fcbe4d0bd3,Western,Nyamasheke,Bushekeri,Nyarusange,Rweza
66d9c3930bc303fcbe4d0be2,Western,Nyamasheke,Bushenge,Impala,Buninda
66d9c3930bc303fcbe4d0be3,Western,Nyamasheke,Bushenge,Impala,Bushenge
66d9c3930bc303fcbe4d0be8,Western,Nyamasheke,Bushenge,Impala,Rumanga
66d9c3930bc303fcbe4d0bed,Western,Nyamasheke,Bushenge,Kagatamu,Kagatamu
66d9c3930bc303fcbe4d0c08,Western,Nyamasheke,Cyato,Murambi,Cyato
66d9c3930bc303fcbe4d0c27,Western,Nyamasheke,Gihombo,Butare,Rwamatamu
66d9c3930bc303fcbe4d0c39,Western,Nyamasheke,Gihombo,Kibingo,Kigarama
66d9c3930bc303fcbe4d0c56,Western,Nyamasheke,Kagano,Mubumbano,Kabuyekeru
66d9c3930bc303fcbe4d0ae1,Western,Rusizi,Nkanka,Rugabano,Kamahoro
66d9c3930bc303fcbe4d0afe,Western,Rusizi,Nkungu,Gatare,Bahuro
66d9c3930bc303fcbe4d0b05,Western,Rusizi,Nkungu,Gatare,Rutegamatwi
66d9c3930bc303fcbe4d0ae7,Western,Rusizi,Nkombo,Bigoga,Kabashinga
66d9c3930bc303fcbe4d0b0b,Western,Rusizi,Nkungu,Kiziguro,Kadashya
66d9c3930bc303fcbe4d0b1c,Western,Rusizi,Nkungu,Mataba,Rwamaraba
66d9c3930bc303fcbe4d0ae3,Western,Rusizi,Nkanka,Rugabano,Rebero
66d9c3930bc303fcbe4d0af4,Western,Rusizi,Nkombo,Kamagimbo,Gitwa
66d9c3930bc303fcbe4d0aff,Western,Rusizi,Nkungu,Gatare,Cyandarama
66d9c3930bc303fcbe4d0b0e,Western,Rusizi,Nkungu,Kiziguro,Mpinga
66d9c3930bc303fcbe4d0b13,Western,Rusizi,Nkungu,Mataba,Gatagara
66d9c3930bc303fcbe4d0b02,Western,Rusizi,Nkungu,Gatare,Madaho
66d9c3930bc303fcbe4d0b22,Western,Rusizi,Nkungu,Ryamuhirwa,Nyarushishi
66d9c3930bc303fcbe4d0b36,Western,Rusizi,Nyakabuye,Kamanu,Bikinga
66d9c3930bc303fcbe4d0b4c,Western,Rusizi,Nyakabuye,Mashyuza,Cyamura
66d9c3930bc303fcbe4d0b4e,Western,Rusizi,Nyakabuye,Mashyuza,Nyamaronko
66d9c3930bc303fcbe4d0b5d,Western,Rusizi,Nyakarenzo,Kabagina,Gacyamo
66d9c3930bc303fcbe4d0b20,Western,Rusizi,Nkungu,Ryamuhirwa,Kinanira
66d9c3930bc303fcbe4d0b29,Western,Rusizi,Nyakabuye,Gasebeya,Gaseke
66d9c3930bc303fcbe4d0b2e,Western,Rusizi,Nyakabuye,Gasebeya,Kaveya
66d9c3930bc303fcbe4d0b31,Western,Rusizi,Nyakabuye,Gaseke,Kagabiro
66d9c3930bc303fcbe4d0b3e,Western,Rusizi,Nyakabuye,Kamanu,Murambi
66d9c3930bc303fcbe4d0b40,Western,Rusizi,Nyakabuye,Kamanu,Nyeshati
66d9c3930bc303fcbe4d0b42,Western,Rusizi,Nyakabuye,Kamanu,Ryamberu
66d9c3930bc303fcbe4d0b44,Western,Rusizi,Nyakabuye,Kamanu,Shaba
66d9c3930bc303fcbe4d0b4b,Western,Rusizi,Nyakabuye,Kiziho,Rwimbogo
66d9c3930bc303fcbe4d0b23,Western,Rusizi,Nkungu,Ryamuhirwa,Rugabe
66d9c3930bc303fcbe4d0b28,Western,Rusizi,Nyakabuye,Gasebeya,Gahuna
66d9c3930bc303fcbe4d0b35,Western,Rusizi,Nyakabuye,Gaseke,Rubona
66d9c3930bc303fcbe4d0b5c,Western,Rusizi,Nyakarenzo,Kabagina,Bitaba
66d9c3930bc303fcbe4d0b2a,Western,Rusizi,Nyakabuye,Gasebeya,Gashyuha
66d9c3930bc303fcbe4d0b7a,Western,Rusizi,Nzahaha,Butambamo,Ngoma
66d9c3930bc303fcbe4d0b7f,Western,Rusizi,Nzahaha,Kigenge,Ndabereye
66d9c3930bc303fcbe4d0b95,Western,Rusizi,Nzahaha,Rwinzuki,Kibirezi
66d9c3930bc303fcbe4d0b68,Western,Rusizi,Nyakarenzo,Kanoga,Kamanura
66d9c3930bc303fcbe4d0b69,Western,Rusizi,Nyakarenzo,Kanoga,Kanoga
66d9c3930bc303fcbe4d0b71,Western,Rusizi,Nyakarenzo,Murambi,Njambwe
66d9c3930bc303fcbe4d0b7d,Western,Rusizi,Nzahaha,Kigenge,Kacyiru
66d9c3930bc303fcbe4d0b80,Western,Rusizi,Nzahaha,Murya,Buganza
66d9c3930bc303fcbe4d0b85,Western,Rusizi,Nzahaha,Murya,Nyagasozi
66d9c3930bc303fcbe4d0b89,Western,Rusizi,Nzahaha,Nyenji,Gatare
66d9c3930bc303fcbe4d0b8a,Western,Rusizi,Nzahaha,Nyenji,Kinengwe
66d9c3930bc303fcbe4d0b99,Western,Rusizi,Nzahaha,Rwinzuki,Peru
66d9c3930bc303fcbe4d0b66,Western,Rusizi,Nyakarenzo,Kabuye,Nyamagana
66d9c3930bc303fcbe4d0b6c,Western,Rusizi,Nyakarenzo,Karangiro,Cyimbogo
66d9c3930bc303fcbe4d0b70,Western,Rusizi,Nyakarenzo,Murambi,Gisovu
66d9c3930bc303fcbe4d0b81,Western,Rusizi,Nzahaha,Murya,Gacuriro
66d9c3930bc303fcbe4d0b82,Western,Rusizi,Nzahaha,Murya,Gisheke
66d9c3930bc303fcbe4d0b83,Western,Rusizi,Nzahaha,Murya,Kamina
66d9c3930bc303fcbe4d0b97,Western,Rusizi,Nzahaha,Rwinzuki,Murambi
66d9c3930bc303fcbe4d0b98,Western,Rusizi,Nzahaha,Rwinzuki,Nyagahinga
66d9c3930bc303fcbe4d0b6b,Western,Rusizi,Nyakarenzo,Kanoga,Kumana
66d9c3930bc303fcbe4d0ba0,Western,Rusizi,Rwimbogo,Muhehwe,Kibare
66d9c3930bc303fcbe4d0ba1,Western,Rusizi,Rwimbogo,Muhehwe,Murama
66d9c3930bc303fcbe4d0bac,Western,Rusizi,Rwimbogo,Rubugu,Ntenyi
66d9c3930bc303fcbe4d0bbd,Western,Nyamasheke,Bushekeri,Buvungira,Rwumba
66d9c3930bc303fcbe4d0bd7,Western,Nyamasheke,Bushenge,Gasheke,Gasheke
66d9c3930bc303fcbe4d0bd8,Western,Nyamasheke,Bushenge,Gasheke,Gikombe
66d9c3930bc303fcbe4d0be9,Western,Nyamasheke,Bushenge,Impala,Runyinya
66d9c3930bc303fcbe4d0bea,Western,Nyamasheke,Bushenge,Kagatamu,Gashirabwoba
66d9c3930bc303fcbe4d0bfa,Western,Nyamasheke,Bushenge,Karusimbi,Nyakagezi
66d9c3930bc303fcbe4d0c18,Western,Nyamasheke,Cyato,Mutongo,Rutiritiri
66d9c3930bc303fcbe4d0c2e,Western,Nyamasheke,Gihombo,Gitwa,Gasharu
66d9c3930bc303fcbe4d0c3f,Western,Nyamasheke,Gihombo,Kibingo,Rwabisindu
66d9c3930bc303fcbe4d0ba4,Western,Rusizi,Rwimbogo,Muhehwe,Renga
66d9c3930bc303fcbe4d0ba9,Western,Rusizi,Rwimbogo,Mushaka,Kamabuye
66d9c3930bc303fcbe4d0bb2,Western,Rusizi,Rwimbogo,Ruganda,Rubuye
66d9c3930bc303fcbe4d0bb9,Western,Nyamasheke,Bushekeri,Buvungira,Kinzovu
66d9c3930bc303fcbe4d0bd5,Western,Nyamasheke,Bushenge,Gasheke,Biguzi
66d9c3930bc303fcbe4d0bd6,Western,Nyamasheke,Bushenge,Gasheke,Bugungu
66d9c3930bc303fcbe4d0bd9,Western,Nyamasheke,Bushenge,Gasheke,Gitwa
66d9c3930bc303fcbe4d0bf3,Western,Nyamasheke,Bushenge,Kagatamu,Ruhinga Ii
66d9c3930bc303fcbe4d0bf6,Western,Nyamasheke,Bushenge,Karusimbi,Gasharu
66d9c3930bc303fcbe4d0bf9,Western,Nyamasheke,Bushenge,Karusimbi,Kigaga
66d9c3930bc303fcbe4d0c06,Western,Nyamasheke,Cyato,Bisumo,Rwaramba
66d9c3930bc303fcbe4d0c11,Western,Nyamasheke,Cyato,Murambi,Nyakabingo
66d9c3930bc303fcbe4d0c13,Western,Nyamasheke,Cyato,Mutongo,Kavumu
66d9c3930bc303fcbe4d0c30,Western,Nyamasheke,Gihombo,Gitwa,Nyagahinga
66d9c3930bc303fcbe4d0c33,Western,Nyamasheke,Gihombo,Jarama,Buseso
66d9c3930bc303fcbe4d0c34,Western,Nyamasheke,Gihombo,Jarama,Kadobogo
66d9c3930bc303fcbe4d0c4e,Western,Nyamasheke,Kagano,Gako,Rushondi
66d9c3930bc303fcbe4d0c51,Western,Nyamasheke,Kagano,Gako,Ryarutungura
66d9c3930bc303fcbe4d0c53,Western,Nyamasheke,Kagano,Mubumbano,Gikomero
66d9c3930bc303fcbe4d0c54,Western,Nyamasheke,Kagano,Mubumbano,Gitanga
66d9c3930bc303fcbe4d0c57,Western,Nyamasheke,Kagano,Mubumbano,Mabungo
66d9c3930bc303fcbe4d0bc0,Western,Nyamasheke,Bushekeri,Mpumbu,Bona
66d9c3930bc303fcbe4d0bc4,Western,Nyamasheke,Bushekeri,Mpumbu,Kirombozi
66d9c3930bc303fcbe4d0bca,Western,Nyamasheke,Bushekeri,Ngoma,Kanyovu
66d9c3930bc303fcbe4d0bd1,Western,Nyamasheke,Bushekeri,Nyarusange,Nyanza
66d9c3930bc303fcbe4d0bd4,Western,Nyamasheke,Bushenge,Gasheke,Bagiramenyo
66d9c3930bc303fcbe4d0be5,Western,Nyamasheke,Bushenge,Impala,Gasumo
66d9c3930bc303fcbe4d0be7,Western,Nyamasheke,Bushenge,Impala,Mucuzi
66d9c3930bc303fcbe4d0bfc,Western,Nyamasheke,Bushenge,Karusimbi,Rwumuyaga
66d9c3930bc303fcbe4d0bfd,Western,Nyamasheke,Cyato,Bisumo,Gasasa
66d9c3930bc303fcbe4d0c0a,Western,Nyamasheke,Cyato,Murambi,Karehe
66d9c3930bc303fcbe4d0c19,Western,Nyamasheke,Cyato,Mutongo,Yove
66d9c3930bc303fcbe4d0c1b,Western,Nyamasheke,Cyato,Rugari,Gashihe
66d9c3930bc303fcbe4d0c3b,Western,Nyamasheke,Gihombo,Kibingo,Nyabitare
66d9c3930bc303fcbe4d0c41,Western,Nyamasheke,Gihombo,Mubuga,Bungo
66d9c3930bc303fcbe4d0c42,Western,Nyamasheke,Gihombo,Mubuga,Butembo
66d9c3930bc303fcbe4d0c5d,Western,Nyamasheke,Kagano,Ninzi,Gasayo
66d9c3930bc303fcbe4d0cac,Western,Nyamasheke,Karambi,Gitwe,Giti
66d9c3930bc303fcbe4d0cb9,Western,Nyamasheke,Karambi,Kabuga,Munini
66d9c3930bc303fcbe4d0d53,Western,Nyamasheke,Mahembe,Kagarama,Mikingo
66d9c3930bc303fcbe4d0d7f,Western,Nyamasheke,Nyabitekeri,Mariba,Kamabera
66d9c3930bc303fcbe4d0de7,Western,Nyamasheke,Shangi,Mataba,Gasumo
66d9c3930bc303fcbe4d0e1e,Eastern,Rwamagana,Fumbwe,Sasabirago,Irukwaya
66d9c3930bc303fcbe4d0c43,Western,Nyamasheke,Gihombo,Mubuga,Mubuga
66d9c3930bc303fcbe4d0c50,Western,Nyamasheke,Kagano,Gako,Rwisovu
66d9c3930bc303fcbe4d0bb6,Western,Nyamasheke,Bushekeri,Buvungira,Buvungira
66d9c3930bc303fcbe4d0bbb,Western,Nyamasheke,Bushekeri,Buvungira,Nkenga
66d9c3930bc303fcbe4d0bc7,Western,Nyamasheke,Bushekeri,Ngoma,Bukiro
66d9c3930bc303fcbe4d0bd2,Western,Nyamasheke,Bushekeri,Nyarusange,Rundwe
66d9c3930bc303fcbe4d0bdc,Western,Nyamasheke,Bushenge,Gasheke,Karambo
66d9c3930bc303fcbe4d0be0,Western,Nyamasheke,Bushenge,Gasheke,Rwashyamba
66d9c3930bc303fcbe4d0bf0,Western,Nyamasheke,Bushenge,Kagatamu,Maherero
66d9c3930bc303fcbe4d0bf5,Western,Nyamasheke,Bushenge,Karusimbi,Gakombe
66d9c3930bc303fcbe4d0c03,Western,Nyamasheke,Cyato,Bisumo,Rugabe
66d9c3930bc303fcbe4d0c09,Western,Nyamasheke,Cyato,Murambi,Kamonyi
66d9c3930bc303fcbe4d0c0b,Western,Nyamasheke,Cyato,Murambi,Matyazo
66d9c3930bc303fcbe4d0c0f,Western,Nyamasheke,Cyato,Murambi,Mutiti
66d9c3930bc303fcbe4d0c10,Western,Nyamasheke,Cyato,Murambi,Nkomero
66d9c3930bc303fcbe4d0c1a,Western,Nyamasheke,Cyato,Rugari,Gakenke
66d9c3930bc303fcbe4d0c1d,Western,Nyamasheke,Cyato,Rugari,Karambo
66d9c3930bc303fcbe4d0c25,Western,Nyamasheke,Gihombo,Butare,Nyakabungo
66d9c3930bc303fcbe4d0c29,Western,Nyamasheke,Gihombo,Gitwa,Birehe
66d9c3930bc303fcbe4d0c2a,Western,Nyamasheke,Gihombo,Gitwa,Bwerankori
66d9c3930bc303fcbe4d0c31,Western,Nyamasheke,Gihombo,Gitwa,Ruboreza
66d9c3930bc303fcbe4d0c38,Western,Nyamasheke,Gihombo,Kibingo,Gituruka
66d9c3930bc303fcbe4d0c4c,Western,Nyamasheke,Kagano,Gako,Musagara
66d9c3930bc303fcbe4d0c59,Western,Nyamasheke,Kagano,Mubumbano,Mikingo
66d9c3930bc303fcbe4d0c5a,Western,Nyamasheke,Kagano,Mubumbano,Murambi
66d9c3930bc303fcbe4d0c5c,Western,Nyamasheke,Kagano,Mubumbano,Nyamirambo
66d9c3930bc303fcbe4d0bb4,Western,Nyamasheke,Bushekeri,Buvungira,Buhinga
66d9c3930bc303fcbe4d0c05,Western,Nyamasheke,Cyato,Bisumo,Ruhengeri
66d9c3930bc303fcbe4d0c15,Western,Nyamasheke,Cyato,Mutongo,Muyugiri
66d9c3930bc303fcbe4d0c2c,Western,Nyamasheke,Gihombo,Gitwa,Gasagara
66d9c3930bc303fcbe4d0c35,Western,Nyamasheke,Gihombo,Jarama,Karehe
66d9c3930bc303fcbe4d0c3d,Western,Nyamasheke,Gihombo,Kibingo,Rushoka
66d9c3930bc303fcbe4d0ba3,Western,Rusizi,Rwimbogo,Muhehwe,Nyarusebeya
66d9c3930bc303fcbe4d0c0d,Western,Nyamasheke,Cyato,Murambi,Muremure
66d9c3930bc303fcbe4d0c1e,Western,Nyamasheke,Cyato,Rugari,Ntsinduka
66d9c3930bc303fcbe4d0c3a,Western,Nyamasheke,Gihombo,Kibingo,Mataba
66d9c3930bc303fcbe4d0c65,Western,Nyamasheke,Kagano,Rwesero,Gasharu
66d9c3930bc303fcbe4d0c66,Western,Nyamasheke,Kagano,Rwesero,Gitaba
66d9c3930bc303fcbe4d0c70,Western,Nyamasheke,Kagano,Shara,Kaduha
66d9c3930bc303fcbe4d0c77,Western,Nyamasheke,Kagano,Shara,Ntumba
66d9c3930bc303fcbe4d0c7c,Western,Nyamasheke,Kanjongo,Kibogora,Kagarama
66d9c3930bc303fcbe4d0c87,Western,Nyamasheke,Kanjongo,Kigarama,Gitwa
66d9c3930bc303fcbe4d0c91,Western,Nyamasheke,Kanjongo,Kigoya,Nkero
66d9c3930bc303fcbe4d0c98,Western,Nyamasheke,Kanjongo,Raro,Musasa
66d9c3930bc303fcbe4d0ca8,Western,Nyamasheke,Karambi,Gasovu,Murambi
66d9c3930bc303fcbe4d0cad,Western,Nyamasheke,Karambi,Gitwe,Gitwe
66d9c3930bc303fcbe4d0cae,Western,Nyamasheke,Karambi,Gitwe,Kamina
66d9c3930bc303fcbe4d0cb2,Western,Nyamasheke,Karambi,Gitwe,Rubingo
66d9c3930bc303fcbe4d0cd9,Western,Nyamasheke,Karengera,Gashashi,Mwiyando
66d9c3930bc303fcbe4d0cdb,Western,Nyamasheke,Karengera,Higiro,Gihaya
66d9c3930bc303fcbe4d0d04,Western,Nyamasheke,Kirimbi,Muhororo,Giseke
66d9c3930bc303fcbe4d0d19,Western,Nyamasheke,Macuba,Gatare,Rugarama
66d9c3930bc303fcbe4d0d20,Western,Nyamasheke,Macuba,Mutongo,Nyabihanga
66d9c3930bc303fcbe4d0d24,Western,Nyamasheke,Macuba,Nyakabingo,Kajumiro
66d9c3930bc303fcbe4d0d30,Western,Nyamasheke,Macuba,Rugari,Gatyazo
66d9c3930bc303fcbe4d0d35,Western,Nyamasheke,Macuba,Rugari,Matare
66d9c3930bc303fcbe4d0d36,Western,Nyamasheke,Macuba,Rugari,Munimba
66d9c3930bc303fcbe4d0d5d,Western,Nyamasheke,Mahembe,Nyagatare,Uwamaheke
66d9c3930bc303fcbe4d0d63,Western,Nyamasheke,Mahembe,Nyakavumu,Gitwa
66d9c3930bc303fcbe4d0d83,Western,Nyamasheke,Nyabitekeri,Mariba,Murenge
66d9c3930bc303fcbe4d0d88,Western,Nyamasheke,Nyabitekeri,Muyange,Gafunzo
66d9c3930bc303fcbe4d0d9a,Western,Nyamasheke,Rangiro,Banda,Gahira
66d9c3930bc303fcbe4d0dbc,Western,Nyamasheke,Ruharambuga,Ntendezi,Kagarama
66d9c3930bc303fcbe4d0dcb,Western,Nyamasheke,Ruharambuga,Save,Manzi
66d9c3930bc303fcbe4d0dfd,Western,Nyamasheke,Shangi,Shangi,Karambo
66d9c3930bc303fcbe4d0e06,Eastern,Rwamagana,Fumbwe,Nyagasambu,Mataba
66d9c3930bc303fcbe4d0e17,Eastern,Rwamagana,Fumbwe,Nyarubuye,Gitwe
66d9c3930bc303fcbe4d0e20,Eastern,Rwamagana,Fumbwe,Sasabirago,Munini
66d9c3930bc303fcbe4d0d72,Western,Nyamasheke,Nyabitekeri,Kinunga,Kabanda
66d9c3930bc303fcbe4d0d82,Western,Nyamasheke,Nyabitekeri,Mariba,Mataba
66d9c3930bc303fcbe4d0d8b,Western,Nyamasheke,Nyabitekeri,Muyange,Kazibo
66d9c3930bc303fcbe4d0d95,Western,Nyamasheke,Nyabitekeri,Ntango,Nyamirundi
66d9c3930bc303fcbe4d0da9,Western,Nyamasheke,Rangiro,Murambi,Bigeyo
66d9c3930bc303fcbe4d0daf,Western,Nyamasheke,Rangiro,Murambi,Ryarubasha
66d9c3930bc303fcbe4d0db0,Western,Nyamasheke,Ruharambuga,Kanazi,Gashwati
66d9c3930bc303fcbe4d0dc2,Western,Nyamasheke,Ruharambuga,Ntendezi,Muko
66d9c3930bc303fcbe4d0dc3,Western,Nyamasheke,Ruharambuga,Ntendezi,Nganzo
66d9c3930bc303fcbe4d0dce,Western,Nyamasheke,Ruharambuga,Save,Nyamuhunga
66d9c3930bc303fcbe4d0dd3,Western,Nyamasheke,Ruharambuga,Wimana,Gatanga
66d9c3930bc303fcbe4d0dd8,Western,Nyamasheke,Ruharambuga,Wimana,Murambi
66d9c3930bc303fcbe4d0dda,Western,Nyamasheke,Ruharambuga,Wimana,Nkomero
66d9c3930bc303fcbe4d0df6,Western,Nyamasheke,Shangi,Nyamugari,Nyamateke
66d9c3930bc303fcbe4d0df8,Western,Nyamasheke,Shangi,Nyamugari,Rubavu
66d9c3930bc303fcbe4d0df9,Western,Nyamasheke,Shangi,Shangi,Bugomba
66d9c3930bc303fcbe4d0dff,Western,Nyamasheke,Shangi,Shangi,Taba
66d9c3930bc303fcbe4d0e0f,Eastern,Rwamagana,Fumbwe,Nyamirama,Agatare
66d9c3930bc303fcbe4d0e1c,Eastern,Rwamagana,Fumbwe,Sasabirago,Birembo
66d9c3930bc303fcbe4d0e1f,Eastern,Rwamagana,Fumbwe,Sasabirago,Karambo
66d9c3930bc303fcbe4d0e2a,Eastern,Rwamagana,Gahengeri,Kagezi,Samatare
66d9c3930bc303fcbe4d0e2d,Eastern,Rwamagana,Gahengeri,Kanyangese,Ruhita
66d9c3930bc303fcbe4d0e35,Eastern,Rwamagana,Gahengeri,Mutamwa,Agasharu
66d9c3930bc303fcbe4d0e54,Eastern,Rwamagana,Gishali,Bwinsanga,Mugusha
66d9c3930bc303fcbe4d0e5c,Eastern,Rwamagana,Gishali,Gati,Umunanira
66d9c3930bc303fcbe4d0e60,Eastern,Rwamagana,Gishali,Kavumu,Kibonde
66d9c3930bc303fcbe4d0e61,Eastern,Rwamagana,Gishali,Kavumu,Uruyenzi
66d9c3930bc303fcbe4d0e73,Eastern,Rwamagana,Karenge,Byimana,Kiyaya
66d9c3930bc303fcbe4d0e8a,Eastern,Rwamagana,Karenge,Nyamatete,Ndengo
66d9c3930bc303fcbe4d0e8b,Eastern,Rwamagana,Karenge,Nyamatete,Nyagasenyi
66d9c3930bc303fcbe4d0e8e,Eastern,Rwamagana,Kigabiro,Bwiza,Gitega
66d9c3930bc303fcbe4d0e8f,Eastern,Rwamagana,Kigabiro,Bwiza,Kagererao
66d9c3930bc303fcbe4d0e9a,Eastern,Rwamagana,Kigabiro,Cyanya,Kabuye
66d9c3930bc303fcbe4d0e9b,Eastern,Rwamagana,Kigabiro,Cyanya,Kamata
66d9c3930bc303fcbe4d0ea9,Eastern,Rwamagana,Kigabiro,Sibagire,Cyimpima
66d9c3930bc303fcbe4d0ec4,Eastern,Rwamagana,Muhazi,Kitazigurwa,Byimana
66d9c3930bc303fcbe4d0c6f,Western,Nyamasheke,Kagano,Shara,Gisunzu
66d9c3930bc303fcbe4d0c79,Western,Nyamasheke,Kanjongo,Kibogora,Bizenga
66d9c3930bc303fcbe4d0c7a,Western,Nyamasheke,Kanjongo,Kibogora,Gataba
66d9c3930bc303fcbe4d0c7d,Western,Nyamasheke,Kanjongo,Kibogora,Kivugiza
66d9c3930bc303fcbe4d0c85,Western,Nyamasheke,Kanjongo,Kigarama,Gatare
66d9c3930bc303fcbe4d0c95,Western,Nyamasheke,Kanjongo,Raro,Gasumo
66d9c3930bc303fcbe4d0cd2,Western,Nyamasheke,Karengera,Gasayo,Muganza
66d9c3930bc303fcbe4d0cd8,Western,Nyamasheke,Karengera,Gashashi,Karangiro
66d9c3930bc303fcbe4d0cde,Western,Nyamasheke,Karengera,Higiro,Muhora
66d9c3930bc303fcbe4d0cf9,Western,Nyamasheke,Kirimbi,Karengera,Gisenyi
66d9c3930bc303fcbe4d0d05,Western,Nyamasheke,Kirimbi,Muhororo,Gisesero
66d9c3930bc303fcbe4d0d1b,Western,Nyamasheke,Macuba,Gatare,Wimana
66d9c3930bc303fcbe4d0d23,Western,Nyamasheke,Macuba,Mutongo,Ryarugamba
66d9c3930bc303fcbe4d0d33,Western,Nyamasheke,Macuba,Rugari,Kazimba
66d9c3930bc303fcbe4d0d4f,Western,Nyamasheke,Mahembe,Kagarama,Gasharu
66d9c3930bc303fcbe4d0d6f,Western,Nyamasheke,Nyabitekeri,Kinunga,Gahwazi
66d9c3930bc303fcbe4d0d75,Western,Nyamasheke,Nyabitekeri,Kinunga,Kibanda
66d9c3930bc303fcbe4d0dc8,Western,Nyamasheke,Ruharambuga,Save,Gihinga
66d9c3930bc303fcbe4d0dcd,Western,Nyamasheke,Ruharambuga,Save,Nkomero
66d9c3930bc303fcbe4d0de9,Western,Nyamasheke,Shangi,Mataba,Mpishyi
66d9c3930bc303fcbe4d0e02,Eastern,Rwamagana,Fumbwe,Mununu,Kabeza
66d9c3930bc303fcbe4d0e25,Eastern,Rwamagana,Gahengeri,Gihumuza,Nyirabujari
66d9c3930bc303fcbe4d0e29,Eastern,Rwamagana,Gahengeri,Kagezi,Rwarugaju
66d9c3930bc303fcbe4d0e56,Eastern,Rwamagana,Gishali,Bwinsanga,Shaburondo
66d9c3930bc303fcbe4d0e71,Eastern,Rwamagana,Karenge,Byimana,Byimana
66d9c3930bc303fcbe4d0e92,Eastern,Rwamagana,Kigabiro,Bwiza,Rutaka
66d9c3930bc303fcbe4d0ea8,Eastern,Rwamagana,Kigabiro,Sibagire,Bugugu
66d9c3930bc303fcbe4d0c67,Western,Nyamasheke,Kagano,Rwesero,Kamasera
66d9c3930bc303fcbe4d0cbc,Western,Nyamasheke,Karambi,Kabuga,Rugano
66d9c3930bc303fcbe4d0d2a,Western,Nyamasheke,Macuba,Nyakabingo,Rugote
66d9c3930bc303fcbe4d0dc0,Western,Nyamasheke,Ruharambuga,Ntendezi,Kigabiro
66d9c3930bc303fcbe4d0dc5,Western,Nyamasheke,Ruharambuga,Ntendezi,Rukoma
66d9c3930bc303fcbe4d0dec,Western,Nyamasheke,Shangi,Mugera,Bweranyange
66d9c3930bc303fcbe4d0e5e,Eastern,Rwamagana,Gishali,Kavumu,Akabuga
66d9c3930bc303fcbe4d0c61,Western,Nyamasheke,Kagano,Ninzi,Murwa
66d9c3930bc303fcbe4d0c80,Western,Nyamasheke,Kanjongo,Kibogora,Nyagacaca
66d9c3930bc303fcbe4d0c96,Western,Nyamasheke,Kanjongo,Raro,Kamabuye
66d9c3930bc303fcbe4d0ca7,Western,Nyamasheke,Karambi,Gasovu,Kabeza
66d9c3930bc303fcbe4d0cba,Western,Nyamasheke,Karambi,Kabuga,Nyabitare
66d9c3930bc303fcbe4d0ccf,Western,Nyamasheke,Karambi,Rushyarara,Rwunamuka
66d9c3930bc303fcbe4d0ce5,Western,Nyamasheke,Karengera,Miko,Nyabwinshi
66d9c3930bc303fcbe4d0cfa,Western,Nyamasheke,Kirimbi,Karengera,Kabuga
66d9c3930bc303fcbe4d0d0e,Western,Nyamasheke,Kirimbi,Nyarusange,Nyabinaga
66d9c3930bc303fcbe4d0d29,Western,Nyamasheke,Macuba,Nyakabingo,Nyarunombe
66d9c3930bc303fcbe4d0d4b,Western,Nyamasheke,Mahembe,Gisoke,Kivumu
66d9c3930bc303fcbe4d0d6e,Western,Nyamasheke,Nyabitekeri,Kigabiro,Rweru
66d9c3930bc303fcbe4d0d7e,Western,Nyamasheke,Nyabitekeri,Mariba,Kabukunzi
66d9c3930bc303fcbe4d0d93,Western,Nyamasheke,Nyabitekeri,Ntango,Kayenzi
66d9c3930bc303fcbe4d0d98,Western,Nyamasheke,Nyabitekeri,Ntango,Taba
66d9c3930bc303fcbe4d0e63,Eastern,Rwamagana,Gishali,Ruhimbi,Byimana
66d9c3930bc303fcbe4d0c6c,Western,Nyamasheke,Kagano,Shara,Byahi
66d9c3930bc303fcbe4d0c75,Western,Nyamasheke,Kagano,Shara,Mugohe
66d9c3930bc303fcbe4d0c7b,Western,Nyamasheke,Kanjongo,Kibogora,Kabuyaga
66d9c3930bc303fcbe4d0cb8,Western,Nyamasheke,Karambi,Kabuga,Mugohe
66d9c3930bc303fcbe4d0cbe,Western,Nyamasheke,Karambi,Kagarama,Bizimba
66d9c3930bc303fcbe4d0cc9,Western,Nyamasheke,Karambi,Rushyarara,Cyivugiza
66d9c3930bc303fcbe4d0ce0,Western,Nyamasheke,Karengera,Higiro,Rukunguri
66d9c3930bc303fcbe4d0cf7,Western,Nyamasheke,Kirimbi,Cyimpindu,Uwamuduru
66d9c3930bc303fcbe4d0d02,Western,Nyamasheke,Kirimbi,Muhororo,Gabiro
66d9c3930bc303fcbe4d0d0f,Western,Nyamasheke,Kirimbi,Nyarusange,Rubona
66d9c3930bc303fcbe4d0d26,Western,Nyamasheke,Macuba,Nyakabingo,Mataba
66d9c3930bc303fcbe4d0d34,Western,Nyamasheke,Macuba,Rugari,Kirehe
66d9c3930bc303fcbe4d0d3a,Western,Nyamasheke,Macuba,Rugari,Rwambogo
66d9c3930bc303fcbe4d0d57,Western,Nyamasheke,Mahembe,Nyagatare,Gatare
66d9c3930bc303fcbe4d0d58,Western,Nyamasheke,Mahembe,Nyagatare,Karambo
66d9c3930bc303fcbe4d0d5c,Western,Nyamasheke,Mahembe,Nyagatare,Nyakabande
66d9c3930bc303fcbe4d0d68,Western,Nyamasheke,Nyabitekeri,Kigabiro,Kabarore
66d9c3930bc303fcbe4d0d78,Western,Nyamasheke,Nyabitekeri,Kinunga,Rugarama
66d9c3930bc303fcbe4d0d89,Western,Nyamasheke,Nyabitekeri,Muyange,Gahabwa
66d9c3930bc303fcbe4d0d8a,Western,Nyamasheke,Nyabitekeri,Muyange,Gikombe
66d9c3930bc303fcbe4d0d9f,Western,Nyamasheke,Rangiro,Gakenke,Gasovu
66d9c3930bc303fcbe4d0daa,Western,Nyamasheke,Rangiro,Murambi,Bunyenyezi
66d9c3930bc303fcbe4d0dca,Western,Nyamasheke,Ruharambuga,Save,Kanyovu
66d9c3930bc303fcbe4d0de2,Western,Nyamasheke,Shangi,Burimba,Nyakagano
66d9c3930bc303fcbe4d0dee,Western,Nyamasheke,Shangi,Mugera,Karuhatana
66d9c3930bc303fcbe4d0df1,Western,Nyamasheke,Shangi,Mugera,Rwonga
66d9c3930bc303fcbe4d0df7,Western,Nyamasheke,Shangi,Nyamugari,Nyamihondo
66d9c3930bc303fcbe4d0dfe,Western,Nyamasheke,Shangi,Shangi,Ngoboka
66d9c3930bc303fcbe4d0e21,Eastern,Rwamagana,Gahengeri,Gihumuza,Cyanga
66d9c3930bc303fcbe4d0e22,Eastern,Rwamagana,Gahengeri,Gihumuza,Gatare
66d9c3930bc303fcbe4d0e28,Eastern,Rwamagana,Gahengeri,Kagezi,Kabonero
66d9c3930bc303fcbe4d0e33,Eastern,Rwamagana,Gahengeri,Kibare,Kinyovi
66d9c3930bc303fcbe4d0e43,Eastern,Rwamagana,Gahengeri,Runyinya,Cyeru
66d9c3930bc303fcbe4d0e7a,Eastern,Rwamagana,Karenge,Kangamba,Byimana
66d9c3930bc303fcbe4d0e7f,Eastern,Rwamagana,Karenge,Karenge,Bwiza
66d9c3930bc303fcbe4d0e96,Eastern,Rwamagana,Kigabiro,Cyanya,Biraro
66d9c3930bc303fcbe4d0e97,Eastern,Rwamagana,Kigabiro,Cyanya,Busanza
66d9c3930bc303fcbe4d0ea0,Eastern,Rwamagana,Kigabiro,Nyagasenyi,Kavura
66d9c3930bc303fcbe4d0eac,Eastern,Rwamagana,Kigabiro,Sibagire,Kamanga
66d9c3930bc303fcbe4d0ebd,Eastern,Rwamagana,Muhazi,Karambi,Kinunga
66d9c3930bc303fcbe4d0ec3,Eastern,Rwamagana,Muhazi,Karitutu,Nyarugarama
66d9c3930bc303fcbe4d0c60,Western,Nyamasheke,Kagano,Ninzi,Mujabagiro
66d9c3930bc303fcbe4d0c64,Western,Nyamasheke,Kagano,Ninzi,Rugabano
66d9c3930bc303fcbe4d0c68,Western,Nyamasheke,Kagano,Rwesero,Kijibamba
66d9c3930bc303fcbe4d0c69,Western,Nyamasheke,Kagano,Rwesero,Kirehe
66d9c3930bc303fcbe4d0c82,Western,Nyamasheke,Kanjongo,Kibogora,Nyenyeri
66d9c3930bc303fcbe4d0c8f,Western,Nyamasheke,Kanjongo,Kigoya,Kirambo
66d9c3930bc303fcbe4d0c90,Western,Nyamasheke,Kanjongo,Kigoya,Museke
66d9c3930bc303fcbe4d0c9a,Western,Nyamasheke,Kanjongo,Raro,Rugeyo
66d9c3930bc303fcbe4d0cb3,Western,Nyamasheke,Karambi,Gitwe,Taba
66d9c3930bc303fcbe4d0cbf,Western,Nyamasheke,Karambi,Kagarama,Cyankuba
66d9c3930bc303fcbe4d0cc1,Western,Nyamasheke,Karambi,Kagarama,Kabingo
66d9c3930bc303fcbe4d0cc4,Western,Nyamasheke,Karambi,Kagarama,Misirimbo
66d9c3930bc303fcbe4d0cc5,Western,Nyamasheke,Karambi,Kagarama,Rubona
66d9c3930bc303fcbe4d0cca,Western,Nyamasheke,Karambi,Rushyarara,Kageyo
66d9c3930bc303fcbe4d0cd6,Western,Nyamasheke,Karengera,Gashashi,Kabuye
66d9c3930bc303fcbe4d0cdf,Western,Nyamasheke,Karengera,Higiro,Rujeberi
66d9c3930bc303fcbe4d0ce3,Western,Nyamasheke,Karengera,Miko,Karehe
66d9c3930bc303fcbe4d0ce9,Western,Nyamasheke,Karengera,Mwezi,Gakeri
66d9c3930bc303fcbe4d0ceb,Western,Nyamasheke,Karengera,Mwezi,Kamanu
66d9c3930bc303fcbe4d0cf0,Western,Nyamasheke,Karengera,Mwezi,Ruhinga
66d9c3930bc303fcbe4d0cf6,Western,Nyamasheke,Kirimbi,Cyimpindu,Uwakibaba
66d9c3930bc303fcbe4d0cfc,Western,Nyamasheke,Kirimbi,Karengera,Karambi
66d9c3930bc303fcbe4d0da0,Western,Nyamasheke,Rangiro,Gakenke,Kamatsira
66d9c3930bc303fcbe4d0da4,Western,Nyamasheke,Rangiro,Jurwe,Gatagara
66d9c3930bc303fcbe4d0db4,Western,Nyamasheke,Ruharambuga,Kanazi,Karambo
66d9c3930bc303fcbe4d0dc6,Western,Nyamasheke,Ruharambuga,Ntendezi,Wimpundu
66d9c3930bc303fcbe4d0dd0,Western,Nyamasheke,Ruharambuga,Wimana,Gacyamo
66d9c3930bc303fcbe4d0dd1,Western,Nyamasheke,Ruharambuga,Wimana,Gakomeye
66d9c3930bc303fcbe4d0dd2,Western,Nyamasheke,Ruharambuga,Wimana,Gasumo
66d9c3930bc303fcbe4d0ddc,Western,Nyamasheke,Ruharambuga,Wimana,Rugabano
66d9c3930bc303fcbe4d0de1,Western,Nyamasheke,Shangi,Burimba,Kabahande
66d9c3930bc303fcbe4d0df2,Western,Nyamasheke,Shangi,Nyamugari,Amahoro
66d9c3930bc303fcbe4d0e05,Eastern,Rwamagana,Fumbwe,Mununu,Nyirabiteri
66d9c3930bc303fcbe4d0e0b,Eastern,Rwamagana,Fumbwe,Nyakagunga,Akabeza
66d9c3930bc303fcbe4d0e1b,Eastern,Rwamagana,Fumbwe,Nyarubuye,Rurembo
66d9c3930bc303fcbe4d0e3c,Eastern,Rwamagana,Gahengeri,Rugarama,Amatafari
66d9c3930bc303fcbe4d0e49,Eastern,Rwamagana,Gahengeri,Runyinya,Ryamuzuka
66d9c3930bc303fcbe4d0e58,Eastern,Rwamagana,Gishali,Cyinyana,Nyakagarama
66d9c3930bc303fcbe4d0e59,Eastern,Rwamagana,Gishali,Cyinyana,Rurembo
66d9c3930bc303fcbe4d0e64,Eastern,Rwamagana,Gishali,Ruhimbi,Cyiri
66d9c3930bc303fcbe4d0e6a,Eastern,Rwamagana,Karenge,Bicaca,Bicaca Centre
66d9c3930bc303fcbe4d0e79,Eastern,Rwamagana,Karenge,Kabasore,Ruvomo
66d9c3930bc303fcbe4d0e7b,Eastern,Rwamagana,Karenge,Kangamba,Kagese
66d9c3930bc303fcbe4d0e80,Eastern,Rwamagana,Karenge,Karenge,Karenge
66d9c3930bc303fcbe4d0e86,Eastern,Rwamagana,Karenge,Nyabubare,Rwinka
66d9c3930bc303fcbe4d0d15,Western,Nyamasheke,Macuba,Gatare,Kabeza
66d9c3930bc303fcbe4d0d1c,Western,Nyamasheke,Macuba,Gatare,Wingabe
66d9c3930bc303fcbe4d0d25,Western,Nyamasheke,Macuba,Nyakabingo,Kanyege
66d9c3930bc303fcbe4d0d37,Western,Nyamasheke,Macuba,Rugari,Nyakariba
66d9c3930bc303fcbe4d0d3b,Western,Nyamasheke,Macuba,Rugari,Rwamiko
66d9c3930bc303fcbe4d0d3c,Western,Nyamasheke,Macuba,Vugangoma,Bitega
66d9c3930bc303fcbe4d0d3d,Western,Nyamasheke,Macuba,Vugangoma,Bizi
66d9c3930bc303fcbe4d0d41,Western,Nyamasheke,Macuba,Vugangoma,Kirambira
66d9c3930bc303fcbe4d0d51,Western,Nyamasheke,Mahembe,Kagarama,Kanombe
66d9c3930bc303fcbe4d0d61,Western,Nyamasheke,Mahembe,Nyakavumu,Cyinjira
66d9c3930bc303fcbe4d0d71,Western,Nyamasheke,Nyabitekeri,Kinunga,Gashashi
66d9c3930bc303fcbe4d0d73,Western,Nyamasheke,Nyabitekeri,Kinunga,Kagarama
66d9c3930bc303fcbe4d0d87,Western,Nyamasheke,Nyabitekeri,Muyange,Bukuri
66d9c3930bc303fcbe4d0d8f,Western,Nyamasheke,Nyabitekeri,Ntango,Bugiga
66d9c3930bc303fcbe4d0d99,Western,Nyamasheke,Rangiro,Banda,Bururi
66d9c3930bc303fcbe4d0d9b,Western,Nyamasheke,Rangiro,Banda,Gasumo
66d9c3930bc303fcbe4d0d9d,Western,Nyamasheke,Rangiro,Banda,Uwakagano
66d9c3930bc303fcbe4d0da5,Western,Nyamasheke,Rangiro,Jurwe,Kaneke
66d9c3930bc303fcbe4d0dab,Western,Nyamasheke,Rangiro,Murambi,Munini
66d9c3930bc303fcbe4d0db9,Western,Nyamasheke,Ruharambuga,Kanazi,Ryamashuri
66d9c3930bc303fcbe4d0dbe,Western,Nyamasheke,Ruharambuga,Ntendezi,Kamonyi
66d9c3930bc303fcbe4d0dbf,Western,Nyamasheke,Ruharambuga,Ntendezi,Karambi
66d9c3930bc303fcbe4d0dc7,Western,Nyamasheke,Ruharambuga,Save,Bigutu
66d9c3930bc303fcbe4d0dd4,Western,Nyamasheke,Ruharambuga,Wimana,Gikundamvura
66d9c3930bc303fcbe4d0df0,Western,Nyamasheke,Shangi,Mugera,Kavo
66d9c3930bc303fcbe4d0df4,Western,Nyamasheke,Shangi,Nyamugari,Kabare
66d9c3930bc303fcbe4d0e04,Eastern,Rwamagana,Fumbwe,Mununu,Ndinda
66d9c3930bc303fcbe4d0e2b,Eastern,Rwamagana,Gahengeri,Kanyangese,Agakari
66d9c3930bc303fcbe4d0e2c,Eastern,Rwamagana,Gahengeri,Kanyangese,Gatenderi
66d9c3930bc303fcbe4d0e2e,Eastern,Rwamagana,Gahengeri,Kanyangese,Umunini
66d9c3930bc303fcbe4d0e32,Eastern,Rwamagana,Gahengeri,Kibare,Karutimbo
66d9c3930bc303fcbe4d0e34,Eastern,Rwamagana,Gahengeri,Kibare,Rurambi
66d9c3930bc303fcbe4d0e3d,Eastern,Rwamagana,Gahengeri,Rugarama,Byimana
66d9c3930bc303fcbe4d0e3e,Eastern,Rwamagana,Gahengeri,Rugarama,Mataba
66d9c3930bc303fcbe4d0e4c,Eastern,Rwamagana,Gahengeri,Rweri,Kinteko
66d9c3930bc303fcbe4d0e53,Eastern,Rwamagana,Gishali,Bwinsanga,Akanogo
66d9c3930bc303fcbe4d0e5a,Eastern,Rwamagana,Gishali,Gati,Agatare
66d9c3930bc303fcbe4d0e62,Eastern,Rwamagana,Gishali,Ruhimbi,Abakina
66d9c3930bc303fcbe4d0e66,Eastern,Rwamagana,Gishali,Ruhimbi,Umunini
66d9c3930bc303fcbe4d0e69,Eastern,Rwamagana,Gishali,Ruhunda,Nyagakombe
66d9c3930bc303fcbe4d0e6d,Eastern,Rwamagana,Karenge,Bicaca,Kabeza
66d9c3930bc303fcbe4d0e72,Eastern,Rwamagana,Karenge,Byimana,Karambo
66d9c3930bc303fcbe4d0e74,Eastern,Rwamagana,Karenge,Byimana,Rukori
66d9c3930bc303fcbe4d0e77,Eastern,Rwamagana,Karenge,Kabasore,Migamba
66d9c3930bc303fcbe4d0e78,Eastern,Rwamagana,Karenge,Kabasore,Nyagatovu
66d9c3930bc303fcbe4d0e7e,Eastern,Rwamagana,Karenge,Kangamba,Nkongi
66d9c3930bc303fcbe4d0e81,Eastern,Rwamagana,Karenge,Karenge,Ntebe
66d9c3930bc303fcbe4d0e8c,Eastern,Rwamagana,Karenge,Nyamatete,Nyakabuye
66d9c3930bc303fcbe4d0e94,Eastern,Rwamagana,Kigabiro,Bwiza,Rweza
66d9c3930bc303fcbe4d0e9c,Eastern,Rwamagana,Kigabiro,Cyanya,Karuhayi
66d9c3930bc303fcbe4d0ea5,Eastern,Rwamagana,Kigabiro,Nyagasenyi,Rusave
66d9c3930bc303fcbe4d0ea7,Eastern,Rwamagana,Kigabiro,Sibagire,Bacyoro
66d9c3930bc303fcbe4d0eaf,Eastern,Rwamagana,Kigabiro,Sovu,Gatare
66d9c3930bc303fcbe4d0eb1,Eastern,Rwamagana,Kigabiro,Sovu,Nyabishunzi
66d9c3930bc303fcbe4d0eb4,Eastern,Rwamagana,Muhazi,Byeza,Gatobotobo
66d9c3930bc303fcbe4d0ec6,Eastern,Rwamagana,Muhazi,Kitazigurwa,Kabirizi
66d9c3930bc303fcbe4d0c74,Western,Nyamasheke,Kagano,Shara,Matara
66d9c3930bc303fcbe4d0c78,Western,Nyamasheke,Kagano,Shara,Rambira
66d9c3930bc303fcbe4d0c84,Western,Nyamasheke,Kanjongo,Kigarama,Gakomeye
66d9c3930bc303fcbe4d0ca0,Western,Nyamasheke,Kanjongo,Susa,Nyarubura
66d9c3930bc303fcbe4d0cb5,Western,Nyamasheke,Karambi,Kabuga,Gaseke
66d9c3930bc303fcbe4d0cb6,Western,Nyamasheke,Karambi,Kabuga,Kamukiza
66d9c3930bc303fcbe4d0cd3,Western,Nyamasheke,Karengera,Gasayo,Nyamugari
66d9c3930bc303fcbe4d0cfe,Western,Nyamasheke,Kirimbi,Karengera,Mukoto
66d9c3930bc303fcbe4d0d55,Western,Nyamasheke,Mahembe,Kagarama,Ruhanga
66d9c3930bc303fcbe4d0d5a,Western,Nyamasheke,Mahembe,Nyagatare,Murundo
66d9c3930bc303fcbe4d0d64,Western,Nyamasheke,Mahembe,Nyakavumu,Nyarusiza
66d9c3930bc303fcbe4d0d76,Western,Nyamasheke,Nyabitekeri,Kinunga,Mukarange
66d9c3930bc303fcbe4d0d7c,Western,Nyamasheke,Nyabitekeri,Mariba,Gakoma
66d9c3930bc303fcbe4d0d90,Western,Nyamasheke,Nyabitekeri,Ntango,Buhinga
66d9c3930bc303fcbe4d0da6,Western,Nyamasheke,Rangiro,Jurwe,Kibavu
66d9c3930bc303fcbe4d0dae,Western,Nyamasheke,Rangiro,Murambi,Nyarwungo
66d9c3930bc303fcbe4d0de5,Western,Nyamasheke,Shangi,Burimba,Rukohwa
66d9c3930bc303fcbe4d0def,Western,Nyamasheke,Shangi,Mugera,Karuhigi
66d9c3930bc303fcbe4d0e18,Eastern,Rwamagana,Fumbwe,Nyarubuye,Kabirizi
66d9c3930bc303fcbe4d0e39,Eastern,Rwamagana,Gahengeri,Mutamwa,Rubonobono
66d9c3930bc303fcbe4d0e3f,Eastern,Rwamagana,Gahengeri,Rugarama,Nyakiri
66d9c3930bc303fcbe4d0e4a,Eastern,Rwamagana,Gahengeri,Rweri,Kabigondo
66d9c3930bc303fcbe4d0e4b,Eastern,Rwamagana,Gahengeri,Rweri,Kamurindi
66d9c3930bc303fcbe4d0e55,Eastern,Rwamagana,Gishali,Bwinsanga,Nyakabungo
66d9c3930bc303fcbe4d0e7c,Eastern,Rwamagana,Karenge,Kangamba,Kangamba
66d9c3930bc303fcbe4d0e7d,Eastern,Rwamagana,Karenge,Kangamba,Kimarambasa
66d9c3930bc303fcbe4d0e99,Eastern,Rwamagana,Kigabiro,Cyanya,Kabeza
66d9c3930bc303fcbe4d0ea4,Eastern,Rwamagana,Kigabiro,Nyagasenyi,Ramba
66d9c3930bc303fcbe4d0eb3,Eastern,Rwamagana,Kigabiro,Sovu,Rushangara
66d9c3930bc303fcbe4d0eb9,Eastern,Rwamagana,Muhazi,Kabare,Umunini
66d9c3930bc303fcbe4d0ebb,Eastern,Rwamagana,Muhazi,Karambi,Gahengeri
66d9c3930bc303fcbe4d0ec0,Eastern,Rwamagana,Muhazi,Karitutu,Cyeru
66d9c3930bc303fcbe4d0e36,Eastern,Rwamagana,Gahengeri,Mutamwa,Kamugasa
66d9c3930bc303fcbe4d0e38,Eastern,Rwamagana,Gahengeri,Mutamwa,Nyirarwirungu
66d9c3930bc303fcbe4d0e42,Eastern,Rwamagana,Gahengeri,Runyinya,Akamasasa
66d9c3930bc303fcbe4d0e52,Eastern,Rwamagana,Gishali,Binunga,Rurindimura
66d9c3930bc303fcbe4d0e5d,Eastern,Rwamagana,Gishali,Gati,Uruhuha
66d9c3930bc303fcbe4d0e6e,Eastern,Rwamagana,Karenge,Bicaca,Kajevuba
66d9c3930bc303fcbe4d0e6f,Eastern,Rwamagana,Karenge,Bicaca,Karuyenzi
66d9c3930bc303fcbe4d0eb8,Eastern,Rwamagana,Muhazi,Kabare,Ubwiza
66d9c3930bc303fcbe4d0ebc,Eastern,Rwamagana,Muhazi,Karambi,Kayenzi
66d9c3930bc303fcbe4d0c62,Western,Nyamasheke,Kagano,Ninzi,Ninzi
66d9c3930bc303fcbe4d0c71,Western,Nyamasheke,Kagano,Shara,Kamabuye
66d9c3930bc303fcbe4d0c7f,Western,Nyamasheke,Kanjongo,Kibogora,Munini
66d9c3930bc303fcbe4d0c81,Western,Nyamasheke,Kanjongo,Kibogora,Nyarusange
66d9c3930bc303fcbe4d0c89,Western,Nyamasheke,Kanjongo,Kigarama,Karambi
66d9c3930bc303fcbe4d0c8d,Western,Nyamasheke,Kanjongo,Kigoya,Kabaga
66d9c3930bc303fcbe4d0c92,Western,Nyamasheke,Kanjongo,Kigoya,Ruganzu
66d9c3930bc303fcbe4d0c93,Western,Nyamasheke,Kanjongo,Raro,Baraguma
66d9c3930bc303fcbe4d0c99,Western,Nyamasheke,Kanjongo,Raro,Rambura
66d9c3930bc303fcbe4d0ca4,Western,Nyamasheke,Karambi,Gasovu,Gasamba
66d9c3930bc303fcbe4d0cb0,Western,Nyamasheke,Karambi,Gitwe,Kibiko
66d9c3930bc303fcbe4d0cb1,Western,Nyamasheke,Karambi,Gitwe,Mburabuturo
66d9c3930bc303fcbe4d0cb4,Western,Nyamasheke,Karambi,Kabuga,Bugarama
66d9c3930bc303fcbe4d0cbd,Western,Nyamasheke,Karambi,Kabuga,Rutiti
66d9c3930bc303fcbe4d0cc7,Western,Nyamasheke,Karambi,Kagarama,Wibungo
66d9c3930bc303fcbe4d0cd4,Western,Nyamasheke,Karengera,Gasayo,Nyamurira
66d9c3930bc303fcbe4d0cef,Western,Nyamasheke,Karengera,Mwezi,Ruhabwa
66d9c3930bc303fcbe4d0cf3,Western,Nyamasheke,Kirimbi,Cyimpindu,Kamatare
66d9c3930bc303fcbe4d0cf4,Western,Nyamasheke,Kirimbi,Cyimpindu,Katabaro
66d9c3930bc303fcbe4d0cf5,Western,Nyamasheke,Kirimbi,Cyimpindu,Rugeregere
66d9c3930bc303fcbe4d0cf8,Western,Nyamasheke,Kirimbi,Cyimpindu,Uwamugisha
66d9c3930bc303fcbe4d0d00,Western,Nyamasheke,Kirimbi,Karengera,Rubumba
66d9c3930bc303fcbe4d0d0a,Western,Nyamasheke,Kirimbi,Nyarusange,Bunyamanza
66d9c3930bc303fcbe4d0d0c,Western,Nyamasheke,Kirimbi,Nyarusange,Gitsimbwe
66d9c3930bc303fcbe4d0d12,Western,Nyamasheke,Macuba,Gatare,Gaseke
66d9c3930bc303fcbe4d0d22,Western,Nyamasheke,Macuba,Mutongo,Ryagatari
66d9c3930bc303fcbe4d0d28,Western,Nyamasheke,Macuba,Nyakabingo,Mwasa
66d9c3930bc303fcbe4d0d2b,Western,Nyamasheke,Macuba,Nyakabingo,Rumamfu
66d9c3930bc303fcbe4d0d2c,Western,Nyamasheke,Macuba,Nyakabingo,Rwankuba
66d9c3930bc303fcbe4d0d32,Western,Nyamasheke,Macuba,Rugari,Kabuga
66d9c3930bc303fcbe4d0d3e,Western,Nyamasheke,Macuba,Vugangoma,Cyijima
66d9c3930bc303fcbe4d0d40,Western,Nyamasheke,Macuba,Vugangoma,Kigandi
66d9c3930bc303fcbe4d0d44,Western,Nyamasheke,Macuba,Vugangoma,Nyarusange
66d9c3930bc303fcbe4d0d54,Western,Nyamasheke,Mahembe,Kagarama,Nyamiheha
66d9c3930bc303fcbe4d0d5f,Western,Nyamasheke,Mahembe,Nyakavumu,Bisharara
66d9c3930bc303fcbe4d0d67,Western,Nyamasheke,Nyabitekeri,Kigabiro,Cyamuti
66d9c3930bc303fcbe4d0d69,Western,Nyamasheke,Nyabitekeri,Kigabiro,Kamahongo
66d9c3930bc303fcbe4d0d77,Western,Nyamasheke,Nyabitekeri,Kinunga,Muremure
66d9c3930bc303fcbe4d0d7d,Western,Nyamasheke,Nyabitekeri,Mariba,Kabacuzi
66d9c3930bc303fcbe4d0d80,Western,Nyamasheke,Nyabitekeri,Mariba,Kamuhoza
66d9c3930bc303fcbe4d0d8e,Western,Nyamasheke,Nyabitekeri,Muyange,Tundwe
66d9c3930bc303fcbe4d0d92,Western,Nyamasheke,Nyabitekeri,Ntango,Kanombe
66d9c3930bc303fcbe4d0d94,Western,Nyamasheke,Nyabitekeri,Ntango,Murambi
66d9c3930bc303fcbe4d0da8,Western,Nyamasheke,Rangiro,Jurwe,Rugomero
66d9c3930bc303fcbe4d0dad,Western,Nyamasheke,Rangiro,Murambi,Nyakabingo
66d9c3930bc303fcbe4d0db2,Western,Nyamasheke,Ruharambuga,Kanazi,Kadashya
66d9c3930bc303fcbe4d0db6,Western,Nyamasheke,Ruharambuga,Kanazi,Rukerereza
66d9c3930bc303fcbe4d0db7,Western,Nyamasheke,Ruharambuga,Kanazi,Rusambu
66d9c3930bc303fcbe4d0db8,Western,Nyamasheke,Ruharambuga,Kanazi,Rwamahwa
66d9c3930bc303fcbe4d0dba,Western,Nyamasheke,Ruharambuga,Ntendezi,Gasharu
66d9c3930bc303fcbe4d0dc4,Western,Nyamasheke,Ruharambuga,Ntendezi,Risansi
66d9c3930bc303fcbe4d0dc9,Western,Nyamasheke,Ruharambuga,Save,Giko
66d9c3930bc303fcbe4d0dcc,Western,Nyamasheke,Ruharambuga,Save,Munini
66d9c3930bc303fcbe4d0dcf,Western,Nyamasheke,Ruharambuga,Save,Save
66d9c3930bc303fcbe4d0dde,Western,Nyamasheke,Ruharambuga,Wimana,Ryangange
66d9c3930bc303fcbe4d0e4f,Eastern,Rwamagana,Gahengeri,Rweri,Nyamugari
66d9c3930bc303fcbe4d0e5b,Eastern,Rwamagana,Gishali,Gati,Nyamabuye
66d9c3930bc303fcbe4d0e6c,Eastern,Rwamagana,Karenge,Bicaca,Cyarugaju
66d9c3930bc303fcbe4d0e83,Eastern,Rwamagana,Karenge,Nyabubare,Feri
66d9c3930bc303fcbe4d0e87,Eastern,Rwamagana,Karenge,Nyabubare,Ryamugabo
66d9c3930bc303fcbe4d0e89,Eastern,Rwamagana,Karenge,Nyamatete,Mutabo
66d9c3930bc303fcbe4d0ebf,Eastern,Rwamagana,Muhazi,Karitutu,Agatare
66d9c3930bc303fcbe4d0c76,Western,Nyamasheke,Kagano,Shara,Murambi
66d9c3930bc303fcbe4d0cce,Western,Nyamasheke,Karambi,Rushyarara,Ruzibira
66d9c3930bc303fcbe4d0cf1,Western,Nyamasheke,Kirimbi,Cyimpindu,Buha
66d9c3930bc303fcbe4d0d11,Western,Nyamasheke,Macuba,Gatare,Buhoro
66d9c3930bc303fcbe4d0dfc,Western,Nyamasheke,Shangi,Shangi,Kabere
66d9c3930bc303fcbe4d0e5f,Eastern,Rwamagana,Gishali,Kavumu,Ingeyo
66d9c3930bc303fcbe4d0ec5,Eastern,Rwamagana,Muhazi,Kitazigurwa,Gasharu
66d9c3930bc303fcbe4d0c6a,Western,Nyamasheke,Kagano,Rwesero,Mutusa
66d9c3930bc303fcbe4d0c6b,Western,Nyamasheke,Kagano,Rwesero,Rwesero
66d9c3930bc303fcbe4d0c8b,Western,Nyamasheke,Kanjongo,Kigarama,Murambi
66d9c3930bc303fcbe4d0c97,Western,Nyamasheke,Kanjongo,Raro,Kamina
66d9c3930bc303fcbe4d0c9c,Western,Nyamasheke,Kanjongo,Susa,Gatebe
66d9c3930bc303fcbe4d0ca9,Western,Nyamasheke,Karambi,Gasovu,Nyarugenge
66d9c3930bc303fcbe4d0cd0,Western,Nyamasheke,Karambi,Rushyarara,Tyazo
66d9c3930bc303fcbe4d0cda,Western,Nyamasheke,Karengera,Gashashi,Rwinkuba
66d9c3930bc303fcbe4d0ce4,Western,Nyamasheke,Karengera,Miko,Mbanda
66d9c3930bc303fcbe4d0d03,Western,Nyamasheke,Kirimbi,Muhororo,Gacumbi
66d9c3930bc303fcbe4d0d13,Western,Nyamasheke,Macuba,Gatare,Gasharu
66d9c3930bc303fcbe4d0d1f,Western,Nyamasheke,Macuba,Mutongo,Karamba
66d9c3930bc303fcbe4d0d31,Western,Nyamasheke,Macuba,Rugari,Gitwa
66d9c3930bc303fcbe4d0d45,Western,Nyamasheke,Macuba,Vugangoma,Wisovu
66d9c3930bc303fcbe4d0d46,Western,Nyamasheke,Mahembe,Gisoke,Fumba
66d9c3930bc303fcbe4d0d62,Western,Nyamasheke,Mahembe,Nyakavumu,Cyiya
66d9c3930bc303fcbe4d0d79,Western,Nyamasheke,Nyabitekeri,Kinunga,Shenyeri
66d9c3930bc303fcbe4d0d84,Western,Nyamasheke,Nyabitekeri,Mariba,Nyarusange
66d9c3930bc303fcbe4d0db5,Western,Nyamasheke,Ruharambuga,Kanazi,Rubiha
66d9c3930bc303fcbe4d0dbb,Western,Nyamasheke,Ruharambuga,Ntendezi,Kacyiru
66d9c3930bc303fcbe4d0dc1,Western,Nyamasheke,Ruharambuga,Ntendezi,Kigenge
66d9c3930bc303fcbe4d0ddb,Western,Nyamasheke,Ruharambuga,Wimana,Nyarushwati
66d9c3930bc303fcbe4d0de6,Western,Nyamasheke,Shangi,Mataba,Gabiro
66d9c3930bc303fcbe4d0ded,Western,Nyamasheke,Shangi,Mugera,Karugero
66d9c3930bc303fcbe4d0e00,Eastern,Rwamagana,Fumbwe,Mununu,Cyingara
66d9c3930bc303fcbe4d0e10,Eastern,Rwamagana,Fumbwe,Nyamirama,Akagarama
66d9c3930bc303fcbe4d0e16,Eastern,Rwamagana,Fumbwe,Nyarubuye,Gihima
66d9c3930bc303fcbe4d0e26,Eastern,Rwamagana,Gahengeri,Gihumuza,Rebero
66d9c3930bc303fcbe4d0e31,Eastern,Rwamagana,Gahengeri,Kibare,Kanserege
66d9c3930bc303fcbe4d0e70,Eastern,Rwamagana,Karenge,Bicaca,Runzenze
66d9c3930bc303fcbe4d0e75,Eastern,Rwamagana,Karenge,Kabasore,Ipide
66d9c3930bc303fcbe4d0e84,Eastern,Rwamagana,Karenge,Nyabubare,Kanyangese
66d9c3930bc303fcbe4d0e85,Eastern,Rwamagana,Karenge,Nyabubare,Nyabubare
66d9c3930bc303fcbe4d0ea6,Eastern,Rwamagana,Kigabiro,Nyagasenyi,Umuganura
66d9c3930bc303fcbe4d0eb6,Eastern,Rwamagana,Muhazi,Byeza,Nyarukombe
66d9c3930bc303fcbe4d0ec1,Eastern,Rwamagana,Muhazi,Karitutu,Karambo
66d9c3930bc303fcbe4d0c6e,Western,Nyamasheke,Kagano,Shara,Gihinga
66d9c3930bc303fcbe4d0c86,Western,Nyamasheke,Kanjongo,Kigarama,Gisagara
66d9c3930bc303fcbe4d0c88,Western,Nyamasheke,Kanjongo,Kigarama,Kajumiro
66d9c3930bc303fcbe4d0c8a,Western,Nyamasheke,Kanjongo,Kigarama,Karehe
66d9c3930bc303fcbe4d0c94,Western,Nyamasheke,Kanjongo,Raro,Gasihe
66d9c3930bc303fcbe4d0ca2,Western,Nyamasheke,Kanjongo,Susa,Wamugeyo
66d9c3930bc303fcbe4d0ca3,Western,Nyamasheke,Karambi,Gasovu,Bitare
66d9c3930bc303fcbe4d0ca6,Western,Nyamasheke,Karambi,Gasovu,Gitwa
66d9c3930bc303fcbe4d0cc3,Western,Nyamasheke,Karambi,Kagarama,Karambo
66d9c3930bc303fcbe4d0cd1,Western,Nyamasheke,Karengera,Gasayo,Gitwa
66d9c3930bc303fcbe4d0cd7,Western,Nyamasheke,Karengera,Gashashi,Kanenge
66d9c3930bc303fcbe4d0cea,Western,Nyamasheke,Karengera,Mwezi,Gatagara
66d9c3930bc303fcbe4d0cec,Western,Nyamasheke,Karengera,Mwezi,Nyagafunzo
66d9c3930bc303fcbe4d0d09,Western,Nyamasheke,Kirimbi,Muhororo,Rusebeya
66d9c3930bc303fcbe4d0ddf,Western,Nyamasheke,Shangi,Burimba,Busangati
66d9c3930bc303fcbe4d0dea,Western,Nyamasheke,Shangi,Mataba,Ruzinga
66d9c3930bc303fcbe4d0deb,Western,Nyamasheke,Shangi,Mataba,Rwabagoyi
66d9c3930bc303fcbe4d0df3,Western,Nyamasheke,Shangi,Nyamugari,Bitaba
66d9c3930bc303fcbe4d0e08,Eastern,Rwamagana,Fumbwe,Nyagasambu,Rebero
66d9c3930bc303fcbe4d0e0a,Eastern,Rwamagana,Fumbwe,Nyagasambu,Rugenge
66d9c3930bc303fcbe4d0e11,Eastern,Rwamagana,Fumbwe,Nyamirama,Bigarama
66d9c3930bc303fcbe4d0e12,Eastern,Rwamagana,Fumbwe,Nyamirama,Cyarutabana
66d9c3930bc303fcbe4d0e14,Eastern,Rwamagana,Fumbwe,Nyamirama,Ntungamo
66d9c3930bc303fcbe4d0e15,Eastern,Rwamagana,Fumbwe,Nyamirama,Shenga
66d9c3930bc303fcbe4d0e24,Eastern,Rwamagana,Gahengeri,Gihumuza,Kajevuba
66d9c3930bc303fcbe4d0e27,Eastern,Rwamagana,Gahengeri,Kagezi,Akabuga
66d9c3930bc303fcbe4d0e2f,Eastern,Rwamagana,Gahengeri,Kibare,Iramiro
66d9c3930bc303fcbe4d0e30,Eastern,Rwamagana,Gahengeri,Kibare,Kabuye
66d9c3930bc303fcbe4d0e47,Eastern,Rwamagana,Gahengeri,Runyinya,Kiyovu
66d9c3930bc303fcbe4d0e48,Eastern,Rwamagana,Gahengeri,Runyinya,Ruyumba
66d9c3930bc303fcbe4d0e4e,Eastern,Rwamagana,Gahengeri,Rweri,Mataba
66d9c3930bc303fcbe4d0e50,Eastern,Rwamagana,Gishali,Binunga,Busharu
66d9c3930bc303fcbe4d0e67,Eastern,Rwamagana,Gishali,Ruhunda,Mpungwe
66d9c3930bc303fcbe4d0e6b,Eastern,Rwamagana,Karenge,Bicaca,Cyanyirampazi
66d9c3930bc303fcbe4d0e76,Eastern,Rwamagana,Karenge,Kabasore,Kabasore
66d9c3930bc303fcbe4d0e88,Eastern,Rwamagana,Karenge,Nyamatete,Cyerwa
66d9c3930bc303fcbe4d0e8d,Eastern,Rwamagana,Karenge,Nyamatete,Nyamatete
66d9c3930bc303fcbe4d0e90,Eastern,Rwamagana,Kigabiro,Bwiza,Munini
66d9c3930bc303fcbe4d0e91,Eastern,Rwamagana,Kigabiro,Bwiza,Nyakabande
66d9c3930bc303fcbe4d0e95,Eastern,Rwamagana,Kigabiro,Cyanya,Bigabiro
66d9c3930bc303fcbe4d0e9d,Eastern,Rwamagana,Kigabiro,Cyanya,Karutimbo
66d9c3930bc303fcbe4d0ea2,Eastern,Rwamagana,Kigabiro,Nyagasenyi,Kigega
66d9c3930bc303fcbe4d0eab,Eastern,Rwamagana,Kigabiro,Sibagire,Kabuga
66d9c3930bc303fcbe4d0ead,Eastern,Rwamagana,Kigabiro,Sibagire,Miyange
66d9c3930bc303fcbe4d0eb7,Eastern,Rwamagana,Muhazi,Kabare,Birembo
66d9c3930bc303fcbe4d0caf,Western,Nyamasheke,Karambi,Gitwe,Karongi
66d9c3930bc303fcbe4d0cb7,Western,Nyamasheke,Karambi,Kabuga,Kanombe
66d9c3930bc303fcbe4d0cbb,Western,Nyamasheke,Karambi,Kabuga,Nyarusovu
66d9c3930bc303fcbe4d0cc0,Western,Nyamasheke,Karambi,Kagarama,Gituntu
66d9c3930bc303fcbe4d0cc2,Western,Nyamasheke,Karambi,Kagarama,Kamagese
66d9c3930bc303fcbe4d0ccc,Western,Nyamasheke,Karambi,Rushyarara,Rubyiruko
66d9c3930bc303fcbe4d0ce2,Western,Nyamasheke,Karengera,Miko,Kabisheshe
66d9c3930bc303fcbe4d0ced,Western,Nyamasheke,Karengera,Mwezi,Nyagashikura
66d9c3930bc303fcbe4d0cf2,Western,Nyamasheke,Kirimbi,Cyimpindu,Gitwa
66d9c3930bc303fcbe4d0d10,Western,Nyamasheke,Kirimbi,Nyarusange,Rwamiko
66d9c3930bc303fcbe4d0d18,Western,Nyamasheke,Macuba,Gatare,Nyakabingo
66d9c3930bc303fcbe4d0d2e,Western,Nyamasheke,Macuba,Rugari,Bunyamanza
66d9c3930bc303fcbe4d0d38,Western,Nyamasheke,Macuba,Rugari,Rusozi
66d9c3930bc303fcbe4d0d39,Western,Nyamasheke,Macuba,Rugari,Rutaragwe
66d9c3930bc303fcbe4d0d42,Western,Nyamasheke,Macuba,Vugangoma,Nkuro
66d9c3930bc303fcbe4d0d6a,Western,Nyamasheke,Nyabitekeri,Kigabiro,Kigarama
66d9c3930bc303fcbe4d0d70,Western,Nyamasheke,Nyabitekeri,Kinunga,Gasebeya
66d9c3930bc303fcbe4d0d7b,Western,Nyamasheke,Nyabitekeri,Mariba,Gahuhezi
66d9c3930bc303fcbe4d0d8c,Western,Nyamasheke,Nyabitekeri,Muyange,Nyange
66d9c3930bc303fcbe4d0d96,Western,Nyamasheke,Nyabitekeri,Ntango,Rebero
66d9c3930bc303fcbe4d0db3,Western,Nyamasheke,Ruharambuga,Kanazi,Kamuhumuza
66d9c3930bc303fcbe4d0dbd,Western,Nyamasheke,Ruharambuga,Ntendezi,Kamabuye
66d9c3930bc303fcbe4d0de4,Western,Nyamasheke,Shangi,Burimba,Rubayi
66d9c3930bc303fcbe4d0df5,Western,Nyamasheke,Shangi,Nyamugari,Mpande
66d9c3930bc303fcbe4d0dfa,Western,Nyamasheke,Shangi,Shangi,Busasamana
66d9c3930bc303fcbe4d0e07,Eastern,Rwamagana,Fumbwe,Nyagasambu,Rambura
66d9c3930bc303fcbe4d0e19,Eastern,Rwamagana,Fumbwe,Nyarubuye,Kivugiza
66d9c3930bc303fcbe4d0e1a,Eastern,Rwamagana,Fumbwe,Nyarubuye,Murambi
66d9c3930bc303fcbe4d0e3a,Eastern,Rwamagana,Gahengeri,Mutamwa,Rugagi
66d9c3930bc303fcbe4d0e40,Eastern,Rwamagana,Gahengeri,Rugarama,Nyarucyamo
66d9c3930bc303fcbe4d0e45,Eastern,Rwamagana,Gahengeri,Runyinya,Kabarore
66d9c3930bc303fcbe4d0e57,Eastern,Rwamagana,Gishali,Cyinyana,Nyagacyamo
66d9c3930bc303fcbe4d0e98,Eastern,Rwamagana,Kigabiro,Cyanya,Cyahafi
66d9c3930bc303fcbe4d0d17,Western,Nyamasheke,Macuba,Gatare,Murama
66d9c3930bc303fcbe4d0d1a,Western,Nyamasheke,Macuba,Gatare,Ryasagahara
66d9c3930bc303fcbe4d0d1d,Western,Nyamasheke,Macuba,Mutongo,Kamina
66d9c3930bc303fcbe4d0d1e,Western,Nyamasheke,Macuba,Mutongo,Kanyenkondo
66d9c3930bc303fcbe4d0d21,Western,Nyamasheke,Macuba,Mutongo,Rupango
66d9c3930bc303fcbe4d0d47,Western,Nyamasheke,Mahembe,Gisoke,Giko
66d9c3930bc303fcbe4d0d4d,Western,Nyamasheke,Mahembe,Gisoke,Nyabumera
66d9c3930bc303fcbe4d0d56,Western,Nyamasheke,Mahembe,Kagarama,Rukaragata
66d9c3930bc303fcbe4d0d59,Western,Nyamasheke,Mahembe,Nyagatare,Kizenga
66d9c3930bc303fcbe4d0d5b,Western,Nyamasheke,Mahembe,Nyagatare,Nyagahima
66d9c3930bc303fcbe4d0d5e,Western,Nyamasheke,Mahembe,Nyakavumu,Bigali
66d9c3930bc303fcbe4d0d60,Western,Nyamasheke,Mahembe,Nyakavumu,Bungo
66d9c3930bc303fcbe4d0d6d,Western,Nyamasheke,Nyabitekeri,Kigabiro,Ruginga
66d9c3930bc303fcbe4d0d7a,Western,Nyamasheke,Nyabitekeri,Mariba,Buhinga
66d9c3930bc303fcbe4d0d81,Western,Nyamasheke,Nyabitekeri,Mariba,Karango
66d9c3930bc303fcbe4d0d85,Western,Nyamasheke,Nyabitekeri,Muyange,Buhokoro
66d9c3930bc303fcbe4d0d8d,Western,Nyamasheke,Nyabitekeri,Muyange,Taba
66d9c3930bc303fcbe4d0d97,Western,Nyamasheke,Nyabitekeri,Ntango,Ruhonga
66d9c3930bc303fcbe4d0d9c,Western,Nyamasheke,Rangiro,Banda,Nkamba
66d9c3930bc303fcbe4d0d9e,Western,Nyamasheke,Rangiro,Gakenke,Gahisi
66d9c3930bc303fcbe4d0da1,Western,Nyamasheke,Rangiro,Gakenke,Ruhana
66d9c3930bc303fcbe4d0da3,Western,Nyamasheke,Rangiro,Jurwe,Gasebeya
66d9c3930bc303fcbe4d0da7,Western,Nyamasheke,Rangiro,Jurwe,Rudehero
66d9c3930bc303fcbe4d0dac,Western,Nyamasheke,Rangiro,Murambi,Murambi
66d9c3930bc303fcbe4d0dd5,Western,Nyamasheke,Ruharambuga,Wimana,Kabusunzu
66d9c3930bc303fcbe4d0dd6,Western,Nyamasheke,Ruharambuga,Wimana,Kamudende
66d9c3930bc303fcbe4d0dd7,Western,Nyamasheke,Ruharambuga,Wimana,Mpinga
66d9c3930bc303fcbe4d0dd9,Western,Nyamasheke,Ruharambuga,Wimana,Ngoboka
66d9c3930bc303fcbe4d0ddd,Western,Nyamasheke,Ruharambuga,Wimana,Rumuna
66d9c3930bc303fcbe4d0de3,Western,Nyamasheke,Shangi,Burimba,Nyakibingo
66d9c3930bc303fcbe4d0de8,Western,Nyamasheke,Shangi,Mataba,Mataba
66d9c3930bc303fcbe4d0e0c,Eastern,Rwamagana,Fumbwe,Nyakagunga,Kibaza
66d9c3930bc303fcbe4d0e1d,Eastern,Rwamagana,Fumbwe,Sasabirago,Byimana
66d9c3930bc303fcbe4d0e23,Eastern,Rwamagana,Gahengeri,Gihumuza,Kabeza
66d9c3930bc303fcbe4d0e37,Eastern,Rwamagana,Gahengeri,Mutamwa,Nyabagaza
66d9c3930bc303fcbe4d0e3b,Eastern,Rwamagana,Gahengeri,Mutamwa,Ryasenteteri
66d9c3930bc303fcbe4d0e41,Eastern,Rwamagana,Gahengeri,Rugarama,Rebero
66d9c3930bc303fcbe4d0e44,Eastern,Rwamagana,Gahengeri,Runyinya,Gacunshu
66d9c3930bc303fcbe4d0e4d,Eastern,Rwamagana,Gahengeri,Rweri,Kiruruma
66d9c3930bc303fcbe4d0e51,Eastern,Rwamagana,Gishali,Binunga,Nyakivomo
66d9c3930bc303fcbe4d0e65,Eastern,Rwamagana,Gishali,Ruhimbi,Rwagahaya
66d9c3930bc303fcbe4d0e68,Eastern,Rwamagana,Gishali,Ruhunda,Nyagahinga
66d9c3930bc303fcbe4d0e93,Eastern,Rwamagana,Kigabiro,Bwiza,Rutonde
66d9c3930bc303fcbe4d0ea1,Eastern,Rwamagana,Kigabiro,Nyagasenyi,Kayenzi
66d9c3930bc303fcbe4d0eae,Eastern,Rwamagana,Kigabiro,Sovu,Cyaruhogo
66d9c3930bc303fcbe4d0eb0,Eastern,Rwamagana,Kigabiro,Sovu,Kiruhura
66d9c3930bc303fcbe4d0eb2,Eastern,Rwamagana,Kigabiro,Sovu,Rugobagoba
66d9c3930bc303fcbe4d0eba,Eastern,Rwamagana,Muhazi,Kabare,Uwimanzi
66d9c3930bc303fcbe4d0ebe,Eastern,Rwamagana,Muhazi,Karambi,Ragwe
66d9c3930bc303fcbe4d0ec2,Eastern,Rwamagana,Muhazi,Karitutu,Kingondo
66d9c3930bc303fcbe4d0e9e,Eastern,Rwamagana,Kigabiro,Cyanya,Rurembo
66d9c3930bc303fcbe4d0e9f,Eastern,Rwamagana,Kigabiro,Nyagasenyi,Gahonogo
66d9c3930bc303fcbe4d0ea3,Eastern,Rwamagana,Kigabiro,Nyagasenyi,Kirehe
66d9c3930bc303fcbe4d0eaa,Eastern,Rwamagana,Kigabiro,Sibagire,Gasharu
66d9c3930bc303fcbe4d0eb5,Eastern,Rwamagana,Muhazi,Byeza,Kabeza
66d9c3930bc303fcbe4d0c73,Western,Nyamasheke,Kagano,Shara,Kibare
66d9c3930bc303fcbe4d0c8e,Western,Nyamasheke,Kanjongo,Kigoya,Kigugu
66d9c3930bc303fcbe4d0caa,Western,Nyamasheke,Karambi,Gasovu,Rurembo
66d9c3930bc303fcbe4d0cd5,Western,Nyamasheke,Karengera,Gasayo,Rubona
66d9c3930bc303fcbe4d0cee,Western,Nyamasheke,Karengera,Mwezi,Nyarusange
66d9c3930bc303fcbe4d0d07,Western,Nyamasheke,Kirimbi,Muhororo,Nyagacaca
66d9c3930bc303fcbe4d0d49,Western,Nyamasheke,Mahembe,Gisoke,Kamashinge
66d9c3930bc303fcbe4d0d6b,Western,Nyamasheke,Nyabitekeri,Kigabiro,Mariba
66d9c3930bc303fcbe4d0e01,Eastern,Rwamagana,Fumbwe,Mununu,Janjagiro
66d9c3930bc303fcbe4d0e03,Eastern,Rwamagana,Fumbwe,Mununu,Kabuga
66d9c3930bc303fcbe4d0e09,Eastern,Rwamagana,Fumbwe,Nyagasambu,Rugarama
66d9c3930bc303fcbe4d0e46,Eastern,Rwamagana,Gahengeri,Runyinya,Karambo
66d9c3930bc303fcbe4d0e82,Eastern,Rwamagana,Karenge,Karenge,Rebero
66d9c3930bc303fcbe4d0ec7,Eastern,Rwamagana,Muhazi,Kitazigurwa,Karwiru
66d9c3940bc303fcbe4d0ec8,Eastern,Rwamagana,Muhazi,Murambi,Gasharu
66d9c3940bc303fcbe4d0ed1,Eastern,Rwamagana,Muhazi,Ntebe,Urugwiro
66d9c3940bc303fcbe4d0ee1,Eastern,Rwamagana,Munyaga,Kaduha,Rwakigara
66d9c3940bc303fcbe4d0ee3,Eastern,Rwamagana,Munyaga,Nkungu,Kabuye
66d9c3940bc303fcbe4d0ee5,Eastern,Rwamagana,Munyaga,Nkungu,Mataba
66d9c3940bc303fcbe4d0ef7,Eastern,Rwamagana,Munyiginya,Bwana,Akabuye
66d9c3940bc303fcbe4d0efc,Eastern,Rwamagana,Munyiginya,Bwana,Rweza
66d9c3940bc303fcbe4d0f07,Eastern,Rwamagana,Munyiginya,Nkomangwa,Kabuye
66d9c3940bc303fcbe4d0f09,Eastern,Rwamagana,Munyiginya,Nkomangwa,Nyagahanga
66d9c3940bc303fcbe4d0f0c,Eastern,Rwamagana,Munyiginya,Nyarubuye,Buyanja
66d9c3940bc303fcbe4d0f25,Eastern,Rwamagana,Musha,Musha,Rugarama
66d9c3940bc303fcbe4d0f2a,Eastern,Rwamagana,Musha,Nyabisindu,Rujumbura
66d9c3940bc303fcbe4d0f2b,Eastern,Rwamagana,Musha,Nyabisindu,Rwamivu
66d9c3940bc303fcbe4d0f32,Eastern,Rwamagana,Muyumbu,Akinyambo,Rugarama
66d9c3940bc303fcbe4d0f36,Eastern,Rwamagana,Muyumbu,Bujyujyu,Kabeza
66d9c3940bc303fcbe4d0f40,Eastern,Rwamagana,Muyumbu,Murehe,Miyove
66d9c3940bc303fcbe4d0f41,Eastern,Rwamagana,Muyumbu,Murehe,Murehe
66d9c3940bc303fcbe4d0f57,Eastern,Rwamagana,Mwulire,Bicumbi,Nyagihanga
66d9c3940bc303fcbe4d0f65,Eastern,Rwamagana,Mwulire,Mwulire,Munini I
66d9c3940bc303fcbe4d0f69,Eastern,Rwamagana,Mwulire,Ntunga,Kabacuzi
66d9c3940bc303fcbe4d0f77,Eastern,Rwamagana,Nyakaliro,Bihembe,Ngarama
66d9c3940bc303fcbe4d0f82,Eastern,Rwamagana,Nyakaliro,Gishore,Rugende
66d9c3940bc303fcbe4d0f88,Eastern,Rwamagana,Nyakaliro,Munini,Munini
66d9c3940bc303fcbe4d0f8b,Eastern,Rwamagana,Nyakaliro,Munini,Nyarutovu
66d9c3940bc303fcbe4d0f92,Eastern,Rwamagana,Nyakaliro,Rwimbogo,Kimicanga
66d9c3940bc303fcbe4d0f94,Eastern,Rwamagana,Nyakaliro,Rwimbogo,Nduhuye
66d9c3940bc303fcbe4d0f9f,Eastern,Rwamagana,Nzige,Kigarama,Gisenyi
66d9c3940bc303fcbe4d0fa5,Eastern,Rwamagana,Nzige,Kigarama,Nyarutovu
66d9c3940bc303fcbe4d0faa,Eastern,Rwamagana,Nzige,Murama,Kamakuka
66d9c3940bc303fcbe4d0fad,Eastern,Rwamagana,Nzige,Murama,Nyarusange
66d9c3940bc303fcbe4d0fb6,Eastern,Rwamagana,Rubona,Byinza,Kabayange I
66d9c3940bc303fcbe4d0ed9,Eastern,Rwamagana,Muhazi,Nyarusange,Plage
66d9c3940bc303fcbe4d0eef,Eastern,Rwamagana,Munyaga,Zinga,Kabazeyi
66d9c3940bc303fcbe4d0efb,Eastern,Rwamagana,Munyiginya,Bwana,Rwamugurusu
66d9c3940bc303fcbe4d0f0d,Eastern,Rwamagana,Munyiginya,Nyarubuye,Kabeza
66d9c3940bc303fcbe4d0f0e,Eastern,Rwamagana,Munyiginya,Nyarubuye,Kimara
66d9c3940bc303fcbe4d0f12,Eastern,Rwamagana,Musha,Akabare,Akabare
66d9c3940bc303fcbe4d0f54,Eastern,Rwamagana,Mwulire,Bicumbi,Gasharu
66d9c3940bc303fcbe4d0f7d,Eastern,Rwamagana,Nyakaliro,Gatare,Samuduha
66d9c3940bc303fcbe4d0f86,Eastern,Rwamagana,Nyakaliro,Gishore,Rususa
66d9c3940bc303fcbe4d0f8c,Eastern,Rwamagana,Nyakaliro,Munini,Nyiramitemeri
66d9c3940bc303fcbe4d0f97,Eastern,Rwamagana,Nzige,Akanzu,Akanzige
66d9c3940bc303fcbe4d0f9d,Eastern,Rwamagana,Nzige,Akanzu,Kiyovu
66d9c3940bc303fcbe4d0fa8,Eastern,Rwamagana,Nzige,Murama,Gatoki
66d9c3940bc303fcbe4d0fb3,Eastern,Rwamagana,Nzige,Rugarama,Rwagatsama
66d9c3940bc303fcbe4d0fc0,Eastern,Rwamagana,Rubona,Kabatasi,Kiboha
66d9c3940bc303fcbe4d0fbf,Eastern,Rwamagana,Rubona,Kabatasi,Kibabara
66d9c3940bc303fcbe4d0fcf,Eastern,Rwamagana,Rubona,Mabare,Amarimba
66d9c3940bc303fcbe4d0fd1,Eastern,Rwamagana,Rubona,Mabare,Gasharu
66d9c3940bc303fcbe4d0fd7,Eastern,Rwamagana,Rubona,Nawe,Cyiri
66d9c3940bc303fcbe4d0fe0,Eastern,Nyagatare,GATUNDA,Kabeza,Kabeza
66d9c3940bc303fcbe4d0fe3,Eastern,Nyagatare,GATUNDA,Kabeza,Nyamirambo
66d9c3940bc303fcbe4d0fe5,Eastern,Nyagatare,GATUNDA,Nyamikamba,Byimana
66d9c3940bc303fcbe4d0fe7,Eastern,Nyagatare,GATUNDA,Nyamikamba,Gitega
66d9c3940bc303fcbe4d0ff0,Eastern,Nyagatare,GATUNDA,Nyamirembe,Huriro
66d9c3940bc303fcbe4d0ffb,Eastern,Nyagatare,GATUNDA,Nyarurema,Bubare
66d9c3940bc303fcbe4d0fff,Eastern,Nyagatare,GATUNDA,Nyarurema,Muhabura
66d9c3940bc303fcbe4d1001,Eastern,Nyagatare,GATUNDA,Nyarurema,Shabana
66d9c3940bc303fcbe4d1007,Eastern,Nyagatare,KARAMA,Bushara,Ihuriro
66d9c3940bc303fcbe4d1027,Eastern,Nyagatare,KARAMA,Kabuga,Kabeza
66d9c3940bc303fcbe4d102c,Eastern,Nyagatare,KARAMA,Kabuga,Rukamba
66d9c3940bc303fcbe4d1042,Eastern,Nyagatare,KARANGAZI,Kamate,Buhongoro
66d9c3940bc303fcbe4d1047,Eastern,Nyagatare,KARANGAZI,Karama,Makomo
66d9c3940bc303fcbe4d0f53,Eastern,Rwamagana,Mwulire,Bicumbi,Bicumbi
66d9c3940bc303fcbe4d0eff,Eastern,Rwamagana,Munyiginya,Cyarukamba,Kagarama
66d9c3940bc303fcbe4d0f02,Eastern,Rwamagana,Munyiginya,Cyimbazi,Agatare
66d9c3940bc303fcbe4d0f0b,Eastern,Rwamagana,Munyiginya,Nyarubuye,Babasha
66d9c3940bc303fcbe4d0f96,Eastern,Rwamagana,Nyakaliro,Rwimbogo,Ryarurindo
66d9c3940bc303fcbe4d0eda,Eastern,Rwamagana,Muhazi,Nyarusange,Umubuga
66d9c3940bc303fcbe4d0ee6,Eastern,Rwamagana,Munyaga,Nkungu,Nyagakombe
66d9c3940bc303fcbe4d0ef2,Eastern,Rwamagana,Munyiginya,Binunga,Irebero
66d9c3940bc303fcbe4d0f3d,Eastern,Rwamagana,Muyumbu,Murehe,Bitega
66d9c3940bc303fcbe4d0f42,Eastern,Rwamagana,Muyumbu,Murehe,Ruvomo
66d9c3940bc303fcbe4d0f58,Eastern,Rwamagana,Mwulire,Bicumbi,Rwimbogo
66d9c3940bc303fcbe4d0f59,Eastern,Rwamagana,Mwulire,Bicumbi,Sabusaro
66d9c3940bc303fcbe4d0f78,Eastern,Rwamagana,Nyakaliro,Bihembe,Rusheshe
66d9c3940bc303fcbe4d0f79,Eastern,Rwamagana,Nyakaliro,Gatare,Gatare
66d9c3940bc303fcbe4d0f84,Eastern,Rwamagana,Nyakaliro,Gishore,Rusagara
66d9c3940bc303fcbe4d0f8a,Eastern,Rwamagana,Nyakaliro,Munini,Nyarurembo
66d9c3940bc303fcbe4d0fa7,Eastern,Rwamagana,Nzige,Murama,Agasharu
66d9c3940bc303fcbe4d0fbd,Eastern,Rwamagana,Rubona,Kabatasi,Gitaraga
66d9c3940bc303fcbe4d0fd9,Eastern,Rwamagana,Rubona,Nawe,Rudashya
66d9c3940bc303fcbe4d0ecb,Eastern,Rwamagana,Muhazi,Murambi,Yabaranda
66d9c3940bc303fcbe4d0edf,Eastern,Rwamagana,Munyaga,Kaduha,Kangabo
66d9c3940bc303fcbe4d0ef1,Eastern,Rwamagana,Munyaga,Zinga,Rwisange
66d9c3940bc303fcbe4d0efd,Eastern,Rwamagana,Munyiginya,Bwana,Umurinzi
66d9c3940bc303fcbe4d0f04,Eastern,Rwamagana,Munyiginya,Cyimbazi,Ntunga
66d9c3940bc303fcbe4d0f11,Eastern,Rwamagana,Munyiginya,Nyarubuye,Nkindi
66d9c3940bc303fcbe4d0f14,Eastern,Rwamagana,Musha,Akabare,Budahigwa
66d9c3940bc303fcbe4d0f1c,Eastern,Rwamagana,Musha,Kagarama,Kagarama
66d9c3940bc303fcbe4d0f1d,Eastern,Rwamagana,Musha,Kagarama,Kiruhura
66d9c3940bc303fcbe4d0f20,Eastern,Rwamagana,Musha,Kagarama,Nyamigano
66d9c3940bc303fcbe4d0f26,Eastern,Rwamagana,Musha,Nyabisindu,Agashuhe
66d9c3940bc303fcbe4d0f2e,Eastern,Rwamagana,Musha,Nyakabanda,Ruhita
66d9c3940bc303fcbe4d0f43,Eastern,Rwamagana,Muyumbu,Ntebe,Gakomeye
66d9c3940bc303fcbe4d0f48,Eastern,Rwamagana,Muyumbu,Ntebe,Kanyinya
66d9c3940bc303fcbe4d0f4f,Eastern,Rwamagana,Muyumbu,Nyarukombe,Marembo
66d9c3940bc303fcbe4d0f50,Eastern,Rwamagana,Muyumbu,Nyarukombe,Mugogo
66d9c3940bc303fcbe4d0f51,Eastern,Rwamagana,Muyumbu,Nyarukombe,Mumena
66d9c3940bc303fcbe4d0f56,Eastern,Rwamagana,Mwulire,Bicumbi,Manene
66d9c3940bc303fcbe4d0f5b,Eastern,Rwamagana,Mwulire,Bushenyi,Kabahima
66d9c3940bc303fcbe4d0f5f,Eastern,Rwamagana,Mwulire,Bushenyi,Ruseke
66d9c3940bc303fcbe4d0f6e,Eastern,Rwamagana,Mwulire,Ntunga,Ntunga
66d9c3940bc303fcbe4d0f7a,Eastern,Rwamagana,Nyakaliro,Gatare,Karogo
66d9c3940bc303fcbe4d0f81,Eastern,Rwamagana,Nyakaliro,Gishore,Nyirabuhene
66d9c3940bc303fcbe4d0f90,Eastern,Rwamagana,Nyakaliro,Rwimbogo,Kamashaza
66d9c3940bc303fcbe4d0faf,Eastern,Rwamagana,Nzige,Rugarama,Bitega
66d9c3940bc303fcbe4d0fc1,Eastern,Rwamagana,Rubona,Kabatasi,Midahandwa
66d9c3940bc303fcbe4d0fce,Eastern,Rwamagana,Rubona,Karambi,Rugarama
66d9c3940bc303fcbe4d0fd0,Eastern,Rwamagana,Rubona,Mabare,Bitare
66d9c3940bc303fcbe4d0fc8,Eastern,Rwamagana,Rubona,Kabuye,Rubumba
66d9c3940bc303fcbe4d0fcc,Eastern,Rwamagana,Rubona,Karambi,Karambi
66d9c3940bc303fcbe4d0fcd,Eastern,Rwamagana,Rubona,Karambi,Mataba
66d9c3940bc303fcbe4d0fdd,Eastern,Nyagatare,GATUNDA,Cyagaju,Kabeza
66d9c3940bc303fcbe4d0ff8,Eastern,Nyagatare,GATUNDA,Nyangara,Mutumba
66d9c3940bc303fcbe4d1000,Eastern,Nyagatare,GATUNDA,Nyarurema,Nyarurema
66d9c3940bc303fcbe4d1011,Eastern,Nyagatare,KARAMA,Gikagati,Bigega
66d9c3940bc303fcbe4d1038,Eastern,Nyagatare,KARAMA,Ndego,Rusoroza
66d9c3940bc303fcbe4d0efe,Eastern,Rwamagana,Munyiginya,Cyarukamba,Kabenda
66d9c3940bc303fcbe4d0f03,Eastern,Rwamagana,Munyiginya,Cyimbazi,Akabuye
66d9c3940bc303fcbe4d0f13,Eastern,Rwamagana,Musha,Akabare,Binunga
66d9c3940bc303fcbe4d0f3f,Eastern,Rwamagana,Muyumbu,Murehe,Kayigi
66d9c3940bc303fcbe4d0f5a,Eastern,Rwamagana,Mwulire,Bushenyi,Byange
66d9c3940bc303fcbe4d0f66,Eastern,Rwamagana,Mwulire,Mwulire,Munini Ii
66d9c3940bc303fcbe4d0f70,Eastern,Rwamagana,Mwulire,Ntunga,Rugenge
66d9c3940bc303fcbe4d0f72,Eastern,Rwamagana,Nyakaliro,Bihembe,Busimbuzi
66d9c3940bc303fcbe4d0f87,Eastern,Rwamagana,Nyakaliro,Munini,Akamasatura
66d9c3940bc303fcbe4d0f8d,Eastern,Rwamagana,Nyakaliro,Munini,Rwamibungo
66d9c3940bc303fcbe4d0f91,Eastern,Rwamagana,Nyakaliro,Rwimbogo,Kasemanyana
66d9c3940bc303fcbe4d0fb8,Eastern,Rwamagana,Rubona,Byinza,Mumahoro
66d9c3940bc303fcbe4d0fc9,Eastern,Rwamagana,Rubona,Kabuye,Rutare
66d9c3940bc303fcbe4d0fda,Eastern,Nyagatare,GATUNDA,Cyagaju,Hanganyundo
66d9c3940bc303fcbe4d0fd8,Eastern,Rwamagana,Rubona,Nawe,Gaseke
66d9c3940bc303fcbe4d0fe2,Eastern,Nyagatare,GATUNDA,Kabeza,Muyenzi
66d9c3940bc303fcbe4d0ff5,Eastern,Nyagatare,GATUNDA,Nyangara,Kabeza
66d9c3940bc303fcbe4d0ffa,Eastern,Nyagatare,GATUNDA,Nyangara,Ryanyabugwende
66d9c3940bc303fcbe4d1012,Eastern,Nyagatare,KARAMA,Gikagati,Gataba
66d9c3940bc303fcbe4d1016,Eastern,Nyagatare,KARAMA,Gikagati,Nyabitare
66d9c3940bc303fcbe4d1017,Eastern,Nyagatare,KARAMA,Gikagati,Nyakibande
66d9c3940bc303fcbe4d101b,Eastern,Nyagatare,KARAMA,Gikundamvura,Gikundamvura I
66d9c3940bc303fcbe4d101f,Eastern,Nyagatare,KARAMA,Gikundamvura,Kukibuye
66d9c3940bc303fcbe4d1032,Eastern,Nyagatare,KARAMA,Ndego,Matereza
66d9c3940bc303fcbe4d1035,Eastern,Nyagatare,KARAMA,Ndego,Mutete
66d9c3940bc303fcbe4d1037,Eastern,Nyagatare,KARAMA,Ndego,Rubanda
66d9c3940bc303fcbe4d1046,Eastern,Nyagatare,KARANGAZI,Karama,Karama
66d9c3940bc303fcbe4d0ffd,Eastern,Nyagatare,GATUNDA,Nyarurema,Butimba
66d9c3940bc303fcbe4d100e,Eastern,Nyagatare,KARAMA,Cyenkwanzi,Kabeza
66d9c3940bc303fcbe4d1019,Eastern,Nyagatare,KARAMA,Gikagati,Rutegamatwi
66d9c3940bc303fcbe4d1030,Eastern,Nyagatare,KARAMA,Ndego,Kababanda
66d9c3940bc303fcbe4d1063,Eastern,Nyagatare,KARANGAZI,Nyamirama,Kayange Ii
66d9c3940bc303fcbe4d106b,Eastern,Nyagatare,KARANGAZI,Rubagabaga,Rebero
66d9c3940bc303fcbe4d105f,Eastern,Nyagatare,KARANGAZI,Nyagashanga,Bwera
66d9c3940bc303fcbe4d1085,Eastern,Nyagatare,KATABAGEMU,Kanyeganyege,Kabeza
66d9c3940bc303fcbe4d104c,Eastern,Nyagatare,KARANGAZI,Kizirakome,Rurebe
66d9c3940bc303fcbe4d104e,Eastern,Nyagatare,KARANGAZI,Mbare,Kajumo
66d9c3940bc303fcbe4d1075,Eastern,Nyagatare,KARANGAZI,Rwisirabo,Karangazi
66d9c3940bc303fcbe4d107f,Eastern,Nyagatare,KATABAGEMU,Kaduha,Kaduha I
66d9c3940bc303fcbe4d1052,Eastern,Nyagatare,KARANGAZI,Mbare,Ryabega
66d9c3940bc303fcbe4d105d,Eastern,Nyagatare,KARANGAZI,Ndama,Rwabiharamba
66d9c3940bc303fcbe4d1078,Eastern,Nyagatare,KATABAGEMU,Bayigaburire,Agasasa
66d9c3940bc303fcbe4d1090,Eastern,Nyagatare,KATABAGEMU,Kigarama,Kigarama
66d9c3940bc303fcbe4d108a,Eastern,Nyagatare,KATABAGEMU,Katabagemu,Kajevuba
66d9c3940bc303fcbe4d10a2,Eastern,Nyagatare,KATABAGEMU,Rutoma,Buyugi
66d9c3940bc303fcbe4d10aa,Eastern,Nyagatare,KIYOMBE,Gataba,Kwiperu
66d9c3940bc303fcbe4d10bc,Eastern,Nyagatare,KIYOMBE,Kabungo,Cyondo
66d9c3940bc303fcbe4d10c4,Eastern,Nyagatare,KIYOMBE,Kabungo,Rugarama
66d9c3940bc303fcbe4d10da,Eastern,Nyagatare,KIYOMBE,Karujumba,Mushesha
66d9c3940bc303fcbe4d10e2,Eastern,Nyagatare,KIYOMBE,Tovu,Gasyata
66d9c3940bc303fcbe4d0f6c,Eastern,Rwamagana,Mwulire,Ntunga,Kiyovu
66d9c3940bc303fcbe4d0f80,Eastern,Rwamagana,Nyakaliro,Gishore,Matyazo
66d9c3940bc303fcbe4d0f89,Eastern,Rwamagana,Nyakaliro,Munini,Nyakagarama
66d9c3940bc303fcbe4d0fd3,Eastern,Rwamagana,Rubona,Mabare,Rubirizi
66d9c3940bc303fcbe4d0fc5,Eastern,Rwamagana,Rubona,Kabatasi,Umurehe
66d9c3940bc303fcbe4d0fd4,Eastern,Rwamagana,Rubona,Mabare,Rusanza
66d9c3940bc303fcbe4d0fdb,Eastern,Nyagatare,GATUNDA,Cyagaju,Iramiro
66d9c3940bc303fcbe4d0fdf,Eastern,Nyagatare,GATUNDA,Kabeza,Huriro
66d9c3940bc303fcbe4d0fea,Eastern,Nyagatare,GATUNDA,Nyamikamba,Kibuye
66d9c3940bc303fcbe4d0ffc,Eastern,Nyagatare,GATUNDA,Nyarurema,Buguma
66d9c3940bc303fcbe4d100f,Eastern,Nyagatare,KARAMA,Cyenkwanzi,Kiyovu
66d9c3940bc303fcbe4d1014,Eastern,Nyagatare,KARAMA,Gikagati,Gishenyi
66d9c3940bc303fcbe4d1015,Eastern,Nyagatare,KARAMA,Gikagati,Kanunga
66d9c3940bc303fcbe4d1025,Eastern,Nyagatare,KARAMA,Gikundamvura,Urugwiro
66d9c3940bc303fcbe4d102b,Eastern,Nyagatare,KARAMA,Kabuga,Nyamirama
66d9c3940bc303fcbe4d103b,Eastern,Nyagatare,KARAMA,Nyakiga,Kabeza
66d9c3940bc303fcbe4d0ecf,Eastern,Rwamagana,Muhazi,Ntebe,Amagaju
66d9c3940bc303fcbe4d0ed0,Eastern,Rwamagana,Muhazi,Ntebe,Urugero
66d9c3940bc303fcbe4d0eec,Eastern,Rwamagana,Munyaga,Rweru,Kanyegera
66d9c3940bc303fcbe4d0f16,Eastern,Rwamagana,Musha,Akabare,Gashikiri
66d9c3940bc303fcbe4d0f1a,Eastern,Rwamagana,Musha,Budahanda,Nyantoki
66d9c3940bc303fcbe4d0f1f,Eastern,Rwamagana,Musha,Kagarama,Nyagacyamo
66d9c3940bc303fcbe4d0f21,Eastern,Rwamagana,Musha,Musha,Gatika
66d9c3940bc303fcbe4d0f47,Eastern,Rwamagana,Muyumbu,Ntebe,Kajevuba
66d9c3940bc303fcbe4d0f6d,Eastern,Rwamagana,Mwulire,Ntunga,Nkira
66d9c3940bc303fcbe4d0f74,Eastern,Rwamagana,Nyakaliro,Bihembe,Kabere
66d9c3940bc303fcbe4d0f7f,Eastern,Rwamagana,Nyakaliro,Gishore,Kagarama
66d9c3940bc303fcbe4d0f85,Eastern,Rwamagana,Nyakaliro,Gishore,Rusave
66d9c3940bc303fcbe4d0f8f,Eastern,Rwamagana,Nyakaliro,Rwimbogo,Cyaruhinda
66d9c3940bc303fcbe4d1008,Eastern,Nyagatare,KARAMA,Bushara,Isangano
66d9c3940bc303fcbe4d1028,Eastern,Nyagatare,KARAMA,Kabuga,Kabuga
66d9c3940bc303fcbe4d0fe9,Eastern,Nyagatare,GATUNDA,Nyamikamba,Kaburimbo
66d9c3940bc303fcbe4d0ff4,Eastern,Nyagatare,GATUNDA,Nyangara,Bugarama
66d9c3940bc303fcbe4d0ff9,Eastern,Nyagatare,GATUNDA,Nyangara,Rwimbogo
66d9c3940bc303fcbe4d1002,Eastern,Nyagatare,GATUNDA,Rwensheke,Kabuye
66d9c3940bc303fcbe4d1006,Eastern,Nyagatare,KARAMA,Bushara,Bushara Centre
66d9c3940bc303fcbe4d100d,Eastern,Nyagatare,KARAMA,Cyenkwanzi,Cyenkwanzi Centre
66d9c3940bc303fcbe4d1013,Eastern,Nyagatare,KARAMA,Gikagati,Gikagati Centre
66d9c3940bc303fcbe4d1021,Eastern,Nyagatare,KARAMA,Gikundamvura,Musenyi
66d9c3940bc303fcbe4d103d,Eastern,Nyagatare,KARAMA,Nyakiga,Karama Centre
66d9c3940bc303fcbe4d1043,Eastern,Nyagatare,KARANGAZI,Kamate,Kamate
66d9c3940bc303fcbe4d1045,Eastern,Nyagatare,KARANGAZI,Kamate,Muzehe
66d9c3940bc303fcbe4d1056,Eastern,Nyagatare,KARANGAZI,Musenyi,Musenyi I
66d9c3940bc303fcbe4d1057,Eastern,Nyagatare,KARANGAZI,Musenyi,Musenyi Ii
66d9c3940bc303fcbe4d1058,Eastern,Nyagatare,KARANGAZI,Musenyi,Nyamirama Ii
66d9c3940bc303fcbe4d1059,Eastern,Nyagatare,KARANGAZI,Musenyi,Rugarama
66d9c3940bc303fcbe4d1064,Eastern,Nyagatare,KARANGAZI,Nyamirama,Nkoma I
66d9c3940bc303fcbe4d1065,Eastern,Nyagatare,KARANGAZI,Nyamirama,Nkoma Ii
66d9c3940bc303fcbe4d106a,Eastern,Nyagatare,KARANGAZI,Rubagabaga,Nyarutovu
66d9c3940bc303fcbe4d1076,Eastern,Nyagatare,KARANGAZI,Rwisirabo,Rubona
66d9c3940bc303fcbe4d1077,Eastern,Nyagatare,KARANGAZI,Rwisirabo,Rukundo
66d9c3940bc303fcbe4d107d,Eastern,Nyagatare,KATABAGEMU,Bayigaburire,Kibuye
66d9c3940bc303fcbe4d1084,Eastern,Nyagatare,KATABAGEMU,Kanyeganyege,Kabaya
66d9c3940bc303fcbe4d105c,Eastern,Nyagatare,KARANGAZI,Ndama,Ndama
66d9c3940bc303fcbe4d1073,Eastern,Nyagatare,KARANGAZI,Rwisirabo,Gakoma
66d9c3940bc303fcbe4d107e,Eastern,Nyagatare,KATABAGEMU,Bayigaburire,Nyagahandagaza
66d9c3940bc303fcbe4d107b,Eastern,Nyagatare,KATABAGEMU,Bayigaburire,Gikandura
66d9c3940bc303fcbe4d105a,Eastern,Nyagatare,KARANGAZI,Musenyi,Ruziranyenzi
66d9c3940bc303fcbe4d1066,Eastern,Nyagatare,KARANGAZI,Nyamirama,Nyamirama I
66d9c3940bc303fcbe4d106f,Eastern,Nyagatare,KARANGAZI,Rwenyemera,Kigirakome
66d9c3940bc303fcbe4d1071,Eastern,Nyagatare,KARANGAZI,Rwenyemera,Rwenyemera
66d9c3940bc303fcbe4d1081,Eastern,Nyagatare,KATABAGEMU,Kaduha,Kanyinya
66d9c3940bc303fcbe4d1087,Eastern,Nyagatare,KATABAGEMU,Kanyeganyege,Rebero
66d9c3940bc303fcbe4d1089,Eastern,Nyagatare,KATABAGEMU,Katabagemu,Kagogo
66d9c3940bc303fcbe4d0eca,Eastern,Rwamagana,Muhazi,Murambi,Nyendo
66d9c3940bc303fcbe4d0ed5,Eastern,Rwamagana,Muhazi,Nyarusange,Kanywiriri
66d9c3940bc303fcbe4d0ed7,Eastern,Rwamagana,Muhazi,Nyarusange,Kidogo
66d9c3940bc303fcbe4d0ee0,Eastern,Rwamagana,Munyaga,Kaduha,Kigabiro
66d9c3940bc303fcbe4d0ee2,Eastern,Rwamagana,Munyaga,Kaduha,Rwimbogo
66d9c3940bc303fcbe4d0f00,Eastern,Rwamagana,Munyiginya,Cyarukamba,Ndago
66d9c3940bc303fcbe4d0f1b,Eastern,Rwamagana,Musha,Budahanda,Rwabiyange
66d9c3940bc303fcbe4d0f31,Eastern,Rwamagana,Muyumbu,Akinyambo,Kampigika
66d9c3940bc303fcbe4d0f37,Eastern,Rwamagana,Muyumbu,Bujyujyu,Kagona
66d9c3940bc303fcbe4d0f4c,Eastern,Rwamagana,Muyumbu,Nyarukombe,Gitaraga
66d9c3940bc303fcbe4d0f4d,Eastern,Rwamagana,Muyumbu,Nyarukombe,Gituza
66d9c3940bc303fcbe4d0f62,Eastern,Rwamagana,Mwulire,Mwulire,Akagarama
66d9c3940bc303fcbe4d0fab,Eastern,Rwamagana,Nzige,Murama,Kibabara
66d9c3940bc303fcbe4d0fb0,Eastern,Rwamagana,Nzige,Rugarama,Kayibanda
66d9c3940bc303fcbe4d0fb1,Eastern,Rwamagana,Nzige,Rugarama,Nyabugogo
66d9c3940bc303fcbe4d0ecd,Eastern,Rwamagana,Muhazi,Nsinda,Kibare
66d9c3940bc303fcbe4d0ed4,Eastern,Rwamagana,Muhazi,Nyarusange,Gahondo
66d9c3940bc303fcbe4d0ed8,Eastern,Rwamagana,Muhazi,Nyarusange,Mpinga
66d9c3940bc303fcbe4d0edb,Eastern,Rwamagana,Munyaga,Kaduha,Gishike
66d9c3940bc303fcbe4d0edc,Eastern,Rwamagana,Munyaga,Kaduha,Kababero
66d9c3940bc303fcbe4d0edd,Eastern,Rwamagana,Munyaga,Kaduha,Kabare
66d9c3940bc303fcbe4d0ee4,Eastern,Rwamagana,Munyaga,Nkungu,Kiryango
66d9c3940bc303fcbe4d0ee9,Eastern,Rwamagana,Munyaga,Rweru,Birayi
66d9c3940bc303fcbe4d0ef0,Eastern,Rwamagana,Munyaga,Zinga,Karambo
66d9c3940bc303fcbe4d0ef5,Eastern,Rwamagana,Munyiginya,Binunga,Umuhumuro
66d9c3940bc303fcbe4d0ef9,Eastern,Rwamagana,Munyiginya,Bwana,Rutembo
66d9c3940bc303fcbe4d0f08,Eastern,Rwamagana,Munyiginya,Nkomangwa,Karubisha
66d9c3940bc303fcbe4d0f15,Eastern,Rwamagana,Musha,Akabare,Duha
66d9c3940bc303fcbe4d0f17,Eastern,Rwamagana,Musha,Akabare,Rugabano
66d9c3940bc303fcbe4d0f22,Eastern,Rwamagana,Musha,Musha,Kadasumbwa
66d9c3940bc303fcbe4d0f28,Eastern,Rwamagana,Musha,Nyabisindu,Bwiza
66d9c3940bc303fcbe4d0f2d,Eastern,Rwamagana,Musha,Nyakabanda,Bitsibo
66d9c3940bc303fcbe4d0f34,Eastern,Rwamagana,Muyumbu,Bujyujyu,Gatare
66d9c3940bc303fcbe4d0f3e,Eastern,Rwamagana,Muyumbu,Murehe,Kajororo
66d9c3940bc303fcbe4d0f52,Eastern,Rwamagana,Muyumbu,Nyarukombe,Rubona
66d9c3940bc303fcbe4d0f60,Eastern,Rwamagana,Mwulire,Mwulire,Cyome
66d9c3940bc303fcbe4d0f67,Eastern,Rwamagana,Mwulire,Mwulire,Rebero
66d9c3940bc303fcbe4d0f6a,Eastern,Rwamagana,Mwulire,Ntunga,Kadasumbwa
66d9c3940bc303fcbe4d0f6b,Eastern,Rwamagana,Mwulire,Ntunga,Karuzingura
66d9c3940bc303fcbe4d0f75,Eastern,Rwamagana,Nyakaliro,Bihembe,Kanyangese
66d9c3940bc303fcbe4d0f7b,Eastern,Rwamagana,Nyakaliro,Gatare,Kigina
66d9c3940bc303fcbe4d0f83,Eastern,Rwamagana,Nyakaliro,Gishore,Ruhanika
66d9c3940bc303fcbe4d0f98,Eastern,Rwamagana,Nzige,Akanzu,Akanzu
66d9c3940bc303fcbe4d0f9b,Eastern,Rwamagana,Nzige,Akanzu,Gikoni
66d9c3940bc303fcbe4d0fa2,Eastern,Rwamagana,Nzige,Kigarama,Karukannyi
66d9c3940bc303fcbe4d0fa4,Eastern,Rwamagana,Nzige,Kigarama,Mubuga
66d9c3940bc303fcbe4d0fb5,Eastern,Rwamagana,Rubona,Byinza,Gitwa
66d9c3940bc303fcbe4d0fbe,Eastern,Rwamagana,Rubona,Kabatasi,Kabuye
66d9c3940bc303fcbe4d0fc4,Eastern,Rwamagana,Rubona,Kabatasi,Rusenyi
66d9c3940bc303fcbe4d0fc7,Eastern,Rwamagana,Rubona,Kabuye,Cyamuyango
66d9c3940bc303fcbe4d0fe8,Eastern,Nyagatare,GATUNDA,Nyamikamba,Gitovu
66d9c3940bc303fcbe4d0ffe,Eastern,Nyagatare,GATUNDA,Nyarurema,Kabeza
66d9c3940bc303fcbe4d101e,Eastern,Nyagatare,KARAMA,Gikundamvura,Isangano
66d9c3940bc303fcbe4d1023,Eastern,Nyagatare,KARAMA,Gikundamvura,Nyagasharara
66d9c3940bc303fcbe4d102d,Eastern,Nyagatare,KARAMA,Kabuga,Rwebishirira
66d9c3940bc303fcbe4d102e,Eastern,Nyagatare,KARAMA,Kabuga,Rwubuzizi
66d9c3940bc303fcbe4d0ec9,Eastern,Rwamagana,Muhazi,Murambi,Kabusunzu
66d9c3940bc303fcbe4d0ed2,Eastern,Rwamagana,Muhazi,Nyarusange,Akagarama
66d9c3940bc303fcbe4d0ede,Eastern,Rwamagana,Munyaga,Kaduha,Kamamana
66d9c3940bc303fcbe4d0eee,Eastern,Rwamagana,Munyaga,Zinga,Cyinganzwa
66d9c3940bc303fcbe4d0ef3,Eastern,Rwamagana,Munyiginya,Binunga,Isangano
66d9c3940bc303fcbe4d0f01,Eastern,Rwamagana,Munyiginya,Cyarukamba,Rweza
66d9c3940bc303fcbe4d0f24,Eastern,Rwamagana,Musha,Musha,Nyakiriba
66d9c3940bc303fcbe4d0f29,Eastern,Rwamagana,Musha,Nyabisindu,Nyabisindu
66d9c3940bc303fcbe4d108e,Eastern,Nyagatare,KATABAGEMU,Kigarama,Kanguka
66d9c3940bc303fcbe4d10ac,Eastern,Nyagatare,KIYOMBE,Gataba,Nyamiyaga
66d9c3940bc303fcbe4d10ad,Eastern,Nyagatare,KIYOMBE,Gataba,Ruhonwa
66d9c3940bc303fcbe4d10b7,Eastern,Nyagatare,KIYOMBE,Gitenga,Muhambo
66d9c3940bc303fcbe4d10bb,Eastern,Nyagatare,KIYOMBE,Kabungo,Bitare
66d9c3940bc303fcbe4d10c3,Eastern,Nyagatare,KIYOMBE,Kabungo,Nyakabungo
66d9c3940bc303fcbe4d10d0,Eastern,Nyagatare,KIYOMBE,Karambo,Rwakashande
66d9c3940bc303fcbe4d10dc,Eastern,Nyagatare,KIYOMBE,Karujumba,Ngangare
66d9c3940bc303fcbe4d10dd,Eastern,Nyagatare,KIYOMBE,Karujumba,Nyabwongoroka
66d9c3940bc303fcbe4d10de,Eastern,Nyagatare,KIYOMBE,Karujumba,Nyange
66d9c3940bc303fcbe4d10df,Eastern,Nyagatare,KIYOMBE,Karujumba,Rukongoro
66d9c3940bc303fcbe4d10e8,Eastern,Nyagatare,KIYOMBE,Tovu,Rugarama
66d9c3940bc303fcbe4d10ec,Eastern,Nyagatare,MATIMBA,Bwera,Rugaga
66d9c3940bc303fcbe4d1102,Eastern,Nyagatare,MATIMBA,Kanyonza,Rukundo
66d9c3940bc303fcbe4d1103,Eastern,Nyagatare,MATIMBA,Matimba,Umudugudu Wa I
66d9c3940bc303fcbe4d10a6,Eastern,Nyagatare,KATABAGEMU,Rutoma,Ryaruganzu
66d9c3940bc303fcbe4d0ed3,Eastern,Rwamagana,Muhazi,Nyarusange,Akatorero
66d9c3940bc303fcbe4d0ee8,Eastern,Rwamagana,Munyaga,Nkungu,Rushangara
66d9c3940bc303fcbe4d0efa,Eastern,Rwamagana,Munyiginya,Bwana,Rwagahigi
66d9c3940bc303fcbe4d0f18,Eastern,Rwamagana,Musha,Akabare,Rukombe
66d9c3940bc303fcbe4d0f19,Eastern,Rwamagana,Musha,Budahanda,Karambo
66d9c3940bc303fcbe4d0f23,Eastern,Rwamagana,Musha,Musha,Karifuru
66d9c3940bc303fcbe4d0f33,Eastern,Rwamagana,Muyumbu,Akinyambo,Ryabaheshwa
66d9c3940bc303fcbe4d0f3a,Eastern,Rwamagana,Muyumbu,Bujyujyu,Rubaza
66d9c3940bc303fcbe4d0f44,Eastern,Rwamagana,Muyumbu,Ntebe,Gasave
66d9c3940bc303fcbe4d0f4b,Eastern,Rwamagana,Muyumbu,Nyarukombe,Gatuza
66d9c3940bc303fcbe4d0f93,Eastern,Rwamagana,Nyakaliro,Rwimbogo,Nduba
66d9c3940bc303fcbe4d0f9e,Eastern,Rwamagana,Nzige,Akanzu,Nyarugenge
66d9c3940bc303fcbe4d0fa9,Eastern,Rwamagana,Nzige,Murama,Kabeza
66d9c3940bc303fcbe4d0fb9,Eastern,Rwamagana,Rubona,Byinza,Munini
66d9c3940bc303fcbe4d0fba,Eastern,Rwamagana,Rubona,Byinza,Umumeyu
66d9c3940bc303fcbe4d0f30,Eastern,Rwamagana,Muyumbu,Akinyambo,Akubugingo
66d9c3940bc303fcbe4d0f8e,Eastern,Rwamagana,Nyakaliro,Munini,Rwankacari
66d9c3940bc303fcbe4d0fb4,Eastern,Rwamagana,Rubona,Byinza,Bidudu
66d9c3940bc303fcbe4d0fd5,Eastern,Rwamagana,Rubona,Mabare,Umubuga
66d9c3940bc303fcbe4d0fec,Eastern,Nyagatare,GATUNDA,Nyamikamba,Rwebare
66d9c3940bc303fcbe4d1004,Eastern,Nyagatare,GATUNDA,Rwensheke,Nyiraburunga
66d9c3940bc303fcbe4d100a,Eastern,Nyagatare,KARAMA,Bushara,Meshero
66d9c3940bc303fcbe4d102a,Eastern,Nyagatare,KARAMA,Kabuga,Nyakibande
66d9c3940bc303fcbe4d1040,Eastern,Nyagatare,KARAMA,Nyakiga,Mabare
66d9c3940bc303fcbe4d0ee7,Eastern,Rwamagana,Munyaga,Nkungu,Rudashya
66d9c3940bc303fcbe4d0eed,Eastern,Rwamagana,Munyaga,Rweru,Mubuga
66d9c3940bc303fcbe4d0f0a,Eastern,Rwamagana,Munyiginya,Nkomangwa,Ryamirenge
66d9c3940bc303fcbe4d0f0f,Eastern,Rwamagana,Munyiginya,Nyarubuye,Kiyovu
66d9c3940bc303fcbe4d0f2c,Eastern,Rwamagana,Musha,Nyabisindu,Umunini
66d9c3940bc303fcbe4d0f3b,Eastern,Rwamagana,Muyumbu,Bujyujyu,Rusave
66d9c3940bc303fcbe4d0f3c,Eastern,Rwamagana,Muyumbu,Bujyujyu,Yeruzalemu
66d9c3940bc303fcbe4d0f46,Eastern,Rwamagana,Muyumbu,Ntebe,Kabagabo
66d9c3940bc303fcbe4d0f63,Eastern,Rwamagana,Mwulire,Mwulire,Kigabiro
66d9c3940bc303fcbe4d0f6f,Eastern,Rwamagana,Mwulire,Ntunga,Rugarama
66d9c3940bc303fcbe4d0f73,Eastern,Rwamagana,Nyakaliro,Bihembe,Butare
66d9c3940bc303fcbe4d0f95,Eastern,Rwamagana,Nyakaliro,Rwimbogo,Rwimbogo
66d9c3940bc303fcbe4d0f9a,Eastern,Rwamagana,Nzige,Akanzu,Cyerwa
66d9c3940bc303fcbe4d0fa0,Eastern,Rwamagana,Nzige,Kigarama,Kajevuba
66d9c3940bc303fcbe4d0fac,Eastern,Rwamagana,Nzige,Murama,Ndinda
66d9c3940bc303fcbe4d0fc2,Eastern,Rwamagana,Rubona,Kabatasi,Mitari
66d9c3940bc303fcbe4d0fd2,Eastern,Rwamagana,Rubona,Mabare,Nyamabuye
66d9c3940bc303fcbe4d100c,Eastern,Nyagatare,KARAMA,Bushara,Uruyenzi
66d9c3940bc303fcbe4d1026,Eastern,Nyagatare,KARAMA,Kabuga,Gakukuru
66d9c3940bc303fcbe4d0ece,Eastern,Rwamagana,Muhazi,Nsinda,Rubirizi
66d9c3940bc303fcbe4d0eea,Eastern,Rwamagana,Munyaga,Rweru,Gatare
66d9c3940bc303fcbe4d0eeb,Eastern,Rwamagana,Munyaga,Rweru,Kabingo
66d9c3940bc303fcbe4d0ef4,Eastern,Rwamagana,Munyiginya,Binunga,Kabeza
66d9c3940bc303fcbe4d0ef6,Eastern,Rwamagana,Munyiginya,Binunga,Urugwiza
66d9c3940bc303fcbe4d0ef8,Eastern,Rwamagana,Munyiginya,Bwana,Kiruhura
66d9c3940bc303fcbe4d0f05,Eastern,Rwamagana,Munyiginya,Cyimbazi,Nyagakombe
66d9c3940bc303fcbe4d0f06,Eastern,Rwamagana,Munyiginya,Nkomangwa,Bakannyi
66d9c3940bc303fcbe4d0f1e,Eastern,Rwamagana,Musha,Kagarama,Muhogoto
66d9c3940bc303fcbe4d0f27,Eastern,Rwamagana,Musha,Nyabisindu,Busanza
66d9c3940bc303fcbe4d0f35,Eastern,Rwamagana,Muyumbu,Bujyujyu,Gishaka
66d9c3940bc303fcbe4d0f38,Eastern,Rwamagana,Muyumbu,Bujyujyu,Karama
66d9c3940bc303fcbe4d0f39,Eastern,Rwamagana,Muyumbu,Bujyujyu,Rebero
66d9c3940bc303fcbe4d0f49,Eastern,Rwamagana,Muyumbu,Ntebe,Nyarubambo
66d9c3940bc303fcbe4d0f4e,Eastern,Rwamagana,Muyumbu,Nyarukombe,Kinunga
66d9c3940bc303fcbe4d0f55,Eastern,Rwamagana,Mwulire,Bicumbi,Karama
66d9c3940bc303fcbe4d0f5e,Eastern,Rwamagana,Mwulire,Bushenyi,Rubiha
66d9c3940bc303fcbe4d0f61,Eastern,Rwamagana,Mwulire,Mwulire,Gisanza
66d9c3940bc303fcbe4d0f64,Eastern,Rwamagana,Mwulire,Mwulire,Mpinga
66d9c3940bc303fcbe4d0f68,Eastern,Rwamagana,Mwulire,Ntunga,Cyimbazi
66d9c3940bc303fcbe4d0f71,Eastern,Rwamagana,Nyakaliro,Bihembe,Bihembe
66d9c3940bc303fcbe4d0f45,Eastern,Rwamagana,Muyumbu,Ntebe,Gisenyi
66d9c3940bc303fcbe4d0f4a,Eastern,Rwamagana,Muyumbu,Ntebe,Samuramba
66d9c3940bc303fcbe4d0f5c,Eastern,Rwamagana,Mwulire,Bushenyi,Kangaruye
66d9c3940bc303fcbe4d0f76,Eastern,Rwamagana,Nyakaliro,Bihembe,Mubumbwe
66d9c3940bc303fcbe4d0f9c,Eastern,Rwamagana,Nzige,Akanzu,Gitanu
66d9c3940bc303fcbe4d0fa3,Eastern,Rwamagana,Nzige,Kigarama,Mikoni
66d9c3940bc303fcbe4d0fae,Eastern,Rwamagana,Nzige,Rugarama,Bicaca
66d9c3940bc303fcbe4d0fcb,Eastern,Rwamagana,Rubona,Karambi,Byobo
66d9c3940bc303fcbe4d0fdc,Eastern,Nyagatare,GATUNDA,Cyagaju,Isangano
66d9c3940bc303fcbe4d0fef,Eastern,Nyagatare,GATUNDA,Nyamirembe,Byimana
66d9c3940bc303fcbe4d0ff7,Eastern,Nyagatare,GATUNDA,Nyangara,Muhambo
66d9c3940bc303fcbe4d1009,Eastern,Nyagatare,KARAMA,Bushara,Kadendegeri
66d9c3940bc303fcbe4d100b,Eastern,Nyagatare,KARAMA,Bushara,Rurembo
66d9c3940bc303fcbe4d101a,Eastern,Nyagatare,KARAMA,Gikundamvura,Fene
66d9c3940bc303fcbe4d101d,Eastern,Nyagatare,KARAMA,Gikundamvura,Irebero
66d9c3940bc303fcbe4d1033,Eastern,Nyagatare,KARAMA,Ndego,Mishasha
66d9c3940bc303fcbe4d1034,Eastern,Nyagatare,KARAMA,Ndego,Murambi
66d9c3940bc303fcbe4d1036,Eastern,Nyagatare,KARAMA,Ndego,Ndego
66d9c3940bc303fcbe4d103e,Eastern,Nyagatare,KARAMA,Nyakiga,Kavumu
66d9c3940bc303fcbe4d103f,Eastern,Nyagatare,KARAMA,Nyakiga,Kentarama
66d9c3940bc303fcbe4d1044,Eastern,Nyagatare,KARANGAZI,Kamate,Kigazi
66d9c3940bc303fcbe4d0ecc,Eastern,Rwamagana,Muhazi,Nsinda,Akabeza
66d9c3940bc303fcbe4d0ed6,Eastern,Rwamagana,Muhazi,Nyarusange,Kavura
66d9c3940bc303fcbe4d0f10,Eastern,Rwamagana,Munyiginya,Nyarubuye,Mazinga
66d9c3940bc303fcbe4d0f2f,Eastern,Rwamagana,Musha,Nyakabanda,Rutoma
66d9c3940bc303fcbe4d0f5d,Eastern,Rwamagana,Mwulire,Bushenyi,Rebero
66d9c3940bc303fcbe4d0fbb,Eastern,Rwamagana,Rubona,Byinza,Uwadesa
66d9c3940bc303fcbe4d0fc3,Eastern,Rwamagana,Rubona,Kabatasi,Nyagatare
66d9c3940bc303fcbe4d0fd6,Eastern,Rwamagana,Rubona,Mabare,Urugwiro
66d9c3940bc303fcbe4d0feb,Eastern,Nyagatare,GATUNDA,Nyamikamba,Nyamikamba
66d9c3940bc303fcbe4d0ff1,Eastern,Nyagatare,GATUNDA,Nyamirembe,Kajevuba
66d9c3940bc303fcbe4d1005,Eastern,Nyagatare,GATUNDA,Rwensheke,Rwensheke
66d9c3940bc303fcbe4d1010,Eastern,Nyagatare,KARAMA,Cyenkwanzi,Rurembo
66d9c3940bc303fcbe4d1020,Eastern,Nyagatare,KARAMA,Gikundamvura,Kukimpundu
66d9c3940bc303fcbe4d102f,Eastern,Nyagatare,KARAMA,Ndego,Gakirage
66d9c3940bc303fcbe4d1031,Eastern,Nyagatare,KARAMA,Ndego,Kanyami
66d9c3940bc303fcbe4d103a,Eastern,Nyagatare,KARAMA,Nyakiga,Humure
66d9c3940bc303fcbe4d1041,Eastern,Nyagatare,KARANGAZI,Kamate,Bugarama
66d9c3940bc303fcbe4d1039,Eastern,Nyagatare,KARAMA,Ndego,Rutoma
66d9c3940bc303fcbe4d1050,Eastern,Nyagatare,KARANGAZI,Mbare,Mbare
66d9c3940bc303fcbe4d1053,Eastern,Nyagatare,KARANGAZI,Musenyi,Bwanga
66d9c3940bc303fcbe4d1060,Eastern,Nyagatare,KARANGAZI,Nyagashanga,Kabare
66d9c3940bc303fcbe4d1082,Eastern,Nyagatare,KATABAGEMU,Kaduha,Nyabiyonza
66d9c3940bc303fcbe4d1048,Eastern,Nyagatare,KARANGAZI,Karama,Rundiro
66d9c3940bc303fcbe4d104f,Eastern,Nyagatare,KARANGAZI,Mbare,Karohoza
66d9c3940bc303fcbe4d1051,Eastern,Nyagatare,KARANGAZI,Mbare,Rwarucura
66d9c3940bc303fcbe4d105b,Eastern,Nyagatare,KARANGAZI,Ndama,Akayange
66d9c3940bc303fcbe4d105e,Eastern,Nyagatare,KARANGAZI,Nyagashanga,Bidudu
66d9c3940bc303fcbe4d1067,Eastern,Nyagatare,KARANGAZI,Nyamirama,Nyamirama Ii
66d9c3940bc303fcbe4d1068,Eastern,Nyagatare,KARANGAZI,Rubagabaga,Iraba
66d9c3940bc303fcbe4d1069,Eastern,Nyagatare,KARANGAZI,Rubagabaga,Nkuna
66d9c3940bc303fcbe4d106c,Eastern,Nyagatare,KARANGAZI,Rwenyemera,Bwera
66d9c3940bc303fcbe4d106e,Eastern,Nyagatare,KARANGAZI,Rwenyemera,Kayishunika
66d9c3940bc303fcbe4d1072,Eastern,Nyagatare,KARANGAZI,Rwenyemera,Rwimirama
66d9c3940bc303fcbe4d104b,Eastern,Nyagatare,KARANGAZI,Kizirakome,Kizirakome
66d9c3940bc303fcbe4d106d,Eastern,Nyagatare,KARANGAZI,Rwenyemera,Imishongi
66d9c3940bc303fcbe4d1074,Eastern,Nyagatare,KARANGAZI,Rwisirabo,Humure
66d9c3940bc303fcbe4d1079,Eastern,Nyagatare,KATABAGEMU,Bayigaburire,Bingaro
66d9c3940bc303fcbe4d1083,Eastern,Nyagatare,KATABAGEMU,Kaduha,Urumuri
66d9c3940bc303fcbe4d107c,Eastern,Nyagatare,KATABAGEMU,Bayigaburire,Igikorosi
66d9c3940bc303fcbe4d108c,Eastern,Nyagatare,KATABAGEMU,Katabagemu,Nyabwunyu
66d9c3940bc303fcbe4d10a1,Eastern,Nyagatare,KATABAGEMU,Rugazi,Rwagisangangabo
66d9c3940bc303fcbe4d10b4,Eastern,Nyagatare,KIYOMBE,Gitenga,Izinga
66d9c3940bc303fcbe4d10c8,Eastern,Nyagatare,KIYOMBE,Karambo,Butehe
66d9c3940bc303fcbe4d0f7c,Eastern,Rwamagana,Nyakaliro,Gatare,Runzenze
66d9c3940bc303fcbe4d0f7e,Eastern,Rwamagana,Nyakaliro,Gishore,Gishore
66d9c3940bc303fcbe4d0f99,Eastern,Rwamagana,Nzige,Akanzu,Cyahafi
66d9c3940bc303fcbe4d0fa1,Eastern,Rwamagana,Nzige,Kigarama,Kamabuye
66d9c3940bc303fcbe4d0fa6,Eastern,Rwamagana,Nzige,Kigarama,Rugunga
66d9c3940bc303fcbe4d0fb2,Eastern,Rwamagana,Nzige,Rugarama,Ruvomo
66d9c3940bc303fcbe4d0fb7,Eastern,Rwamagana,Rubona,Byinza,Kabayange Ii
66d9c3940bc303fcbe4d0fbc,Eastern,Rwamagana,Rubona,Kabatasi,Agasharu
66d9c3940bc303fcbe4d0fc6,Eastern,Rwamagana,Rubona,Kabuye,Agatare
66d9c3940bc303fcbe4d0fca,Eastern,Rwamagana,Rubona,Karambi,Bigaga
66d9c3940bc303fcbe4d0fde,Eastern,Nyagatare,GATUNDA,Cyagaju,Kibisabo
66d9c3940bc303fcbe4d0fed,Eastern,Nyagatare,GATUNDA,Nyamikamba,Ryabuvara
66d9c3940bc303fcbe4d0fee,Eastern,Nyagatare,GATUNDA,Nyamikamba,Ryarukabura
66d9c3940bc303fcbe4d1018,Eastern,Nyagatare,KARAMA,Gikagati,Rurembo
66d9c3940bc303fcbe4d101c,Eastern,Nyagatare,KARAMA,Gikundamvura,Gikundamvura Ii
66d9c3940bc303fcbe4d1022,Eastern,Nyagatare,KARAMA,Gikundamvura,Nyabitare
66d9c3940bc303fcbe4d0fe1,Eastern,Nyagatare,GATUNDA,Kabeza,Muvumba
66d9c3940bc303fcbe4d0fe4,Eastern,Nyagatare,GATUNDA,Kabeza,Rebero
66d9c3940bc303fcbe4d0fe6,Eastern,Nyagatare,GATUNDA,Nyamikamba,Gikunyu
66d9c3940bc303fcbe4d0ff2,Eastern,Nyagatare,GATUNDA,Nyamirembe,Kirindimure
66d9c3940bc303fcbe4d0ff3,Eastern,Nyagatare,GATUNDA,Nyamirembe,Mabare
66d9c3940bc303fcbe4d0ff6,Eastern,Nyagatare,GATUNDA,Nyangara,Mugomero
66d9c3940bc303fcbe4d1003,Eastern,Nyagatare,GATUNDA,Rwensheke,Kamate
66d9c3940bc303fcbe4d1024,Eastern,Nyagatare,KARAMA,Gikundamvura,Umutara
66d9c3940bc303fcbe4d1029,Eastern,Nyagatare,KARAMA,Kabuga,Kizunguruko
66d9c3940bc303fcbe4d103c,Eastern,Nyagatare,KARAMA,Nyakiga,Kanunga
66d9c3940bc303fcbe4d1062,Eastern,Nyagatare,KARANGAZI,Nyamirama,Kayange I
66d9c3940bc303fcbe4d104a,Eastern,Nyagatare,KARANGAZI,Kizirakome,Kahi
66d9c3940bc303fcbe4d1049,Eastern,Nyagatare,KARANGAZI,Kizirakome,Kageyo
66d9c3940bc303fcbe4d1055,Eastern,Nyagatare,KARANGAZI,Musenyi,Kabeza
66d9c3940bc303fcbe4d1070,Eastern,Nyagatare,KARANGAZI,Rwenyemera,Rwenyana
66d9c3940bc303fcbe4d1080,Eastern,Nyagatare,KATABAGEMU,Kaduha,Kaduha Ii
66d9c3940bc303fcbe4d104d,Eastern,Nyagatare,KARANGAZI,Mbare,Kabirizi
66d9c3940bc303fcbe4d1054,Eastern,Nyagatare,KARANGAZI,Musenyi,Gacungiro
66d9c3940bc303fcbe4d1061,Eastern,Nyagatare,KARANGAZI,Nyagashanga,Ruhita
66d9c3940bc303fcbe4d107a,Eastern,Nyagatare,KATABAGEMU,Bayigaburire,Byimana
66d9c3940bc303fcbe4d1086,Eastern,Nyagatare,KATABAGEMU,Kanyeganyege,Kanyeganyege
66d9c3940bc303fcbe4d108f,Eastern,Nyagatare,KATABAGEMU,Kigarama,Kibuye
66d9c3940bc303fcbe4d1093,Eastern,Nyagatare,KATABAGEMU,Nyakigando,Byimana
66d9c3940bc303fcbe4d1095,Eastern,Nyagatare,KATABAGEMU,Nyakigando,Kamutara
66d9c3940bc303fcbe4d109b,Eastern,Nyagatare,KATABAGEMU,Rubira,Isangano
66d9c3940bc303fcbe4d109e,Eastern,Nyagatare,KATABAGEMU,Rugazi,Akabira
66d9c3940bc303fcbe4d10c1,Eastern,Nyagatare,KIYOMBE,Kabungo,Mataba
66d9c3940bc303fcbe4d10f9,Eastern,Nyagatare,MATIMBA,Kagitumba,Kamabuye
66d9c3940bc303fcbe4d1100,Eastern,Nyagatare,MATIMBA,Kanyonza,Musha
66d9c3940bc303fcbe4d10b9,Eastern,Nyagatare,KIYOMBE,Gitenga,Nyabubare
66d9c3940bc303fcbe4d10c9,Eastern,Nyagatare,KIYOMBE,Karambo,Kakagaju
66d9c3940bc303fcbe4d10ca,Eastern,Nyagatare,KIYOMBE,Karambo,Karujanga
66d9c3940bc303fcbe4d10d9,Eastern,Nyagatare,KIYOMBE,Karujumba,Kenzizi
66d9c3940bc303fcbe4d10d3,Eastern,Nyagatare,KIYOMBE,Karujumba,Gishoro
66d9c3940bc303fcbe4d10db,Eastern,Nyagatare,KIYOMBE,Karujumba,Mweneno
66d9c3940bc303fcbe4d10e4,Eastern,Nyagatare,KIYOMBE,Tovu,Nyagatete
66d9c3940bc303fcbe4d108b,Eastern,Nyagatare,KATABAGEMU,Katabagemu,Kigarama
66d9c3940bc303fcbe4d1088,Eastern,Nyagatare,KATABAGEMU,Katabagemu,Gashenyi
66d9c3940bc303fcbe4d109a,Eastern,Nyagatare,KATABAGEMU,Rubira,Igitego
66d9c3940bc303fcbe4d10a5,Eastern,Nyagatare,KATABAGEMU,Rutoma,Rutoma
66d9c3940bc303fcbe4d10af,Eastern,Nyagatare,KIYOMBE,Gataba,Rutete
66d9c3940bc303fcbe4d10b1,Eastern,Nyagatare,KIYOMBE,Gataba,Rwakikunengwa
66d9c3940bc303fcbe4d10cc,Eastern,Nyagatare,KIYOMBE,Karambo,Kitaburimbi
66d9c3940bc303fcbe4d10d8,Eastern,Nyagatare,KIYOMBE,Karujumba,Katoma
66d9c3940bc303fcbe4d10e9,Eastern,Nyagatare,KIYOMBE,Tovu,Rutunga
66d9c3940bc303fcbe4d109f,Eastern,Nyagatare,KATABAGEMU,Rugazi,Burera
66d9c3940bc303fcbe4d10a3,Eastern,Nyagatare,KATABAGEMU,Rutoma,Kabeza
66d9c3940bc303fcbe4d10be,Eastern,Nyagatare,KIYOMBE,Kabungo,Gorora
66d9c3940bc303fcbe4d10f1,Eastern,Nyagatare,MATIMBA,Byimana,Kabuga Ii
66d9c3940bc303fcbe4d108d,Eastern,Nyagatare,KATABAGEMU,Katabagemu,Umunanira
66d9c3940bc303fcbe4d10a7,Eastern,Nyagatare,KIYOMBE,Gataba,Cyemiyaga
66d9c3940bc303fcbe4d10ab,Eastern,Nyagatare,KIYOMBE,Gataba,Nyakabungo
66d9c3940bc303fcbe4d10b5,Eastern,Nyagatare,KIYOMBE,Gitenga,Kabingo
66d9c3940bc303fcbe4d10ba,Eastern,Nyagatare,KIYOMBE,Gitenga,Rwagakuba
66d9c3940bc303fcbe4d10bd,Eastern,Nyagatare,KIYOMBE,Kabungo,Gatoki
66d9c3940bc303fcbe4d10c2,Eastern,Nyagatare,KIYOMBE,Kabungo,Murambi
66d9c3940bc303fcbe4d10d7,Eastern,Nyagatare,KIYOMBE,Karujumba,Karujumba Centre
66d9c3940bc303fcbe4d10e0,Eastern,Nyagatare,KIYOMBE,Tovu,Cyerero
66d9c3940bc303fcbe4d10e6,Eastern,Nyagatare,KIYOMBE,Tovu,Nyamirima
66d9c3940bc303fcbe4d10eb,Eastern,Nyagatare,MATIMBA,Bwera,Ntoma
66d9c3940bc303fcbe4d10f0,Eastern,Nyagatare,MATIMBA,Byimana,Kabuga I
66d9c3940bc303fcbe4d10f7,Eastern,Nyagatare,MATIMBA,Kagitumba,Kagera
66d9c3940bc303fcbe4d1108,Eastern,Nyagatare,MATIMBA,Matimba,Umudugudu Wa Vi
66d9c3940bc303fcbe4d110b,Eastern,Nyagatare,MATIMBA,Nyabwishongwezi,Nyabwishongwezi Ii
66d9c3940bc303fcbe4d1139,Eastern,Nyagatare,MUKAMA,Bufunda,Kibihanga
66d9c3940bc303fcbe4d1148,Eastern,Nyagatare,MUKAMA,Gihengeri,Kabongoya Ii
66d9c3940bc303fcbe4d114d,Eastern,Nyagatare,MUKAMA,Gishororo,Kabeza
66d9c3940bc303fcbe4d115e,Eastern,Nyagatare,MUSHERI,Kibirizi,Kabungo
66d9c3940bc303fcbe4d1163,Eastern,Nyagatare,MUSHERI,Kijojo,Kanyinya
66d9c3940bc303fcbe4d117f,Eastern,Nyagatare,NYAGATARE,Barija,Barija A
66d9c3940bc303fcbe4d1190,Eastern,Nyagatare,NYAGATARE,Gakirage,Kiboga Ii
66d9c3940bc303fcbe4d11b3,Eastern,Nyagatare,RUKOMO,Gashenyi,Gashenyi
66d9c3940bc303fcbe4d11b8,Eastern,Nyagatare,RUKOMO,Gashenyi,Murore
66d9c3940bc303fcbe4d1115,Eastern,Nyagatare,MIMURI,Bibare,Nyamafura
66d9c3940bc303fcbe4d1147,Eastern,Nyagatare,MUKAMA,Gihengeri,Kabongoya I
66d9c3940bc303fcbe4d1152,Eastern,Nyagatare,MUKAMA,Kagina,Kireranyana
66d9c3940bc303fcbe4d1162,Eastern,Nyagatare,MUSHERI,Kijojo,Kagwegwe
66d9c3940bc303fcbe4d116d,Eastern,Nyagatare,MUSHERI,Ntoma,Rukundo
66d9c3940bc303fcbe4d11aa,Eastern,Nyagatare,RUKOMO,Gahurura,Nomero I
66d9c3940bc303fcbe4d11c1,Eastern,Nyagatare,RUKOMO,Nyakagarama,Gashenyi
66d9c3940bc303fcbe4d110c,Eastern,Nyagatare,MATIMBA,Nyabwishongwezi,Nyabwishongwezi Iii
66d9c3940bc303fcbe4d1111,Eastern,Nyagatare,MATIMBA,Rwentanga,Rwentanga
66d9c3940bc303fcbe4d111b,Eastern,Nyagatare,MIMURI,Gakoma,Gisenyi
66d9c3940bc303fcbe4d1120,Eastern,Nyagatare,MIMURI,Gakoma,Rusororo
66d9c3940bc303fcbe4d1123,Eastern,Nyagatare,MIMURI,Mahoro,Iterambere
66d9c3940bc303fcbe4d1127,Eastern,Nyagatare,MIMURI,Mahoro,Nyagahita
66d9c3940bc303fcbe4d1129,Eastern,Nyagatare,MIMURI,Mahoro,Rubumba
66d9c3940bc303fcbe4d1132,Eastern,Nyagatare,MIMURI,Rugari,Isangano
66d9c3940bc303fcbe4d1137,Eastern,Nyagatare,MUKAMA,Bufunda,Bitabo
66d9c3940bc303fcbe4d1145,Eastern,Nyagatare,MUKAMA,Gihengeri,Gihengeri
66d9c3940bc303fcbe4d1149,Eastern,Nyagatare,MUKAMA,Gihengeri,Kigarama
66d9c3940bc303fcbe4d1161,Eastern,Nyagatare,MUSHERI,Kibirizi,Nyamisange
66d9c3940bc303fcbe4d1165,Eastern,Nyagatare,MUSHERI,Kijojo,Rwakabungo
66d9c3940bc303fcbe4d1175,Eastern,Nyagatare,MUSHERI,Nyamiyonga,Nyamiyonga
66d9c3940bc303fcbe4d1179,Eastern,Nyagatare,MUSHERI,Rugarama I,Karuca
66d9c3940bc303fcbe4d1187,Eastern,Nyagatare,NYAGATARE,Bushoga,Ruhuha Ii
66d9c3940bc303fcbe4d118b,Eastern,Nyagatare,NYAGATARE,Cyabayaga,Cyabayaga
66d9c3940bc303fcbe4d1194,Eastern,Nyagatare,NYAGATARE,Kamagiri,Kamagiri
66d9c3940bc303fcbe4d1197,Eastern,Nyagatare,NYAGATARE,Nsheke,Kabare
66d9c3940bc303fcbe4d11a5,Eastern,Nyagatare,NYAGATARE,Ryabega,Rugendo
66d9c3940bc303fcbe4d11a8,Eastern,Nyagatare,RUKOMO,Gahurura,Busasamana
66d9c3940bc303fcbe4d11b4,Eastern,Nyagatare,RUKOMO,Gashenyi,Gisenyi
66d9c3940bc303fcbe4d11b6,Eastern,Nyagatare,RUKOMO,Gashenyi,Isangano
66d9c3940bc303fcbe4d11b7,Eastern,Nyagatare,RUKOMO,Gashenyi,Kiyovu
66d9c3940bc303fcbe4d11bb,Eastern,Nyagatare,RUKOMO,Gashenyi,Rukomo
66d9c3940bc303fcbe4d11bc,Eastern,Nyagatare,RUKOMO,Gashenyi,Rurembo
66d9c3940bc303fcbe4d11c3,Eastern,Nyagatare,RUKOMO,Nyakagarama,Isangano
66d9c3940bc303fcbe4d11c5,Eastern,Nyagatare,RUKOMO,Nyakagarama,Kayenzi
66d9c3940bc303fcbe4d1094,Eastern,Nyagatare,KATABAGEMU,Nyakigando,Kabeza
66d9c3940bc303fcbe4d10a4,Eastern,Nyagatare,KATABAGEMU,Rutoma,Mahoro
66d9c3940bc303fcbe4d10c0,Eastern,Nyagatare,KIYOMBE,Kabungo,Manombe
66d9c3940bc303fcbe4d10c5,Eastern,Nyagatare,KIYOMBE,Kabungo,Rwamiko
66d9c3940bc303fcbe4d10c6,Eastern,Nyagatare,KIYOMBE,Kabungo,Rwamushe
66d9c3940bc303fcbe4d10f3,Eastern,Nyagatare,MATIMBA,Cyembogo,Kabeza
66d9c3940bc303fcbe4d10fe,Eastern,Nyagatare,MATIMBA,Kanyonza,Gakoma
66d9c3940bc303fcbe4d1096,Eastern,Nyagatare,KATABAGEMU,Nyakigando,Ntoma
66d9c3940bc303fcbe4d10a9,Eastern,Nyagatare,KIYOMBE,Gataba,Gicuba
66d9c3940bc303fcbe4d10b2,Eastern,Nyagatare,KIYOMBE,Gataba,Rwebare
66d9c3940bc303fcbe4d10b3,Eastern,Nyagatare,KIYOMBE,Gitenga,Gitenga
66d9c3940bc303fcbe4d10ce,Eastern,Nyagatare,KIYOMBE,Karambo,Nyakabungo
66d9c3940bc303fcbe4d10cf,Eastern,Nyagatare,KIYOMBE,Karambo,Rugarama
66d9c3940bc303fcbe4d10d5,Eastern,Nyagatare,KIYOMBE,Karujumba,Kagorogoro
66d9c3940bc303fcbe4d10ef,Eastern,Nyagatare,MATIMBA,Byimana,Byimana Iii
66d9c3940bc303fcbe4d10f5,Eastern,Nyagatare,MATIMBA,Cyembogo,Kiyovu
66d9c3940bc303fcbe4d10fa,Eastern,Nyagatare,MATIMBA,Kagitumba,Munini
66d9c3940bc303fcbe4d10fc,Eastern,Nyagatare,MATIMBA,Kagitumba,Muvumba
66d9c3940bc303fcbe4d1104,Eastern,Nyagatare,MATIMBA,Matimba,Umudugudu Wa Ii
66d9c3940bc303fcbe4d1113,Eastern,Nyagatare,MIMURI,Bibare,Karukwanzi
66d9c3940bc303fcbe4d1124,Eastern,Nyagatare,MIMURI,Mahoro,Kabeza
66d9c3940bc303fcbe4d1128,Eastern,Nyagatare,MIMURI,Mahoro,Rebero
66d9c3940bc303fcbe4d112a,Eastern,Nyagatare,MIMURI,Mahoro,Shenga
66d9c3940bc303fcbe4d112c,Eastern,Nyagatare,MIMURI,Mimuri,Indahemuka
66d9c3940bc303fcbe4d112d,Eastern,Nyagatare,MIMURI,Mimuri,Isangano
66d9c3940bc303fcbe4d1130,Eastern,Nyagatare,MIMURI,Mimuri,Rwimirama
66d9c3940bc303fcbe4d1140,Eastern,Nyagatare,MUKAMA,Gatete,Rutete
66d9c3940bc303fcbe4d1159,Eastern,Nyagatare,MUKAMA,Rugarama,Kibondo
66d9c3940bc303fcbe4d116f,Eastern,Nyagatare,MUSHERI,Nyagatabire,Gikunyu
66d9c3940bc303fcbe4d1181,Eastern,Nyagatare,NYAGATARE,Barija,Burumba
66d9c3940bc303fcbe4d1188,Eastern,Nyagatare,NYAGATARE,Bushoga,Ryinkuyu
66d9c3940bc303fcbe4d118e,Eastern,Nyagatare,NYAGATARE,Gakirage,Gakirage
66d9c3940bc303fcbe4d11a0,Eastern,Nyagatare,NYAGATARE,Rutaraka,Mugari
66d9c3940bc303fcbe4d11ad,Eastern,Nyagatare,RUKOMO,Gahurura,Ubumwe
66d9c3940bc303fcbe4d11ae,Eastern,Nyagatare,RUKOMO,Gahurura,Urugwiro
66d9c3940bc303fcbe4d11b0,Eastern,Nyagatare,RUKOMO,Gahurura,Urumuri
66d9c3940bc303fcbe4d11ba,Eastern,Nyagatare,RUKOMO,Gashenyi,Rebero
66d9c3940bc303fcbe4d11c4,Eastern,Nyagatare,RUKOMO,Nyakagarama,Karugondo
66d9c3940bc303fcbe4d11c6,Eastern,Nyagatare,RUKOMO,Nyakagarama,Musenyi
66d9c3940bc303fcbe4d111c,Eastern,Nyagatare,MIMURI,Gakoma,Kanyinya
66d9c3940bc303fcbe4d1122,Eastern,Nyagatare,MIMURI,Mahoro,Gitwe
66d9c3940bc303fcbe4d1131,Eastern,Nyagatare,MIMURI,Rugari,Amahoro
66d9c3940bc303fcbe4d1144,Eastern,Nyagatare,MUKAMA,Gihengeri,Gashahi
66d9c3940bc303fcbe4d1164,Eastern,Nyagatare,MUSHERI,Kijojo,Kijojo
66d9c3940bc303fcbe4d116a,Eastern,Nyagatare,MUSHERI,Ntoma,Bikonoka
66d9c3940bc303fcbe4d1170,Eastern,Nyagatare,MUSHERI,Nyagatabire,Mushorerwa
66d9c3940bc303fcbe4d11a2,Eastern,Nyagatare,NYAGATARE,Rutaraka,Rutaraka
66d9c3940bc303fcbe4d11a6,Eastern,Nyagatare,NYAGATARE,Ryabega,Ryabega
66d9c3940bc303fcbe4d11be,Eastern,Nyagatare,RUKOMO,Nyakagarama,Akamashereka
66d9c3940bc303fcbe4d11c7,Eastern,Nyagatare,RUKOMO,Nyakagarama,Nyakagarama
66d9c3940bc303fcbe4d1109,Eastern,Nyagatare,MATIMBA,Matimba,Umudugudu Wa Vii
66d9c3940bc303fcbe4d1125,Eastern,Nyagatare,MIMURI,Mahoro,Mizero
66d9c3940bc303fcbe4d112b,Eastern,Nyagatare,MIMURI,Mimuri,Byimana
66d9c3940bc303fcbe4d1136,Eastern,Nyagatare,MIMURI,Rugari,Urumuri
66d9c3940bc303fcbe4d115c,Eastern,Nyagatare,MUKAMA,Rugarama,Nyakagarama
66d9c3940bc303fcbe4d115d,Eastern,Nyagatare,MUKAMA,Rugarama,Sipure
66d9c3940bc303fcbe4d1173,Eastern,Nyagatare,MUSHERI,Nyamiyonga,Cyenombe
66d9c3940bc303fcbe4d11a3,Eastern,Nyagatare,NYAGATARE,Rutaraka,Ryabega
66d9c3940bc303fcbe4d11a9,Eastern,Nyagatare,RUKOMO,Gahurura,Isangano
66d9c3940bc303fcbe4d11ab,Eastern,Nyagatare,RUKOMO,Gahurura,Rambura
66d9c3940bc303fcbe4d11af,Eastern,Nyagatare,RUKOMO,Gahurura,Urukundo
66d9c3940bc303fcbe4d11bf,Eastern,Nyagatare,RUKOMO,Nyakagarama,Amahoro
66d9c3940bc303fcbe4d11ce,Eastern,Nyagatare,RUKOMO,Rukomo Ii,Nyange
66d9c3940bc303fcbe4d11f0,Eastern,Nyagatare,RWEMPASHA,Rutare,Mashaka
66d9c3940bc303fcbe4d11f9,Eastern,Nyagatare,RWIMIYAGA,Gacundezi,Bugaragara
66d9c3940bc303fcbe4d11ff,Eastern,Nyagatare,RWIMIYAGA,Kabeza,Gatovu
66d9c3940bc303fcbe4d120c,Eastern,Nyagatare,RWIMIYAGA,Ntoma,Kimaramu
66d9c3940bc303fcbe4d120d,Eastern,Nyagatare,RWIMIYAGA,Ntoma,Nyampire
66d9c3940bc303fcbe4d1212,Eastern,Nyagatare,RWIMIYAGA,Nyarupfubire,Nyarupfubire I
66d9c3940bc303fcbe4d121e,Eastern,Nyagatare,RWIMIYAGA,Rutungu,Rubira
66d9c3940bc303fcbe4d122a,Eastern,Nyagatare,TABAGWE,Gishuro,Nyasine
66d9c3940bc303fcbe4d1239,Eastern,Nyagatare,TABAGWE,Nyabitekeri,Kabeza
66d9c3940bc303fcbe4d123b,Eastern,Nyagatare,TABAGWE,Nyabitekeri,Kamate
66d9c3940bc303fcbe4d1246,Eastern,Nyagatare,TABAGWE,Shonga,Nyakanoni
66d9c3940bc303fcbe4d11d6,Eastern,Nyagatare,RUKOMO,Rurenge,Kabeza
66d9c3940bc303fcbe4d11dd,Eastern,Nyagatare,RWEMPASHA,Cyenjonjo,Cyenjonjo I
66d9c3940bc303fcbe4d11e6,Eastern,Nyagatare,RWEMPASHA,Kazaza,Gakindo
66d9c3940bc303fcbe4d11e9,Eastern,Nyagatare,RWEMPASHA,Mishenyi,Gicwamba
66d9c3940bc303fcbe4d11eb,Eastern,Nyagatare,RWEMPASHA,Mishenyi,Mishenyi
66d9c3940bc303fcbe4d11ed,Eastern,Nyagatare,RWEMPASHA,Rugarama,Rugarama
66d9c3940bc303fcbe4d11ee,Eastern,Nyagatare,RWEMPASHA,Rukorota,Bukonji
66d9c3940bc303fcbe4d11f3,Eastern,Nyagatare,RWEMPASHA,Rwempasha,Nyarubare
66d9c3940bc303fcbe4d11f7,Eastern,Nyagatare,RWEMPASHA,Ryeru,Bweya
66d9c3940bc303fcbe4d11fe,Eastern,Nyagatare,RWIMIYAGA,Gacundezi,Rukundo Iii
66d9c3940bc303fcbe4d1202,Eastern,Nyagatare,RWIMIYAGA,Kabeza,Kavumu
66d9c3940bc303fcbe4d1215,Eastern,Nyagatare,RWIMIYAGA,Nyarupfubire,Rwimiyaga Ii
66d9c3940bc303fcbe4d1221,Eastern,Nyagatare,RWIMIYAGA,Rwimiyaga,Kizungu
66d9c3940bc303fcbe4d1228,Eastern,Nyagatare,TABAGWE,Gishuro,Kayanja
66d9c3940bc303fcbe4d1229,Eastern,Nyagatare,TABAGWE,Gishuro,Nyagatare
66d9c3940bc303fcbe4d122c,Eastern,Nyagatare,TABAGWE,Gitengure,Gitengure
66d9c3940bc303fcbe4d1233,Eastern,Nyagatare,TABAGWE,Nkoma,Kaduha
66d9c3940bc303fcbe4d11ec,Eastern,Nyagatare,RWEMPASHA,Rugarama,Bubare
66d9c3940bc303fcbe4d1232,Eastern,Nyagatare,TABAGWE,Nkoma,Kabeza
66d9c3940bc303fcbe4d1238,Eastern,Nyagatare,TABAGWE,Nkoma,Runyinya
66d9c3940bc303fcbe4d11ca,Eastern,Nyagatare,RUKOMO,Rukomo Ii,Berwa
66d9c3940bc303fcbe4d11f2,Eastern,Nyagatare,RWEMPASHA,Rutare,Rutare
66d9c3940bc303fcbe4d1226,Eastern,Nyagatare,TABAGWE,Gishuro,Gatoma
66d9c3940bc303fcbe4d122b,Eastern,Nyagatare,TABAGWE,Gitengure,Bitibyoma
66d9c3940bc303fcbe4d1231,Eastern,Nyagatare,TABAGWE,Nkoma,Ibare
66d9c3940bc303fcbe4d1247,Eastern,Nyagatare,TABAGWE,Shonga,Nyakigando
66d9c3940bc303fcbe4d124a,Eastern,Nyagatare,TABAGWE,Tabagwe,Gakamba
66d9c3940bc303fcbe4d124f,Eastern,Gatsibo,Gasange,Kigabiro,Kabuye
66d9c3940bc303fcbe4d1253,Eastern,Gatsibo,Gasange,Kigabiro,Rugarama
66d9c3940bc303fcbe4d1254,Eastern,Gatsibo,Gasange,Kimana,Byahi
66d9c3940bc303fcbe4d1260,Eastern,Gatsibo,Gatsibo,Gatsibo,Gatare
66d9c3940bc303fcbe4d1262,Eastern,Gatsibo,Gatsibo,Gatsibo,Hanika I
66d9c3940bc303fcbe4d1280,Eastern,Gatsibo,Gatsibo,Nyabicwamba,Nyamuduha
66d9c3940bc303fcbe4d1283,Eastern,Gatsibo,Gatsibo,Nyabicwamba,Ryabakame
66d9c3940bc303fcbe4d1288,Eastern,Gatsibo,Gatsibo,Nyagahanga,Mangarama
66d9c3940bc303fcbe4d128a,Eastern,Gatsibo,Gatsibo,Nyagahanga,Nyakibande
66d9c3940bc303fcbe4d129a,Eastern,Gatsibo,Gitoki,Cyabusheshe,Kigabiro
66d9c3940bc303fcbe4d129f,Eastern,Gatsibo,Gitoki,Karubungo,Isangano
66d9c3940bc303fcbe4d12a3,Eastern,Gatsibo,Gitoki,Karubungo,Kinyange
66d9c3940bc303fcbe4d12a8,Eastern,Gatsibo,Gitoki,Karubungo,Sata
66d9c3940bc303fcbe4d124b,Eastern,Nyagatare,TABAGWE,Tabagwe,Gasheshe
66d9c3940bc303fcbe4d1256,Eastern,Gatsibo,Gasange,Kimana,Kimana
66d9c3940bc303fcbe4d1265,Eastern,Gatsibo,Gatsibo,Gatsibo,Munini
66d9c3940bc303fcbe4d1278,Eastern,Gatsibo,Gatsibo,Nyabicwamba,Agakenyeri
66d9c3940bc303fcbe4d128e,Eastern,Gatsibo,Gitoki,Bukomane,Burembo
66d9c3940bc303fcbe4d1293,Eastern,Gatsibo,Gitoki,Bukomane,Nyakayaga
66d9c3940bc303fcbe4d1272,Eastern,Gatsibo,Gatsibo,Mugera,Kavumu
66d9c3940bc303fcbe4d1257,Eastern,Gatsibo,Gasange,Kimana,Rugarama
66d9c3940bc303fcbe4d1259,Eastern,Gatsibo,Gasange,Teme,Giheta
66d9c3940bc303fcbe4d125f,Eastern,Gatsibo,Gasange,Viro,Viro
66d9c3940bc303fcbe4d1263,Eastern,Gatsibo,Gatsibo,Gatsibo,Hanika Ii
66d9c3940bc303fcbe4d127a,Eastern,Gatsibo,Gatsibo,Nyabicwamba,Agatoma
66d9c3940bc303fcbe4d129b,Eastern,Gatsibo,Gitoki,Cyabusheshe,Kivuba
66d9c3940bc303fcbe4d1207,Eastern,Nyagatare,RWIMIYAGA,Kirebe,Gatebe Ii
66d9c3940bc303fcbe4d123d,Eastern,Nyagatare,TABAGWE,Nyabitekeri,Kiyovu
66d9c3940bc303fcbe4d11e5,Eastern,Nyagatare,RWEMPASHA,Kabare,Ururimbi
66d9c3940bc303fcbe4d1201,Eastern,Nyagatare,RWIMIYAGA,Kabeza,Kabeza Centre
66d9c3940bc303fcbe4d1208,Eastern,Nyagatare,RWIMIYAGA,Kirebe,Kirebe
66d9c3940bc303fcbe4d120e,Eastern,Nyagatare,RWIMIYAGA,Ntoma,Rwembogo
66d9c3940bc303fcbe4d1214,Eastern,Nyagatare,RWIMIYAGA,Nyarupfubire,Rwimiyaga I
66d9c3940bc303fcbe4d1218,Eastern,Nyagatare,RWIMIYAGA,Nyendo,Rebero
66d9c3940bc303fcbe4d121d,Eastern,Nyagatare,RWIMIYAGA,Rutungu,Gakagati Ii
66d9c3940bc303fcbe4d1230,Eastern,Nyagatare,TABAGWE,Nkoma,Agafaru
66d9c3940bc303fcbe4d1235,Eastern,Nyagatare,TABAGWE,Nkoma,Mutozo
66d9c3940bc303fcbe4d1244,Eastern,Nyagatare,TABAGWE,Nyagatoma,Runyeri
66d9c3940bc303fcbe4d1245,Eastern,Nyagatare,TABAGWE,Shonga,Gikoba
66d9c3940bc303fcbe4d11e0,Eastern,Nyagatare,RWEMPASHA,Gasinga,Gasinga
66d9c3940bc303fcbe4d11f8,Eastern,Nyagatare,RWEMPASHA,Ryeru,Ryeru
66d9c3940bc303fcbe4d121b,Eastern,Nyagatare,RWIMIYAGA,Rutungu,Cyamunyana
66d9c3940bc303fcbe4d122d,Eastern,Nyagatare,TABAGWE,Gitengure,Kayigiro
66d9c3940bc303fcbe4d11c8,Eastern,Nyagatare,RUKOMO,Nyakagarama,Nyamworoma
66d9c3940bc303fcbe4d11d2,Eastern,Nyagatare,RUKOMO,Rukomo Ii,Rugabano
66d9c3940bc303fcbe4d1206,Eastern,Nyagatare,RWIMIYAGA,Kirebe,Gatebe I
66d9c3940bc303fcbe4d1213,Eastern,Nyagatare,RWIMIYAGA,Nyarupfubire,Nyarupfubire Ii
66d9c3940bc303fcbe4d1216,Eastern,Nyagatare,RWIMIYAGA,Nyendo,Isangano
66d9c3940bc303fcbe4d121a,Eastern,Nyagatare,RWIMIYAGA,Rutungu,Bwera
66d9c3940bc303fcbe4d1222,Eastern,Nyagatare,RWIMIYAGA,Rwimiyaga,Mahoro
66d9c3940bc303fcbe4d123a,Eastern,Nyagatare,TABAGWE,Nyabitekeri,Kabirizi
66d9c3940bc303fcbe4d1242,Eastern,Nyagatare,TABAGWE,Nyagatoma,Kabusunzu
66d9c3940bc303fcbe4d125a,Eastern,Gatsibo,Gasange,Teme,Kinunga
66d9c3940bc303fcbe4d1287,Eastern,Gatsibo,Gatsibo,Nyagahanga,Kizinga
66d9c3940bc303fcbe4d124e,Eastern,Nyagatare,TABAGWE,Tabagwe,Tabagwe
66d9c3940bc303fcbe4d125b,Eastern,Gatsibo,Gasange,Teme,Teme
66d9c3940bc303fcbe4d1248,Eastern,Nyagatare,TABAGWE,Shonga,Rwubuzizi
66d9c3940bc303fcbe4d1279,Eastern,Gatsibo,Gatsibo,Nyabicwamba,Agakomeye
66d9c3940bc303fcbe4d12ab,Eastern,Gatsibo,Gitoki,Mpondwa,Bukira
66d9c3940bc303fcbe4d12ac,Eastern,Gatsibo,Gitoki,Mpondwa,Bwiza
66d9c3940bc303fcbe4d1249,Eastern,Nyagatare,TABAGWE,Shonga,Shonga
66d9c3940bc303fcbe4d1252,Eastern,Gatsibo,Gasange,Kigabiro,Munini
66d9c3940bc303fcbe4d1255,Eastern,Gatsibo,Gasange,Kimana,Kagarama
66d9c3940bc303fcbe4d125c,Eastern,Gatsibo,Gasange,Viro,Gahara I
66d9c3940bc303fcbe4d125e,Eastern,Gatsibo,Gasange,Viro,Kagogo
66d9c3940bc303fcbe4d1261,Eastern,Gatsibo,Gatsibo,Gatsibo,Gatsibo
66d9c3940bc303fcbe4d1266,Eastern,Gatsibo,Gatsibo,Gatsibo,Nyakagarama
66d9c3940bc303fcbe4d1281,Eastern,Gatsibo,Gatsibo,Nyabicwamba,Rucumbo
66d9c3940bc303fcbe4d1284,Eastern,Gatsibo,Gatsibo,Nyabicwamba,Ryebare
66d9c3940bc303fcbe4d128b,Eastern,Gatsibo,Gatsibo,Nyagahanga,Rugarama
66d9c3940bc303fcbe4d128d,Eastern,Gatsibo,Gitoki,Bukomane,Bukomane
66d9c3940bc303fcbe4d1290,Eastern,Gatsibo,Gitoki,Bukomane,Gisaka
66d9c3940bc303fcbe4d1299,Eastern,Gatsibo,Gitoki,Cyabusheshe,Cyoto
66d9c3940bc303fcbe4d12a0,Eastern,Gatsibo,Gitoki,Karubungo,Kagugu
66d9c3940bc303fcbe4d12a4,Eastern,Gatsibo,Gitoki,Karubungo,Nyagacyamo
66d9c3940bc303fcbe4d12a9,Eastern,Gatsibo,Gitoki,Mpondwa,Akibiraro
66d9c3940bc303fcbe4d10ed,Eastern,Nyagatare,MATIMBA,Byimana,Byimana I
66d9c3940bc303fcbe4d10f4,Eastern,Nyagatare,MATIMBA,Cyembogo,Kamahoro
66d9c3940bc303fcbe4d10f6,Eastern,Nyagatare,MATIMBA,Kagitumba,Gishara
66d9c3940bc303fcbe4d1101,Eastern,Nyagatare,MATIMBA,Kanyonza,Nyampeke
66d9c3940bc303fcbe4d1106,Eastern,Nyagatare,MATIMBA,Matimba,Umudugudu Wa Iv
66d9c3940bc303fcbe4d10ae,Eastern,Nyagatare,KIYOMBE,Gataba,Ruhuha
66d9c3940bc303fcbe4d10d4,Eastern,Nyagatare,KIYOMBE,Karujumba,Kabare
66d9c3940bc303fcbe4d10fb,Eastern,Nyagatare,MATIMBA,Kagitumba,Musenyi
66d9c3940bc303fcbe4d10b0,Eastern,Nyagatare,KIYOMBE,Gataba,Rwabashanja
66d9c3940bc303fcbe4d10cb,Eastern,Nyagatare,KIYOMBE,Karambo,Kinoga
66d9c3940bc303fcbe4d10d1,Eastern,Nyagatare,KIYOMBE,Karambo,Rwemisavu
66d9c3940bc303fcbe4d10d2,Eastern,Nyagatare,KIYOMBE,Karambo,Rwengugwe
66d9c3940bc303fcbe4d10d6,Eastern,Nyagatare,KIYOMBE,Karujumba,Kajevuba
66d9c3940bc303fcbe4d10e7,Eastern,Nyagatare,KIYOMBE,Tovu,Nyaruziba
66d9c3940bc303fcbe4d10fd,Eastern,Nyagatare,MATIMBA,Kagitumba,Nziranziza
66d9c3940bc303fcbe4d1133,Eastern,Nyagatare,MIMURI,Rugari,Nteko
66d9c3940bc303fcbe4d113e,Eastern,Nyagatare,MUKAMA,Gatete,Hunga
66d9c3940bc303fcbe4d1142,Eastern,Nyagatare,MUKAMA,Gihengeri,Butare
66d9c3940bc303fcbe4d1176,Eastern,Nyagatare,MUSHERI,Nyamiyonga,Shirimpumu
66d9c3940bc303fcbe4d119e,Eastern,Nyagatare,NYAGATARE,Nyagatare,Nyagatare Iii
66d9c3940bc303fcbe4d1114,Eastern,Nyagatare,MIMURI,Bibare,Nyakagenge
66d9c3940bc303fcbe4d1134,Eastern,Nyagatare,MIMURI,Rugari,Rebero
66d9c3940bc303fcbe4d114b,Eastern,Nyagatare,MUKAMA,Gishororo,Akinyambo
66d9c3940bc303fcbe4d1166,Eastern,Nyagatare,MUSHERI,Musheri,Gakiri
66d9c3940bc303fcbe4d1182,Eastern,Nyagatare,NYAGATARE,Barija,Kinihira
66d9c3940bc303fcbe4d1184,Eastern,Nyagatare,NYAGATARE,Bushoga,Cyabahanga
66d9c3940bc303fcbe4d1189,Eastern,Nyagatare,NYAGATARE,Cyabayaga,Akamonyi
66d9c3940bc303fcbe4d118d,Eastern,Nyagatare,NYAGATARE,Cyabayaga,Urugero
66d9c3940bc303fcbe4d118f,Eastern,Nyagatare,NYAGATARE,Gakirage,Kiboga I
66d9c3940bc303fcbe4d1193,Eastern,Nyagatare,NYAGATARE,Gakirage,Urumuri
66d9c3940bc303fcbe4d119a,Eastern,Nyagatare,NYAGATARE,Nyagatare,Mirama I
66d9c3940bc303fcbe4d110a,Eastern,Nyagatare,MATIMBA,Nyabwishongwezi,Nyabwishongwezi I
66d9c3940bc303fcbe4d110d,Eastern,Nyagatare,MATIMBA,Rwentanga,Kagezi I
66d9c3940bc303fcbe4d1110,Eastern,Nyagatare,MATIMBA,Rwentanga,Mitayayo Ii
66d9c3940bc303fcbe4d1116,Eastern,Nyagatare,MIMURI,Bibare,Nyaruziba
66d9c3940bc303fcbe4d1121,Eastern,Nyagatare,MIMURI,Mahoro,Cyabwana
66d9c3940bc303fcbe4d1126,Eastern,Nyagatare,MIMURI,Mahoro,Nyabugogo
66d9c3940bc303fcbe4d1138,Eastern,Nyagatare,MUKAMA,Bufunda,Bufunda
66d9c3940bc303fcbe4d1141,Eastern,Nyagatare,MUKAMA,Gatete,Ryandahuka
66d9c3940bc303fcbe4d1143,Eastern,Nyagatare,MUKAMA,Gihengeri,Butwaro
66d9c3940bc303fcbe4d114a,Eastern,Nyagatare,MUKAMA,Gihengeri,Nyarubuye
66d9c3940bc303fcbe4d114f,Eastern,Nyagatare,MUKAMA,Gishororo,Kisaro
66d9c3940bc303fcbe4d1151,Eastern,Nyagatare,MUKAMA,Kagina,Kagonga
66d9c3940bc303fcbe4d1155,Eastern,Nyagatare,MUKAMA,Kagina,Nyakagarama
66d9c3940bc303fcbe4d116c,Eastern,Nyagatare,MUSHERI,Ntoma,Ntoma
66d9c3940bc303fcbe4d116e,Eastern,Nyagatare,MUSHERI,Ntoma,Rutarama
66d9c3940bc303fcbe4d1171,Eastern,Nyagatare,MUSHERI,Nyagatabire,Nyagatabire
66d9c3940bc303fcbe4d1172,Eastern,Nyagatare,MUSHERI,Nyagatabire,Rugarama
66d9c3940bc303fcbe4d117d,Eastern,Nyagatare,MUSHERI,Rugarama Ii,Rwenyana
66d9c3940bc303fcbe4d1195,Eastern,Nyagatare,NYAGATARE,Kamagiri,Karungi
66d9c3940bc303fcbe4d1199,Eastern,Nyagatare,NYAGATARE,Nsheke,Nyegeza
66d9c3940bc303fcbe4d119f,Eastern,Nyagatare,NYAGATARE,Rutaraka,Gihorobwa
66d9c3940bc303fcbe4d11a4,Eastern,Nyagatare,NYAGATARE,Ryabega,Marongero
66d9c3940bc303fcbe4d11b1,Eastern,Nyagatare,RUKOMO,Gashenyi,Agasasa
66d9c3940bc303fcbe4d11b2,Eastern,Nyagatare,RUKOMO,Gashenyi,Bukamba
66d9c3940bc303fcbe4d11b5,Eastern,Nyagatare,RUKOMO,Gashenyi,Huriro
66d9c3940bc303fcbe4d114e,Eastern,Nyagatare,MUKAMA,Gishororo,Kabukunzi
66d9c3940bc303fcbe4d1153,Eastern,Nyagatare,MUKAMA,Kagina,Ngoma
66d9c3940bc303fcbe4d1158,Eastern,Nyagatare,MUKAMA,Rugarama,Byimana
66d9c3940bc303fcbe4d115a,Eastern,Nyagatare,MUKAMA,Rugarama,Kireranyana
66d9c3940bc303fcbe4d1160,Eastern,Nyagatare,MUSHERI,Kibirizi,Nyamenge
66d9c3940bc303fcbe4d118c,Eastern,Nyagatare,NYAGATARE,Cyabayaga,Nyakabuye
66d9c3940bc303fcbe4d1191,Eastern,Nyagatare,NYAGATARE,Gakirage,Mihingo
66d9c3940bc303fcbe4d1192,Eastern,Nyagatare,NYAGATARE,Gakirage,Nkongi
66d9c3940bc303fcbe4d10e3,Eastern,Nyagatare,KIYOMBE,Tovu,Gatyazo
66d9c3940bc303fcbe4d10f2,Eastern,Nyagatare,MATIMBA,Cyembogo,Byimana
66d9c3940bc303fcbe4d1105,Eastern,Nyagatare,MATIMBA,Matimba,Umudugudu Wa Iii
66d9c3940bc303fcbe4d1107,Eastern,Nyagatare,MATIMBA,Matimba,Umudugudu Wa V
66d9c3940bc303fcbe4d1091,Eastern,Nyagatare,KATABAGEMU,Kigarama,Rebero
66d9c3940bc303fcbe4d1097,Eastern,Nyagatare,KATABAGEMU,Nyakigando,Nyakigando I
66d9c3940bc303fcbe4d1098,Eastern,Nyagatare,KATABAGEMU,Nyakigando,Nyakigando Ii
66d9c3940bc303fcbe4d1099,Eastern,Nyagatare,KATABAGEMU,Nyakigando,Rebero
66d9c3940bc303fcbe4d109c,Eastern,Nyagatare,KATABAGEMU,Rubira,Kanyesunzu
66d9c3940bc303fcbe4d109d,Eastern,Nyagatare,KATABAGEMU,Rubira,Rubira
66d9c3940bc303fcbe4d10a0,Eastern,Nyagatare,KATABAGEMU,Rugazi,Ishyirahamwe
66d9c3940bc303fcbe4d10a8,Eastern,Nyagatare,KIYOMBE,Gataba,Gahama
66d9c3940bc303fcbe4d10b8,Eastern,Nyagatare,KIYOMBE,Gitenga,Mukasha
66d9c3940bc303fcbe4d10c7,Eastern,Nyagatare,KIYOMBE,Karambo,Bureka
66d9c3940bc303fcbe4d10cd,Eastern,Nyagatare,KIYOMBE,Karambo,Nkana
66d9c3940bc303fcbe4d10e1,Eastern,Nyagatare,KIYOMBE,Tovu,Gashuro
66d9c3940bc303fcbe4d10e5,Eastern,Nyagatare,KIYOMBE,Tovu,Nyakigera
66d9c3940bc303fcbe4d10ea,Eastern,Nyagatare,MATIMBA,Bwera,Bwera
66d9c3940bc303fcbe4d10ee,Eastern,Nyagatare,MATIMBA,Byimana,Byimana Ii
66d9c3940bc303fcbe4d10f8,Eastern,Nyagatare,MATIMBA,Kagitumba,Kagitumba
66d9c3940bc303fcbe4d10ff,Eastern,Nyagatare,MATIMBA,Kanyonza,Musebeya
66d9c3940bc303fcbe4d1092,Eastern,Nyagatare,KATABAGEMU,Kigarama,Shirimpumu
66d9c3940bc303fcbe4d10b6,Eastern,Nyagatare,KIYOMBE,Gitenga,Kibuye
66d9c3940bc303fcbe4d10bf,Eastern,Nyagatare,KIYOMBE,Kabungo,Kindege
66d9c3940bc303fcbe4d110f,Eastern,Nyagatare,MATIMBA,Rwentanga,Mitayayo I
66d9c3940bc303fcbe4d111a,Eastern,Nyagatare,MIMURI,Gakoma,Gakoma
66d9c3940bc303fcbe4d111e,Eastern,Nyagatare,MIMURI,Gakoma,Nyagahandagaza
66d9c3940bc303fcbe4d112f,Eastern,Nyagatare,MIMURI,Mimuri,Rebero
66d9c3940bc303fcbe4d113a,Eastern,Nyagatare,MUKAMA,Bufunda,Nyakajeje
66d9c3940bc303fcbe4d113f,Eastern,Nyagatare,MUKAMA,Gatete,Kazinga
66d9c3940bc303fcbe4d1146,Eastern,Nyagatare,MUKAMA,Gihengeri,Gishoro
66d9c3940bc303fcbe4d1156,Eastern,Nyagatare,MUKAMA,Kagina,Nyakarama
66d9c3940bc303fcbe4d1157,Eastern,Nyagatare,MUKAMA,Rugarama,Bukire
66d9c3940bc303fcbe4d1167,Eastern,Nyagatare,MUSHERI,Musheri,Kiyaza
66d9c3940bc303fcbe4d1168,Eastern,Nyagatare,MUSHERI,Musheri,Mugari
66d9c3940bc303fcbe4d1178,Eastern,Nyagatare,MUSHERI,Rugarama I,Karambi
66d9c3940bc303fcbe4d11b9,Eastern,Nyagatare,RUKOMO,Gashenyi,Nyamirambo
66d9c3940bc303fcbe4d110e,Eastern,Nyagatare,MATIMBA,Rwentanga,Kagezi Ii
66d9c3940bc303fcbe4d1112,Eastern,Nyagatare,MIMURI,Bibare,Bibare
66d9c3940bc303fcbe4d1117,Eastern,Nyagatare,MIMURI,Bibare,Rwimirama
66d9c3940bc303fcbe4d1118,Eastern,Nyagatare,MIMURI,Bibare,Urugano
66d9c3940bc303fcbe4d1119,Eastern,Nyagatare,MIMURI,Bibare,Urutambi
66d9c3940bc303fcbe4d111d,Eastern,Nyagatare,MIMURI,Gakoma,Kumusaraba
66d9c3940bc303fcbe4d111f,Eastern,Nyagatare,MIMURI,Gakoma,Nyarwina
66d9c3940bc303fcbe4d112e,Eastern,Nyagatare,MIMURI,Mimuri,Karukwanzi
66d9c3940bc303fcbe4d1135,Eastern,Nyagatare,MIMURI,Rugari,Ubumwe
66d9c3940bc303fcbe4d113b,Eastern,Nyagatare,MUKAMA,Bufunda,Rebero
66d9c3940bc303fcbe4d114c,Eastern,Nyagatare,MUKAMA,Gishororo,Byumba
66d9c3940bc303fcbe4d1150,Eastern,Nyagatare,MUKAMA,Kagina,Cyabahurura
66d9c3940bc303fcbe4d1154,Eastern,Nyagatare,MUKAMA,Kagina,Nyagatare
66d9c3940bc303fcbe4d115b,Eastern,Nyagatare,MUKAMA,Rugarama,Nyacyonga
66d9c3940bc303fcbe4d1169,Eastern,Nyagatare,MUSHERI,Musheri,Musheri
66d9c3940bc303fcbe4d1177,Eastern,Nyagatare,MUSHERI,Rugarama I,Humure
66d9c3940bc303fcbe4d117c,Eastern,Nyagatare,MUSHERI,Rugarama Ii,Rebero
66d9c3940bc303fcbe4d117e,Eastern,Nyagatare,MUSHERI,Rugarama Ii,Umunini
66d9c3940bc303fcbe4d1186,Eastern,Nyagatare,NYAGATARE,Bushoga,Ruhuha I
66d9c3940bc303fcbe4d1198,Eastern,Nyagatare,NYAGATARE,Nsheke,Nsheke
66d9c3940bc303fcbe4d11a1,Eastern,Nyagatare,NYAGATARE,Rutaraka,Nkonji
66d9c3940bc303fcbe4d11c0,Eastern,Nyagatare,RUKOMO,Nyakagarama,Amizero
66d9c3940bc303fcbe4d113c,Eastern,Nyagatare,MUKAMA,Gatete,Gatete I
66d9c3940bc303fcbe4d113d,Eastern,Nyagatare,MUKAMA,Gatete,Gatete Ii
66d9c3940bc303fcbe4d115f,Eastern,Nyagatare,MUSHERI,Kibirizi,Kibirizi
66d9c3940bc303fcbe4d116b,Eastern,Nyagatare,MUSHERI,Ntoma,Murisanga
66d9c3940bc303fcbe4d1174,Eastern,Nyagatare,MUSHERI,Nyamiyonga,Isangano
66d9c3940bc303fcbe4d117a,Eastern,Nyagatare,MUSHERI,Rugarama I,Nyabyihura
66d9c3940bc303fcbe4d117b,Eastern,Nyagatare,MUSHERI,Rugarama Ii,Kibitaka I
66d9c3940bc303fcbe4d118a,Eastern,Nyagatare,NYAGATARE,Cyabayaga,Bihinga
66d9c3940bc303fcbe4d1196,Eastern,Nyagatare,NYAGATARE,Kamagiri,Nkerenke
66d9c3940bc303fcbe4d119c,Eastern,Nyagatare,NYAGATARE,Nyagatare,Nyagatare I
66d9c3940bc303fcbe4d119d,Eastern,Nyagatare,NYAGATARE,Nyagatare,Nyagatare Ii
66d9c3940bc303fcbe4d11bd,Eastern,Nyagatare,RUKOMO,Nyakagarama,Akamashama
66d9c3940bc303fcbe4d1180,Eastern,Nyagatare,NYAGATARE,Barija,Barija B
66d9c3940bc303fcbe4d1183,Eastern,Nyagatare,NYAGATARE,Bushoga,Bushoga
66d9c3940bc303fcbe4d1185,Eastern,Nyagatare,NYAGATARE,Bushoga,Cyonyo
66d9c3940bc303fcbe4d11d0,Eastern,Nyagatare,RUKOMO,Rukomo Ii,Nyarurama
66d9c3940bc303fcbe4d11d1,Eastern,Nyagatare,RUKOMO,Rukomo Ii,Rebero
66d9c3940bc303fcbe4d11da,Eastern,Nyagatare,RUKOMO,Rurenge,Rurenge
66d9c3940bc303fcbe4d11e4,Eastern,Nyagatare,RWEMPASHA,Kabare,Kabare
66d9c3940bc303fcbe4d11e7,Eastern,Nyagatare,RWEMPASHA,Kazaza,Kazaza
66d9c3940bc303fcbe4d11f1,Eastern,Nyagatare,RWEMPASHA,Rutare,Nshuli
66d9c3940bc303fcbe4d11fc,Eastern,Nyagatare,RWIMIYAGA,Gacundezi,Rukundo I
66d9c3940bc303fcbe4d1204,Eastern,Nyagatare,RWIMIYAGA,Kabeza,Rukiri I
66d9c3940bc303fcbe4d1205,Eastern,Nyagatare,RWIMIYAGA,Kabeza,Rukiri Ii
66d9c3940bc303fcbe4d120a,Eastern,Nyagatare,RWIMIYAGA,Ntoma,Gashwenu
66d9c3940bc303fcbe4d1217,Eastern,Nyagatare,RWIMIYAGA,Nyendo,Nyamirama
66d9c3940bc303fcbe4d1227,Eastern,Nyagatare,TABAGWE,Gishuro,Kaborogota
66d9c3940bc303fcbe4d122e,Eastern,Nyagatare,TABAGWE,Gitengure,Nshuri
66d9c3940bc303fcbe4d11d5,Eastern,Nyagatare,RUKOMO,Rurenge,Biryogo
66d9c3940bc303fcbe4d11dc,Eastern,Nyagatare,RUKOMO,Rurenge,Rwiju
66d9c3940bc303fcbe4d11fd,Eastern,Nyagatare,RWIMIYAGA,Gacundezi,Rukundo Ii
66d9c3940bc303fcbe4d120f,Eastern,Nyagatare,RWIMIYAGA,Nyarupfubire,Kamagiri
66d9c3940bc303fcbe4d123c,Eastern,Nyagatare,TABAGWE,Nyabitekeri,Kangoma
66d9c3940bc303fcbe4d11d3,Eastern,Nyagatare,RUKOMO,Rurenge,Akajuka
66d9c3940bc303fcbe4d11d4,Eastern,Nyagatare,RUKOMO,Rurenge,Benishyaka
66d9c3940bc303fcbe4d11d8,Eastern,Nyagatare,RUKOMO,Rurenge,Nyabwunyu
66d9c3940bc303fcbe4d11de,Eastern,Nyagatare,RWEMPASHA,Cyenjonjo,Cyenjonjo Ii
66d9c3940bc303fcbe4d11df,Eastern,Nyagatare,RWEMPASHA,Cyenjonjo,Rutare
66d9c3940bc303fcbe4d11ef,Eastern,Nyagatare,RWEMPASHA,Rukorota,Rukorota
66d9c3940bc303fcbe4d11f5,Eastern,Nyagatare,RWEMPASHA,Rwempasha,Rwempasha
66d9c3940bc303fcbe4d1203,Eastern,Nyagatare,RWIMIYAGA,Kabeza,Rugarama
66d9c3940bc303fcbe4d1223,Eastern,Nyagatare,RWIMIYAGA,Rwimiyaga,Muyange
66d9c3940bc303fcbe4d122f,Eastern,Nyagatare,TABAGWE,Gitengure,Nyagasigati
66d9c3940bc303fcbe4d1234,Eastern,Nyagatare,TABAGWE,Nkoma,Kigando
66d9c3940bc303fcbe4d123e,Eastern,Nyagatare,TABAGWE,Nyabitekeri,Munini
66d9c3940bc303fcbe4d11e8,Eastern,Nyagatare,RWEMPASHA,Kazaza,Rukiri
66d9c3940bc303fcbe4d1211,Eastern,Nyagatare,RWIMIYAGA,Nyarupfubire,Nyakagando Ii
66d9c3940bc303fcbe4d125d,Eastern,Gatsibo,Gasange,Viro,Gahara Ii
66d9c3940bc303fcbe4d126a,Eastern,Gatsibo,Gatsibo,Manishya,Manishya
66d9c3940bc303fcbe4d128f,Eastern,Gatsibo,Gitoki,Bukomane,Gakiri
66d9c3940bc303fcbe4d12a1,Eastern,Gatsibo,Gitoki,Karubungo,Kamuhenda
66d9c3940bc303fcbe4d12a6,Eastern,Gatsibo,Gitoki,Karubungo,Rugarama
66d9c3940bc303fcbe4d12ad,Eastern,Gatsibo,Gitoki,Mpondwa,Gahama
66d9c3940bc303fcbe4d124d,Eastern,Nyagatare,TABAGWE,Tabagwe,Nyenyeri
66d9c3940bc303fcbe4d1250,Eastern,Gatsibo,Gasange,Kigabiro,Kigabiro
66d9c3940bc303fcbe4d126b,Eastern,Gatsibo,Gatsibo,Manishya,Nyagahandagaza
66d9c3940bc303fcbe4d1273,Eastern,Gatsibo,Gatsibo,Mugera,Kayisha
66d9c3940bc303fcbe4d1276,Eastern,Gatsibo,Gatsibo,Mugera,Nyarukoni I
66d9c3940bc303fcbe4d127b,Eastern,Gatsibo,Gatsibo,Nyabicwamba,Gatungu
66d9c3940bc303fcbe4d1292,Eastern,Gatsibo,Gitoki,Bukomane,Ngaju
66d9c3940bc303fcbe4d1296,Eastern,Gatsibo,Gitoki,Bukomane,Ryarukaza
66d9c3940bc303fcbe4d129c,Eastern,Gatsibo,Gitoki,Cyabusheshe,Nyarunazi
66d9c3940bc303fcbe4d12a5,Eastern,Gatsibo,Gitoki,Karubungo,Nyarugarama
66d9c3940bc303fcbe4d12a7,Eastern,Gatsibo,Gitoki,Karubungo,Rwamuhinga
66d9c3940bc303fcbe4d1267,Eastern,Gatsibo,Gatsibo,Gatsibo,Nyamuduha
66d9c3940bc303fcbe4d1271,Eastern,Gatsibo,Gatsibo,Mugera,Karambo I
66d9c3940bc303fcbe4d127c,Eastern,Gatsibo,Gatsibo,Nyabicwamba,Kabashenda
66d9c3940bc303fcbe4d127d,Eastern,Gatsibo,Gatsibo,Nyabicwamba,Kaduha
66d9c3940bc303fcbe4d12a2,Eastern,Gatsibo,Gitoki,Karubungo,Karubungo
66d9c3940bc303fcbe4d119b,Eastern,Nyagatare,NYAGATARE,Nyagatare,Mirama Ii
66d9c3940bc303fcbe4d11a7,Eastern,Nyagatare,RUKOMO,Gahurura,Amahoro
66d9c3940bc303fcbe4d11ac,Eastern,Nyagatare,RUKOMO,Gahurura,Ruyonza
66d9c3940bc303fcbe4d11c2,Eastern,Nyagatare,RUKOMO,Nyakagarama,Gashura
66d9c3940bc303fcbe4d11d7,Eastern,Nyagatare,RUKOMO,Rurenge,Kabusunzu
66d9c3940bc303fcbe4d11e1,Eastern,Nyagatare,RWEMPASHA,Gasinga,Nyendo
66d9c3940bc303fcbe4d1200,Eastern,Nyagatare,RWIMIYAGA,Kabeza,Kabeza
66d9c3940bc303fcbe4d1210,Eastern,Nyagatare,RWIMIYAGA,Nyarupfubire,Nyakagando I
66d9c3940bc303fcbe4d121c,Eastern,Nyagatare,RWIMIYAGA,Rutungu,Gakagati I
66d9c3940bc303fcbe4d1243,Eastern,Nyagatare,TABAGWE,Nyagatoma,Mutungisa
66d9c3940bc303fcbe4d11c9,Eastern,Nyagatare,RUKOMO,Rukomo Ii,Amahoro
66d9c3940bc303fcbe4d11cb,Eastern,Nyagatare,RUKOMO,Rukomo Ii,Isangano
66d9c3940bc303fcbe4d11cc,Eastern,Nyagatare,RUKOMO,Rukomo Ii,Kabeza
66d9c3940bc303fcbe4d11cd,Eastern,Nyagatare,RUKOMO,Rukomo Ii,Mwurirwa
66d9c3940bc303fcbe4d11d9,Eastern,Nyagatare,RUKOMO,Rurenge,Nyamirambo
66d9c3940bc303fcbe4d11db,Eastern,Nyagatare,RUKOMO,Rurenge,Rushashi
66d9c3940bc303fcbe4d11e2,Eastern,Nyagatare,RWEMPASHA,Gasinga,Rwibishorogoto
66d9c3940bc303fcbe4d11e3,Eastern,Nyagatare,RWEMPASHA,Kabare,Gituro
66d9c3940bc303fcbe4d11ea,Eastern,Nyagatare,RWEMPASHA,Mishenyi,Kinungu
66d9c3940bc303fcbe4d11f4,Eastern,Nyagatare,RWEMPASHA,Rwempasha,Rwahi
66d9c3940bc303fcbe4d11f6,Eastern,Nyagatare,RWEMPASHA,Rwempasha,Uwinkiko
66d9c3940bc303fcbe4d11fa,Eastern,Nyagatare,RWIMIYAGA,Gacundezi,Gacundezi I
66d9c3940bc303fcbe4d11fb,Eastern,Nyagatare,RWIMIYAGA,Gacundezi,Gacundezi Ii
66d9c3940bc303fcbe4d1209,Eastern,Nyagatare,RWIMIYAGA,Kirebe,Rukindo
66d9c3940bc303fcbe4d120b,Eastern,Nyagatare,RWIMIYAGA,Ntoma,Kibuye
66d9c3940bc303fcbe4d1219,Eastern,Nyagatare,RWIMIYAGA,Nyendo,Remera
66d9c3940bc303fcbe4d121f,Eastern,Nyagatare,RWIMIYAGA,Rwimiyaga,Byimana
66d9c3940bc303fcbe4d1220,Eastern,Nyagatare,RWIMIYAGA,Rwimiyaga,Gakoma
66d9c3940bc303fcbe4d1225,Eastern,Nyagatare,RWIMIYAGA,Rwimiyaga,Rwinyange
66d9c3940bc303fcbe4d1236,Eastern,Nyagatare,TABAGWE,Nkoma,Nkoma
66d9c3940bc303fcbe4d1237,Eastern,Nyagatare,TABAGWE,Nkoma,Rugabano
66d9c3940bc303fcbe4d123f,Eastern,Nyagatare,TABAGWE,Nyagatoma,Agafaro
66d9c3940bc303fcbe4d1241,Eastern,Nyagatare,TABAGWE,Nyagatoma,Akajevuba
66d9c3940bc303fcbe4d11cf,Eastern,Nyagatare,RUKOMO,Rukomo Ii,Nyarubuye
66d9c3940bc303fcbe4d1224,Eastern,Nyagatare,RWIMIYAGA,Rwimiyaga,Rebero
66d9c3940bc303fcbe4d1240,Eastern,Nyagatare,TABAGWE,Nyagatoma,Agasongero
66d9c3940bc303fcbe4d1268,Eastern,Gatsibo,Gatsibo,Gatsibo,Nyarukoni
66d9c3940bc303fcbe4d1270,Eastern,Gatsibo,Gatsibo,Mugera,Kamasapfu
66d9c3940bc303fcbe4d1294,Eastern,Gatsibo,Gitoki,Bukomane,Rurema
66d9c3940bc303fcbe4d1295,Eastern,Gatsibo,Gitoki,Bukomane,Rwagitima
66d9c3940bc303fcbe4d1258,Eastern,Gatsibo,Gasange,Teme,Buburankwi
66d9c3940bc303fcbe4d126e,Eastern,Gatsibo,Gatsibo,Manishya,Rugarama
66d9c3940bc303fcbe4d127e,Eastern,Gatsibo,Gatsibo,Nyabicwamba,Kigarama
66d9c3940bc303fcbe4d127f,Eastern,Gatsibo,Gatsibo,Nyabicwamba,Nyabiheke
66d9c3940bc303fcbe4d1285,Eastern,Gatsibo,Gatsibo,Nyagahanga,Gitega
66d9c3940bc303fcbe4d124c,Eastern,Nyagatare,TABAGWE,Tabagwe,Kagarama
66d9c3940bc303fcbe4d1264,Eastern,Gatsibo,Gatsibo,Gatsibo,Mukwiza
66d9c3940bc303fcbe4d1269,Eastern,Gatsibo,Gatsibo,Gatsibo,Rwimbogo
66d9c3940bc303fcbe4d126c,Eastern,Gatsibo,Gatsibo,Manishya,Nyaruhanga
66d9c3940bc303fcbe4d126d,Eastern,Gatsibo,Gatsibo,Manishya,Nyarukoni
66d9c3940bc303fcbe4d126f,Eastern,Gatsibo,Gatsibo,Mugera,Kabuga
66d9c3940bc303fcbe4d1274,Eastern,Gatsibo,Gatsibo,Mugera,Kiraritsi
66d9c3940bc303fcbe4d1275,Eastern,Gatsibo,Gatsibo,Mugera,Mugera
66d9c3940bc303fcbe4d1277,Eastern,Gatsibo,Gatsibo,Mugera,Rurama
66d9c3940bc303fcbe4d1282,Eastern,Gatsibo,Gatsibo,Nyabicwamba,Rutovu
66d9c3940bc303fcbe4d1286,Eastern,Gatsibo,Gatsibo,Nyagahanga,Karama
66d9c3940bc303fcbe4d1289,Eastern,Gatsibo,Gatsibo,Nyagahanga,Nyagahanga
66d9c3940bc303fcbe4d128c,Eastern,Gatsibo,Gatsibo,Nyagahanga,Rusenge
66d9c3940bc303fcbe4d1291,Eastern,Gatsibo,Gitoki,Bukomane,Kigomero
66d9c3940bc303fcbe4d12ae,Eastern,Gatsibo,Gitoki,Mpondwa,Nyakabungo
66d9c3940bc303fcbe4d1251,Eastern,Gatsibo,Gasange,Kigabiro,Maya
66d9c3940bc303fcbe4d1297,Eastern,Gatsibo,Gitoki,Cyabusheshe,Binunga
66d9c3940bc303fcbe4d1298,Eastern,Gatsibo,Gitoki,Cyabusheshe,Cyabusheshe
66d9c3940bc303fcbe4d129d,Eastern,Gatsibo,Gitoki,Cyabusheshe,Rushashi
66d9c3940bc303fcbe4d12aa,Eastern,Gatsibo,Gitoki,Mpondwa,Akuruganda
66d9c3940bc303fcbe4d129e,Eastern,Gatsibo,Gitoki,Karubungo,Gisharara
66d9c3940bc303fcbe4d12af,Eastern,Gatsibo,Gitoki,Mpondwa,Nyaruhanga
66d9c3940bc303fcbe4d12b1,Eastern,Gatsibo,Gitoki,Mpondwa,Tsima
66d9c3940bc303fcbe4d12ba,Eastern,Gatsibo,Gitoki,Nyamirama,Nyarukombe
66d9c3940bc303fcbe4d12c1,Eastern,Gatsibo,Gitoki,Rubira,Nyakagarama
66d9c3940bc303fcbe4d12c8,Eastern,Gatsibo,Kabarore,Kabarore,Kabaroreii
66d9c3940bc303fcbe4d12cd,Eastern,Gatsibo,Kabarore,Kabeza,Ryanjeru
66d9c3940bc303fcbe4d12dc,Eastern,Gatsibo,Kabarore,Simbwa,Kibondo Ii
66d9c3940bc303fcbe4d12ea,Eastern,Gatsibo,Kageyo,Busetsa,Rwikubo
66d9c3940bc303fcbe4d12ee,Eastern,Gatsibo,Kageyo,Gituza,Kabacuzi
66d9c3940bc303fcbe4d12b3,Eastern,Gatsibo,Gitoki,Nyamirama,Kagarama
66d9c3940bc303fcbe4d12b5,Eastern,Gatsibo,Gitoki,Nyamirama,Kwishaba
66d9c3940bc303fcbe4d12bf,Eastern,Gatsibo,Gitoki,Rubira,Kavumu
66d9c3940bc303fcbe4d12d0,Eastern,Gatsibo,Kabarore,Karenge,Nyarubuye
66d9c3940bc303fcbe4d12da,Eastern,Gatsibo,Kabarore,Nyabikiri,Nyabikiri
66d9c3940bc303fcbe4d12c3,Eastern,Gatsibo,Gitoki,Rubira,Rugarama
66d9c3940bc303fcbe4d12bb,Eastern,Gatsibo,Gitoki,Nyamirama,Rukiri
66d9c3940bc303fcbe4d12bd,Eastern,Gatsibo,Gitoki,Rubira,Gakiri
66d9c3940bc303fcbe4d12c2,Eastern,Gatsibo,Gitoki,Rubira,Nyamengo
66d9c3940bc303fcbe4d12dd,Eastern,Gatsibo,Kabarore,Simbwa,Ruhuha
66d9c3940bc303fcbe4d12f1,Eastern,Gatsibo,Kageyo,Gituza,Nyakabare
66d9c3940bc303fcbe4d12f9,Eastern,Gatsibo,Kageyo,Kintu,Ryabushogoro
66d9c3940bc303fcbe4d12fa,Eastern,Gatsibo,Kageyo,Nyagisozi,Agatare
66d9c3940bc303fcbe4d1308,Eastern,Gatsibo,Kiramuruzi,Akabuga,Nduba
66d9c3940bc303fcbe4d1309,Eastern,Gatsibo,Kiramuruzi,Akabuga,Ubuhoro
66d9c3940bc303fcbe4d130a,Eastern,Gatsibo,Kiramuruzi,Gakenke,Akabingo
66d9c3940bc303fcbe4d1333,Eastern,Gatsibo,Kiziguro,Mbogo,Akabuye
66d9c3940bc303fcbe4d1334,Eastern,Gatsibo,Kiziguro,Mbogo,Akavumu
66d9c3940bc303fcbe4d1346,Eastern,Gatsibo,Kiziguro,Ndatemwa,Mishunzi
66d9c3940bc303fcbe4d134c,Eastern,Gatsibo,Kiziguro,Rubona,Agatare
66d9c3940bc303fcbe4d1359,Eastern,Gatsibo,Kiziguro,Rubona,Rubira
66d9c3940bc303fcbe4d136f,Eastern,Gatsibo,Muhura,Gakorokombe,Umunini
66d9c3940bc303fcbe4d138c,Eastern,Gatsibo,Muhura,Taba,Karenge
66d9c3940bc303fcbe4d138d,Eastern,Gatsibo,Muhura,Taba,Matyazo
66d9c3940bc303fcbe4d13a0,Eastern,Gatsibo,Murambi,Murambi,Mataba
66d9c3940bc303fcbe4d13a6,Eastern,Gatsibo,Murambi,Nyamiyaga,Kiniga
66d9c3940bc303fcbe4d13aa,Eastern,Gatsibo,Murambi,Rwankuba,Ikinyaga
66d9c3940bc303fcbe4d13ab,Eastern,Gatsibo,Murambi,Rwankuba,Impanzi
66d9c3940bc303fcbe4d13ae,Eastern,Gatsibo,Murambi,Rwankuba,Umwiga
66d9c3940bc303fcbe4d13b6,Eastern,Gatsibo,Murambi,Rwimitereri,Kinunga
66d9c3940bc303fcbe4d13b7,Eastern,Gatsibo,Murambi,Rwimitereri,Nyakabanda
66d9c3940bc303fcbe4d13bb,Eastern,Gatsibo,Ngarama,Bugamba,Kajevuba
66d9c3940bc303fcbe4d13bf,Eastern,Gatsibo,Ngarama,Karambi,Kamuri
66d9c3940bc303fcbe4d13ea,Eastern,Gatsibo,Ngarama,Nyarubungo,Rutovu
66d9c3940bc303fcbe4d13f0,Eastern,Gatsibo,Nyagihanga,Gitinda,Kirehe
66d9c3940bc303fcbe4d13f7,Eastern,Gatsibo,Nyagihanga,Kibare,Bwicaro
66d9c3940bc303fcbe4d1400,Eastern,Gatsibo,Nyagihanga,Mayange,Kajevuba
66d9c3940bc303fcbe4d1401,Eastern,Gatsibo,Nyagihanga,Mayange,Kamatamu
66d9c3940bc303fcbe4d1405,Eastern,Gatsibo,Nyagihanga,Mayange,Nyarubuye
66d9c3940bc303fcbe4d1408,Eastern,Gatsibo,Nyagihanga,Murambi,Kabeza
66d9c3940bc303fcbe4d1409,Eastern,Gatsibo,Nyagihanga,Murambi,Kagarama
66d9c3940bc303fcbe4d140c,Eastern,Gatsibo,Nyagihanga,Murambi,Munanira
66d9c3940bc303fcbe4d1410,Eastern,Gatsibo,Nyagihanga,Nyagitabire,Byimana
66d9c3940bc303fcbe4d1412,Eastern,Gatsibo,Nyagihanga,Nyagitabire,Kamiseke
66d9c3940bc303fcbe4d1418,Eastern,Gatsibo,Nyagihanga,Nyagitabire,Nyamikamba
66d9c3940bc303fcbe4d141d,Eastern,Gatsibo,Nyagihanga,Nyamirama,Cyanayanoga
66d9c3940bc303fcbe4d1428,Eastern,Gatsibo,Remera,Bushobora,Akankusi
66d9c3940bc303fcbe4d1435,Eastern,Gatsibo,Remera,Kigabiro,Runyinya
66d9c3940bc303fcbe4d1445,Eastern,Gatsibo,Remera,Rurenge,Rurenge
66d9c3940bc303fcbe4d1447,Eastern,Gatsibo,Remera,Rwarenga,Kabuye
66d9c3940bc303fcbe4d144d,Eastern,Gatsibo,Remera,Rwarenga,Rushenyi
66d9c3940bc303fcbe4d1452,Eastern,Gatsibo,Rugarama,Bugarama,Rebero
66d9c3940bc303fcbe4d1454,Eastern,Gatsibo,Rugarama,Gihuta,Gashenyi I
66d9c3940bc303fcbe4d1466,Eastern,Gatsibo,Rugarama,Kanyangese,Rugazi
66d9c3940bc303fcbe4d1474,Eastern,Gatsibo,Rugarama,Matare,Rwankuba
66d9c3940bc303fcbe4d147c,Eastern,Gatsibo,Rugarama,Matunguru,Nyenyeri
66d9c3940bc303fcbe4d12b4,Eastern,Gatsibo,Gitoki,Nyamirama,Kinteko
66d9c3940bc303fcbe4d12c6,Eastern,Gatsibo,Kabarore,Kabarore,Bihinga
66d9c3940bc303fcbe4d12cb,Eastern,Gatsibo,Kabarore,Kabeza,Kabeza
66d9c3940bc303fcbe4d12d1,Eastern,Gatsibo,Kabarore,Marimba,Kabare
66d9c3940bc303fcbe4d12e6,Eastern,Gatsibo,Kageyo,Busetsa,Nyarubuye I
66d9c3940bc303fcbe4d12eb,Eastern,Gatsibo,Kageyo,Busetsa,Tsima
66d9c3940bc303fcbe4d12e9,Eastern,Gatsibo,Kageyo,Busetsa,Rugarama
66d9c3940bc303fcbe4d12b7,Eastern,Gatsibo,Gitoki,Nyamirama,Mwanama
66d9c3940bc303fcbe4d12d3,Eastern,Gatsibo,Kabarore,Marimba,Marimba
66d9c3940bc303fcbe4d12e4,Eastern,Gatsibo,Kageyo,Busetsa,Kayenzi
66d9c3940bc303fcbe4d12ed,Eastern,Gatsibo,Kageyo,Gituza,Gisiza
66d9c3940bc303fcbe4d12ef,Eastern,Gatsibo,Kageyo,Gituza,Kigara
66d9c3940bc303fcbe4d12c7,Eastern,Gatsibo,Kabarore,Kabarore,Kabarore I
66d9c3940bc303fcbe4d12fc,Eastern,Gatsibo,Kageyo,Nyagisozi,Kashango
66d9c3940bc303fcbe4d1326,Eastern,Gatsibo,Kiramuruzi,Nyabisindu,Nyarusambu
66d9c3940bc303fcbe4d132b,Eastern,Gatsibo,Kiziguro,Agakomeye,Bishenyi
66d9c3940bc303fcbe4d1330,Eastern,Gatsibo,Kiziguro,Agakomeye,Muringa
66d9c3940bc303fcbe4d1337,Eastern,Gatsibo,Kiziguro,Mbogo,Rebero
66d9c3940bc303fcbe4d1352,Eastern,Gatsibo,Kiziguro,Rubona,Iramba
66d9c3940bc303fcbe4d1374,Eastern,Gatsibo,Muhura,Mamfu,Akabirizi
66d9c3940bc303fcbe4d1378,Eastern,Gatsibo,Muhura,Mamfu,Kamugenge
66d9c3940bc303fcbe4d1379,Eastern,Gatsibo,Muhura,Mamfu,Kaziga
66d9c3940bc303fcbe4d1396,Eastern,Gatsibo,Murambi,Murambi,Agacyamo
66d9c3940bc303fcbe4d13c2,Eastern,Gatsibo,Ngarama,Karambi,Mishenyi
66d9c3940bc303fcbe4d13d2,Eastern,Gatsibo,Ngarama,Kigasha,Kinunga
66d9c3940bc303fcbe4d13e7,Eastern,Gatsibo,Ngarama,Nyarubungo,Murama
66d9c3940bc303fcbe4d13fd,Eastern,Gatsibo,Nyagihanga,Kibare,Murambi
66d9c3940bc303fcbe4d1411,Eastern,Gatsibo,Nyagihanga,Nyagitabire,Kabudogo
66d9c3940bc303fcbe4d1416,Eastern,Gatsibo,Nyagihanga,Nyagitabire,Mataba
66d9c3940bc303fcbe4d1437,Eastern,Gatsibo,Remera,Kigabiro,Rwikubo
66d9c3940bc303fcbe4d146a,Eastern,Gatsibo,Rugarama,Matare,Agakenyeri
66d9c3940bc303fcbe4d1476,Eastern,Gatsibo,Rugarama,Matunguru,Gatovu
66d9c3940bc303fcbe4d147a,Eastern,Gatsibo,Rugarama,Matunguru,Nyamata
66d9c3940bc303fcbe4d1487,Eastern,Gatsibo,Rwimbogo,Kiburara,Nyacyonga
66d9c3940bc303fcbe4d1491,Eastern,Gatsibo,Rwimbogo,Munini,Nyamwiza
66d9c3940bc303fcbe4d14a2,Eastern,Gatsibo,Rwimbogo,Rwikiniro,Byimana
66d9c3940bc303fcbe4d14a3,Eastern,Gatsibo,Rwimbogo,Rwikiniro,Isangano
66d9c3940bc303fcbe4d14a7,Eastern,Gatsibo,Rwimbogo,Rwikiniro,Ndama I
66d9c3940bc303fcbe4d14b3,Eastern,Kayonza,Gahini,Juru,Miyaga
66d9c3940bc303fcbe4d14b7,Eastern,Kayonza,Gahini,Juru,Nyakabungo
66d9c3940bc303fcbe4d14c9,Eastern,Kayonza,Gahini,Urugarama,Myatano
66d9c3940bc303fcbe4d14cf,Eastern,Kayonza,Kabare,Cyarubare,Kabeza
66d9c3940bc303fcbe4d14e4,Eastern,Kayonza,Kabare,Kirehe,Gikombe
66d9c3940bc303fcbe4d151e,Eastern,Kayonza,Kabarondo,Rusera,Rusera
66d9c3940bc303fcbe4d152a,Eastern,Kayonza,Mukarange,Kayonza,Gasogororo
66d9c3940bc303fcbe4d155b,Eastern,Kayonza,Murama,Nyakanazi,Rugazi
66d9c3940bc303fcbe4d1587,Eastern,Kayonza,Murundi,Ryamanyoni,Nyabugando
66d9c3940bc303fcbe4d1592,Eastern,Kayonza,Mwiri,Kageyo,Rwisirabo A
66d9c3940bc303fcbe4d1594,Eastern,Kayonza,Mwiri,Kageyo,Sebasengo
66d9c3940bc303fcbe4d15c0,Eastern,Kayonza,Ndego,Kiyovu,Nyamugari
66d9c3940bc303fcbe4d15e0,Eastern,Kayonza,Nyamirama,Shyogo,Rwangabarezi
66d9c3940bc303fcbe4d15f6,Eastern,Kayonza,Rukara,Rukara,Mumuri
66d9c3940bc303fcbe4d1609,Eastern,Kayonza,Ruramira,Bugambira,Agasharu
66d9c3940bc303fcbe4d162b,Eastern,Kayonza,Rwinkwavu,Gihinga,Rugunga
66d9c3940bc303fcbe4d130d,Eastern,Gatsibo,Kiramuruzi,Gakenke,Bwunyu
66d9c3940bc303fcbe4d1354,Eastern,Gatsibo,Kiziguro,Rubona,Kigoroba
66d9c3940bc303fcbe4d1358,Eastern,Gatsibo,Kiziguro,Rubona,Rubaya
66d9c3940bc303fcbe4d1368,Eastern,Gatsibo,Muhura,Bibare,Rutoma
66d9c3940bc303fcbe4d1376,Eastern,Gatsibo,Muhura,Mamfu,Akamatamu
66d9c3940bc303fcbe4d138f,Eastern,Gatsibo,Muhura,Taba,Mwambaro
66d9c3940bc303fcbe4d13a5,Eastern,Gatsibo,Murambi,Nyamiyaga,Kagenge
66d9c3940bc303fcbe4d13c9,Eastern,Gatsibo,Ngarama,Kigasha,Akabuye
66d9c3940bc303fcbe4d13f2,Eastern,Gatsibo,Nyagihanga,Gitinda,Nyabukingi
66d9c3940bc303fcbe4d149f,Eastern,Gatsibo,Rwimbogo,Nyamatete,Rwiminazi
66d9c3940bc303fcbe4d14da,Eastern,Kayonza,Kabare,Cyarubare,Umuremampango
66d9c3940bc303fcbe4d14f4,Eastern,Kayonza,Kabare,Rubumba,Bwatampama
66d9c3940bc303fcbe4d150a,Eastern,Kayonza,Kabarondo,Cyinzovu,Nyabisenga
66d9c3940bc303fcbe4d12f3,Eastern,Gatsibo,Kageyo,Kintu,Gakeri
66d9c3940bc303fcbe4d131d,Eastern,Gatsibo,Kiramuruzi,Nyabisindu,Akantunga
66d9c3940bc303fcbe4d1322,Eastern,Gatsibo,Kiramuruzi,Nyabisindu,Itaba
66d9c3940bc303fcbe4d1323,Eastern,Gatsibo,Kiramuruzi,Nyabisindu,Karaba
66d9c3940bc303fcbe4d133a,Eastern,Gatsibo,Kiziguro,Ndatemwa,Akabagendo
66d9c3940bc303fcbe4d1345,Eastern,Gatsibo,Kiziguro,Ndatemwa,Mataba
66d9c3940bc303fcbe4d1349,Eastern,Gatsibo,Kiziguro,Ndatemwa,Rubungo
66d9c3940bc303fcbe4d1371,Eastern,Gatsibo,Muhura,Gakorokombe,Urugarama
66d9c3940bc303fcbe4d1375,Eastern,Gatsibo,Muhura,Mamfu,Akamamana
66d9c3940bc303fcbe4d1377,Eastern,Gatsibo,Muhura,Mamfu,Akarengo
66d9c3940bc303fcbe4d137d,Eastern,Gatsibo,Muhura,Rumuli,Gihembe
66d9c3940bc303fcbe4d1388,Eastern,Gatsibo,Muhura,Taba,Cyoga Ii
66d9c3940bc303fcbe4d1392,Eastern,Gatsibo,Muhura,Taba,Ruhenda
66d9c3940bc303fcbe4d139e,Eastern,Gatsibo,Murambi,Murambi,Kimironko
66d9c3940bc303fcbe4d13ca,Eastern,Gatsibo,Ngarama,Kigasha,Akagarama
66d9c3940bc303fcbe4d13e6,Eastern,Gatsibo,Ngarama,Nyarubungo,Kivumu
66d9c3940bc303fcbe4d13eb,Eastern,Gatsibo,Ngarama,Nyarubungo,Rwiri
66d9c3940bc303fcbe4d140e,Eastern,Gatsibo,Nyagihanga,Murambi,Rusenge
66d9c3940bc303fcbe4d141a,Eastern,Gatsibo,Nyagihanga,Nyagitabire,Rwintare
66d9c3940bc303fcbe4d1424,Eastern,Gatsibo,Remera,Bushobora,Agasenga
66d9c3940bc303fcbe4d144b,Eastern,Gatsibo,Remera,Rwarenga,Nyarubuye
66d9c3940bc303fcbe4d145b,Eastern,Gatsibo,Rugarama,Kanyangese,Akazinga
66d9c3940bc303fcbe4d145d,Eastern,Gatsibo,Rugarama,Kanyangese,Cyampirita
66d9c3940bc303fcbe4d1461,Eastern,Gatsibo,Rugarama,Kanyangese,Nyabubare
66d9c3940bc303fcbe4d1484,Eastern,Gatsibo,Rugarama,Remera,Rwamivu
66d9c3940bc303fcbe4d148b,Eastern,Gatsibo,Rwimbogo,Munini,Gikobwa
66d9c3940bc303fcbe4d1492,Eastern,Gatsibo,Rwimbogo,Munini,Rweza
66d9c3940bc303fcbe4d149c,Eastern,Gatsibo,Rwimbogo,Nyamatete,Nyamatete
66d9c3940bc303fcbe4d14ae,Eastern,Kayonza,Gahini,Juru,Juru
66d9c3940bc303fcbe4d14b0,Eastern,Kayonza,Gahini,Juru,Kimana
66d9c3940bc303fcbe4d14b1,Eastern,Kayonza,Gahini,Juru,Kwisoko
66d9c3940bc303fcbe4d14be,Eastern,Kayonza,Gahini,Kiyenzi,Kabuye
66d9c3940bc303fcbe4d14bf,Eastern,Kayonza,Gahini,Kiyenzi,Kinyinya
66d9c3940bc303fcbe4d14c2,Eastern,Kayonza,Gahini,Kiyenzi,Nyirampaca
66d9c3940bc303fcbe4d14d1,Eastern,Kayonza,Kabare,Cyarubare,Kanyetonga
66d9c3940bc303fcbe4d14e5,Eastern,Kayonza,Kabare,Kirehe,Kabatinya
66d9c3940bc303fcbe4d14eb,Eastern,Kayonza,Kabare,Kirehe,Rushenyi
66d9c3940bc303fcbe4d14f1,Eastern,Kayonza,Kabare,Rubimba,Kamuhabura
66d9c3940bc303fcbe4d14f5,Eastern,Kayonza,Kabare,Rubumba,Gakenyeri
66d9c3940bc303fcbe4d14f9,Eastern,Kayonza,Kabare,Rubumba,Kibuye
66d9c3940bc303fcbe4d14fe,Eastern,Kayonza,Kabarondo,Cyabajwa,Kabarondo
66d9c3940bc303fcbe4d1500,Eastern,Kayonza,Kabarondo,Cyabajwa,Nkuba I
66d9c3940bc303fcbe4d1501,Eastern,Kayonza,Kabarondo,Cyabajwa,Nkuba Ii
66d9c3940bc303fcbe4d1514,Eastern,Kayonza,Kabarondo,Kabura,Gisoro
66d9c3940bc303fcbe4d1528,Eastern,Kayonza,Mukarange,Kayonza,Cyeru
66d9c3940bc303fcbe4d152d,Eastern,Kayonza,Mukarange,Kayonza,Kayonza Centre
66d9c3940bc303fcbe4d1537,Eastern,Kayonza,Mukarange,Nyagatovu,Akabeza
66d9c3940bc303fcbe4d1539,Eastern,Kayonza,Mukarange,Nyagatovu,Akamayange
66d9c3940bc303fcbe4d154e,Eastern,Kayonza,Murama,Muko,Gihazo
66d9c3940bc303fcbe4d1557,Eastern,Kayonza,Murama,Murama,Rwabugengeri
66d9c3940bc303fcbe4d1573,Eastern,Kayonza,Murundi,Karambi,Nyamirama
66d9c3940bc303fcbe4d1577,Eastern,Kayonza,Murundi,Karambi,Rushenyi
66d9c3940bc303fcbe4d1582,Eastern,Kayonza,Murundi,Ryamanyoni,Cyandorimana
66d9c3940bc303fcbe4d1590,Eastern,Kayonza,Mwiri,Kageyo,Ndago
66d9c3940bc303fcbe4d15a3,Eastern,Kayonza,Mwiri,Nyawera,Murehe
66d9c3940bc303fcbe4d15ab,Eastern,Kayonza,Ndego,Byimana,Nyamata
66d9c3940bc303fcbe4d15b5,Eastern,Kayonza,Ndego,Karambi,Ihema
66d9c3940bc303fcbe4d15b7,Eastern,Kayonza,Ndego,Karambi,Kamabuye
66d9c3940bc303fcbe4d15bd,Eastern,Kayonza,Ndego,Kiyovu,Ihumure
66d9c3940bc303fcbe4d15c4,Eastern,Kayonza,Nyamirama,Gikaya,Kabuye
66d9c3940bc303fcbe4d15c9,Eastern,Kayonza,Nyamirama,Musumba,Karama
66d9c3940bc303fcbe4d15cb,Eastern,Kayonza,Nyamirama,Musumba,Musenyi
66d9c3940bc303fcbe4d15ce,Eastern,Kayonza,Nyamirama,Musumba,Nyarunazi
66d9c3940bc303fcbe4d15d2,Eastern,Kayonza,Nyamirama,Rurambi,Kabeza
66d9c3940bc303fcbe4d15d3,Eastern,Kayonza,Nyamirama,Rurambi,Kabuya I
66d9c3940bc303fcbe4d15d8,Eastern,Kayonza,Nyamirama,Rurambi,Ruvumu
66d9c3940bc303fcbe4d15d9,Eastern,Kayonza,Nyamirama,Rurambi,Shirinyota
66d9c3940bc303fcbe4d15e1,Eastern,Kayonza,Nyamirama,Shyogo,Rwinyana
66d9c3940bc303fcbe4d15ef,Eastern,Kayonza,Rukara,Rukara,Kamajigija
66d9c3940bc303fcbe4d15f2,Eastern,Kayonza,Rukara,Rukara,Karubamba
66d9c3940bc303fcbe4d15f4,Eastern,Kayonza,Rukara,Rukara,Kinunga Ii
66d9c3940bc303fcbe4d1605,Eastern,Kayonza,Rukara,Rwimishinya,Mirambi Ii
66d9c3940bc303fcbe4d1608,Eastern,Kayonza,Rukara,Rwimishinya,Nyarutunga Ii
66d9c3940bc303fcbe4d160f,Eastern,Kayonza,Ruramira,Nkamba,Akarambo
66d9c3940bc303fcbe4d1610,Eastern,Kayonza,Ruramira,Nkamba,Cyabitana
66d9c3940bc303fcbe4d161b,Eastern,Kayonza,Ruramira,Ruyonza,Taba
66d9c3940bc303fcbe4d1622,Eastern,Kayonza,Ruramira,Umubuga,Kajembe
66d9c3940bc303fcbe4d1623,Eastern,Kayonza,Ruramira,Umubuga,Kamukire
66d9c3940bc303fcbe4d1303,Eastern,Gatsibo,Kiramuruzi,Akabuga,Amataba
66d9c3940bc303fcbe4d1304,Eastern,Gatsibo,Kiramuruzi,Akabuga,Bushenyi
66d9c3940bc303fcbe4d1305,Eastern,Gatsibo,Kiramuruzi,Akabuga,Businde
66d9c3940bc303fcbe4d131a,Eastern,Gatsibo,Kiramuruzi,Gakoni,Rwajembe
66d9c3940bc303fcbe4d132a,Eastern,Gatsibo,Kiziguro,Agakomeye,Akingondo
66d9c3940bc303fcbe4d1340,Eastern,Gatsibo,Kiziguro,Ndatemwa,Gorora
66d9c3940bc303fcbe4d135d,Eastern,Gatsibo,Muhura,Bibare,Agasharu
66d9c3940bc303fcbe4d135e,Eastern,Gatsibo,Muhura,Bibare,Akabuga
66d9c3940bc303fcbe4d1362,Eastern,Gatsibo,Muhura,Bibare,Cyaruhagazi
66d9c3940bc303fcbe4d137a,Eastern,Gatsibo,Muhura,Mamfu,Ruhinga
66d9c3940bc303fcbe4d1383,Eastern,Gatsibo,Muhura,Rumuli,Nyange
66d9c3940bc303fcbe4d138e,Eastern,Gatsibo,Muhura,Taba,Mayora
66d9c3940bc303fcbe4d1390,Eastern,Gatsibo,Muhura,Taba,Nshoro
66d9c3940bc303fcbe4d139b,Eastern,Gatsibo,Murambi,Murambi,Kabarondo
66d9c3940bc303fcbe4d139f,Eastern,Gatsibo,Murambi,Murambi,Kiniga
66d9c3940bc303fcbe4d13e2,Eastern,Gatsibo,Ngarama,Ngarama,Rugarama
66d9c3940bc303fcbe4d13ee,Eastern,Gatsibo,Nyagihanga,Gitinda,Kibimbiri
66d9c3940bc303fcbe4d140d,Eastern,Gatsibo,Nyagihanga,Murambi,Rukoma
66d9c3940bc303fcbe4d1433,Eastern,Gatsibo,Remera,Kigabiro,Kanyinya
66d9c3940bc303fcbe4d143d,Eastern,Gatsibo,Remera,Nyagakombe,Nyaruhoko
66d9c3940bc303fcbe4d146f,Eastern,Gatsibo,Rugarama,Matare,Kabana
66d9c3940bc303fcbe4d1480,Eastern,Gatsibo,Rugarama,Remera,Akajevuba
66d9c3940bc303fcbe4d1497,Eastern,Gatsibo,Rwimbogo,Nyamatete,Gitega
66d9c3940bc303fcbe4d14a6,Eastern,Gatsibo,Rwimbogo,Rwikiniro,Kinunga
66d9c3940bc303fcbe4d14c3,Eastern,Kayonza,Gahini,Urugarama,Akabahizi
66d9c3940bc303fcbe4d14d4,Eastern,Kayonza,Kabare,Cyarubare,Mahumbezi
66d9c3940bc303fcbe4d14f6,Eastern,Kayonza,Kabare,Rubumba,Gakoma
66d9c3940bc303fcbe4d1507,Eastern,Kayonza,Kabarondo,Cyinzovu,Cyinzovu
66d9c3940bc303fcbe4d1519,Eastern,Kayonza,Kabarondo,Kabura,Nyabikenke I
66d9c3940bc303fcbe4d12fb,Eastern,Gatsibo,Kageyo,Nyagisozi,Kageyo
66d9c3940bc303fcbe4d132d,Eastern,Gatsibo,Kiziguro,Agakomeye,Isangano
66d9c3940bc303fcbe4d1344,Eastern,Gatsibo,Kiziguro,Ndatemwa,Kinunga
66d9c3940bc303fcbe4d1347,Eastern,Gatsibo,Kiziguro,Ndatemwa,Murehe
66d9c3940bc303fcbe4d139c,Eastern,Gatsibo,Murambi,Murambi,Kabuga
66d9c3940bc303fcbe4d1444,Eastern,Gatsibo,Remera,Rurenge,Rugarama
66d9c3940bc303fcbe4d12d8,Eastern,Gatsibo,Kabarore,Nyabikiri,Kabeza
66d9c3940bc303fcbe4d12d9,Eastern,Gatsibo,Kabarore,Nyabikiri,Ngarama
66d9c3940bc303fcbe4d12e2,Eastern,Gatsibo,Kageyo,Busetsa,Gitebwe
66d9c3940bc303fcbe4d12b0,Eastern,Gatsibo,Gitoki,Mpondwa,Ryabugenge
66d9c3940bc303fcbe4d12b6,Eastern,Gatsibo,Gitoki,Nyamirama,Minago
66d9c3940bc303fcbe4d12b8,Eastern,Gatsibo,Gitoki,Nyamirama,Nyabikenke
66d9c3940bc303fcbe4d12c4,Eastern,Gatsibo,Gitoki,Rubira,Rurehe
66d9c3940bc303fcbe4d12cf,Eastern,Gatsibo,Kabarore,Karenge,Mutarama
66d9c3940bc303fcbe4d12d2,Eastern,Gatsibo,Kabarore,Marimba,Kanteri
66d9c3940bc303fcbe4d12d7,Eastern,Gatsibo,Kabarore,Marimba,Rwimbogo
66d9c3940bc303fcbe4d12db,Eastern,Gatsibo,Kabarore,Simbwa,Kibondo I
66d9c3940bc303fcbe4d12de,Eastern,Gatsibo,Kabarore,Simbwa,Simbwa
66d9c3940bc303fcbe4d12df,Eastern,Gatsibo,Kageyo,Busetsa,Busetsa
66d9c3940bc303fcbe4d12e3,Eastern,Gatsibo,Kageyo,Busetsa,Kaninga
66d9c3940bc303fcbe4d12e5,Eastern,Gatsibo,Kageyo,Busetsa,Kivugiza
66d9c3940bc303fcbe4d12b9,Eastern,Gatsibo,Gitoki,Nyamirama,Nyamuraza
66d9c3940bc303fcbe4d12c0,Eastern,Gatsibo,Gitoki,Rubira,Nyakabota
66d9c3940bc303fcbe4d12e0,Eastern,Gatsibo,Kageyo,Busetsa,Cyabuhimbiri
66d9c3940bc303fcbe4d133b,Eastern,Gatsibo,Kiziguro,Ndatemwa,Akamamesa
66d9c3940bc303fcbe4d134d,Eastern,Gatsibo,Kiziguro,Rubona,Akagarama
66d9c3940bc303fcbe4d140b,Eastern,Gatsibo,Nyagihanga,Murambi,Mubirembo
66d9c3940bc303fcbe4d1443,Eastern,Gatsibo,Remera,Rurenge,Rubare
66d9c3940bc303fcbe4d147b,Eastern,Gatsibo,Rugarama,Matunguru,Nyamirambo
66d9c3940bc303fcbe4d14c6,Eastern,Kayonza,Gahini,Urugarama,Akimpara
66d9c3940bc303fcbe4d150e,Eastern,Kayonza,Kabarondo,Cyinzovu,Rurenge
66d9c3940bc303fcbe4d153f,Eastern,Kayonza,Mukarange,Rugendabari,Gikumba
66d9c3940bc303fcbe4d155e,Eastern,Kayonza,Murama,Rusave,Bwinyana
66d9c3940bc303fcbe4d15a2,Eastern,Kayonza,Mwiri,Nyawera,Muhozi
66d9c3940bc303fcbe4d15ae,Eastern,Kayonza,Ndego,Isangano,Kabusunzu
66d9c3940bc303fcbe4d15c2,Eastern,Kayonza,Nyamirama,Gikaya,Gasogi
66d9c3940bc303fcbe4d12f4,Eastern,Gatsibo,Kageyo,Kintu,Jabiro
66d9c3940bc303fcbe4d1312,Eastern,Gatsibo,Kiramuruzi,Gakenke,Nyamarebe
66d9c3940bc303fcbe4d1313,Eastern,Gatsibo,Kiramuruzi,Gakenke,Rwagashyaba
66d9c3940bc303fcbe4d131c,Eastern,Gatsibo,Kiramuruzi,Nyabisindu,Akabuga
66d9c3940bc303fcbe4d132e,Eastern,Gatsibo,Kiziguro,Agakomeye,Ishanti
66d9c3940bc303fcbe4d1339,Eastern,Gatsibo,Kiziguro,Mbogo,Ryamuhuzi
66d9c3940bc303fcbe4d134b,Eastern,Gatsibo,Kiziguro,Ndatemwa,Ryarugema
66d9c3940bc303fcbe4d135a,Eastern,Gatsibo,Kiziguro,Rubona,Ryakabucye
66d9c3940bc303fcbe4d1366,Eastern,Gatsibo,Muhura,Bibare,Mugogo
66d9c3940bc303fcbe4d1382,Eastern,Gatsibo,Muhura,Rumuli,Ntungamo
66d9c3940bc303fcbe4d13a9,Eastern,Gatsibo,Murambi,Rwankuba,Akayenzi
66d9c3940bc303fcbe4d13ad,Eastern,Gatsibo,Murambi,Rwankuba,Nyagatovu
66d9c3940bc303fcbe4d13b3,Eastern,Gatsibo,Murambi,Rwimitereri,Kibumba
66d9c3940bc303fcbe4d13bd,Eastern,Gatsibo,Ngarama,Bugamba,Kinyinya
66d9c3940bc303fcbe4d13c3,Eastern,Gatsibo,Ngarama,Karambi,Ruhuha
66d9c3940bc303fcbe4d13d0,Eastern,Gatsibo,Ngarama,Kigasha,Ikirongo
66d9c3940bc303fcbe4d13e1,Eastern,Gatsibo,Ngarama,Ngarama,Kiyovu
66d9c3940bc303fcbe4d140f,Eastern,Gatsibo,Nyagihanga,Murambi,Umugamba
66d9c3940bc303fcbe4d1425,Eastern,Gatsibo,Remera,Bushobora,Akagarama I
66d9c3940bc303fcbe4d142f,Eastern,Gatsibo,Remera,Butiruka,Urushenyi
66d9c3940bc303fcbe4d1457,Eastern,Gatsibo,Rugarama,Gihuta,Ntende I
66d9c3940bc303fcbe4d14c5,Eastern,Kayonza,Gahini,Urugarama,Akamuyenzi
66d9c3940bc303fcbe4d14cc,Eastern,Kayonza,Gahini,Urugarama,Umwiga
66d9c3940bc303fcbe4d14dc,Eastern,Kayonza,Kabare,Gitara,Gahombya
66d9c3940bc303fcbe4d14e1,Eastern,Kayonza,Kabare,Gitara,Rugunga
66d9c3940bc303fcbe4d14e2,Eastern,Kayonza,Kabare,Kirehe,Duterimbere
66d9c3940bc303fcbe4d14e6,Eastern,Kayonza,Kabare,Kirehe,Kabuhome
66d9c3940bc303fcbe4d1506,Eastern,Kayonza,Kabarondo,Cyinzovu,Bitoma
66d9c3940bc303fcbe4d1510,Eastern,Kayonza,Kabarondo,Kabura,Agasharu
66d9c3940bc303fcbe4d1520,Eastern,Kayonza,Kabarondo,Rusera,Umucyo
66d9c3940bc303fcbe4d12f0,Eastern,Gatsibo,Kageyo,Gituza,Mpama
66d9c3940bc303fcbe4d1306,Eastern,Gatsibo,Kiramuruzi,Akabuga,Kiramuruzi
66d9c3940bc303fcbe4d130f,Eastern,Gatsibo,Kiramuruzi,Gakenke,Gipangu
66d9c3940bc303fcbe4d131e,Eastern,Gatsibo,Kiramuruzi,Nyabisindu,Bushenyi
66d9c3940bc303fcbe4d12bc,Eastern,Gatsibo,Gitoki,Nyamirama,Rwinsanga
66d9c3940bc303fcbe4d12cc,Eastern,Gatsibo,Kabarore,Kabeza,Mishenyi
66d9c3940bc303fcbe4d12ce,Eastern,Gatsibo,Kabarore,Karenge,Karenge
66d9c3940bc303fcbe4d12e8,Eastern,Gatsibo,Kageyo,Busetsa,Nyarusange
66d9c3940bc303fcbe4d12b2,Eastern,Gatsibo,Gitoki,Nyamirama,Gahabo
66d9c3940bc303fcbe4d12c5,Eastern,Gatsibo,Gitoki,Rubira,Rwintama
66d9c3940bc303fcbe4d12c9,Eastern,Gatsibo,Kabarore,Kabarore,Kabingo
66d9c3940bc303fcbe4d12ca,Eastern,Gatsibo,Kabarore,Kabeza,Gatoki
66d9c3940bc303fcbe4d12d4,Eastern,Gatsibo,Kabarore,Marimba,Nyarwanya
66d9c3940bc303fcbe4d12d5,Eastern,Gatsibo,Kabarore,Marimba,Rebero
66d9c3940bc303fcbe4d12e1,Eastern,Gatsibo,Kageyo,Busetsa,Cyatoko
66d9c3940bc303fcbe4d12ec,Eastern,Gatsibo,Kageyo,Gituza,Bugarama
66d9c3940bc303fcbe4d12be,Eastern,Gatsibo,Gitoki,Rubira,Gikuyu
66d9c3940bc303fcbe4d12d6,Eastern,Gatsibo,Kabarore,Marimba,Rutenderi
66d9c3940bc303fcbe4d12e7,Eastern,Gatsibo,Kageyo,Busetsa,Nyarubuye Ii
66d9c3940bc303fcbe4d12f5,Eastern,Gatsibo,Kageyo,Kintu,Kigando
66d9c3940bc303fcbe4d12fe,Eastern,Gatsibo,Kageyo,Nyagisozi,Nyabukobero
66d9c3940bc303fcbe4d1301,Eastern,Gatsibo,Kiramuruzi,Akabuga,Akagarama
66d9c3940bc303fcbe4d1319,Eastern,Gatsibo,Kiramuruzi,Gakoni,Kumwiga
66d9c3940bc303fcbe4d1338,Eastern,Gatsibo,Kiziguro,Mbogo,Ryabihura
66d9c3940bc303fcbe4d134e,Eastern,Gatsibo,Kiziguro,Rubona,Amarende
66d9c3940bc303fcbe4d1356,Eastern,Gatsibo,Kiziguro,Rubona,Nyagasambu
66d9c3940bc303fcbe4d1360,Eastern,Gatsibo,Muhura,Bibare,Cyahafi
66d9c3940bc303fcbe4d136b,Eastern,Gatsibo,Muhura,Gakorokombe,Agasharu
66d9c3940bc303fcbe4d136c,Eastern,Gatsibo,Muhura,Gakorokombe,Biniga
66d9c3940bc303fcbe4d1370,Eastern,Gatsibo,Muhura,Gakorokombe,Urubiri
66d9c3940bc303fcbe4d137b,Eastern,Gatsibo,Muhura,Mamfu,Rwanama
66d9c3940bc303fcbe4d1381,Eastern,Gatsibo,Muhura,Rumuli,Kigarama
66d9c3940bc303fcbe4d13a7,Eastern,Gatsibo,Murambi,Nyamiyaga,Runyinya
66d9c3940bc303fcbe4d13b4,Eastern,Gatsibo,Murambi,Rwimitereri,Kigote
66d9c3940bc303fcbe4d13b9,Eastern,Gatsibo,Ngarama,Bugamba,Akagerero
66d9c3940bc303fcbe4d13d4,Eastern,Gatsibo,Ngarama,Kigasha,Kizunguruko
66d9c3940bc303fcbe4d13d9,Eastern,Gatsibo,Ngarama,Kigasha,Rurama
66d9c3940bc303fcbe4d13da,Eastern,Gatsibo,Ngarama,Kigasha,Ruyonza
66d9c3940bc303fcbe4d13e4,Eastern,Gatsibo,Ngarama,Nyarubungo,Burambira
66d9c3940bc303fcbe4d1413,Eastern,Gatsibo,Nyagihanga,Nyagitabire,Kamurara
66d9c3940bc303fcbe4d1426,Eastern,Gatsibo,Remera,Bushobora,Akagarama Ii
66d9c3940bc303fcbe4d1429,Eastern,Gatsibo,Remera,Bushobora,Gumino
66d9c3940bc303fcbe4d1431,Eastern,Gatsibo,Remera,Kigabiro,Amataba
66d9c3940bc303fcbe4d143c,Eastern,Gatsibo,Remera,Nyagakombe,Nyamarebe
66d9c3940bc303fcbe4d1440,Eastern,Gatsibo,Remera,Rurenge,Kagunga
66d9c3940bc303fcbe4d1446,Eastern,Gatsibo,Remera,Rwarenga,Cyeru
66d9c3940bc303fcbe4d146c,Eastern,Gatsibo,Rugarama,Matare,Bujumo
66d9c3940bc303fcbe4d146e,Eastern,Gatsibo,Rugarama,Matare,Gitsimba Ii
66d9c3940bc303fcbe4d1479,Eastern,Gatsibo,Rugarama,Matunguru,Nyabagendwa
66d9c3940bc303fcbe4d147e,Eastern,Gatsibo,Rugarama,Matunguru,Rushenyi
66d9c3940bc303fcbe4d1489,Eastern,Gatsibo,Rwimbogo,Kiburara,Rubirizi
66d9c3940bc303fcbe4d148e,Eastern,Gatsibo,Rwimbogo,Munini,Marembo
66d9c3940bc303fcbe4d1495,Eastern,Gatsibo,Rwimbogo,Nyamatete,Gashenyi
66d9c3940bc303fcbe4d1499,Eastern,Gatsibo,Rwimbogo,Nyamatete,Kagugu
66d9c3940bc303fcbe4d149a,Eastern,Gatsibo,Rwimbogo,Nyamatete,Kidugudu
66d9c3940bc303fcbe4d14ab,Eastern,Gatsibo,Rwimbogo,Rwikiniro,Rwikiniro I
66d9c3940bc303fcbe4d14bb,Eastern,Kayonza,Gahini,Kahi,Rukore
66d9c3940bc303fcbe4d14c1,Eastern,Kayonza,Gahini,Kiyenzi,Nyagahandagaza
66d9c3940bc303fcbe4d14d6,Eastern,Kayonza,Kabare,Cyarubare,Rukagati
66d9c3940bc303fcbe4d150b,Eastern,Kayonza,Kabarondo,Cyinzovu,Nyakabungo
66d9c3940bc303fcbe4d1526,Eastern,Kayonza,Mukarange,Kayonza,Akabuga
66d9c3940bc303fcbe4d1527,Eastern,Kayonza,Mukarange,Kayonza,Buhonde
66d9c3940bc303fcbe4d153c,Eastern,Kayonza,Mukarange,Nyagatovu,Iragwe
66d9c3940bc303fcbe4d1547,Eastern,Kayonza,Murama,Bunyentongo,Gahengeri
66d9c3940bc303fcbe4d154f,Eastern,Kayonza,Murama,Muko,Karama
66d9c3940bc303fcbe4d1553,Eastern,Kayonza,Murama,Murama,Bubindi
66d9c3940bc303fcbe4d1558,Eastern,Kayonza,Murama,Nyakanazi,Busasamana
66d9c3940bc303fcbe4d1559,Eastern,Kayonza,Murama,Nyakanazi,Nyagahinga
66d9c3940bc303fcbe4d1329,Eastern,Gatsibo,Kiziguro,Agakomeye,Akabingo
66d9c3940bc303fcbe4d1332,Eastern,Gatsibo,Kiziguro,Agakomeye,Ubutatu
66d9c3940bc303fcbe4d134a,Eastern,Gatsibo,Kiziguro,Ndatemwa,Rukungu
66d9c3940bc303fcbe4d1353,Eastern,Gatsibo,Kiziguro,Rubona,Kigabiro
66d9c3940bc303fcbe4d135b,Eastern,Gatsibo,Kiziguro,Rubona,Ryanyiranyana
66d9c3940bc303fcbe4d137f,Eastern,Gatsibo,Muhura,Rumuli,Kabeza
66d9c3940bc303fcbe4d1393,Eastern,Gatsibo,Muhura,Taba,Rususa
66d9c3940bc303fcbe4d1395,Eastern,Gatsibo,Muhura,Taba,Taba
66d9c3940bc303fcbe4d139a,Eastern,Gatsibo,Murambi,Murambi,Byimana
66d9c3940bc303fcbe4d13b2,Eastern,Gatsibo,Murambi,Rwimitereri,Byimana
66d9c3940bc303fcbe4d13bc,Eastern,Gatsibo,Ngarama,Bugamba,Kinihira
66d9c3940bc303fcbe4d13cf,Eastern,Gatsibo,Ngarama,Kigasha,Gikundamvura
66d9c3940bc303fcbe4d13d5,Eastern,Gatsibo,Ngarama,Kigasha,Mbogo
66d9c3940bc303fcbe4d13d6,Eastern,Gatsibo,Ngarama,Kigasha,Nyagisa
66d9c3940bc303fcbe4d13d8,Eastern,Gatsibo,Ngarama,Kigasha,Rukombe
66d9c3940bc303fcbe4d13e0,Eastern,Gatsibo,Ngarama,Ngarama,Kabeho
66d9c3940bc303fcbe4d13e3,Eastern,Gatsibo,Ngarama,Ngarama,Urukundo
66d9c3940bc303fcbe4d13f5,Eastern,Gatsibo,Nyagihanga,Kibare,Bitaba
66d9c3940bc303fcbe4d1404,Eastern,Gatsibo,Nyagihanga,Mayange,Neke
66d9c3940bc303fcbe4d140a,Eastern,Gatsibo,Nyagihanga,Murambi,Kanyinya
66d9c3940bc303fcbe4d1415,Eastern,Gatsibo,Nyagihanga,Nyagitabire,Kuwingeri
66d9c3940bc303fcbe4d1419,Eastern,Gatsibo,Nyagihanga,Nyagitabire,Par-chance
66d9c3940bc303fcbe4d141b,Eastern,Gatsibo,Nyagihanga,Nyamirama,Burembo
66d9c3940bc303fcbe4d1420,Eastern,Gatsibo,Nyagihanga,Nyamirama,Nyamiyaga
66d9c3940bc303fcbe4d142e,Eastern,Gatsibo,Remera,Butiruka,Icyerekezo
66d9c3940bc303fcbe4d1438,Eastern,Gatsibo,Remera,Kigabiro,Ryarutsinzi
66d9c3940bc303fcbe4d1449,Eastern,Gatsibo,Remera,Rwarenga,Kigarama
66d9c3940bc303fcbe4d144c,Eastern,Gatsibo,Remera,Rwarenga,Rugarama
66d9c3940bc303fcbe4d144e,Eastern,Gatsibo,Remera,Rwarenga,Umunini
66d9c3940bc303fcbe4d1455,Eastern,Gatsibo,Rugarama,Gihuta,Gashenyi Ii
66d9c3940bc303fcbe4d1464,Eastern,Gatsibo,Rugarama,Kanyangese,Remera
66d9c3940bc303fcbe4d155d,Eastern,Kayonza,Murama,Rusave,Bicumbi
66d9c3940bc303fcbe4d1563,Eastern,Kayonza,Murundi,Buhabwa,Buhabwa
66d9c3940bc303fcbe4d157a,Eastern,Kayonza,Murundi,Karambi,Rwinsheke Ii
66d9c3940bc303fcbe4d1584,Eastern,Kayonza,Murundi,Ryamanyoni,Kaneke
66d9c3940bc303fcbe4d1595,Eastern,Kayonza,Mwiri,Migera,Agahiza
66d9c3940bc303fcbe4d1596,Eastern,Kayonza,Mwiri,Migera,Murori
66d9c3940bc303fcbe4d15ac,Eastern,Kayonza,Ndego,Isangano,Gafunzo
66d9c3940bc303fcbe4d15b6,Eastern,Kayonza,Ndego,Karambi,Kagasa
66d9c3940bc303fcbe4d15ea,Eastern,Kayonza,Rukara,Rukara,Butimba
66d9c3940bc303fcbe4d15f9,Eastern,Kayonza,Rukara,Rukara,Nyagaharabuge
66d9c3940bc303fcbe4d15fb,Eastern,Kayonza,Rukara,Rukara,Ruyenzi
66d9c3940bc303fcbe4d1601,Eastern,Kayonza,Rukara,Rwimishinya,Kigwene Ii
66d9c3940bc303fcbe4d1602,Eastern,Kayonza,Rukara,Rwimishinya,Kinunga I
66d9c3940bc303fcbe4d1619,Eastern,Kayonza,Ruramira,Ruyonza,Kacyiru
66d9c3940bc303fcbe4d12fd,Eastern,Gatsibo,Kageyo,Nyagisozi,Kinyana
66d9c3940bc303fcbe4d130b,Eastern,Gatsibo,Kiramuruzi,Gakenke,Akamasine
66d9c3940bc303fcbe4d130c,Eastern,Gatsibo,Kiramuruzi,Gakenke,Akurusizi
66d9c3940bc303fcbe4d1315,Eastern,Gatsibo,Kiramuruzi,Gakoni,Karuhura
66d9c3940bc303fcbe4d131b,Eastern,Gatsibo,Kiramuruzi,Nyabisindu,Akabare
66d9c3940bc303fcbe4d1321,Eastern,Gatsibo,Kiramuruzi,Nyabisindu,Gitunginka
66d9c3940bc303fcbe4d1331,Eastern,Gatsibo,Kiziguro,Agakomeye,Nyungwe
66d9c3940bc303fcbe4d1336,Eastern,Gatsibo,Kiziguro,Mbogo,Nyakagarama
66d9c3940bc303fcbe4d133c,Eastern,Gatsibo,Kiziguro,Ndatemwa,Akarambo
66d9c3940bc303fcbe4d133d,Eastern,Gatsibo,Kiziguro,Ndatemwa,Bidudu
66d9c3940bc303fcbe4d133f,Eastern,Gatsibo,Kiziguro,Ndatemwa,Gihinga
66d9c3940bc303fcbe4d1348,Eastern,Gatsibo,Kiziguro,Ndatemwa,Nyagashenyi
66d9c3940bc303fcbe4d135f,Eastern,Gatsibo,Muhura,Bibare,Akagasaro
66d9c3940bc303fcbe4d1386,Eastern,Gatsibo,Muhura,Rumuli,Umurambi
66d9c3940bc303fcbe4d1391,Eastern,Gatsibo,Muhura,Taba,Rugarama
66d9c3940bc303fcbe4d1394,Eastern,Gatsibo,Muhura,Taba,Rwangendo
66d9c3940bc303fcbe4d13a3,Eastern,Gatsibo,Murambi,Nyamiyaga,Bweranyange
66d9c3940bc303fcbe4d13af,Eastern,Gatsibo,Murambi,Rwankuba,Urugarama
66d9c3940bc303fcbe4d13b5,Eastern,Gatsibo,Murambi,Rwimitereri,Kimondo
66d9c3940bc303fcbe4d13c5,Eastern,Gatsibo,Ngarama,Karambi,Rushenyi
66d9c3940bc303fcbe4d13c7,Eastern,Gatsibo,Ngarama,Karambi,Rwagakara
66d9c3940bc303fcbe4d13cc,Eastern,Gatsibo,Ngarama,Kigasha,Byimana
66d9c3940bc303fcbe4d13d3,Eastern,Gatsibo,Ngarama,Kigasha,Kiyovu
66d9c3940bc303fcbe4d13d7,Eastern,Gatsibo,Ngarama,Kigasha,Nyantojo
66d9c3940bc303fcbe4d13de,Eastern,Gatsibo,Ngarama,Ngarama,Ibare
66d9c3940bc303fcbe4d13df,Eastern,Gatsibo,Ngarama,Ngarama,Intsinzi
66d9c3940bc303fcbe4d13f3,Eastern,Gatsibo,Nyagihanga,Gitinda,Rushenyi
66d9c3940bc303fcbe4d13f6,Eastern,Gatsibo,Nyagihanga,Kibare,Bushashari
66d9c3940bc303fcbe4d13fe,Eastern,Gatsibo,Nyagihanga,Kibare,Rugaragara
66d9c3940bc303fcbe4d1417,Eastern,Gatsibo,Nyagihanga,Nyagitabire,Mpashani
66d9c3940bc303fcbe4d142b,Eastern,Gatsibo,Remera,Bushobora,Rwagitima
66d9c3940bc303fcbe4d143a,Eastern,Gatsibo,Remera,Nyagakombe,Karufuri
66d9c3940bc303fcbe4d144f,Eastern,Gatsibo,Rugarama,Bugarama,Akenene
66d9c3940bc303fcbe4d1456,Eastern,Gatsibo,Rugarama,Gihuta,Ibare
66d9c3940bc303fcbe4d1459,Eastern,Gatsibo,Rugarama,Gihuta,Nyagahanga
66d9c3940bc303fcbe4d145c,Eastern,Gatsibo,Rugarama,Kanyangese,Amahoro
66d9c3940bc303fcbe4d145e,Eastern,Gatsibo,Rugarama,Kanyangese,Kabeza
66d9c3940bc303fcbe4d1460,Eastern,Gatsibo,Rugarama,Kanyangese,Munini
66d9c3940bc303fcbe4d1463,Eastern,Gatsibo,Rugarama,Kanyangese,Rebero
66d9c3940bc303fcbe4d1469,Eastern,Gatsibo,Rugarama,Kanyangese,Tetero
66d9c3940bc303fcbe4d1477,Eastern,Gatsibo,Rugarama,Matunguru,Kabeza
66d9c3940bc303fcbe4d1478,Eastern,Gatsibo,Rugarama,Matunguru,Ngoma
66d9c3940bc303fcbe4d1488,Eastern,Gatsibo,Rwimbogo,Kiburara,Rebero
66d9c3940bc303fcbe4d148a,Eastern,Gatsibo,Rwimbogo,Kiburara,Rugando
66d9c3940bc303fcbe4d148d,Eastern,Gatsibo,Rwimbogo,Munini,Kabeza
66d9c3940bc303fcbe4d149e,Eastern,Gatsibo,Rwimbogo,Nyamatete,Rwimbogo
66d9c3940bc303fcbe4d14a5,Eastern,Gatsibo,Rwimbogo,Rwikiniro,Karambi
66d9c3940bc303fcbe4d14aa,Eastern,Gatsibo,Rwimbogo,Rwikiniro,Rukomo
66d9c3940bc303fcbe4d14b4,Eastern,Kayonza,Gahini,Juru,Musimbi
66d9c3940bc303fcbe4d14bd,Eastern,Kayonza,Gahini,Kahi,Uruhuha
66d9c3940bc303fcbe4d14ce,Eastern,Kayonza,Gahini,Urugarama,Videwo
66d9c3940bc303fcbe4d14d5,Eastern,Kayonza,Kabare,Cyarubare,Nyagakonji
66d9c3940bc303fcbe4d14d9,Eastern,Kayonza,Kabare,Cyarubare,Umunini
66d9c3940bc303fcbe4d14e9,Eastern,Kayonza,Kabare,Kirehe,Nyabiyenzi
66d9c3940bc303fcbe4d14f2,Eastern,Kayonza,Kabare,Rubimba,Nyarusange
66d9c3940bc303fcbe4d1517,Eastern,Kayonza,Kabarondo,Kabura,Kanyegenyege
66d9c3940bc303fcbe4d1521,Eastern,Kayonza,Mukarange,Bwiza,Abemeye Amahoro
66d9c3940bc303fcbe4d12f2,Eastern,Gatsibo,Kageyo,Gituza,Rwabihumbi
66d9c3940bc303fcbe4d12f8,Eastern,Gatsibo,Kageyo,Kintu,Rutoma
66d9c3940bc303fcbe4d131f,Eastern,Gatsibo,Kiramuruzi,Nyabisindu,Gahoko
66d9c3940bc303fcbe4d1320,Eastern,Gatsibo,Kiramuruzi,Nyabisindu,Gasave
66d9c3940bc303fcbe4d1325,Eastern,Gatsibo,Kiramuruzi,Nyabisindu,Nyagashenyi
66d9c3940bc303fcbe4d1341,Eastern,Gatsibo,Kiziguro,Ndatemwa,Kabukungu
66d9c3940bc303fcbe4d1342,Eastern,Gatsibo,Kiziguro,Ndatemwa,Kanyonyomba
66d9c3940bc303fcbe4d1351,Eastern,Gatsibo,Kiziguro,Rubona,Ihema
66d9c3940bc303fcbe4d1364,Eastern,Gatsibo,Muhura,Bibare,Kinyaga
66d9c3940bc303fcbe4d1373,Eastern,Gatsibo,Muhura,Mamfu,Agatagara
66d9c3940bc303fcbe4d1384,Eastern,Gatsibo,Muhura,Rumuli,Rwasama
66d9c3940bc303fcbe4d1385,Eastern,Gatsibo,Muhura,Rumuli,Rweza
66d9c3940bc303fcbe4d1389,Eastern,Gatsibo,Muhura,Taba,Gahanga
66d9c3940bc303fcbe4d138a,Eastern,Gatsibo,Muhura,Taba,Gatare
66d9c3940bc303fcbe4d13c6,Eastern,Gatsibo,Ngarama,Karambi,Ruziranyenzi
66d9c3940bc303fcbe4d13c8,Eastern,Gatsibo,Ngarama,Kigasha,Akabuga
66d9c3940bc303fcbe4d13f4,Eastern,Gatsibo,Nyagihanga,Gitinda,Twegerane
66d9c3940bc303fcbe4d13f8,Eastern,Gatsibo,Nyagihanga,Kibare,Gashure
66d9c3940bc303fcbe4d1402,Eastern,Gatsibo,Nyagihanga,Mayange,Mpangare I
66d9c3940bc303fcbe4d1423,Eastern,Gatsibo,Remera,Bushobora,Abanyangeyo
66d9c3940bc303fcbe4d1427,Eastern,Gatsibo,Remera,Bushobora,Akamabuye
66d9c3940bc303fcbe4d142c,Eastern,Gatsibo,Remera,Butiruka,Akabuga
66d9c3940bc303fcbe4d142d,Eastern,Gatsibo,Remera,Butiruka,Gasabo
66d9c3940bc303fcbe4d1432,Eastern,Gatsibo,Remera,Kigabiro,Byimana
66d9c3940bc303fcbe4d1448,Eastern,Gatsibo,Remera,Rwarenga,Kagasha
66d9c3940bc303fcbe4d144a,Eastern,Gatsibo,Remera,Rwarenga,Nyamugari
66d9c3940bc303fcbe4d1472,Eastern,Gatsibo,Rugarama,Matare,Nyarusambu
66d9c3940bc303fcbe4d1485,Eastern,Gatsibo,Rwimbogo,Kiburara,Isangano
66d9c3940bc303fcbe4d1490,Eastern,Gatsibo,Rwimbogo,Munini,Munini
66d9c3940bc303fcbe4d151d,Eastern,Kayonza,Kabarondo,Rusera,Rurama
66d9c3940bc303fcbe4d132f,Eastern,Gatsibo,Kiziguro,Agakomeye,Munanira
66d9c3940bc303fcbe4d133e,Eastern,Gatsibo,Kiziguro,Ndatemwa,Gakunyu
66d9c3940bc303fcbe4d134f,Eastern,Gatsibo,Kiziguro,Rubona,Bwiza
66d9c3940bc303fcbe4d1361,Eastern,Gatsibo,Muhura,Bibare,Cyarugira
66d9c3940bc303fcbe4d1365,Eastern,Gatsibo,Muhura,Bibare,Maryohe
66d9c3940bc303fcbe4d137c,Eastern,Gatsibo,Muhura,Mamfu,Umunanira
66d9c3940bc303fcbe4d1387,Eastern,Gatsibo,Muhura,Taba,Cyoga I
66d9c3940bc303fcbe4d1398,Eastern,Gatsibo,Murambi,Murambi,Agatagara
66d9c3940bc303fcbe4d13be,Eastern,Gatsibo,Ngarama,Karambi,Cyankondo
66d9c3940bc303fcbe4d13c4,Eastern,Gatsibo,Ngarama,Karambi,Rurama
66d9c3940bc303fcbe4d13ce,Eastern,Gatsibo,Ngarama,Kigasha,Cyahafi
66d9c3940bc303fcbe4d13ec,Eastern,Gatsibo,Nyagihanga,Gitinda,Gatungo
66d9c3940bc303fcbe4d13fc,Eastern,Gatsibo,Nyagihanga,Kibare,Kukabare
66d9c3940bc303fcbe4d1414,Eastern,Gatsibo,Nyagihanga,Nyagitabire,Kibatsi
66d9c3940bc303fcbe4d141f,Eastern,Gatsibo,Nyagihanga,Nyamirama,Nyakabungo
66d9c3940bc303fcbe4d1430,Eastern,Gatsibo,Remera,Kigabiro,Akabuga
66d9c3940bc303fcbe4d1436,Eastern,Gatsibo,Remera,Kigabiro,Rwamusaro
66d9c3940bc303fcbe4d1441,Eastern,Gatsibo,Remera,Rurenge,Kibenga
66d9c3940bc303fcbe4d1451,Eastern,Gatsibo,Rugarama,Bugarama,Nyagasiga
66d9c3940bc303fcbe4d1482,Eastern,Gatsibo,Rugarama,Remera,Kanyiranzage
66d9c3940bc303fcbe4d1494,Eastern,Gatsibo,Rwimbogo,Nyamatete,Akajevuba
66d9c3940bc303fcbe4d14a4,Eastern,Gatsibo,Rwimbogo,Rwikiniro,Kabusunzu
66d9c3940bc303fcbe4d14ba,Eastern,Kayonza,Gahini,Kahi,Nyamiyaga
66d9c3940bc303fcbe4d14d2,Eastern,Kayonza,Kabare,Cyarubare,Kibimba
66d9c3940bc303fcbe4d14db,Eastern,Kayonza,Kabare,Cyarubare,Umuyenzi
66d9c3940bc303fcbe4d14dd,Eastern,Kayonza,Kabare,Gitara,Kagumiro
66d9c3940bc303fcbe4d14e7,Eastern,Kayonza,Kabare,Kirehe,Kanyirabuki
66d9c3940bc303fcbe4d14ec,Eastern,Kayonza,Kabare,Kirehe,Rwagatera
66d9c3940bc303fcbe4d14f3,Eastern,Kayonza,Kabare,Rubimba,Rwamushoma
66d9c3940bc303fcbe4d14f8,Eastern,Kayonza,Kabare,Rubumba,Kibimba
66d9c3940bc303fcbe4d1505,Eastern,Kayonza,Kabarondo,Cyinzovu,Akinyenyeri
66d9c3940bc303fcbe4d151b,Eastern,Kayonza,Kabarondo,Kabura,Rubira
66d9c3940bc303fcbe4d151c,Eastern,Kayonza,Kabarondo,Rusera,Butobagire
66d9c3940bc303fcbe4d1531,Eastern,Kayonza,Mukarange,Mburabuturo,Akabuga
66d9c3940bc303fcbe4d1548,Eastern,Kayonza,Murama,Bunyentongo,Gisunzu
66d9c3940bc303fcbe4d1554,Eastern,Kayonza,Murama,Murama,Kajevuba
66d9c3940bc303fcbe4d1564,Eastern,Kayonza,Murundi,Buhabwa,Cyamburara
66d9c3940bc303fcbe4d1575,Eastern,Kayonza,Murundi,Karambi,Rukoyoyo
66d9c3940bc303fcbe4d1585,Eastern,Kayonza,Murundi,Ryamanyoni,Kanyegera
66d9c3940bc303fcbe4d159b,Eastern,Kayonza,Mwiri,Nyamugari,Kabeza
66d9c3940bc303fcbe4d15e5,Eastern,Kayonza,Rukara,Kawangire,Gitega
66d9c3940bc303fcbe4d15e8,Eastern,Kayonza,Rukara,Kawangire,Kinunga
66d9c3940bc303fcbe4d15ee,Eastern,Kayonza,Rukara,Rukara,Kabuga
66d9c3940bc303fcbe4d15fe,Eastern,Kayonza,Rukara,Rwimishinya,Karagari I
66d9c3940bc303fcbe4d1612,Eastern,Kayonza,Ruramira,Nkamba,Nyagacyamu
66d9c3940bc303fcbe4d162d,Eastern,Kayonza,Rwinkwavu,Gihinga,Uburembo
66d9c3940bc303fcbe4d162e,Eastern,Kayonza,Rwinkwavu,Mbarara,Gacaca
66d9c3940bc303fcbe4d1523,Eastern,Kayonza,Mukarange,Bwiza,Amizero
66d9c3940bc303fcbe4d1524,Eastern,Kayonza,Mukarange,Bwiza,Karambarara
66d9c3940bc303fcbe4d1529,Eastern,Kayonza,Mukarange,Kayonza,Gakurazo
66d9c3940bc303fcbe4d1535,Eastern,Kayonza,Mukarange,Mburabuturo,Kinunga
66d9c3940bc303fcbe4d154c,Eastern,Kayonza,Murama,Bunyentongo,Nyamabuye
66d9c3940bc303fcbe4d1562,Eastern,Kayonza,Murama,Rusave,Seresi
66d9c3940bc303fcbe4d156b,Eastern,Kayonza,Murundi,Karambi,Gafunzo
66d9c3940bc303fcbe4d157d,Eastern,Kayonza,Murundi,Murundi,Kinyana
66d9c3940bc303fcbe4d1588,Eastern,Kayonza,Murundi,Ryamanyoni,Rwakabanda
66d9c3940bc303fcbe4d1593,Eastern,Kayonza,Mwiri,Kageyo,Rwisirabo B
66d9c3940bc303fcbe4d15a4,Eastern,Kayonza,Mwiri,Nyawera,Nyakabungo
66d9c3940bc303fcbe4d15a5,Eastern,Kayonza,Mwiri,Nyawera,Ryakibanda
66d9c3940bc303fcbe4d15ca,Eastern,Kayonza,Nyamirama,Musumba,Kiyovu
66d9c3940bc303fcbe4d1467,Eastern,Gatsibo,Rugarama,Kanyangese,Rwagitima
66d9c3940bc303fcbe4d146d,Eastern,Gatsibo,Rugarama,Matare,Gitsimba I
66d9c3940bc303fcbe4d147d,Eastern,Gatsibo,Rugarama,Matunguru,Rambura
66d9c3940bc303fcbe4d148f,Eastern,Gatsibo,Rwimbogo,Munini,Mucucu
66d9c3940bc303fcbe4d14a0,Eastern,Gatsibo,Rwimbogo,Nyamatete,Umurego
66d9c3940bc303fcbe4d14d7,Eastern,Kayonza,Kabare,Cyarubare,Rwabarema
66d9c3940bc303fcbe4d14ee,Eastern,Kayonza,Kabare,Rubimba,Buhabwa
66d9c3940bc303fcbe4d1511,Eastern,Kayonza,Kabarondo,Kabura,Agatare
66d9c3940bc303fcbe4d1516,Eastern,Kayonza,Kabarondo,Kabura,Kabuye
66d9c3940bc303fcbe4d152b,Eastern,Kayonza,Mukarange,Kayonza,Gatebe
66d9c3940bc303fcbe4d153e,Eastern,Kayonza,Mukarange,Nyagatovu,Nyagatovu
66d9c3940bc303fcbe4d1542,Eastern,Kayonza,Mukarange,Rugendabari,Karambo Ii
66d9c3940bc303fcbe4d1543,Eastern,Kayonza,Mukarange,Rugendabari,Nyakagarama
66d9c3940bc303fcbe4d1565,Eastern,Kayonza,Murundi,Buhabwa,Gakoma
66d9c3940bc303fcbe4d1574,Eastern,Kayonza,Murundi,Karambi,Rugunga
66d9c3940bc303fcbe4d1579,Eastern,Kayonza,Murundi,Karambi,Rwinsheke I
66d9c3940bc303fcbe4d158a,Eastern,Kayonza,Murundi,Ryamanyoni,Ryakirenzi I
66d9c3940bc303fcbe4d15ad,Eastern,Kayonza,Ndego,Isangano,Gashonga
66d9c3940bc303fcbe4d15b1,Eastern,Kayonza,Ndego,Isangano,Kamahoro
66d9c3940bc303fcbe4d15f5,Eastern,Kayonza,Rukara,Rukara,Mitungo
66d9c3940bc303fcbe4d1607,Eastern,Kayonza,Rukara,Rwimishinya,Nyarutunga I
66d9c3940bc303fcbe4d160d,Eastern,Kayonza,Ruramira,Bugambira,Murambi
66d9c3940bc303fcbe4d161e,Eastern,Kayonza,Ruramira,Umubuga,Amazinga
66d9c3940bc303fcbe4d12f6,Eastern,Gatsibo,Kageyo,Kintu,Kirara
66d9c3940bc303fcbe4d12ff,Eastern,Gatsibo,Kageyo,Nyagisozi,Nyagisozi
66d9c3940bc303fcbe4d1300,Eastern,Gatsibo,Kageyo,Nyagisozi,Rukira
66d9c3940bc303fcbe4d1302,Eastern,Gatsibo,Kiramuruzi,Akabuga,Akarambo
66d9c3940bc303fcbe4d1307,Eastern,Gatsibo,Kiramuruzi,Akabuga,Kiyogori
66d9c3940bc303fcbe4d1310,Eastern,Gatsibo,Kiramuruzi,Gakenke,Kayita
66d9c3940bc303fcbe4d1311,Eastern,Gatsibo,Kiramuruzi,Gakenke,Nyakagarama
66d9c3940bc303fcbe4d1317,Eastern,Gatsibo,Kiramuruzi,Gakoni,Kumana
66d9c3940bc303fcbe4d1324,Eastern,Gatsibo,Kiramuruzi,Nyabisindu,Nyagasambu
66d9c3940bc303fcbe4d1328,Eastern,Gatsibo,Kiziguro,Agakomeye,Agatovu
66d9c3940bc303fcbe4d1343,Eastern,Gatsibo,Kiziguro,Ndatemwa,Kigarama
66d9c3940bc303fcbe4d1350,Eastern,Gatsibo,Kiziguro,Rubona,Cyarutabira
66d9c3940bc303fcbe4d1355,Eastern,Gatsibo,Kiziguro,Rubona,Kinimba
66d9c3940bc303fcbe4d1357,Eastern,Gatsibo,Kiziguro,Rubona,Nyarurembo
66d9c3940bc303fcbe4d135c,Eastern,Gatsibo,Kiziguro,Rubona,Tubindi
66d9c3940bc303fcbe4d1363,Eastern,Gatsibo,Muhura,Bibare,Gasigati
66d9c3940bc303fcbe4d1367,Eastern,Gatsibo,Muhura,Bibare,Musasa
66d9c3940bc303fcbe4d136d,Eastern,Gatsibo,Muhura,Gakorokombe,Kinihira
66d9c3940bc303fcbe4d136e,Eastern,Gatsibo,Muhura,Gakorokombe,Nyarubuye
66d9c3940bc303fcbe4d1372,Eastern,Gatsibo,Muhura,Gakorokombe,Uwakibungo
66d9c3940bc303fcbe4d137e,Eastern,Gatsibo,Muhura,Rumuli,Juga
66d9c3940bc303fcbe4d1380,Eastern,Gatsibo,Muhura,Rumuli,Karama
66d9c3940bc303fcbe4d138b,Eastern,Gatsibo,Muhura,Taba,Kanyinya
66d9c3940bc303fcbe4d1397,Eastern,Gatsibo,Murambi,Murambi,Agasharu
66d9c3940bc303fcbe4d13a2,Eastern,Gatsibo,Murambi,Murambi,Urugarama
66d9c3940bc303fcbe4d13a8,Eastern,Gatsibo,Murambi,Rwankuba,Akarambo
66d9c3940bc303fcbe4d13b1,Eastern,Gatsibo,Murambi,Rwimitereri,Bweya
66d9c3940bc303fcbe4d13b8,Eastern,Gatsibo,Murambi,Rwimitereri,Rugarama
66d9c3940bc303fcbe4d13ba,Eastern,Gatsibo,Ngarama,Bugamba,Cyamuganga
66d9c3940bc303fcbe4d13c0,Eastern,Gatsibo,Ngarama,Karambi,Karambi
66d9c3940bc303fcbe4d13c1,Eastern,Gatsibo,Ngarama,Karambi,Kimbugu
66d9c3940bc303fcbe4d13cb,Eastern,Gatsibo,Ngarama,Kigasha,Akajevuba
66d9c3940bc303fcbe4d13db,Eastern,Gatsibo,Ngarama,Kigasha,Rwangingo
66d9c3940bc303fcbe4d13dd,Eastern,Gatsibo,Ngarama,Ngarama,Gatungo
66d9c3940bc303fcbe4d13e5,Eastern,Gatsibo,Ngarama,Nyarubungo,Kintarama
66d9c3940bc303fcbe4d13e8,Eastern,Gatsibo,Ngarama,Nyarubungo,Rugarama
66d9c3940bc303fcbe4d13e9,Eastern,Gatsibo,Ngarama,Nyarubungo,Ruhengeri
66d9c3940bc303fcbe4d13ed,Eastern,Gatsibo,Nyagihanga,Gitinda,Isangano
66d9c3940bc303fcbe4d13ef,Eastern,Gatsibo,Nyagihanga,Gitinda,Kintarama
66d9c3940bc303fcbe4d13f1,Eastern,Gatsibo,Nyagihanga,Gitinda,Kiziba
66d9c3940bc303fcbe4d13f9,Eastern,Gatsibo,Nyagihanga,Kibare,Gatyazo
66d9c3940bc303fcbe4d15ec,Eastern,Kayonza,Rukara,Rukara,Gitarama
66d9c3940bc303fcbe4d15f7,Eastern,Kayonza,Rukara,Rukara,Munyinya
66d9c3940bc303fcbe4d1615,Eastern,Kayonza,Ruramira,Ruyonza,Gisenga
66d9c3940bc303fcbe4d1634,Eastern,Kayonza,Rwinkwavu,Mukoyoyo,Bishenyi
66d9c3940bc303fcbe4d163c,Eastern,Kayonza,Rwinkwavu,Mukoyoyo,Nyamabuye
66d9c3940bc303fcbe4d1645,Eastern,Kayonza,Rwinkwavu,Nkondo,Byimana
66d9c3940bc303fcbe4d1648,Eastern,Kayonza,Rwinkwavu,Nkondo,Kinihira
66d9c3940bc303fcbe4d164a,Eastern,Kayonza,Rwinkwavu,Nkondo,Muganza
66d9c3940bc303fcbe4d165a,Eastern,Kirehe,Gahara,Butezi,Rwabarimba
66d9c3940bc303fcbe4d1662,Eastern,Kirehe,Gahara,Muhamba,Cyobaharaye
66d9c3940bc303fcbe4d166e,Eastern,Kirehe,Gahara,Murehe,Cyumbati
66d9c3940bc303fcbe4d1636,Eastern,Kayonza,Rwinkwavu,Mukoyoyo,Bwiza
66d9c3940bc303fcbe4d1638,Eastern,Kayonza,Rwinkwavu,Mukoyoyo,Kazeneza
66d9c3940bc303fcbe4d1643,Eastern,Kayonza,Rwinkwavu,Mukoyoyo,Vungiro
66d9c3940bc303fcbe4d164c,Eastern,Kayonza,Rwinkwavu,Nkondo,Nkondo Ii
66d9c3940bc303fcbe4d164d,Eastern,Kayonza,Rwinkwavu,Nkondo,Nyabihare
66d9c3940bc303fcbe4d164e,Eastern,Kayonza,Rwinkwavu,Nkondo,Rebero
66d9c3940bc303fcbe4d1657,Eastern,Kirehe,Gahara,Butezi,Kijumbura Ii
66d9c3940bc303fcbe4d1658,Eastern,Kirehe,Gahara,Butezi,Kijumbura Iii
66d9c3940bc303fcbe4d1663,Eastern,Kirehe,Gahara,Muhamba,Gacaca
66d9c3940bc303fcbe4d166a,Eastern,Kirehe,Gahara,Muhamba,Ntaruka
66d9c3940bc303fcbe4d166d,Eastern,Kirehe,Gahara,Murehe,Cyasemakamba
66d9c3940bc303fcbe4d1654,Eastern,Kirehe,Gahara,Butezi,Irama Centre
66d9c3940bc303fcbe4d164f,Eastern,Kayonza,Rwinkwavu,Nkondo,Rurama
66d9c3940bc303fcbe4d1651,Eastern,Kayonza,Rwinkwavu,Nkondo,Seka
66d9c3940bc303fcbe4d165b,Eastern,Kirehe,Gahara,Butezi,Rwabiyombe
66d9c3940bc303fcbe4d1671,Eastern,Kirehe,Gahara,Murehe,Murama I
66d9c3940bc303fcbe4d1686,Eastern,Kirehe,Gahara,Nyagasenyi,Rugina
66d9c3940bc303fcbe4d1687,Eastern,Kirehe,Gahara,Nyagasenyi,Rusave
66d9c3940bc303fcbe4d1689,Eastern,Kirehe,Gahara,Nyagasenyi,Rwambanda
66d9c3940bc303fcbe4d1673,Eastern,Kirehe,Gahara,Murehe,Nyakarambi
66d9c3940bc303fcbe4d167f,Eastern,Kirehe,Gahara,Nyagasenyi,Iribagiza
66d9c3940bc303fcbe4d1696,Eastern,Kirehe,Gahara,Rubimba,Kinyonzo I
66d9c3940bc303fcbe4d168c,Eastern,Kirehe,Gahara,Nyakagezi,Muguruka Ii
66d9c3940bc303fcbe4d168e,Eastern,Kirehe,Gahara,Nyakagezi,Nyagasozi
66d9c3940bc303fcbe4d13fa,Eastern,Gatsibo,Nyagihanga,Kibare,Kagera
66d9c3940bc303fcbe4d13fb,Eastern,Gatsibo,Nyagihanga,Kibare,Kigarama
66d9c3940bc303fcbe4d13ff,Eastern,Gatsibo,Nyagihanga,Mayange,Kabuye
66d9c3940bc303fcbe4d1403,Eastern,Gatsibo,Nyagihanga,Mayange,Mpangare Ii
66d9c3940bc303fcbe4d1407,Eastern,Gatsibo,Nyagihanga,Murambi,Gishikiri
66d9c3940bc303fcbe4d141e,Eastern,Gatsibo,Nyagihanga,Nyamirama,Kabuga
66d9c3940bc303fcbe4d1421,Eastern,Gatsibo,Nyagihanga,Nyamirama,Rugarama
66d9c3940bc303fcbe4d142a,Eastern,Gatsibo,Remera,Bushobora,Nyagatabire
66d9c3940bc303fcbe4d143b,Eastern,Gatsibo,Remera,Nyagakombe,Nyakanga
66d9c3940bc303fcbe4d143f,Eastern,Gatsibo,Remera,Rurenge,Butinza
66d9c3940bc303fcbe4d1442,Eastern,Gatsibo,Remera,Rurenge,Nyagasozi
66d9c3940bc303fcbe4d1450,Eastern,Gatsibo,Rugarama,Bugarama,Kabare
66d9c3940bc303fcbe4d1458,Eastern,Gatsibo,Rugarama,Gihuta,Ntende Ii
66d9c3940bc303fcbe4d145f,Eastern,Gatsibo,Rugarama,Kanyangese,Kanyangese
66d9c3940bc303fcbe4d1462,Eastern,Gatsibo,Rugarama,Kanyangese,Nyakariro
66d9c3940bc303fcbe4d1465,Eastern,Gatsibo,Rugarama,Kanyangese,Rugarama
66d9c3940bc303fcbe4d1468,Eastern,Gatsibo,Rugarama,Kanyangese,Rwunyu
66d9c3940bc303fcbe4d146b,Eastern,Gatsibo,Rugarama,Matare,Akabare
66d9c3940bc303fcbe4d1475,Eastern,Gatsibo,Rugarama,Matunguru,Akabasanza
66d9c3940bc303fcbe4d147f,Eastern,Gatsibo,Rugarama,Matunguru,Tungiro
66d9c3940bc303fcbe4d1481,Eastern,Gatsibo,Rugarama,Remera,Gikoma
66d9c3940bc303fcbe4d1493,Eastern,Gatsibo,Rwimbogo,Munini,Rwinyana
66d9c3940bc303fcbe4d149d,Eastern,Gatsibo,Rwimbogo,Nyamatete,Rutembo
66d9c3940bc303fcbe4d14a9,Eastern,Gatsibo,Rwimbogo,Rwikiniro,Nyamabuye
66d9c3940bc303fcbe4d14ad,Eastern,Kayonza,Gahini,Juru,Gisenga
66d9c3940bc303fcbe4d14af,Eastern,Kayonza,Gahini,Juru,Kamudongo
66d9c3940bc303fcbe4d14b5,Eastern,Kayonza,Gahini,Juru,Nyabombe
66d9c3940bc303fcbe4d14b8,Eastern,Kayonza,Gahini,Juru,Rubariro
66d9c3940bc303fcbe4d14b9,Eastern,Kayonza,Gahini,Kahi,Akabare
66d9c3940bc303fcbe4d14bc,Eastern,Kayonza,Gahini,Kahi,Tsima
66d9c3940bc303fcbe4d14c4,Eastern,Kayonza,Gahini,Urugarama,Akabeza
66d9c3940bc303fcbe4d14cb,Eastern,Kayonza,Gahini,Urugarama,Rwinkuba
66d9c3940bc303fcbe4d14df,Eastern,Kayonza,Kabare,Gitara,Kazeneza
66d9c3940bc303fcbe4d14e0,Eastern,Kayonza,Kabare,Gitara,Mubuga
66d9c3940bc303fcbe4d14e3,Eastern,Kayonza,Kabare,Kirehe,Gahama
66d9c3940bc303fcbe4d14e8,Eastern,Kayonza,Kabare,Kirehe,Matahiro
66d9c3940bc303fcbe4d14fc,Eastern,Kayonza,Kabarondo,Cyabajwa,Busindu
66d9c3940bc303fcbe4d14ff,Eastern,Kayonza,Kabarondo,Cyabajwa,Murenge
66d9c3940bc303fcbe4d1512,Eastern,Kayonza,Kabarondo,Kabura,Akagarama
66d9c3940bc303fcbe4d1515,Eastern,Kayonza,Kabarondo,Kabura,Kabeza
66d9c3940bc303fcbe4d151a,Eastern,Kayonza,Kabarondo,Kabura,Nyabikenke Ii
66d9c3940bc303fcbe4d151f,Eastern,Kayonza,Kabarondo,Rusera,Rutagara Centre
66d9c3940bc303fcbe4d1522,Eastern,Kayonza,Mukarange,Bwiza,Abisunganye
66d9c3940bc303fcbe4d152c,Eastern,Kayonza,Mukarange,Kayonza,Kabungo
66d9c3940bc303fcbe4d152e,Eastern,Kayonza,Mukarange,Kayonza,Kivugiza
66d9c3940bc303fcbe4d152f,Eastern,Kayonza,Mukarange,Kayonza,Miyange
66d9c3940bc303fcbe4d153d,Eastern,Kayonza,Mukarange,Nyagatovu,Irebero
66d9c3940bc303fcbe4d1544,Eastern,Kayonza,Mukarange,Rugendabari,Rugendabari
66d9c3940bc303fcbe4d1546,Eastern,Kayonza,Murama,Bunyentongo,Bweramvura
66d9c3940bc303fcbe4d155c,Eastern,Kayonza,Murama,Nyakanazi,Rurenge
66d9c3940bc303fcbe4d1568,Eastern,Kayonza,Murundi,Buhabwa,Murundi
66d9c3940bc303fcbe4d157b,Eastern,Kayonza,Murundi,Murundi,Kayongo
66d9c3940bc303fcbe4d157e,Eastern,Kayonza,Murundi,Murundi,Macuba
66d9c3940bc303fcbe4d157f,Eastern,Kayonza,Murundi,Murundi,Nyanga
66d9c3940bc303fcbe4d1589,Eastern,Kayonza,Murundi,Ryamanyoni,Rwinyambo
66d9c3940bc303fcbe4d158b,Eastern,Kayonza,Murundi,Ryamanyoni,Ryakirenzi Ii
66d9c3940bc303fcbe4d158d,Eastern,Kayonza,Murundi,Ryamanyoni,Ubwiza
66d9c3940bc303fcbe4d159a,Eastern,Kayonza,Mwiri,Nyamugari,Gasarabwayi
66d9c3940bc303fcbe4d159c,Eastern,Kayonza,Mwiri,Nyamugari,Kabukeye
66d9c3940bc303fcbe4d159f,Eastern,Kayonza,Mwiri,Nyamugari,Rwazana
66d9c3940bc303fcbe4d15b3,Eastern,Kayonza,Ndego,Isangano,Kibare
66d9c3940bc303fcbe4d15b4,Eastern,Kayonza,Ndego,Karambi,Gasenyi
66d9c3940bc303fcbe4d15b8,Eastern,Kayonza,Ndego,Karambi,Kumunini
66d9c3940bc303fcbe4d15b9,Eastern,Kayonza,Ndego,Karambi,Murambi
66d9c3940bc303fcbe4d1471,Eastern,Gatsibo,Rugarama,Matare,Nyagatare
66d9c3940bc303fcbe4d1473,Eastern,Gatsibo,Rugarama,Matare,Rebero
66d9c3940bc303fcbe4d1483,Eastern,Gatsibo,Rugarama,Remera,Miko
66d9c3940bc303fcbe4d1486,Eastern,Gatsibo,Rwimbogo,Kiburara,Kiburara
66d9c3940bc303fcbe4d148c,Eastern,Gatsibo,Rwimbogo,Munini,Humure
66d9c3940bc303fcbe4d1498,Eastern,Gatsibo,Rwimbogo,Nyamatete,Kabeza
66d9c3940bc303fcbe4d149b,Eastern,Gatsibo,Rwimbogo,Nyamatete,Kiyovu
66d9c3940bc303fcbe4d14a1,Eastern,Gatsibo,Rwimbogo,Rwikiniro,Akamahoro
66d9c3940bc303fcbe4d14b6,Eastern,Kayonza,Gahini,Juru,Nyabugogo
66d9c3940bc303fcbe4d14c0,Eastern,Kayonza,Gahini,Kiyenzi,Kiyenzi
66d9c3940bc303fcbe4d14c7,Eastern,Kayonza,Gahini,Urugarama,Buyanja
66d9c3940bc303fcbe4d14ca,Eastern,Kayonza,Gahini,Urugarama,Nyagitabire
66d9c3940bc303fcbe4d14cd,Eastern,Kayonza,Gahini,Urugarama,Urugarama
66d9c3940bc303fcbe4d14d0,Eastern,Kayonza,Kabare,Cyarubare,Kacyiru
66d9c3940bc303fcbe4d14ea,Eastern,Kayonza,Kabare,Kirehe,Rompuwe
66d9c3940bc303fcbe4d14ed,Eastern,Kayonza,Kabare,Rubimba,Bara
66d9c3940bc303fcbe4d14f0,Eastern,Kayonza,Kabare,Rubimba,Kabeza
66d9c3940bc303fcbe4d14f7,Eastern,Kayonza,Kabare,Rubumba,Gishyoza
66d9c3940bc303fcbe4d14fa,Eastern,Kayonza,Kabare,Rubumba,Ntungamo
66d9c3940bc303fcbe4d14fd,Eastern,Kayonza,Kabarondo,Cyabajwa,Cyabajwa
66d9c3940bc303fcbe4d1502,Eastern,Kayonza,Kabarondo,Cyabajwa,Rugwagwa
66d9c3940bc303fcbe4d1504,Eastern,Kayonza,Kabarondo,Cyinzovu,Agashikiri
66d9c3940bc303fcbe4d150c,Eastern,Kayonza,Kabarondo,Cyinzovu,Rugarama
66d9c3940bc303fcbe4d150d,Eastern,Kayonza,Kabarondo,Cyinzovu,Rugazi
66d9c3940bc303fcbe4d1518,Eastern,Kayonza,Kabarondo,Kabura,Murambi
66d9c3940bc303fcbe4d1538,Eastern,Kayonza,Mukarange,Nyagatovu,Akamarara
66d9c3940bc303fcbe4d1545,Eastern,Kayonza,Mukarange,Rugendabari,Rutare
66d9c3940bc303fcbe4d1549,Eastern,Kayonza,Murama,Bunyentongo,Kabeza
66d9c3940bc303fcbe4d154a,Eastern,Kayonza,Murama,Bunyentongo,Kagarama
66d9c3940bc303fcbe4d154b,Eastern,Kayonza,Murama,Bunyentongo,Mpilindi
66d9c3940bc303fcbe4d155a,Eastern,Kayonza,Murama,Nyakanazi,Nyakanazi
66d9c3940bc303fcbe4d1569,Eastern,Kayonza,Murundi,Karambi,Akamina
66d9c3940bc303fcbe4d156f,Eastern,Kayonza,Murundi,Karambi,Kiyovu
66d9c3940bc303fcbe4d1570,Eastern,Kayonza,Murundi,Karambi,Ngumeri I
66d9c3940bc303fcbe4d1586,Eastern,Kayonza,Murundi,Ryamanyoni,Ngarama
66d9c3940bc303fcbe4d15a1,Eastern,Kayonza,Mwiri,Nyawera,Gitega
66d9c3940bc303fcbe4d15b2,Eastern,Kayonza,Ndego,Isangano,Kanyinya
66d9c3940bc303fcbe4d15ba,Eastern,Kayonza,Ndego,Karambi,Musenyi
66d9c3940bc303fcbe4d15c1,Eastern,Kayonza,Nyamirama,Gikaya,Gasharu
66d9c3940bc303fcbe4d15c6,Eastern,Kayonza,Nyamirama,Gikaya,Karambi
66d9c3940bc303fcbe4d15c7,Eastern,Kayonza,Nyamirama,Gikaya,Kinkoronko
66d9c3940bc303fcbe4d15c8,Eastern,Kayonza,Nyamirama,Gikaya,Kiyanja
66d9c3940bc303fcbe4d15cd,Eastern,Kayonza,Nyamirama,Musumba,Nyagasambu
66d9c3940bc303fcbe4d15f1,Eastern,Kayonza,Rukara,Rukara,Karambo Ii
66d9c3940bc303fcbe4d15f3,Eastern,Kayonza,Rukara,Rukara,Kinunga I
66d9c3940bc303fcbe4d160a,Eastern,Kayonza,Ruramira,Bugambira,Agatare
66d9c3940bc303fcbe4d1617,Eastern,Kayonza,Ruramira,Ruyonza,Gitwa
66d9c3940bc303fcbe4d161d,Eastern,Kayonza,Ruramira,Umubuga,Akarugina
66d9c3940bc303fcbe4d1625,Eastern,Kayonza,Rwinkwavu,Gihinga,Akayebe
66d9c3940bc303fcbe4d162f,Eastern,Kayonza,Rwinkwavu,Mbarara,Gahushyi
66d9c3940bc303fcbe4d12f7,Eastern,Gatsibo,Kageyo,Kintu,Nyakabungo
66d9c3940bc303fcbe4d130e,Eastern,Gatsibo,Kiramuruzi,Gakenke,Gatugunda
66d9c3940bc303fcbe4d1314,Eastern,Gatsibo,Kiramuruzi,Gakenke,Umurehe
66d9c3940bc303fcbe4d1316,Eastern,Gatsibo,Kiramuruzi,Gakoni,Kiyovu
66d9c3940bc303fcbe4d132c,Eastern,Gatsibo,Kiziguro,Agakomeye,Bwiza
66d9c3940bc303fcbe4d1369,Eastern,Gatsibo,Muhura,Bibare,Rwangendo
66d9c3940bc303fcbe4d1399,Eastern,Gatsibo,Murambi,Murambi,Akamashya
66d9c3940bc303fcbe4d13a1,Eastern,Gatsibo,Murambi,Murambi,Ryampunga
66d9c3940bc303fcbe4d13a4,Eastern,Gatsibo,Murambi,Nyamiyaga,Kabeza
66d9c3940bc303fcbe4d13ac,Eastern,Gatsibo,Murambi,Rwankuba,Nyagasambu
66d9c3940bc303fcbe4d13b0,Eastern,Gatsibo,Murambi,Rwimitereri,Bushenyi
66d9c3940bc303fcbe4d13cd,Eastern,Gatsibo,Ngarama,Kigasha,Cyabahima
66d9c3940bc303fcbe4d13d1,Eastern,Gatsibo,Ngarama,Kigasha,Iperu
66d9c3940bc303fcbe4d1406,Eastern,Gatsibo,Nyagihanga,Mayange,Rweza
66d9c3940bc303fcbe4d15bf,Eastern,Kayonza,Ndego,Kiyovu,Mwurire
66d9c3940bc303fcbe4d15cc,Eastern,Kayonza,Nyamirama,Musumba,Nyabisindu
66d9c3940bc303fcbe4d15d1,Eastern,Kayonza,Nyamirama,Rurambi,Bwiza
66d9c3940bc303fcbe4d15d7,Eastern,Kayonza,Nyamirama,Rurambi,Rugarama
66d9c3940bc303fcbe4d15da,Eastern,Kayonza,Nyamirama,Shyogo,Agasharu
66d9c3940bc303fcbe4d15de,Eastern,Kayonza,Nyamirama,Shyogo,Nyakagarama
66d9c3940bc303fcbe4d15e9,Eastern,Kayonza,Rukara,Kawangire,Rwempasha
66d9c3940bc303fcbe4d15eb,Eastern,Kayonza,Rukara,Rukara,Buyonza
66d9c3940bc303fcbe4d15fa,Eastern,Kayonza,Rukara,Rukara,Nyirarukara
66d9c3940bc303fcbe4d15fd,Eastern,Kayonza,Rukara,Rwimishinya,Akabare Ii
66d9c3940bc303fcbe4d1606,Eastern,Kayonza,Rukara,Rwimishinya,Mirambi Iii
66d9c3940bc303fcbe4d1616,Eastern,Kayonza,Ruramira,Ruyonza,Gitoki
66d9c3940bc303fcbe4d1620,Eastern,Kayonza,Ruramira,Umubuga,Kabukara
66d9c3940bc303fcbe4d1621,Eastern,Kayonza,Ruramira,Umubuga,Kabuye
66d9c3940bc303fcbe4d1626,Eastern,Kayonza,Rwinkwavu,Gihinga,Gihinga
66d9c3940bc303fcbe4d1525,Eastern,Kayonza,Mukarange,Bwiza,Kinyemera
66d9c3940bc303fcbe4d1550,Eastern,Kayonza,Murama,Muko,Ngoma
66d9c3940bc303fcbe4d1597,Eastern,Kayonza,Mwiri,Migera,Mwiri
66d9c3940bc303fcbe4d1603,Eastern,Kayonza,Rukara,Rwimishinya,Kinunga Ii
66d9c3940bc303fcbe4d161a,Eastern,Kayonza,Ruramira,Ruyonza,Rukoma
66d9c3940bc303fcbe4d163d,Eastern,Kayonza,Rwinkwavu,Mukoyoyo,Nyankora
66d9c3940bc303fcbe4d1646,Eastern,Kayonza,Rwinkwavu,Nkondo,Gasabo
66d9c3940bc303fcbe4d1653,Eastern,Kirehe,Gahara,Butezi,Cyasusa Ii
66d9c3940bc303fcbe4d163a,Eastern,Kayonza,Rwinkwavu,Mukoyoyo,Mahumbezi
66d9c3940bc303fcbe4d163f,Eastern,Kayonza,Rwinkwavu,Mukoyoyo,Nyarwashama Ii
66d9c3940bc303fcbe4d164b,Eastern,Kayonza,Rwinkwavu,Nkondo,Nkondo I
66d9c3940bc303fcbe4d165f,Eastern,Kirehe,Gahara,Butezi,Umubano I
66d9c3940bc303fcbe4d1639,Eastern,Kayonza,Rwinkwavu,Mukoyoyo,Kiyovu
66d9c3940bc303fcbe4d163b,Eastern,Kayonza,Rwinkwavu,Mukoyoyo,Mutembo
66d9c3940bc303fcbe4d165e,Eastern,Kirehe,Gahara,Butezi,Samuko
66d9c3940bc303fcbe4d1667,Eastern,Kirehe,Gahara,Muhamba,Muhero
66d9c3940bc303fcbe4d168b,Eastern,Kirehe,Gahara,Nyakagezi,Muguruka I
66d9c3940bc303fcbe4d167e,Eastern,Kirehe,Gahara,Nyagasenyi,Gashongora
66d9c3940bc303fcbe4d1680,Eastern,Kirehe,Gahara,Nyagasenyi,Kabagera
66d9c3940bc303fcbe4d1674,Eastern,Kirehe,Gahara,Murehe,Nyamahuna
66d9c3940bc303fcbe4d1676,Eastern,Kirehe,Gahara,Murehe,Nyamugari
66d9c3940bc303fcbe4d1679,Eastern,Kirehe,Gahara,Murehe,Village Dagaza
66d9c3940bc303fcbe4d167a,Eastern,Kirehe,Gahara,Nyagasenyi,Cyabihama I
66d9c3940bc303fcbe4d1684,Eastern,Kirehe,Gahara,Nyagasenyi,Nyamisagara
66d9c3940bc303fcbe4d168a,Eastern,Kirehe,Gahara,Nyakagezi,Kivogo
66d9c3940bc303fcbe4d1692,Eastern,Kirehe,Gahara,Nyakagezi,Susuruka
66d9c3940bc303fcbe4d1695,Eastern,Kirehe,Gahara,Rubimba,Kanteyamanga
66d9c3940bc303fcbe4d167d,Eastern,Kirehe,Gahara,Nyagasenyi,Gasarabwayi
66d9c3940bc303fcbe4d1682,Eastern,Kirehe,Gahara,Nyagasenyi,Mugatare
66d9c3940bc303fcbe4d141c,Eastern,Gatsibo,Nyagihanga,Nyamirama,Butumba
66d9c3940bc303fcbe4d1422,Eastern,Gatsibo,Nyagihanga,Nyamirama,Rugogwe
66d9c3940bc303fcbe4d1434,Eastern,Gatsibo,Remera,Kigabiro,Kigabiro
66d9c3940bc303fcbe4d1439,Eastern,Gatsibo,Remera,Nyagakombe,Akababito
66d9c3940bc303fcbe4d143e,Eastern,Gatsibo,Remera,Rurenge,Akagarama
66d9c3940bc303fcbe4d1453,Eastern,Gatsibo,Rugarama,Gihuta,Agatare
66d9c3940bc303fcbe4d145a,Eastern,Gatsibo,Rugarama,Kanyangese,Agakiri
66d9c3940bc303fcbe4d14d8,Eastern,Kayonza,Kabare,Cyarubare,Rwakavuna
66d9c3940bc303fcbe4d14de,Eastern,Kayonza,Kabare,Gitara,Kajevuba
66d9c3940bc303fcbe4d14ef,Eastern,Kayonza,Kabare,Rubimba,Kabarungu
66d9c3940bc303fcbe4d1503,Eastern,Kayonza,Kabarondo,Cyabajwa,Rutagara
66d9c3940bc303fcbe4d1509,Eastern,Kayonza,Kabarondo,Cyinzovu,Munini
66d9c3940bc303fcbe4d1513,Eastern,Kayonza,Kabarondo,Kabura,Gashonyi
66d9c3940bc303fcbe4d153b,Eastern,Kayonza,Mukarange,Nyagatovu,Gatagara
66d9c3940bc303fcbe4d1540,Eastern,Kayonza,Mukarange,Rugendabari,Kanyamasha
66d9c3940bc303fcbe4d1541,Eastern,Kayonza,Mukarange,Rugendabari,Karambo I
66d9c3940bc303fcbe4d1551,Eastern,Kayonza,Murama,Muko,Rebezo
66d9c3940bc303fcbe4d1556,Eastern,Kayonza,Murama,Murama,Rusaro
66d9c3940bc303fcbe4d1566,Eastern,Kayonza,Murundi,Buhabwa,Miyaga
66d9c3940bc303fcbe4d1572,Eastern,Kayonza,Murundi,Karambi,Nyagashanga
66d9c3940bc303fcbe4d157c,Eastern,Kayonza,Murundi,Murundi,Kibari
66d9c3940bc303fcbe4d1583,Eastern,Kayonza,Murundi,Ryamanyoni,Kabingo
66d9c3940bc303fcbe4d159d,Eastern,Kayonza,Mwiri,Nyamugari,Kigarama
66d9c3940bc303fcbe4d15a8,Eastern,Kayonza,Ndego,Byimana,Kabeza
66d9c3940bc303fcbe4d15c5,Eastern,Kayonza,Nyamirama,Gikaya,Kamonyi
66d9c3940bc303fcbe4d15d0,Eastern,Kayonza,Nyamirama,Rurambi,Amashinge
66d9c3940bc303fcbe4d15d6,Eastern,Kayonza,Nyamirama,Rurambi,Ntintyi
66d9c3940bc303fcbe4d15dc,Eastern,Kayonza,Nyamirama,Shyogo,Kacyiru
66d9c3940bc303fcbe4d15f8,Eastern,Kayonza,Rukara,Rukara,Muzizi
66d9c3940bc303fcbe4d15fc,Eastern,Kayonza,Rukara,Rwimishinya,Akabare I
66d9c3940bc303fcbe4d160b,Eastern,Kayonza,Ruramira,Bugambira,Amashya
66d9c3940bc303fcbe4d162c,Eastern,Kayonza,Rwinkwavu,Gihinga,Rusera
66d9c3940bc303fcbe4d1532,Eastern,Kayonza,Mukarange,Mburabuturo,Akarugangare
66d9c3940bc303fcbe4d154d,Eastern,Kayonza,Murama,Bunyentongo,Shyanda
66d9c3940bc303fcbe4d1552,Eastern,Kayonza,Murama,Muko,Rugarama
66d9c3940bc303fcbe4d155f,Eastern,Kayonza,Murama,Rusave,Byimana
66d9c3940bc303fcbe4d156e,Eastern,Kayonza,Murundi,Karambi,Karambi
66d9c3940bc303fcbe4d1580,Eastern,Kayonza,Murundi,Murundi,Rucaca
66d9c3940bc303fcbe4d158c,Eastern,Kayonza,Murundi,Ryamanyoni,Ryamanyoni
66d9c3940bc303fcbe4d1591,Eastern,Kayonza,Mwiri,Kageyo,Rugeyo
66d9c3940bc303fcbe4d15c3,Eastern,Kayonza,Nyamirama,Gikaya,Gasura
66d9c3940bc303fcbe4d15dd,Eastern,Kayonza,Nyamirama,Shyogo,Nyacyonga
66d9c3940bc303fcbe4d15f0,Eastern,Kayonza,Rukara,Rukara,Karambo I
66d9c3940bc303fcbe4d160c,Eastern,Kayonza,Ruramira,Bugambira,Buhoro
66d9c3940bc303fcbe4d160e,Eastern,Kayonza,Ruramira,Nkamba,Akabarima
66d9c3940bc303fcbe4d1613,Eastern,Kayonza,Ruramira,Nkamba,Sabununga
66d9c3940bc303fcbe4d1618,Eastern,Kayonza,Ruramira,Ruyonza,Kabeza
66d9c3940bc303fcbe4d161f,Eastern,Kayonza,Ruramira,Umubuga,Gitesannyi
66d9c3940bc303fcbe4d1629,Eastern,Kayonza,Rwinkwavu,Gihinga,Nyabimuri
66d9c3940bc303fcbe4d162a,Eastern,Kayonza,Rwinkwavu,Gihinga,Rubirizi
66d9c3940bc303fcbe4d1633,Eastern,Kayonza,Rwinkwavu,Mbarara,Mutembo
66d9c3940bc303fcbe4d163e,Eastern,Kayonza,Rwinkwavu,Mukoyoyo,Nyarwashama I
66d9c3940bc303fcbe4d1649,Eastern,Kayonza,Rwinkwavu,Nkondo,Matinza
66d9c3940bc303fcbe4d1660,Eastern,Kirehe,Gahara,Butezi,Umubano Ii
66d9c3940bc303fcbe4d1665,Eastern,Kirehe,Gahara,Muhamba,Gasasa
66d9c3940bc303fcbe4d166c,Eastern,Kirehe,Gahara,Muhamba,Rusisiro
66d9c3940bc303fcbe4d1630,Eastern,Kayonza,Rwinkwavu,Mbarara,Kingogo
66d9c3940bc303fcbe4d1644,Eastern,Kayonza,Rwinkwavu,Nkondo,Burigade
66d9c3940bc303fcbe4d1656,Eastern,Kirehe,Gahara,Butezi,Kijumbura I
66d9c3940bc303fcbe4d165c,Eastern,Kirehe,Gahara,Butezi,Rwamabenga
66d9c3940bc303fcbe4d165d,Eastern,Kirehe,Gahara,Butezi,Rwamuzima
66d9c3940bc303fcbe4d1637,Eastern,Kayonza,Rwinkwavu,Mukoyoyo,Dusabane
66d9c3940bc303fcbe4d1641,Eastern,Kayonza,Rwinkwavu,Mukoyoyo,Twibanire
66d9c3940bc303fcbe4d1659,Eastern,Kirehe,Gahara,Butezi,Kivogera
66d9c3940bc303fcbe4d1470,Eastern,Gatsibo,Rugarama,Matare,Matare
66d9c3940bc303fcbe4d1496,Eastern,Gatsibo,Rwimbogo,Nyamatete,Gihunika
66d9c3940bc303fcbe4d14a8,Eastern,Gatsibo,Rwimbogo,Rwikiniro,Ndama Ii
66d9c3940bc303fcbe4d14ac,Eastern,Gatsibo,Rwimbogo,Rwikiniro,Rwikiniro Ii
66d9c3940bc303fcbe4d14b2,Eastern,Kayonza,Gahini,Juru,Mikinga
66d9c3940bc303fcbe4d14d3,Eastern,Kayonza,Kabare,Cyarubare,Kiburara
66d9c3940bc303fcbe4d14fb,Eastern,Kayonza,Kabare,Rubumba,Nyabugogo
66d9c3940bc303fcbe4d1508,Eastern,Kayonza,Kabarondo,Cyinzovu,Gihuke
66d9c3940bc303fcbe4d150f,Eastern,Kayonza,Kabarondo,Cyinzovu,Rwakigeri
66d9c3940bc303fcbe4d1530,Eastern,Kayonza,Mukarange,Kayonza,Munazi
66d9c3940bc303fcbe4d1534,Eastern,Kayonza,Mukarange,Mburabuturo,Gihima
66d9c3940bc303fcbe4d1576,Eastern,Kayonza,Murundi,Karambi,Rumuri
66d9c3940bc303fcbe4d1578,Eastern,Kayonza,Murundi,Karambi,Rwasama
66d9c3940bc303fcbe4d1599,Eastern,Kayonza,Mwiri,Migera,Umutekano
66d9c3940bc303fcbe4d159e,Eastern,Kayonza,Mwiri,Nyamugari,Ruhoroba
66d9c3940bc303fcbe4d15af,Eastern,Kayonza,Ndego,Isangano,Kagese
66d9c3940bc303fcbe4d15bb,Eastern,Kayonza,Ndego,Karambi,Remera
66d9c3940bc303fcbe4d15cf,Eastern,Kayonza,Nyamirama,Musumba,Rusera
66d9c3940bc303fcbe4d15d5,Eastern,Kayonza,Nyamirama,Rurambi,Kabuye
66d9c3940bc303fcbe4d15db,Eastern,Kayonza,Nyamirama,Shyogo,Gatoki
66d9c3940bc303fcbe4d1614,Eastern,Kayonza,Ruramira,Nkamba,Umubuga
66d9c3940bc303fcbe4d1627,Eastern,Kayonza,Rwinkwavu,Gihinga,Karuhambo
66d9c3940bc303fcbe4d1318,Eastern,Gatsibo,Kiramuruzi,Gakoni,Kumunini
66d9c3940bc303fcbe4d1327,Eastern,Gatsibo,Kiramuruzi,Nyabisindu,Rugenge
66d9c3940bc303fcbe4d1335,Eastern,Gatsibo,Kiziguro,Mbogo,Nyakabungo
66d9c3940bc303fcbe4d136a,Eastern,Gatsibo,Muhura,Gakorokombe,Agahama
66d9c3940bc303fcbe4d139d,Eastern,Gatsibo,Murambi,Murambi,Kigote
66d9c3940bc303fcbe4d13dc,Eastern,Gatsibo,Ngarama,Ngarama,Amahoro
66d9c3940bc303fcbe4d14c8,Eastern,Kayonza,Gahini,Urugarama,Ibiza
66d9c3940bc303fcbe4d1555,Eastern,Kayonza,Murama,Murama,Murama
66d9c3940bc303fcbe4d1598,Eastern,Kayonza,Mwiri,Migera,Nyakagarama
66d9c3940bc303fcbe4d1600,Eastern,Kayonza,Rukara,Rwimishinya,Kigwene I
66d9c3940bc303fcbe4d1533,Eastern,Kayonza,Mukarange,Mburabuturo,Bwingeyo
66d9c3940bc303fcbe4d1536,Eastern,Kayonza,Mukarange,Mburabuturo,Mburabuturo
66d9c3940bc303fcbe4d153a,Eastern,Kayonza,Mukarange,Nyagatovu,Akanyinya
66d9c3940bc303fcbe4d1560,Eastern,Kayonza,Murama,Rusave,Gasutamo
66d9c3940bc303fcbe4d1561,Eastern,Kayonza,Murama,Rusave,Kinyinya
66d9c3940bc303fcbe4d1567,Eastern,Kayonza,Murundi,Buhabwa,Mucucu
66d9c3940bc303fcbe4d156a,Eastern,Kayonza,Murundi,Karambi,Bugarura
66d9c3940bc303fcbe4d156c,Eastern,Kayonza,Murundi,Karambi,Kabana
66d9c3940bc303fcbe4d156d,Eastern,Kayonza,Murundi,Karambi,Kabuga
66d9c3940bc303fcbe4d1571,Eastern,Kayonza,Murundi,Karambi,Ngumeri Ii
66d9c3940bc303fcbe4d1581,Eastern,Kayonza,Murundi,Ryamanyoni,Akanyerezo
66d9c3940bc303fcbe4d158e,Eastern,Kayonza,Mwiri,Kageyo,Gisunzu
66d9c3940bc303fcbe4d158f,Eastern,Kayonza,Mwiri,Kageyo,Kiyonza
66d9c3940bc303fcbe4d15a0,Eastern,Kayonza,Mwiri,Nyamugari,Ryamutumo
66d9c3940bc303fcbe4d15a6,Eastern,Kayonza,Ndego,Byimana,Busasamana
66d9c3940bc303fcbe4d15a7,Eastern,Kayonza,Ndego,Byimana,Irebero
66d9c3940bc303fcbe4d15a9,Eastern,Kayonza,Ndego,Byimana,Kururembo
66d9c3940bc303fcbe4d15aa,Eastern,Kayonza,Ndego,Byimana,Nyakabingo
66d9c3940bc303fcbe4d15b0,Eastern,Kayonza,Ndego,Isangano,Kagoma
66d9c3940bc303fcbe4d15bc,Eastern,Kayonza,Ndego,Kiyovu,Gasabo
66d9c3940bc303fcbe4d15be,Eastern,Kayonza,Ndego,Kiyovu,Iramiro
66d9c3940bc303fcbe4d15d4,Eastern,Kayonza,Nyamirama,Rurambi,Kabuya Ii
66d9c3940bc303fcbe4d15df,Eastern,Kayonza,Nyamirama,Shyogo,Rugagi
66d9c3940bc303fcbe4d15e2,Eastern,Kayonza,Rukara,Kawangire,Butimba I
66d9c3940bc303fcbe4d15e3,Eastern,Kayonza,Rukara,Kawangire,Butimba Ii
66d9c3940bc303fcbe4d15e4,Eastern,Kayonza,Rukara,Kawangire,Gakenyeri
66d9c3940bc303fcbe4d15e6,Eastern,Kayonza,Rukara,Kawangire,Karama
66d9c3940bc303fcbe4d15e7,Eastern,Kayonza,Rukara,Kawangire,Kidogo
66d9c3940bc303fcbe4d15ed,Eastern,Kayonza,Rukara,Rukara,Ibiza
66d9c3940bc303fcbe4d15ff,Eastern,Kayonza,Rukara,Rwimishinya,Karagari Ii
66d9c3940bc303fcbe4d1604,Eastern,Kayonza,Rukara,Rwimishinya,Mirambi I
66d9c3940bc303fcbe4d1611,Eastern,Kayonza,Ruramira,Nkamba,Gitega
66d9c3940bc303fcbe4d1668,Eastern,Kirehe,Gahara,Muhamba,Murama
66d9c3940bc303fcbe4d1669,Eastern,Kirehe,Gahara,Muhamba,Muyange
66d9c3940bc303fcbe4d166f,Eastern,Kirehe,Gahara,Murehe,Isangano
66d9c3940bc303fcbe4d1670,Eastern,Kirehe,Gahara,Murehe,Mugogo
66d9c3940bc303fcbe4d167c,Eastern,Kirehe,Gahara,Nyagasenyi,Gakurungo
66d9c3940bc303fcbe4d1681,Eastern,Kirehe,Gahara,Nyagasenyi,Kagarama
66d9c3940bc303fcbe4d1683,Eastern,Kirehe,Gahara,Nyagasenyi,Nyakabimba
66d9c3940bc303fcbe4d1675,Eastern,Kirehe,Gahara,Murehe,Nyamirondogoro
66d9c3940bc303fcbe4d1678,Eastern,Kirehe,Gahara,Murehe,Nyombe
66d9c3940bc303fcbe4d168f,Eastern,Kirehe,Gahara,Nyakagezi,Rubira
66d9c3940bc303fcbe4d161c,Eastern,Kayonza,Ruramira,Umubuga,Agasharu
66d9c3940bc303fcbe4d1624,Eastern,Kayonza,Rwinkwavu,Gihinga,Akajevuba
66d9c3940bc303fcbe4d1628,Eastern,Kayonza,Rwinkwavu,Gihinga,Migera
66d9c3940bc303fcbe4d1635,Eastern,Kayonza,Rwinkwavu,Mukoyoyo,Busasamana
66d9c3940bc303fcbe4d1640,Eastern,Kayonza,Rwinkwavu,Mukoyoyo,Rebero
66d9c3940bc303fcbe4d1650,Eastern,Kayonza,Rwinkwavu,Nkondo,Rwinkwavu
66d9c3940bc303fcbe4d1666,Eastern,Kirehe,Gahara,Muhamba,Kabeza
66d9c3940bc303fcbe4d166b,Eastern,Kirehe,Gahara,Muhamba,Nyabitare
66d9c3940bc303fcbe4d1631,Eastern,Kayonza,Rwinkwavu,Mbarara,Mbarara I
66d9c3940bc303fcbe4d1632,Eastern,Kayonza,Rwinkwavu,Mbarara,Mbarara Ii
66d9c3940bc303fcbe4d1647,Eastern,Kayonza,Rwinkwavu,Nkondo,Gisozi
66d9c3940bc303fcbe4d1652,Eastern,Kirehe,Gahara,Butezi,Cyasusa I
66d9c3940bc303fcbe4d1655,Eastern,Kirehe,Gahara,Butezi,Kabeza
66d9c3940bc303fcbe4d1642,Eastern,Kayonza,Rwinkwavu,Mukoyoyo,Twiyunge
66d9c3940bc303fcbe4d1664,Eastern,Kirehe,Gahara,Muhamba,Gasaka
66d9c3940bc303fcbe4d1661,Eastern,Kirehe,Gahara,Muhamba,Bukorasi
66d9c3940bc303fcbe4d1672,Eastern,Kirehe,Gahara,Murehe,Murama Ii
66d9c3940bc303fcbe4d1688,Eastern,Kirehe,Gahara,Nyagasenyi,Rwabaseka
66d9c3940bc303fcbe4d168d,Eastern,Kirehe,Gahara,Nyakagezi,Mukundanya
66d9c3940bc303fcbe4d1691,Eastern,Kirehe,Gahara,Nyakagezi,Rurama
66d9c3940bc303fcbe4d1693,Eastern,Kirehe,Gahara,Rubimba,Agatangaza
66d9c3940bc303fcbe4d1677,Eastern,Kirehe,Gahara,Murehe,Nyankurazo
66d9c3940bc303fcbe4d167b,Eastern,Kirehe,Gahara,Nyagasenyi,Cyabihama Ii
66d9c3940bc303fcbe4d1694,Eastern,Kirehe,Gahara,Rubimba,Byimana
66d9c3940bc303fcbe4d1685,Eastern,Kirehe,Gahara,Nyagasenyi,Rugando
66d9c3940bc303fcbe4d1690,Eastern,Kirehe,Gahara,Nyakagezi,Rubumba
66d9c3940bc303fcbe4d1697,Eastern,Kirehe,Gahara,Rubimba,Kinyonzo Ii
66d9c3950bc303fcbe4d16a1,Eastern,Kirehe,Gatore,Curazo,Gatega
66d9c3950bc303fcbe4d16a4,Eastern,Kirehe,Gatore,Curazo,Nyarwogo
66d9c3950bc303fcbe4d16a7,Eastern,Kirehe,Gatore,Curazo,Rutoma
66d9c3950bc303fcbe4d16c4,Eastern,Kirehe,Gatore,Rwantonde,Karehero
66d9c3950bc303fcbe4d16d6,Eastern,Kirehe,Kigarama,Cyanya,Nyarutovu
66d9c3950bc303fcbe4d16b2,Eastern,Kirehe,Gatore,Muganza,Nyarusange
66d9c3950bc303fcbe4d16b7,Eastern,Kirehe,Gatore,Nyamiryango,Gasharu
66d9c3950bc303fcbe4d16bd,Eastern,Kirehe,Gatore,Rwabutazi,Bitoma Ii
66d9c3950bc303fcbe4d16c6,Eastern,Kirehe,Gatore,Rwantonde,Kavomo
66d9c3950bc303fcbe4d16a3,Eastern,Kirehe,Gatore,Curazo,Mugeruko
66d9c3950bc303fcbe4d16c5,Eastern,Kirehe,Gatore,Rwantonde,Karembo
66d9c3950bc303fcbe4d16ca,Eastern,Kirehe,Gatore,Rwantonde,Rubona
66d9c3950bc303fcbe4d16d0,Eastern,Kirehe,Kigarama,Cyanya,Kabimba Ii
66d9c3950bc303fcbe4d16df,Eastern,Kirehe,Kigarama,Kigarama,Rugari
66d9c3950bc303fcbe4d16e5,Eastern,Kirehe,Kigarama,Kiremera,Irama
66d9c3950bc303fcbe4d16ed,Eastern,Kirehe,Kigarama,Kiremera,Kiremera
66d9c3950bc303fcbe4d16f1,Eastern,Kirehe,Kigarama,Nyakerera,Gasenyi
66d9c3950bc303fcbe4d1700,Eastern,Kirehe,Kigarama,Nyankurazo,Nyakigera
66d9c3950bc303fcbe4d1705,Eastern,Kirehe,Kigina,Gatarama,Efemu
66d9c3950bc303fcbe4d1710,Eastern,Kirehe,Kigina,Rugarama,Kimeya
66d9c3950bc303fcbe4d16d9,Eastern,Kirehe,Kigarama,Kigarama,Humure
66d9c3950bc303fcbe4d16e7,Eastern,Kirehe,Kigarama,Kiremera,Kagorogoro
66d9c3950bc303fcbe4d16e9,Eastern,Kirehe,Kigarama,Kiremera,Karenge I
66d9c3950bc303fcbe4d16ef,Eastern,Kirehe,Kigarama,Kiremera,Rwesinge
66d9c3950bc303fcbe4d170c,Eastern,Kirehe,Kigina,Gatarama,Ruhama
66d9c3950bc303fcbe4d1703,Eastern,Kirehe,Kigarama,Nyankurazo,Ruhuha
66d9c3950bc303fcbe4d1727,Eastern,Kirehe,Kigina,Ruhanga,Rwamabare
66d9c3950bc303fcbe4d1732,Eastern,Kirehe,Kirehe,Gahama,Byimana
66d9c3950bc303fcbe4d1738,Eastern,Kirehe,Kirehe,Gahama,Ntungamo
66d9c3950bc303fcbe4d173d,Eastern,Kirehe,Kirehe,Kirehe,Byimana
66d9c3950bc303fcbe4d1740,Eastern,Kirehe,Kirehe,Kirehe,Mirambi
66d9c3950bc303fcbe4d174a,Eastern,Kirehe,Kirehe,Nyabigega,Twizerane
66d9c3950bc303fcbe4d174f,Eastern,Kirehe,Kirehe,Nyabikokora,Karenge
66d9c3950bc303fcbe4d173f,Eastern,Kirehe,Kirehe,Kirehe,Kirehe
66d9c3950bc303fcbe4d1750,Eastern,Kirehe,Kirehe,Nyabikokora,Kiyovu
66d9c3950bc303fcbe4d1754,Eastern,Kirehe,Kirehe,Nyabikokora,Nyarurembo
66d9c3950bc303fcbe4d1721,Eastern,Kirehe,Kigina,Ruhanga,Nyakibande
66d9c3950bc303fcbe4d1726,Eastern,Kirehe,Kigina,Ruhanga,Rwakarinda
66d9c3950bc303fcbe4d172f,Eastern,Kirehe,Kigina,Rwanteru,Rusororo
66d9c3950bc303fcbe4d1736,Eastern,Kirehe,Kirehe,Gahama,Muhweza
66d9c3950bc303fcbe4d1737,Eastern,Kirehe,Kirehe,Gahama,Murugarama
66d9c3950bc303fcbe4d175f,Eastern,Kirehe,Kirehe,Rwesero,Karuhura
66d9c3950bc303fcbe4d1762,Eastern,Kirehe,Kirehe,Rwesero,Rwesero
66d9c3950bc303fcbe4d1764,Eastern,Kirehe,Mahama,Kamombo,Bwiza
66d9c3950bc303fcbe4d177a,Eastern,Kirehe,Mahama,Saruhembe,Nyagahanga
66d9c3950bc303fcbe4d1780,Eastern,Kirehe,Mahama,Umunini,Kagera
66d9c3950bc303fcbe4d1787,Eastern,Kirehe,Mahama,Umunini,Ruhondo
66d9c3950bc303fcbe4d1790,Eastern,Kirehe,Mpanga,Bwiyorere,Ruhama
66d9c3950bc303fcbe4d1792,Eastern,Kirehe,Mpanga,Kankobwa,Murundi
66d9c3950bc303fcbe4d1794,Eastern,Kirehe,Mpanga,Kankobwa,Remera
66d9c3950bc303fcbe4d1759,Eastern,Kirehe,Kirehe,Nyabikokora,Rusamaza
66d9c3950bc303fcbe4d1765,Eastern,Kirehe,Mahama,Kamombo,Byimana
66d9c3950bc303fcbe4d1771,Eastern,Kirehe,Mahama,Mwoga,Gisanze
66d9c3950bc303fcbe4d1781,Eastern,Kirehe,Mahama,Umunini,Karambi
66d9c3950bc303fcbe4d177c,Eastern,Kirehe,Mahama,Saruhembe,Rushonga
66d9c3950bc303fcbe4d176d,Eastern,Kirehe,Mahama,Kamombo,Terimbere
66d9c3950bc303fcbe4d1773,Eastern,Kirehe,Mahama,Mwoga,Kwisha
66d9c3950bc303fcbe4d1783,Eastern,Kirehe,Mahama,Umunini,Nyenyeri
66d9c3950bc303fcbe4d178a,Eastern,Kirehe,Mpanga,Bwiyorere,Gisenyi
66d9c3950bc303fcbe4d1793,Eastern,Kirehe,Mpanga,Kankobwa,Nyamiyaga
66d9c3950bc303fcbe4d179e,Eastern,Kirehe,Mpanga,Mushongi,Mishenyi
66d9c3950bc303fcbe4d17ab,Eastern,Kirehe,Mpanga,Nasho,Pilote
66d9c3950bc303fcbe4d17b5,Eastern,Kirehe,Mpanga,Rubaya,Akinzuki
66d9c3950bc303fcbe4d17b7,Eastern,Kirehe,Mpanga,Rubaya,Gacenshero
66d9c3950bc303fcbe4d169f,Eastern,Kirehe,Gahara,Rubimba,Rwamurema
66d9c3950bc303fcbe4d16a0,Eastern,Kirehe,Gahara,Rubimba,Umubogora
66d9c3950bc303fcbe4d16bb,Eastern,Kirehe,Gatore,Nyamiryango,Rwanyabigaba
66d9c3950bc303fcbe4d16cc,Eastern,Kirehe,Gatore,Rwantonde,Rutare
66d9c3950bc303fcbe4d16ad,Eastern,Kirehe,Gatore,Cyunuzi,Nyagashyanga
66d9c3950bc303fcbe4d16b5,Eastern,Kirehe,Gatore,Nyamiryango,Bwiza
66d9c3950bc303fcbe4d16b9,Eastern,Kirehe,Gatore,Nyamiryango,Nyagitongo
66d9c3950bc303fcbe4d169c,Eastern,Kirehe,Gahara,Rubimba,Rwakajonge
66d9c3950bc303fcbe4d169d,Eastern,Kirehe,Gahara,Rubimba,Rwamaranga I
66d9c3950bc303fcbe4d16a8,Eastern,Kirehe,Gatore,Cyunuzi,Cyunuzi I
66d9c3950bc303fcbe4d16a9,Eastern,Kirehe,Gatore,Cyunuzi,Cyunuzi Ii
66d9c3950bc303fcbe4d16b1,Eastern,Kirehe,Gatore,Muganza,Ntungamo
66d9c3950bc303fcbe4d16b3,Eastern,Kirehe,Gatore,Muganza,Rebero
66d9c3950bc303fcbe4d16b4,Eastern,Kirehe,Gatore,Muganza,Rwabigaro
66d9c3950bc303fcbe4d16e4,Eastern,Kirehe,Kigarama,Kiremera,Cyanika
66d9c3950bc303fcbe4d16f3,Eastern,Kirehe,Kigarama,Nyakerera,Kabare
66d9c3950bc303fcbe4d16fa,Eastern,Kirehe,Kigarama,Nyankurazo,Kabeza
66d9c3950bc303fcbe4d16fe,Eastern,Kirehe,Kigarama,Nyankurazo,Nyagahanga
66d9c3950bc303fcbe4d1713,Eastern,Kirehe,Kigina,Rugarama,Kundengo
66d9c3950bc303fcbe4d1717,Eastern,Kirehe,Kigina,Rugarama,Rugando
66d9c3950bc303fcbe4d16e1,Eastern,Kirehe,Kigarama,Kigarama,Samuko
66d9c3950bc303fcbe4d16ec,Eastern,Kirehe,Kigarama,Kiremera,Kimesho
66d9c3950bc303fcbe4d16f0,Eastern,Kirehe,Kigarama,Kiremera,Umunezero
66d9c3950bc303fcbe4d16f5,Eastern,Kirehe,Kigarama,Nyakerera,Kiyovu
66d9c3950bc303fcbe4d16f6,Eastern,Kirehe,Kigarama,Nyakerera,Nyabubare
66d9c3950bc303fcbe4d170e,Eastern,Kirehe,Kigina,Rugarama,Kabeza
66d9c3950bc303fcbe4d16db,Eastern,Kirehe,Kigarama,Kigarama,Kiravunga
66d9c3950bc303fcbe4d16ea,Eastern,Kirehe,Kigarama,Kiremera,Karenge Ii
66d9c3950bc303fcbe4d16fb,Eastern,Kirehe,Kigarama,Nyankurazo,Kivu
66d9c3950bc303fcbe4d16fd,Eastern,Kirehe,Kigarama,Nyankurazo,Nshungerezi
66d9c3950bc303fcbe4d170b,Eastern,Kirehe,Kigina,Gatarama,Nyakizu
66d9c3950bc303fcbe4d170f,Eastern,Kirehe,Kigina,Rugarama,Kagega
66d9c3950bc303fcbe4d1711,Eastern,Kirehe,Kigina,Rugarama,Kubwinteko
66d9c3950bc303fcbe4d171e,Eastern,Kirehe,Kigina,Ruhanga,Nyagasozi
66d9c3950bc303fcbe4d1723,Eastern,Kirehe,Kigina,Ruhanga,Rubare
66d9c3950bc303fcbe4d172e,Eastern,Kirehe,Kigina,Rwanteru,Nyakayaga
66d9c3950bc303fcbe4d171d,Eastern,Kirehe,Kigina,Ruhanga,Ku Murenge
66d9c3950bc303fcbe4d171a,Eastern,Kirehe,Kigina,Rugarama,Rwakanyambo
66d9c3950bc303fcbe4d171b,Eastern,Kirehe,Kigina,Ruhanga,Buhwaga
66d9c3950bc303fcbe4d171f,Eastern,Kirehe,Kigina,Ruhanga,Nyakarambi I
66d9c3950bc303fcbe4d1720,Eastern,Kirehe,Kigina,Ruhanga,Nyakarambi Ii
66d9c3950bc303fcbe4d1722,Eastern,Kirehe,Kigina,Ruhanga,Rebezo
66d9c3950bc303fcbe4d1729,Eastern,Kirehe,Kigina,Ruhanga,Rwanyamutara
66d9c3950bc303fcbe4d173e,Eastern,Kirehe,Kirehe,Kirehe,Kamasaro
66d9c3950bc303fcbe4d1743,Eastern,Kirehe,Kirehe,Nyabigega,Duterimbere
66d9c3950bc303fcbe4d1746,Eastern,Kirehe,Kirehe,Nyabigega,Kamuhoza
66d9c3950bc303fcbe4d1725,Eastern,Kirehe,Kigina,Ruhanga,Rwagasare Ii
66d9c3950bc303fcbe4d172b,Eastern,Kirehe,Kigina,Rwanteru,Gasarasi
66d9c3950bc303fcbe4d173b,Eastern,Kirehe,Kirehe,Gahama,Rebero
66d9c3950bc303fcbe4d1757,Eastern,Kirehe,Kirehe,Nyabikokora,Rugero
66d9c3950bc303fcbe4d1775,Eastern,Kirehe,Mahama,Mwoga,Nyarusange
66d9c3950bc303fcbe4d1777,Eastern,Kirehe,Mahama,Saruhembe,Kanombe
66d9c3950bc303fcbe4d178b,Eastern,Kirehe,Mpanga,Bwiyorere,Kacyiru
66d9c3950bc303fcbe4d176f,Eastern,Kirehe,Mahama,Mwoga,Buhaga
66d9c3950bc303fcbe4d1767,Eastern,Kirehe,Mahama,Kamombo,Kamabuye
66d9c3950bc303fcbe4d178e,Eastern,Kirehe,Mpanga,Bwiyorere,Nyagasenyi
66d9c3950bc303fcbe4d175a,Eastern,Kirehe,Kirehe,Nyabikokora,Rutonde
66d9c3950bc303fcbe4d175b,Eastern,Kirehe,Kirehe,Rwesero,Bengazi
66d9c3950bc303fcbe4d175d,Eastern,Kirehe,Kirehe,Rwesero,Gahama
66d9c3950bc303fcbe4d176a,Eastern,Kirehe,Mahama,Kamombo,Kigongi
66d9c3950bc303fcbe4d1782,Eastern,Kirehe,Mahama,Umunini,Munini
66d9c3950bc303fcbe4d1784,Eastern,Kirehe,Mahama,Umunini,Rebero
66d9c3950bc303fcbe4d17b2,Eastern,Kirehe,Mpanga,Nyakabungo,Nyakabungo
66d9c3950bc303fcbe4d17b4,Eastern,Kirehe,Mpanga,Nyakabungo,Rushenyi
66d9c3950bc303fcbe4d17c3,Eastern,Kirehe,Musaza,Gasarabwayi,Nyakiriba
66d9c3950bc303fcbe4d17d3,Eastern,Kirehe,Musaza,Mubuga,Mubuga
66d9c3950bc303fcbe4d17a0,Eastern,Kirehe,Mpanga,Mushongi,Ngugu I
66d9c3950bc303fcbe4d17a6,Eastern,Kirehe,Mpanga,Nasho,Mutwe
66d9c3950bc303fcbe4d17c2,Eastern,Kirehe,Musaza,Gasarabwayi,Nyakariba Ii
66d9c3950bc303fcbe4d17c5,Eastern,Kirehe,Musaza,Gasarabwayi,Rwinyundo
66d9c3950bc303fcbe4d179d,Eastern,Kirehe,Mpanga,Mushongi,Kayanga
66d9c3950bc303fcbe4d17a5,Eastern,Kirehe,Mpanga,Nasho,Ibanda
66d9c3950bc303fcbe4d17bf,Eastern,Kirehe,Musaza,Gasarabwayi,Gicuma
66d9c3950bc303fcbe4d17c0,Eastern,Kirehe,Musaza,Gasarabwayi,Kanyosha
66d9c3950bc303fcbe4d17cb,Eastern,Kirehe,Musaza,Kabuga,Nyamugari
66d9c3950bc303fcbe4d17cf,Eastern,Kirehe,Musaza,Kabuga,Rwamurema
66d9c3950bc303fcbe4d17d4,Eastern,Kirehe,Musaza,Mubuga,Runyinya
66d9c3950bc303fcbe4d17de,Eastern,Kirehe,Musaza,Musaza,Nyakariba
66d9c3950bc303fcbe4d17e4,Eastern,Kirehe,Musaza,Nganda,Nganda
66d9c3950bc303fcbe4d17e5,Eastern,Kirehe,Musaza,Nganda,Nganda Ville I
66d9c3950bc303fcbe4d17f0,Eastern,Kirehe,Mushikiri,Bisagara,Nyabubare
66d9c3950bc303fcbe4d17f6,Eastern,Kirehe,Mushikiri,Cyamigurwa,Bwiza
66d9c3950bc303fcbe4d1803,Eastern,Kirehe,Mushikiri,Rugarama,Kacyiru
66d9c3950bc303fcbe4d1814,Eastern,Kirehe,Mushikiri,Rwanyamuhanga,Nyagateme
66d9c3950bc303fcbe4d17e7,Eastern,Kirehe,Musaza,Nganda,Nyamiyaga
66d9c3950bc303fcbe4d17ec,Eastern,Kirehe,Mushikiri,Bisagara,Bisagara
66d9c3950bc303fcbe4d17f4,Eastern,Kirehe,Mushikiri,Bisagara,Umutuzo
66d9c3950bc303fcbe4d1806,Eastern,Kirehe,Mushikiri,Rugarama,Karambi
66d9c3950bc303fcbe4d17d9,Eastern,Kirehe,Musaza,Musaza,Gatwe Ii
66d9c3950bc303fcbe4d17f8,Eastern,Kirehe,Mushikiri,Cyamigurwa,Isangano
66d9c3950bc303fcbe4d1810,Eastern,Kirehe,Mushikiri,Rwanyamuhanga,Humure
66d9c3950bc303fcbe4d1812,Eastern,Kirehe,Mushikiri,Rwanyamuhanga,Munini
66d9c3950bc303fcbe4d1815,Eastern,Kirehe,Mushikiri,Rwanyamuhanga,Nyaruhanga
66d9c3950bc303fcbe4d1818,Eastern,Kirehe,Mushikiri,Rwanyamuhanga,Rutoma
66d9c3950bc303fcbe4d1835,Eastern,Kirehe,Nasho,Kagese,Nyabimuri
66d9c3950bc303fcbe4d1836,Eastern,Kirehe,Nasho,Ntaruka,Gashasha
66d9c3950bc303fcbe4d183a,Eastern,Kirehe,Nasho,Ntaruka,Nyagasozi
66d9c3950bc303fcbe4d1847,Eastern,Kirehe,Nasho,Rubirizi,Rwandarushya Ii
66d9c3950bc303fcbe4d183e,Eastern,Kirehe,Nasho,Ntaruka,Rwamuhigi
66d9c3950bc303fcbe4d1823,Eastern,Kirehe,Mushikiri,Rwayikona,Rwahenge
66d9c3950bc303fcbe4d182e,Eastern,Kirehe,Nasho,Cyambwe,Rwinyange
66d9c3950bc303fcbe4d1832,Eastern,Kirehe,Nasho,Kagese,Kibimba
66d9c3950bc303fcbe4d1838,Eastern,Kirehe,Nasho,Ntaruka,Karenge Ii
66d9c3950bc303fcbe4d1844,Eastern,Kirehe,Nasho,Rubirizi,Mulindi
66d9c3950bc303fcbe4d1849,Eastern,Kirehe,Nasho,Rugoma,Gatarama
66d9c3950bc303fcbe4d181f,Eastern,Kirehe,Mushikiri,Rwayikona,Nyakabande
66d9c3950bc303fcbe4d1827,Eastern,Kirehe,Nasho,Cyambwe,Gicaca
66d9c3950bc303fcbe4d182f,Eastern,Kirehe,Nasho,Kagese,Gatunguru
66d9c3950bc303fcbe4d1839,Eastern,Kirehe,Nasho,Ntaruka,Nyabihara
66d9c3950bc303fcbe4d1846,Eastern,Kirehe,Nasho,Rubirizi,Rwandarushya I
66d9c3950bc303fcbe4d184a,Eastern,Kirehe,Nasho,Rugoma,Gatare
66d9c3950bc303fcbe4d1856,Eastern,Kirehe,Nyamugari,Bukora,Maranyundo
66d9c3950bc303fcbe4d185a,Eastern,Kirehe,Nyamugari,Bukora,Mwima
66d9c3950bc303fcbe4d1866,Eastern,Kirehe,Nyamugari,Kagasa,Nyarurembo
66d9c3950bc303fcbe4d186c,Eastern,Kirehe,Nyamugari,Kazizi,Gasabo
66d9c3950bc303fcbe4d188f,Eastern,Kirehe,Nyamugari,Nyamugari,Nyamugari Centre
66d9c3950bc303fcbe4d188c,Eastern,Kirehe,Nyamugari,Nyamugari,Munini
66d9c3950bc303fcbe4d1876,Eastern,Kirehe,Nyamugari,Kiyanzi,Kabuye
66d9c3950bc303fcbe4d17b8,Eastern,Kirehe,Mpanga,Rubaya,Kabeza
66d9c3950bc303fcbe4d17c1,Eastern,Kirehe,Musaza,Gasarabwayi,Nyakariba I
66d9c3950bc303fcbe4d17c4,Eastern,Kirehe,Musaza,Gasarabwayi,Rukumba
66d9c3950bc303fcbe4d17c8,Eastern,Kirehe,Musaza,Kabuga,Kagasa
66d9c3950bc303fcbe4d17a7,Eastern,Kirehe,Mpanga,Nasho,Nyabubare I
66d9c3950bc303fcbe4d17be,Eastern,Kirehe,Musaza,Gasarabwayi,Gasarabwayi
66d9c3950bc303fcbe4d17d5,Eastern,Kirehe,Musaza,Mubuga,Rwamuhazi
66d9c3950bc303fcbe4d17a9,Eastern,Kirehe,Mpanga,Nasho,Nyawera I
66d9c3950bc303fcbe4d17b3,Eastern,Kirehe,Mpanga,Nyakabungo,Rudandi
66d9c3950bc303fcbe4d1799,Eastern,Kirehe,Mpanga,Mpanga,Nyagatovu
66d9c3950bc303fcbe4d17d0,Eastern,Kirehe,Musaza,Mubuga,Kanogo
66d9c3950bc303fcbe4d17da,Eastern,Kirehe,Musaza,Musaza,Kanyinya I
66d9c3950bc303fcbe4d17e6,Eastern,Kirehe,Musaza,Nganda,Nganda Ville Ii
66d9c3950bc303fcbe4d17f2,Eastern,Kirehe,Mushikiri,Bisagara,Ruturamigina
66d9c3950bc303fcbe4d17f3,Eastern,Kirehe,Mushikiri,Bisagara,Umunini
66d9c3950bc303fcbe4d1802,Eastern,Kirehe,Mushikiri,Rugarama,Gahushyi
66d9c3950bc303fcbe4d1805,Eastern,Kirehe,Mushikiri,Rugarama,Kamunyana
66d9c3950bc303fcbe4d1807,Eastern,Kirehe,Mushikiri,Rugarama,Nyagatugunda
66d9c3950bc303fcbe4d180e,Eastern,Kirehe,Mushikiri,Rwanyamuhanga,Cyaka
66d9c3950bc303fcbe4d1817,Eastern,Kirehe,Mushikiri,Rwanyamuhanga,Rutare
66d9c3950bc303fcbe4d17e9,Eastern,Kirehe,Musaza,Nganda,Rwabugagara
66d9c3950bc303fcbe4d17f1,Eastern,Kirehe,Mushikiri,Bisagara,Nyakabande
66d9c3950bc303fcbe4d17f5,Eastern,Kirehe,Mushikiri,Bisagara,Umuyange
66d9c3950bc303fcbe4d1808,Eastern,Kirehe,Mushikiri,Rugarama,Nyagitongo
66d9c3950bc303fcbe4d180a,Eastern,Kirehe,Mushikiri,Rugarama,Rwamunana
66d9c3950bc303fcbe4d17df,Eastern,Kirehe,Musaza,Nganda,Gacuba I
66d9c3950bc303fcbe4d17f9,Eastern,Kirehe,Mushikiri,Cyamigurwa,Kamasare
66d9c3950bc303fcbe4d17d8,Eastern,Kirehe,Musaza,Musaza,Gatwe I
66d9c3950bc303fcbe4d17e2,Eastern,Kirehe,Musaza,Nganda,Kaziba
66d9c3950bc303fcbe4d180b,Eastern,Kirehe,Mushikiri,Rugarama,Ryogire
66d9c3950bc303fcbe4d181b,Eastern,Kirehe,Mushikiri,Rwayikona,Birembo
66d9c3950bc303fcbe4d1826,Eastern,Kirehe,Mushikiri,Rwayikona,Tonero
66d9c3950bc303fcbe4d182a,Eastern,Kirehe,Nasho,Cyambwe,Nyakazinga
66d9c3950bc303fcbe4d183c,Eastern,Kirehe,Nasho,Ntaruka,Ruhema
66d9c3950bc303fcbe4d184f,Eastern,Kirehe,Nasho,Rugoma,Rebezo
66d9c3950bc303fcbe4d1834,Eastern,Kirehe,Nasho,Kagese,Murehe
66d9c3950bc303fcbe4d1840,Eastern,Kirehe,Nasho,Rubirizi,Kabigembe Ii
66d9c3950bc303fcbe4d1857,Eastern,Kirehe,Nyamugari,Bukora,Mudahunga
66d9c3950bc303fcbe4d1820,Eastern,Kirehe,Mushikiri,Rwayikona,Nyungwe
66d9c3950bc303fcbe4d182b,Eastern,Kirehe,Nasho,Cyambwe,Rugwiro
66d9c3950bc303fcbe4d1822,Eastern,Kirehe,Mushikiri,Rwayikona,Rusumo
66d9c3950bc303fcbe4d185b,Eastern,Kirehe,Nyamugari,Bukora,Nyabiyenzi
66d9c3950bc303fcbe4d1877,Eastern,Kirehe,Nyamugari,Kiyanzi,Kacyiru
66d9c3950bc303fcbe4d1878,Eastern,Kirehe,Nyamugari,Kiyanzi,Kagera
66d9c3950bc303fcbe4d187b,Eastern,Kirehe,Nyamugari,Kiyanzi,Karehe
66d9c3950bc303fcbe4d1882,Eastern,Kirehe,Nyamugari,Kiyanzi,Nyarwamura
66d9c3950bc303fcbe4d1895,Eastern,Kirehe,Nyamugari,Nyamugari,Umubano
66d9c3950bc303fcbe4d185d,Eastern,Kirehe,Nyamugari,Kagasa,Bwiza
66d9c3950bc303fcbe4d1867,Eastern,Kirehe,Nyamugari,Kagasa,Rebero
66d9c3950bc303fcbe4d1868,Eastern,Kirehe,Nyamugari,Kagasa,Urugwiro
66d9c3950bc303fcbe4d186d,Eastern,Kirehe,Nyamugari,Kazizi,Gasetsa
66d9c3950bc303fcbe4d186e,Eastern,Kirehe,Nyamugari,Kazizi,Gashanga
66d9c3950bc303fcbe4d1872,Eastern,Kirehe,Nyamugari,Kazizi,Nyenyeri
66d9c3950bc303fcbe4d187d,Eastern,Kirehe,Nyamugari,Kiyanzi,Kinamba
66d9c3950bc303fcbe4d1883,Eastern,Kirehe,Nyamugari,Kiyanzi,Remera
66d9c3950bc303fcbe4d1884,Eastern,Kirehe,Nyamugari,Kiyanzi,Rusumo
66d9c3950bc303fcbe4d1894,Eastern,Kirehe,Nyamugari,Nyamugari,Ubumwe
66d9c3950bc303fcbe4d1858,Eastern,Kirehe,Nyamugari,Bukora,Mumararungu
66d9c3950bc303fcbe4d16cb,Eastern,Kirehe,Gatore,Rwantonde,Rusenyi
66d9c3950bc303fcbe4d1699,Eastern,Kirehe,Gahara,Rubimba,Nyakarambi
66d9c3950bc303fcbe4d169a,Eastern,Kirehe,Gahara,Rubimba,Rubira
66d9c3950bc303fcbe4d169b,Eastern,Kirehe,Gahara,Rubimba,Rununga
66d9c3950bc303fcbe4d169e,Eastern,Kirehe,Gahara,Rubimba,Rwamaranga Ii
66d9c3950bc303fcbe4d16ae,Eastern,Kirehe,Gatore,Cyunuzi,Rurenge
66d9c3950bc303fcbe4d16b0,Eastern,Kirehe,Gatore,Muganza,Karenge
66d9c3950bc303fcbe4d16b6,Eastern,Kirehe,Gatore,Nyamiryango,Gashanga
66d9c3950bc303fcbe4d16c8,Eastern,Kirehe,Gatore,Rwantonde,Mitoyi
66d9c3950bc303fcbe4d16cf,Eastern,Kirehe,Kigarama,Cyanya,Kabimba I
66d9c3950bc303fcbe4d16d3,Eastern,Kirehe,Kigarama,Cyanya,Nyamikoni
66d9c3950bc303fcbe4d16d4,Eastern,Kirehe,Kigarama,Cyanya,Nyamirambo I
66d9c3950bc303fcbe4d16a5,Eastern,Kirehe,Gatore,Curazo,Rugari
66d9c3950bc303fcbe4d16ab,Eastern,Kirehe,Gatore,Cyunuzi,Kabeza
66d9c3950bc303fcbe4d16c2,Eastern,Kirehe,Gatore,Rwabutazi,Ururembo Ii
66d9c3950bc303fcbe4d16d2,Eastern,Kirehe,Kigarama,Cyanya,Nyakavogo
66d9c3950bc303fcbe4d16f7,Eastern,Kirehe,Kigarama,Nyakerera,Ruhandagazi
66d9c3950bc303fcbe4d16de,Eastern,Kirehe,Kigarama,Kigarama,Nyarutojo
66d9c3950bc303fcbe4d16d8,Eastern,Kirehe,Kigarama,Kigarama,Gahindu
66d9c3950bc303fcbe4d16ff,Eastern,Kirehe,Kigarama,Nyankurazo,Nyakabungo
66d9c3950bc303fcbe4d1707,Eastern,Kirehe,Kigina,Gatarama,Kabimba
66d9c3950bc303fcbe4d1708,Eastern,Kirehe,Kigina,Gatarama,Kabugwe
66d9c3950bc303fcbe4d1712,Eastern,Kirehe,Kigina,Rugarama,Kukabuga
66d9c3950bc303fcbe4d16dd,Eastern,Kirehe,Kigarama,Kigarama,Nyamiyaga
66d9c3950bc303fcbe4d16e2,Eastern,Kirehe,Kigarama,Kiremera,Bweranka I
66d9c3950bc303fcbe4d16ee,Eastern,Kirehe,Kigarama,Kiremera,Nyaryenge
66d9c3950bc303fcbe4d16f4,Eastern,Kirehe,Kigarama,Nyakerera,Kabuga
66d9c3950bc303fcbe4d1701,Eastern,Kirehe,Kigarama,Nyankurazo,Nyakwisi
66d9c3950bc303fcbe4d1706,Eastern,Kirehe,Kigina,Gatarama,Gitaba
66d9c3950bc303fcbe4d1755,Eastern,Kirehe,Kirehe,Nyabikokora,Nyarusange
66d9c3950bc303fcbe4d172a,Eastern,Kirehe,Kigina,Rwanteru,Bugarura
66d9c3950bc303fcbe4d172c,Eastern,Kirehe,Kigina,Rwanteru,Mugisenyi I
66d9c3950bc303fcbe4d173c,Eastern,Kirehe,Kirehe,Kirehe,Agatwa
66d9c3950bc303fcbe4d1752,Eastern,Kirehe,Kirehe,Nyabikokora,Kwirebero
66d9c3950bc303fcbe4d1753,Eastern,Kirehe,Kirehe,Nyabikokora,Mumpinga
66d9c3950bc303fcbe4d1734,Eastern,Kirehe,Kirehe,Gahama,Kaziba
66d9c3950bc303fcbe4d173a,Eastern,Kirehe,Kirehe,Gahama,Nyamazi
66d9c3950bc303fcbe4d1744,Eastern,Kirehe,Kirehe,Nyabigega,Gahuzamiryango
66d9c3950bc303fcbe4d1749,Eastern,Kirehe,Kirehe,Nyabigega,Rurenge
66d9c3950bc303fcbe4d1730,Eastern,Kirehe,Kigina,Rwanteru,Rwanteru I
66d9c3950bc303fcbe4d1741,Eastern,Kirehe,Kirehe,Kirehe,Runyinya
66d9c3950bc303fcbe4d1748,Eastern,Kirehe,Kirehe,Nyabigega,Nyarurembo
66d9c3950bc303fcbe4d174b,Eastern,Kirehe,Kirehe,Nyabigega,Vatikani
66d9c3950bc303fcbe4d174e,Eastern,Kirehe,Kirehe,Nyabikokora,Kaduha
66d9c3950bc303fcbe4d1751,Eastern,Kirehe,Kirehe,Nyabikokora,Kwihanika
66d9c3950bc303fcbe4d177f,Eastern,Kirehe,Mahama,Umunini,Kabeza
66d9c3950bc303fcbe4d175c,Eastern,Kirehe,Kirehe,Rwesero,Byimana
66d9c3950bc303fcbe4d1763,Eastern,Kirehe,Mahama,Kamombo,Amahoro
66d9c3950bc303fcbe4d1774,Eastern,Kirehe,Mahama,Mwoga,Mwoga
66d9c3950bc303fcbe4d1778,Eastern,Kirehe,Mahama,Saruhembe,Karebezo
66d9c3950bc303fcbe4d1795,Eastern,Kirehe,Mpanga,Kankobwa,Rusha
66d9c3950bc303fcbe4d1761,Eastern,Kirehe,Kirehe,Rwesero,Rwabikweto
66d9c3950bc303fcbe4d1766,Eastern,Kirehe,Mahama,Kamombo,Kabuga
66d9c3950bc303fcbe4d1768,Eastern,Kirehe,Mahama,Kamombo,Kamato
66d9c3950bc303fcbe4d176e,Eastern,Kirehe,Mahama,Kamombo,Umubano
66d9c3950bc303fcbe4d1770,Eastern,Kirehe,Mahama,Mwoga,Cyanika
66d9c3950bc303fcbe4d1776,Eastern,Kirehe,Mahama,Saruhembe,Gisenyi
66d9c3950bc303fcbe4d1779,Eastern,Kirehe,Mahama,Saruhembe,Muride
66d9c3950bc303fcbe4d177b,Eastern,Kirehe,Mahama,Saruhembe,Nyamiyumbo
66d9c3950bc303fcbe4d1785,Eastern,Kirehe,Mahama,Umunini,Remanyundo
66d9c3950bc303fcbe4d1786,Eastern,Kirehe,Mahama,Umunini,Rugarama
66d9c3950bc303fcbe4d1789,Eastern,Kirehe,Mpanga,Bwiyorere,Cyimparage
66d9c3950bc303fcbe4d178d,Eastern,Kirehe,Mpanga,Bwiyorere,Kangarame
66d9c3950bc303fcbe4d1791,Eastern,Kirehe,Mpanga,Kankobwa,Kankobwa
66d9c3950bc303fcbe4d1698,Eastern,Kirehe,Gahara,Rubimba,Nyagasozi
66d9c3950bc303fcbe4d16ba,Eastern,Kirehe,Gatore,Nyamiryango,Rubuye
66d9c3950bc303fcbe4d16c0,Eastern,Kirehe,Gatore,Rwabutazi,Rurembo I
66d9c3950bc303fcbe4d16c3,Eastern,Kirehe,Gatore,Rwantonde,Cyiha
66d9c3950bc303fcbe4d16a2,Eastern,Kirehe,Gatore,Curazo,Kigarama
66d9c3950bc303fcbe4d16a6,Eastern,Kirehe,Gatore,Curazo,Runyinya
66d9c3950bc303fcbe4d16aa,Eastern,Kirehe,Gatore,Cyunuzi,Gakuyo
66d9c3950bc303fcbe4d16af,Eastern,Kirehe,Gatore,Muganza,Kamomo
66d9c3950bc303fcbe4d16b8,Eastern,Kirehe,Gatore,Nyamiryango,Karambi
66d9c3950bc303fcbe4d16be,Eastern,Kirehe,Gatore,Rwabutazi,Muyange
66d9c3950bc303fcbe4d16bf,Eastern,Kirehe,Gatore,Rwabutazi,Rugina
66d9c3950bc303fcbe4d16c9,Eastern,Kirehe,Gatore,Rwantonde,Mumeya
66d9c3950bc303fcbe4d16cd,Eastern,Kirehe,Kigarama,Cyanya,Cyanya
66d9c3950bc303fcbe4d16ce,Eastern,Kirehe,Kigarama,Cyanya,Gakoni
66d9c3950bc303fcbe4d16d1,Eastern,Kirehe,Kigarama,Cyanya,Kigende
66d9c3950bc303fcbe4d16d5,Eastern,Kirehe,Kigarama,Cyanya,Nyamirambo Ii
66d9c3950bc303fcbe4d16d7,Eastern,Kirehe,Kigarama,Cyanya,Rubare
66d9c3950bc303fcbe4d16ac,Eastern,Kirehe,Gatore,Cyunuzi,Kabungo
66d9c3950bc303fcbe4d16bc,Eastern,Kirehe,Gatore,Rwabutazi,Bitoma I
66d9c3950bc303fcbe4d16c1,Eastern,Kirehe,Gatore,Rwabutazi,Samuko
66d9c3950bc303fcbe4d16c7,Eastern,Kirehe,Gatore,Rwantonde,Kigarama
66d9c3950bc303fcbe4d16da,Eastern,Kirehe,Kigarama,Kigarama,Kigarama
66d9c3950bc303fcbe4d16e0,Eastern,Kirehe,Kigarama,Kigarama,Rurenge
66d9c3950bc303fcbe4d16f2,Eastern,Kirehe,Kigarama,Nyakerera,Gatari
66d9c3950bc303fcbe4d16fc,Eastern,Kirehe,Kigarama,Nyankurazo,Marembo
66d9c3950bc303fcbe4d1715,Eastern,Kirehe,Kigina,Rugarama,Muganza
66d9c3950bc303fcbe4d16e6,Eastern,Kirehe,Kigarama,Kiremera,Kagane
66d9c3950bc303fcbe4d16eb,Eastern,Kirehe,Kigarama,Kiremera,Kayirarye
66d9c3950bc303fcbe4d16f8,Eastern,Kirehe,Kigarama,Nyakerera,Rukiri
66d9c3950bc303fcbe4d16f9,Eastern,Kirehe,Kigarama,Nyakerera,Ryamukaza
66d9c3950bc303fcbe4d1704,Eastern,Kirehe,Kigarama,Nyankurazo,Rusumo
66d9c3950bc303fcbe4d170a,Eastern,Kirehe,Kigina,Gatarama,Kanyabihara
66d9c3950bc303fcbe4d170d,Eastern,Kirehe,Kigina,Rugarama,Isangano
66d9c3950bc303fcbe4d1714,Eastern,Kirehe,Kigina,Rugarama,Mubyimana
66d9c3950bc303fcbe4d1716,Eastern,Kirehe,Kigina,Rugarama,Nyagisozi
66d9c3950bc303fcbe4d16e3,Eastern,Kirehe,Kigarama,Kiremera,Bweranka Ii
66d9c3950bc303fcbe4d16e8,Eastern,Kirehe,Kigarama,Kiremera,Kaguriro
66d9c3950bc303fcbe4d1702,Eastern,Kirehe,Kigarama,Nyankurazo,Rama
66d9c3950bc303fcbe4d16dc,Eastern,Kirehe,Kigarama,Kigarama,Nyakazinga
66d9c3950bc303fcbe4d1709,Eastern,Kirehe,Kigina,Gatarama,Kanogo
66d9c3950bc303fcbe4d1719,Eastern,Kirehe,Kigina,Rugarama,Rujambara
66d9c3950bc303fcbe4d1735,Eastern,Kirehe,Kirehe,Gahama,Kiyovu
66d9c3950bc303fcbe4d1742,Eastern,Kirehe,Kirehe,Nyabigega,Bugarura
66d9c3950bc303fcbe4d1747,Eastern,Kirehe,Kirehe,Nyabigega,Mushirarungu
66d9c3950bc303fcbe4d174d,Eastern,Kirehe,Kirehe,Nyabikokora,Byimana
66d9c3950bc303fcbe4d1756,Eastern,Kirehe,Kirehe,Nyabikokora,Rugenge
66d9c3950bc303fcbe4d171c,Eastern,Kirehe,Kigina,Ruhanga,Kavuzo
66d9c3950bc303fcbe4d1724,Eastern,Kirehe,Kigina,Ruhanga,Rwagasare I
66d9c3950bc303fcbe4d1731,Eastern,Kirehe,Kigina,Rwanteru,Rwanteru Ii
66d9c3950bc303fcbe4d1733,Eastern,Kirehe,Kirehe,Gahama,Kabeza
66d9c3950bc303fcbe4d174c,Eastern,Kirehe,Kirehe,Nyabikokora,Bwiza
66d9c3950bc303fcbe4d1718,Eastern,Kirehe,Kigina,Rugarama,Rugarama
66d9c3950bc303fcbe4d172d,Eastern,Kirehe,Kigina,Rwanteru,Mugisenyi Ii
66d9c3950bc303fcbe4d1728,Eastern,Kirehe,Kigina,Ruhanga,Rwamakara
66d9c3950bc303fcbe4d1739,Eastern,Kirehe,Kirehe,Gahama,Nyakatsi
66d9c3950bc303fcbe4d1745,Eastern,Kirehe,Kirehe,Nyabigega,Kabeza
66d9c3950bc303fcbe4d175e,Eastern,Kirehe,Kirehe,Rwesero,Kabeza
66d9c3950bc303fcbe4d1772,Eastern,Kirehe,Mahama,Mwoga,Isangano
66d9c3950bc303fcbe4d177d,Eastern,Kirehe,Mahama,Saruhembe,Saruhembe
66d9c3950bc303fcbe4d1788,Eastern,Kirehe,Mpanga,Bwiyorere,Bihembe
66d9c3950bc303fcbe4d1758,Eastern,Kirehe,Kirehe,Nyabikokora,Rurama
66d9c3950bc303fcbe4d1769,Eastern,Kirehe,Mahama,Kamombo,Kamombo
66d9c3950bc303fcbe4d176c,Eastern,Kirehe,Mahama,Kamombo,Rumuri
66d9c3950bc303fcbe4d177e,Eastern,Kirehe,Mahama,Umunini,Ihuriro
66d9c3950bc303fcbe4d178c,Eastern,Kirehe,Mpanga,Bwiyorere,Kamarashavu
66d9c3950bc303fcbe4d179a,Eastern,Kirehe,Mpanga,Mpanga,Rurambi I
66d9c3950bc303fcbe4d17a4,Eastern,Kirehe,Mpanga,Nasho,Busasamana Ii
66d9c3950bc303fcbe4d17b6,Eastern,Kirehe,Mpanga,Rubaya,Byimana
66d9c3950bc303fcbe4d17ba,Eastern,Kirehe,Mpanga,Rubaya,Murambi
66d9c3950bc303fcbe4d17c6,Eastern,Kirehe,Musaza,Kabuga,Gikenke
66d9c3950bc303fcbe4d17cc,Eastern,Kirehe,Musaza,Kabuga,Rubuye I
66d9c3950bc303fcbe4d1798,Eastern,Kirehe,Mpanga,Mpanga,Mpanga
66d9c3950bc303fcbe4d17a2,Eastern,Kirehe,Mpanga,Nasho,Agasasa
66d9c3950bc303fcbe4d17a8,Eastern,Kirehe,Mpanga,Nasho,Nyabubare Ii
66d9c3950bc303fcbe4d17aa,Eastern,Kirehe,Mpanga,Nasho,Nyawera Ii
66d9c3950bc303fcbe4d17ae,Eastern,Kirehe,Mpanga,Nyakabungo,Gitega
66d9c3950bc303fcbe4d17b0,Eastern,Kirehe,Mpanga,Nyakabungo,Kabuga
66d9c3950bc303fcbe4d17ca,Eastern,Kirehe,Musaza,Kabuga,Kimeya
66d9c3950bc303fcbe4d17d2,Eastern,Kirehe,Musaza,Mubuga,Kiyovu
66d9c3950bc303fcbe4d17d7,Eastern,Kirehe,Musaza,Mubuga,Ryarugazi
66d9c3950bc303fcbe4d17a1,Eastern,Kirehe,Mpanga,Mushongi,Ngugu Ii
66d9c3950bc303fcbe4d17ac,Eastern,Kirehe,Mpanga,Nyakabungo,Cyamuhabura
66d9c3950bc303fcbe4d17ad,Eastern,Kirehe,Mpanga,Nyakabungo,Gikushya
66d9c3950bc303fcbe4d17c9,Eastern,Kirehe,Musaza,Kabuga,Kambwire
66d9c3950bc303fcbe4d17ce,Eastern,Kirehe,Musaza,Kabuga,Rugango
66d9c3950bc303fcbe4d17eb,Eastern,Kirehe,Mushikiri,Bisagara,Bingaro
66d9c3950bc303fcbe4d17e1,Eastern,Kirehe,Musaza,Nganda,Kamagare
66d9c3950bc303fcbe4d17ed,Eastern,Kirehe,Mushikiri,Bisagara,Isangano
66d9c3950bc303fcbe4d17dd,Eastern,Kirehe,Musaza,Musaza,Muyoka
66d9c3950bc303fcbe4d17e0,Eastern,Kirehe,Musaza,Nganda,Gacuba Ii
66d9c3950bc303fcbe4d17ea,Eastern,Kirehe,Musaza,Nganda,Rwamushongore
66d9c3950bc303fcbe4d17f7,Eastern,Kirehe,Mushikiri,Cyamigurwa,Impara
66d9c3950bc303fcbe4d17fd,Eastern,Kirehe,Mushikiri,Cyamigurwa,Rusenyi
66d9c3950bc303fcbe4d1811,Eastern,Kirehe,Mushikiri,Rwanyamuhanga,Mugina
66d9c3950bc303fcbe4d1816,Eastern,Kirehe,Mushikiri,Rwanyamuhanga,Rubimba
66d9c3950bc303fcbe4d1804,Eastern,Kirehe,Mushikiri,Rugarama,Kamarashavu
66d9c3950bc303fcbe4d1831,Eastern,Kirehe,Nasho,Kagese,Kanamira
66d9c3950bc303fcbe4d1853,Eastern,Kirehe,Nyamugari,Bukora,Busasamana
66d9c3950bc303fcbe4d1854,Eastern,Kirehe,Nyamugari,Bukora,Bweramana
66d9c3950bc303fcbe4d181a,Eastern,Kirehe,Mushikiri,Rwayikona,Barisuka
66d9c3950bc303fcbe4d181c,Eastern,Kirehe,Mushikiri,Rwayikona,Isangano
66d9c3950bc303fcbe4d181e,Eastern,Kirehe,Mushikiri,Rwayikona,Kabuga
66d9c3950bc303fcbe4d1824,Eastern,Kirehe,Mushikiri,Rwayikona,Rwakabandama
66d9c3950bc303fcbe4d1828,Eastern,Kirehe,Nasho,Cyambwe,Kagamba
66d9c3950bc303fcbe4d183d,Eastern,Kirehe,Nasho,Ntaruka,Ruseke
66d9c3950bc303fcbe4d183f,Eastern,Kirehe,Nasho,Rubirizi,Kabigembe I
66d9c3950bc303fcbe4d1841,Eastern,Kirehe,Nasho,Rubirizi,Kadamu
66d9c3950bc303fcbe4d1843,Eastern,Kirehe,Nasho,Rubirizi,Masizi
66d9c3950bc303fcbe4d1850,Eastern,Kirehe,Nasho,Rugoma,Rugoma
66d9c3950bc303fcbe4d1852,Eastern,Kirehe,Nyamugari,Bukora,Bukora
66d9c3950bc303fcbe4d1819,Eastern,Kirehe,Mushikiri,Rwanyamuhanga,Sake
66d9c3950bc303fcbe4d1829,Eastern,Kirehe,Nasho,Cyambwe,Kagese I
66d9c3950bc303fcbe4d1830,Eastern,Kirehe,Nasho,Kagese,Kagese Ii
66d9c3950bc303fcbe4d1845,Eastern,Kirehe,Nasho,Rubirizi,Nyabiyenzi
66d9c3950bc303fcbe4d1859,Eastern,Kirehe,Nyamugari,Bukora,Mushirarungu
66d9c3950bc303fcbe4d185f,Eastern,Kirehe,Nyamugari,Kagasa,Kagasa
66d9c3950bc303fcbe4d186f,Eastern,Kirehe,Nyamugari,Kazizi,Jyambere
66d9c3950bc303fcbe4d1874,Eastern,Kirehe,Nyamugari,Kazizi,Ururembo
66d9c3950bc303fcbe4d1875,Eastern,Kirehe,Nyamugari,Kiyanzi,Kabungeri
66d9c3950bc303fcbe4d187a,Eastern,Kirehe,Nyamugari,Kiyanzi,Karambi
66d9c3950bc303fcbe4d1886,Eastern,Kirehe,Nyamugari,Nyamugari,Gasenyi
66d9c3950bc303fcbe4d1863,Eastern,Kirehe,Nyamugari,Kagasa,Nyabayama
66d9c3950bc303fcbe4d1870,Eastern,Kirehe,Nyamugari,Kazizi,Kabwayi
66d9c3950bc303fcbe4d1873,Eastern,Kirehe,Nyamugari,Kazizi,Tetero
66d9c3950bc303fcbe4d1885,Eastern,Kirehe,Nyamugari,Nyamugari,Amahoro
66d9c3950bc303fcbe4d1890,Eastern,Kirehe,Nyamugari,Nyamugari,Rama
66d9c3950bc303fcbe4d178f,Eastern,Kirehe,Mpanga,Bwiyorere,Nyakabande
66d9c3950bc303fcbe4d1796,Eastern,Kirehe,Mpanga,Mpanga,Kabuye I
66d9c3950bc303fcbe4d176b,Eastern,Kirehe,Mahama,Kamombo,Kigufi
66d9c3950bc303fcbe4d1797,Eastern,Kirehe,Mpanga,Mpanga,Kabuye Ii
66d9c3950bc303fcbe4d1760,Eastern,Kirehe,Kirehe,Rwesero,Kumunini
66d9c3950bc303fcbe4d179b,Eastern,Kirehe,Mpanga,Mpanga,Rurambi Ii
66d9c3950bc303fcbe4d179f,Eastern,Kirehe,Mpanga,Mushongi,Mushongi
66d9c3950bc303fcbe4d17b1,Eastern,Kirehe,Mpanga,Nyakabungo,Nyagatovu
66d9c3950bc303fcbe4d17bb,Eastern,Kirehe,Mpanga,Rubaya,Rubaya
66d9c3950bc303fcbe4d17c7,Eastern,Kirehe,Musaza,Kabuga,Kabuga
66d9c3950bc303fcbe4d17d1,Eastern,Kirehe,Musaza,Mubuga,Kanombe
66d9c3950bc303fcbe4d17d6,Eastern,Kirehe,Musaza,Mubuga,Ryabega
66d9c3950bc303fcbe4d179c,Eastern,Kirehe,Mpanga,Mushongi,Gitoma
66d9c3950bc303fcbe4d17af,Eastern,Kirehe,Mpanga,Nyakabungo,Isenga
66d9c3950bc303fcbe4d17b9,Eastern,Kirehe,Mpanga,Rubaya,Mumpinga
66d9c3950bc303fcbe4d17bc,Eastern,Kirehe,Mpanga,Rubaya,Rukonji
66d9c3950bc303fcbe4d17bd,Eastern,Kirehe,Mpanga,Rubaya,Rushonga
66d9c3950bc303fcbe4d17cd,Eastern,Kirehe,Musaza,Kabuga,Rubuye Ii
66d9c3950bc303fcbe4d17a3,Eastern,Kirehe,Mpanga,Nasho,Busasamana I
66d9c3950bc303fcbe4d17dc,Eastern,Kirehe,Musaza,Musaza,Musaza
66d9c3950bc303fcbe4d17ff,Eastern,Kirehe,Mushikiri,Rugarama,Bugarura
66d9c3950bc303fcbe4d17db,Eastern,Kirehe,Musaza,Musaza,Kanyinya Ii
66d9c3950bc303fcbe4d17e3,Eastern,Kirehe,Musaza,Nganda,Murura
66d9c3950bc303fcbe4d17e8,Eastern,Kirehe,Musaza,Nganda,Ruseke
66d9c3950bc303fcbe4d17ee,Eastern,Kirehe,Mushikiri,Bisagara,Kampara
66d9c3950bc303fcbe4d17ef,Eastern,Kirehe,Mushikiri,Bisagara,Nkoyoyo
66d9c3950bc303fcbe4d17fa,Eastern,Kirehe,Mushikiri,Cyamigurwa,Karenge
66d9c3950bc303fcbe4d17fe,Eastern,Kirehe,Mushikiri,Rugarama,Birengero
66d9c3950bc303fcbe4d1800,Eastern,Kirehe,Mushikiri,Rugarama,Cyanjuna
66d9c3950bc303fcbe4d1801,Eastern,Kirehe,Mushikiri,Rugarama,Cyanyamisa
66d9c3950bc303fcbe4d1809,Eastern,Kirehe,Mushikiri,Rugarama,Rutare
66d9c3950bc303fcbe4d180c,Eastern,Kirehe,Mushikiri,Rugarama,Tomi
66d9c3950bc303fcbe4d180f,Eastern,Kirehe,Mushikiri,Rwanyamuhanga,Cyeru
66d9c3950bc303fcbe4d17fb,Eastern,Kirehe,Mushikiri,Cyamigurwa,Kigarama
66d9c3950bc303fcbe4d17fc,Eastern,Kirehe,Mushikiri,Cyamigurwa,Nyamabuye
66d9c3950bc303fcbe4d180d,Eastern,Kirehe,Mushikiri,Rwanyamuhanga,Bweramana
66d9c3950bc303fcbe4d1813,Eastern,Kirehe,Mushikiri,Rwanyamuhanga,Nterere
66d9c3950bc303fcbe4d1833,Eastern,Kirehe,Nasho,Kagese,Mitsindo
66d9c3950bc303fcbe4d1842,Eastern,Kirehe,Nasho,Rubirizi,Karenge I
66d9c3950bc303fcbe4d1848,Eastern,Kirehe,Nasho,Rugoma,Gashiru
66d9c3950bc303fcbe4d181d,Eastern,Kirehe,Mushikiri,Rwayikona,Kabeza
66d9c3950bc303fcbe4d1821,Eastern,Kirehe,Mushikiri,Rwayikona,Rukira
66d9c3950bc303fcbe4d182c,Eastern,Kirehe,Nasho,Cyambwe,Rukono
66d9c3950bc303fcbe4d182d,Eastern,Kirehe,Nasho,Cyambwe,Rushoka
66d9c3950bc303fcbe4d1837,Eastern,Kirehe,Nasho,Ntaruka,Kabusunzu
66d9c3950bc303fcbe4d184c,Eastern,Kirehe,Nasho,Rugoma,Kageyo
66d9c3950bc303fcbe4d184d,Eastern,Kirehe,Nasho,Rugoma,Karama
66d9c3950bc303fcbe4d184e,Eastern,Kirehe,Nasho,Rugoma,Karubare
66d9c3950bc303fcbe4d1855,Eastern,Kirehe,Nyamugari,Bukora,Kabuga
66d9c3950bc303fcbe4d1825,Eastern,Kirehe,Mushikiri,Rwayikona,Rwayikona
66d9c3950bc303fcbe4d184b,Eastern,Kirehe,Nasho,Rugoma,Kabigembe
66d9c3950bc303fcbe4d1851,Eastern,Kirehe,Nyamugari,Bukora,Bukinanyana
66d9c3950bc303fcbe4d183b,Eastern,Kirehe,Nasho,Ntaruka,Nyamurindira
66d9c3950bc303fcbe4d1860,Eastern,Kirehe,Nyamugari,Kagasa,Kamabuye
66d9c3950bc303fcbe4d1869,Eastern,Kirehe,Nyamugari,Kazizi,Amahoro
66d9c3950bc303fcbe4d186b,Eastern,Kirehe,Nyamugari,Kazizi,Gahomvu
66d9c3950bc303fcbe4d1862,Eastern,Kirehe,Nyamugari,Kagasa,Mataba
66d9c3950bc303fcbe4d1864,Eastern,Kirehe,Nyamugari,Kagasa,Nyakariba
66d9c3950bc303fcbe4d1865,Eastern,Kirehe,Nyamugari,Kagasa,Nyamirama
66d9c3950bc303fcbe4d186a,Eastern,Kirehe,Nyamugari,Kazizi,Byimana
66d9c3950bc303fcbe4d1871,Eastern,Kirehe,Nyamugari,Kazizi,Mucyo
66d9c3950bc303fcbe4d1879,Eastern,Kirehe,Nyamugari,Kiyanzi,Kamarashavu
66d9c3950bc303fcbe4d1881,Eastern,Kirehe,Nyamugari,Kiyanzi,Muyinza
66d9c3950bc303fcbe4d1891,Eastern,Kirehe,Nyamugari,Nyamugari,Rebero
66d9c3950bc303fcbe4d1892,Eastern,Kirehe,Nyamugari,Nyamugari,Rurembo
66d9c3950bc303fcbe4d1893,Eastern,Kirehe,Nyamugari,Nyamugari,Rusozi
66d9c3950bc303fcbe4d1896,Eastern,Kirehe,Nyamugari,Nyamugari,Umunezero
66d9c3950bc303fcbe4d1897,Eastern,Kirehe,Nyarubuye,Mareba,Burembo
66d9c3950bc303fcbe4d1861,Eastern,Kirehe,Nyamugari,Kagasa,Kameya
66d9c3950bc303fcbe4d187e,Eastern,Kirehe,Nyamugari,Kiyanzi,Matare
66d9c3950bc303fcbe4d185e,Eastern,Kirehe,Nyamugari,Kagasa,Ituze
66d9c3950bc303fcbe4d187f,Eastern,Kirehe,Nyamugari,Kiyanzi,Mitako
66d9c3950bc303fcbe4d1880,Eastern,Kirehe,Nyamugari,Kiyanzi,Murambi
66d9c3950bc303fcbe4d188b,Eastern,Kirehe,Nyamugari,Nyamugari,Kimigisha
66d9c3950bc303fcbe4d18a6,Eastern,Kirehe,Nyarubuye,Nyabitare,Nyamisagara
66d9c3950bc303fcbe4d18a8,Eastern,Kirehe,Nyarubuye,Nyabitare,Rugarama
66d9c3950bc303fcbe4d18b0,Eastern,Kirehe,Nyarubuye,Nyarutunga,Nyarubuye I
66d9c3950bc303fcbe4d18c3,Eastern,Ngoma,Gashanda,Munege,Gakuto
66d9c3950bc303fcbe4d18d0,Eastern,Ngoma,Jarama,Ihanika,Irebero
66d9c3950bc303fcbe4d18d6,Eastern,Ngoma,Jarama,Jarama,Abiyunze
66d9c3950bc303fcbe4d18a4,Eastern,Kirehe,Nyarubuye,Nyabitare,Nyabayama
66d9c3950bc303fcbe4d18af,Eastern,Kirehe,Nyarubuye,Nyarutunga,Nyakanazi
66d9c3950bc303fcbe4d18c9,Eastern,Ngoma,Gashanda,Mutsindo,Kanyinya
66d9c3950bc303fcbe4d18a2,Eastern,Kirehe,Nyarubuye,Nyabitare,Mpanguhe
66d9c3950bc303fcbe4d18b7,Eastern,Ngoma,Gashanda,Cyerwa,Gako
66d9c3950bc303fcbe4d18b8,Eastern,Ngoma,Gashanda,Cyerwa,Mizibiri
66d9c3950bc303fcbe4d18c4,Eastern,Ngoma,Gashanda,Munege,Kanege
66d9c3950bc303fcbe4d18c8,Eastern,Ngoma,Gashanda,Mutsindo,Gisenyi
66d9c3950bc303fcbe4d18cf,Eastern,Ngoma,Gashanda,Mutsindo,Ryangiriye
66d9c3950bc303fcbe4d18d2,Eastern,Ngoma,Jarama,Ihanika,Kamapfizi
66d9c3950bc303fcbe4d18de,Eastern,Ngoma,Jarama,Karenge,Akagoma
66d9c3950bc303fcbe4d18e1,Eastern,Ngoma,Jarama,Karenge,Kanombe
66d9c3950bc303fcbe4d18e2,Eastern,Ngoma,Jarama,Karenge,Karenge
66d9c3950bc303fcbe4d18ea,Eastern,Ngoma,Jarama,Kibimba,Akaziba
66d9c3950bc303fcbe4d18f8,Eastern,Ngoma,Karembo,Akaziba,Impinga
66d9c3950bc303fcbe4d1911,Eastern,Ngoma,Karembo,Nyamirambo,Rwakayango
66d9c3950bc303fcbe4d1912,Eastern,Ngoma,Kazo,Birenga,Gahondo
66d9c3950bc303fcbe4d18e0,Eastern,Ngoma,Jarama,Karenge,Gisoko
66d9c3950bc303fcbe4d1900,Eastern,Ngoma,Karembo,Akaziba,Rwamuhimbura
66d9c3950bc303fcbe4d18eb,Eastern,Ngoma,Jarama,Kibimba,Cyahafi
66d9c3950bc303fcbe4d18e9,Eastern,Ngoma,Jarama,Kibimba,Akabira
66d9c3950bc303fcbe4d192b,Eastern,Ngoma,Kibungo,Cyasemakamba,Kabeza
66d9c3950bc303fcbe4d1934,Eastern,Ngoma,Kibungo,Gatonde,Karungu
66d9c3950bc303fcbe4d1939,Eastern,Ngoma,Kibungo,Gatonde,Rubona
66d9c3950bc303fcbe4d1940,Eastern,Ngoma,Kibungo,Karenge,Ubumwe
66d9c3950bc303fcbe4d1950,Eastern,Ngoma,Mugesera,Mugatare,Isangano
66d9c3950bc303fcbe4d1922,Eastern,Ngoma,Kazo,Kinyonzo,Rugarama
66d9c3950bc303fcbe4d193e,Eastern,Ngoma,Kibungo,Karenge,Kabeza
66d9c3950bc303fcbe4d1925,Eastern,Ngoma,Kazo,Umukamba,Kagarama
66d9c3950bc303fcbe4d1930,Eastern,Ngoma,Kibungo,Gahima,Kazeneza
66d9c3950bc303fcbe4d1931,Eastern,Ngoma,Kibungo,Gahima,Nyamigina
66d9c3950bc303fcbe4d1935,Eastern,Ngoma,Kibungo,Gatonde,Misange
66d9c3950bc303fcbe4d1941,Eastern,Ngoma,Kibungo,Mahango,Gisaka
66d9c3950bc303fcbe4d194a,Eastern,Ngoma,Mugesera,Akabungo,Nyamirambo
66d9c3950bc303fcbe4d1951,Eastern,Ngoma,Mugesera,Mugatare,Kampara
66d9c3950bc303fcbe4d1956,Eastern,Ngoma,Mugesera,Ntanga,Akabande
66d9c3950bc303fcbe4d197f,Eastern,Ngoma,Murama,Rurenge,Gasibya
66d9c3950bc303fcbe4d1964,Eastern,Ngoma,Mugesera,Nyange,Gomezo
66d9c3950bc303fcbe4d198f,Eastern,Ngoma,Murama,Sakara,Kukarenge
66d9c3950bc303fcbe4d1960,Eastern,Ngoma,Mugesera,Nyamugari,Nyamabuye
66d9c3950bc303fcbe4d1970,Eastern,Ngoma,Murama,Gitaraga,Tonero
66d9c3950bc303fcbe4d197d,Eastern,Ngoma,Murama,Mvumba,Rugarama
66d9c3950bc303fcbe4d1988,Eastern,Ngoma,Murama,Rurenge,Murambi
66d9c3950bc303fcbe4d195b,Eastern,Ngoma,Mugesera,Ntanga,Rugaju
66d9c3950bc303fcbe4d195d,Eastern,Ngoma,Mugesera,Nyamugari,Gisenyi
66d9c3950bc303fcbe4d1962,Eastern,Ngoma,Mugesera,Nyamugari,Ubuhanira
66d9c3950bc303fcbe4d196b,Eastern,Ngoma,Murama,Gitaraga,Kizenga
66d9c3950bc303fcbe4d196c,Eastern,Ngoma,Murama,Gitaraga,Ntara
66d9c3950bc303fcbe4d1971,Eastern,Ngoma,Murama,Kigabiro,Cyeru
66d9c3950bc303fcbe4d199a,Eastern,Ngoma,Mutenderi,Kibare,Kabombo
66d9c3950bc303fcbe4d19a2,Eastern,Ngoma,Mutenderi,Mutenderi,Kibaya
66d9c3950bc303fcbe4d19ae,Eastern,Ngoma,Remera,Bugera,Gisunzu
66d9c3950bc303fcbe4d19bd,Eastern,Ngoma,Remera,Ndekwe,Gikomero
66d9c3950bc303fcbe4d19c4,Eastern,Ngoma,Remera,Nyamagana,Kabuye
66d9c3950bc303fcbe4d19c6,Eastern,Ngoma,Remera,Nyamagana,Kinanira
66d9c3950bc303fcbe4d19c8,Eastern,Ngoma,Remera,Nyamagana,Rebero
66d9c3950bc303fcbe4d19ca,Eastern,Ngoma,Remera,Nyamagana,Ruhama
66d9c3950bc303fcbe4d19a5,Eastern,Ngoma,Mutenderi,Muzingira,Rusave
66d9c3950bc303fcbe4d19ab,Eastern,Ngoma,Mutenderi,Nyagasozi,Nyamugari
66d9c3950bc303fcbe4d19b9,Eastern,Ngoma,Remera,Kinunga,Kigaga
66d9c3950bc303fcbe4d19a4,Eastern,Ngoma,Mutenderi,Muzingira,Gatonde
66d9c3950bc303fcbe4d19b3,Eastern,Ngoma,Remera,Bugera,Munini Ii
66d9c3950bc303fcbe4d19e4,Eastern,Ngoma,Rukira,Kibatsi,Terimbere
66d9c3950bc303fcbe4d19e9,Eastern,Ngoma,Rukira,Nyaruvumu,Isangano
66d9c3950bc303fcbe4d19fe,Eastern,Ngoma,Rukumberi,Ntovi,Ntovi
66d9c3950bc303fcbe4d19db,Eastern,Ngoma,Rukira,Kibatsi,Gituku
66d9c3950bc303fcbe4d19dc,Eastern,Ngoma,Rukira,Kibatsi,Kagarama
66d9c3950bc303fcbe4d19df,Eastern,Ngoma,Rukira,Kibatsi,Munezero
66d9c3950bc303fcbe4d19e1,Eastern,Ngoma,Rukira,Kibatsi,Rubagabaga
66d9c3950bc303fcbe4d19ed,Eastern,Ngoma,Rukira,Nyinya,Cyabayagara
66d9c3950bc303fcbe4d19f4,Eastern,Ngoma,Rukira,Nyinya,Rwagakobe
66d9c3950bc303fcbe4d19f9,Eastern,Ngoma,Rukumberi,Gituza,Mfune
66d9c3950bc303fcbe4d1a05,Eastern,Ngoma,Rukumberi,Rubago,Rubago
66d9c3950bc303fcbe4d1a12,Eastern,Ngoma,Rurenge,Akagarama,Mukibimba
66d9c3950bc303fcbe4d1a13,Eastern,Ngoma,Rurenge,Akagarama,Rwanyamuhinda
66d9c3950bc303fcbe4d19f1,Eastern,Ngoma,Rukira,Nyinya,Mirambi
66d9c3950bc303fcbe4d1a23,Eastern,Ngoma,Rurenge,Rugese,Kamwiru
66d9c3950bc303fcbe4d1a22,Eastern,Ngoma,Rurenge,Rugese,Kajevuba
66d9c3950bc303fcbe4d1a29,Eastern,Ngoma,Rurenge,Rujambara,Akarambaraye
66d9c3950bc303fcbe4d1a33,Eastern,Ngoma,Rurenge,Rwikubo,Kivugangoma
66d9c3950bc303fcbe4d1a2b,Eastern,Ngoma,Rurenge,Rujambara,Mashyoza
66d9c3950bc303fcbe4d1a39,Eastern,Ngoma,Sake,Gafunzo,Isovu
66d9c3950bc303fcbe4d1a3f,Eastern,Ngoma,Sake,Gafunzo,Rwanyabiranga
66d9c3950bc303fcbe4d1a44,Eastern,Ngoma,Sake,Kibonde,Murama
66d9c3950bc303fcbe4d1a4d,Eastern,Ngoma,Sake,Nkanga,Kanazi
66d9c3950bc303fcbe4d1a1f,Eastern,Ngoma,Rurenge,Musya,Karama
66d9c3950bc303fcbe4d1a30,Eastern,Ngoma,Rurenge,Rwikubo,Amashya
66d9c3950bc303fcbe4d1a42,Eastern,Ngoma,Sake,Kibonde,Karenge
66d9c3950bc303fcbe4d1a58,Eastern,Ngoma,Zaza,Nyagasozi,Agatare
66d9c3950bc303fcbe4d1a5c,Eastern,Ngoma,Zaza,Nyagasozi,Ikiyovu
66d9c3950bc303fcbe4d1a63,Eastern,Ngoma,Zaza,Nyagatugunda,Akanyinya
66d9c3950bc303fcbe4d1a68,Eastern,Ngoma,Zaza,Nyagatugunda,Jyambere
66d9c3950bc303fcbe4d1a72,Eastern,Ngoma,Zaza,Nyagatugunda,Rugarama
66d9c3950bc303fcbe4d1a75,Eastern,Ngoma,Zaza,Ruhembe,Agasave
66d9c3950bc303fcbe4d1a7b,Eastern,Ngoma,Zaza,Ruhembe,Makoma
66d9c3950bc303fcbe4d1a7e,Eastern,Ngoma,Zaza,Ruhembe,Nyaruteja
66d9c3950bc303fcbe4d1a61,Eastern,Ngoma,Zaza,Nyagasozi,Rwimbirwa
66d9c3950bc303fcbe4d1a77,Eastern,Ngoma,Zaza,Ruhembe,Kabeza
66d9c3950bc303fcbe4d1a7c,Eastern,Ngoma,Zaza,Ruhembe,Mpembwe
66d9c3950bc303fcbe4d1a5d,Eastern,Ngoma,Zaza,Nyagasozi,Irebero
66d9c3950bc303fcbe4d1a5e,Eastern,Ngoma,Zaza,Nyagasozi,Isanganiro
66d9c3950bc303fcbe4d1a62,Eastern,Ngoma,Zaza,Nyagasozi,Sugira
66d9c3950bc303fcbe4d1a67,Eastern,Ngoma,Zaza,Nyagatugunda,Itonero
66d9c3950bc303fcbe4d1887,Eastern,Kirehe,Nyamugari,Nyamugari,Ihuriro
66d9c3950bc303fcbe4d1889,Eastern,Kirehe,Nyamugari,Nyamugari,Kabeza
66d9c3950bc303fcbe4d189a,Eastern,Kirehe,Nyarubuye,Mareba,Nyacyonga I
66d9c3950bc303fcbe4d18a9,Eastern,Kirehe,Nyarubuye,Nyabitare,Rwamagana
66d9c3950bc303fcbe4d18bb,Eastern,Ngoma,Gashanda,Cyerwa,Ruyema I
66d9c3950bc303fcbe4d18c6,Eastern,Ngoma,Gashanda,Munege,Rugarama
66d9c3950bc303fcbe4d18ad,Eastern,Kirehe,Nyarubuye,Nyarutunga,Kagorogoro
66d9c3950bc303fcbe4d18a0,Eastern,Kirehe,Nyarubuye,Nyabitare,Kazizi
66d9c3950bc303fcbe4d18b1,Eastern,Kirehe,Nyarubuye,Nyarutunga,Nyarubuye Ii
66d9c3950bc303fcbe4d18b2,Eastern,Kirehe,Nyarubuye,Nyarutunga,Nyarutunga
66d9c3950bc303fcbe4d18bc,Eastern,Ngoma,Gashanda,Cyerwa,Ruyema Ii
66d9c3950bc303fcbe4d18bd,Eastern,Ngoma,Gashanda,Giseri,Kibimba
66d9c3950bc303fcbe4d18c7,Eastern,Ngoma,Gashanda,Mutsindo,Cyanama
66d9c3950bc303fcbe4d1899,Eastern,Kirehe,Nyarubuye,Mareba,Kaziba Ii
66d9c3950bc303fcbe4d18a5,Eastern,Kirehe,Nyarubuye,Nyabitare,Nyabitare
66d9c3950bc303fcbe4d18ab,Eastern,Kirehe,Nyarubuye,Nyarutunga,Bugarura
66d9c3950bc303fcbe4d18ac,Eastern,Kirehe,Nyarubuye,Nyarutunga,Kagabiro
66d9c3950bc303fcbe4d18ae,Eastern,Kirehe,Nyarubuye,Nyarutunga,Nkakwa
66d9c3950bc303fcbe4d18c1,Eastern,Ngoma,Gashanda,Giseri,Rwambohero
66d9c3950bc303fcbe4d18c5,Eastern,Ngoma,Gashanda,Munege,Nyagasenga
66d9c3950bc303fcbe4d18ed,Eastern,Ngoma,Jarama,Kibimba,Murama
66d9c3950bc303fcbe4d1904,Eastern,Ngoma,Karembo,Karaba,Mungoro
66d9c3950bc303fcbe4d190f,Eastern,Ngoma,Karembo,Nyamirambo,Mumahoro
66d9c3950bc303fcbe4d18d9,Eastern,Ngoma,Jarama,Jarama,Duterimbere
66d9c3950bc303fcbe4d18f4,Eastern,Ngoma,Jarama,Kigoma,Mubaha
66d9c3950bc303fcbe4d18f5,Eastern,Ngoma,Jarama,Kigoma,Ramba
66d9c3950bc303fcbe4d18f6,Eastern,Ngoma,Jarama,Kigoma,Remera
66d9c3950bc303fcbe4d1909,Eastern,Ngoma,Karembo,Nyamirambo,Gashekasheke Ii
66d9c3950bc303fcbe4d1913,Eastern,Ngoma,Kazo,Birenga,Karisizo
66d9c3950bc303fcbe4d18db,Eastern,Ngoma,Jarama,Jarama,Twizerane
66d9c3950bc303fcbe4d18e3,Eastern,Ngoma,Jarama,Karenge,Kavumu
66d9c3950bc303fcbe4d18f2,Eastern,Ngoma,Jarama,Kigoma,Kigoma
66d9c3950bc303fcbe4d1916,Eastern,Ngoma,Kazo,Birenga,Nyakagezi
66d9c3950bc303fcbe4d191e,Eastern,Ngoma,Kazo,Karama,Mpandu
66d9c3950bc303fcbe4d1928,Eastern,Ngoma,Kibungo,Cyasemakamba,Amarembo
66d9c3950bc303fcbe4d1929,Eastern,Ngoma,Kibungo,Cyasemakamba,Bwiza
66d9c3950bc303fcbe4d193a,Eastern,Ngoma,Kibungo,Karenge,Amahoro
66d9c3950bc303fcbe4d191f,Eastern,Ngoma,Kazo,Karama,Rango
66d9c3950bc303fcbe4d1920,Eastern,Ngoma,Kazo,Kinyonzo,Amabumba
66d9c3950bc303fcbe4d1926,Eastern,Ngoma,Kazo,Umukamba,Kazo
66d9c3950bc303fcbe4d193b,Eastern,Ngoma,Kibungo,Karenge,Gatare
66d9c3950bc303fcbe4d193f,Eastern,Ngoma,Kibungo,Karenge,Musamvu
66d9c3950bc303fcbe4d1946,Eastern,Ngoma,Kibungo,Mahango,Ruhinga
66d9c3950bc303fcbe4d1952,Eastern,Ngoma,Mugesera,Mugatare,Kumunini
66d9c3950bc303fcbe4d194f,Eastern,Ngoma,Mugesera,Mugatare,Ikibinge
66d9c3950bc303fcbe4d1954,Eastern,Ngoma,Mugesera,Mugatare,Mumurenge
66d9c3950bc303fcbe4d1927,Eastern,Ngoma,Kazo,Umukamba,Umukamba
66d9c3950bc303fcbe4d192c,Eastern,Ngoma,Kibungo,Cyasemakamba,Kiruhura
66d9c3950bc303fcbe4d193c,Eastern,Ngoma,Kibungo,Karenge,Ihuriro
66d9c3950bc303fcbe4d1942,Eastern,Ngoma,Kibungo,Mahango,Kabimba
66d9c3950bc303fcbe4d1949,Eastern,Ngoma,Mugesera,Akabungo,Kinihira
66d9c3950bc303fcbe4d1991,Eastern,Ngoma,Murama,Sakara,Nyagataba
66d9c3950bc303fcbe4d1961,Eastern,Ngoma,Mugesera,Nyamugari,Rwarutare
66d9c3950bc303fcbe4d1972,Eastern,Ngoma,Murama,Kigabiro,Kaboza
66d9c3950bc303fcbe4d1978,Eastern,Ngoma,Murama,Mvumba,Kibimba
66d9c3950bc303fcbe4d197c,Eastern,Ngoma,Murama,Mvumba,Nyarwanya
66d9c3950bc303fcbe4d1981,Eastern,Ngoma,Murama,Rurenge,Gitaba
66d9c3950bc303fcbe4d1982,Eastern,Ngoma,Murama,Rurenge,Kabeza
66d9c3950bc303fcbe4d198c,Eastern,Ngoma,Murama,Sakara,Kabahushi
66d9c3950bc303fcbe4d198e,Eastern,Ngoma,Murama,Sakara,Kavumu
66d9c3950bc303fcbe4d1992,Eastern,Ngoma,Murama,Sakara,Nyamirembe
66d9c3950bc303fcbe4d1994,Eastern,Ngoma,Murama,Sakara,Sagatare
66d9c3950bc303fcbe4d1959,Eastern,Ngoma,Mugesera,Ntanga,Ikiyovu
66d9c3950bc303fcbe4d1965,Eastern,Ngoma,Mugesera,Nyange,Ntarama
66d9c3950bc303fcbe4d196d,Eastern,Ngoma,Murama,Gitaraga,Nyagahura
66d9c3950bc303fcbe4d197e,Eastern,Ngoma,Murama,Rurenge,Gashanda
66d9c3950bc303fcbe4d1983,Eastern,Ngoma,Murama,Rurenge,Kambuto
66d9c3950bc303fcbe4d1985,Eastern,Ngoma,Murama,Rurenge,Kaziba
66d9c3950bc303fcbe4d198d,Eastern,Ngoma,Murama,Sakara,Kakahi
66d9c3950bc303fcbe4d1995,Eastern,Ngoma,Murama,Sakara,Urubare
66d9c3950bc303fcbe4d1963,Eastern,Ngoma,Mugesera,Nyange,Agatare
66d9c3950bc303fcbe4d1969,Eastern,Ngoma,Mugesera,Nyange,Rwamibari
66d9c3950bc303fcbe4d1975,Eastern,Ngoma,Murama,Kigabiro,Mutara
66d9c3950bc303fcbe4d198b,Eastern,Ngoma,Murama,Sakara,Gatonde
66d9c3950bc303fcbe4d1996,Eastern,Ngoma,Mutenderi,Karwema,Cyanamo
66d9c3950bc303fcbe4d19a6,Eastern,Ngoma,Mutenderi,Muzingira,Rwakandari
66d9c3950bc303fcbe4d19bb,Eastern,Ngoma,Remera,Kinunga,Nyarugenge
66d9c3950bc303fcbe4d19bc,Eastern,Ngoma,Remera,Kinunga,Urusagara
66d9c3950bc303fcbe4d1999,Eastern,Ngoma,Mutenderi,Karwema,Musenyi
66d9c3950bc303fcbe4d19a8,Eastern,Ngoma,Mutenderi,Muzingira,Umuyange
66d9c3950bc303fcbe4d19aa,Eastern,Ngoma,Mutenderi,Nyagasozi,Nyamirindi
66d9c3950bc303fcbe4d19af,Eastern,Ngoma,Remera,Bugera,Kabeza
66d9c3950bc303fcbe4d19be,Eastern,Ngoma,Remera,Ndekwe,Icyakabiri
66d9c3950bc303fcbe4d1998,Eastern,Ngoma,Mutenderi,Karwema,Meraneza
66d9c3950bc303fcbe4d19a9,Eastern,Ngoma,Mutenderi,Nyagasozi,Nyagasozi
66d9c3950bc303fcbe4d19cb,Eastern,Ngoma,Remera,Nyamagana,Ryinteko
66d9c3950bc303fcbe4d19cc,Eastern,Ngoma,Remera,Nyamagana,Tonero
66d9c3950bc303fcbe4d19cf,Eastern,Ngoma,Rukira,Buliba,Kabeza
66d9c3950bc303fcbe4d19d1,Eastern,Ngoma,Rukira,Buliba,Kibande
66d9c3950bc303fcbe4d19d2,Eastern,Ngoma,Rukira,Buliba,Kibimba
66d9c3950bc303fcbe4d19d9,Eastern,Ngoma,Rukira,Kibatsi,Bweranka
66d9c3950bc303fcbe4d19dd,Eastern,Ngoma,Rukira,Kibatsi,Kibimba
66d9c3950bc303fcbe4d19e3,Eastern,Ngoma,Rukira,Kibatsi,Rwanyineka
66d9c3950bc303fcbe4d19de,Eastern,Ngoma,Rukira,Kibatsi,Korandebe
66d9c3950bc303fcbe4d19f3,Eastern,Ngoma,Rukira,Nyinya,Ruhama
66d9c3950bc303fcbe4d1a02,Eastern,Ngoma,Rukumberi,Rubago,Kavumve
66d9c3950bc303fcbe4d1a0e,Eastern,Ngoma,Rukumberi,Rwintashya,Rwimpongo I
66d9c3950bc303fcbe4d1a17,Eastern,Ngoma,Rurenge,Muhurire,Agatonero
66d9c3950bc303fcbe4d19e0,Eastern,Ngoma,Rukira,Kibatsi,Nyamabuye
66d9c3950bc303fcbe4d19f0,Eastern,Ngoma,Rukira,Nyinya,Kibimba
66d9c3950bc303fcbe4d1a15,Eastern,Ngoma,Rurenge,Akagarama,Urugazi
66d9c3950bc303fcbe4d19da,Eastern,Ngoma,Rukira,Kibatsi,Gahushyi
66d9c3950bc303fcbe4d19ec,Eastern,Ngoma,Rukira,Nyaruvumu,Terimbere
66d9c3950bc303fcbe4d1a07,Eastern,Ngoma,Rukumberi,Rubona,Maswa I
66d9c3950bc303fcbe4d1a0a,Eastern,Ngoma,Rukumberi,Rubona,Rugenda Ii
66d9c3950bc303fcbe4d1a55,Eastern,Ngoma,Sake,Rukoma,Nyakariba
66d9c3950bc303fcbe4d1a1a,Eastern,Ngoma,Rurenge,Muhurire,Gitobe
66d9c3950bc303fcbe4d1a1b,Eastern,Ngoma,Rurenge,Muhurire,Nyamata
66d9c3950bc303fcbe4d1a32,Eastern,Ngoma,Rurenge,Rwikubo,Kigarama
66d9c3950bc303fcbe4d1a3b,Eastern,Ngoma,Sake,Gafunzo,Kumurenge
66d9c3950bc303fcbe4d1a47,Eastern,Ngoma,Sake,Kibonde,Umucyo
66d9c3950bc303fcbe4d1a51,Eastern,Ngoma,Sake,Rukoma,Isangano
66d9c3950bc303fcbe4d1a27,Eastern,Ngoma,Rurenge,Rugese,Rugarika
66d9c3950bc303fcbe4d1a2c,Eastern,Ngoma,Rurenge,Rujambara,Mbonwa
66d9c3950bc303fcbe4d1a37,Eastern,Ngoma,Sake,Gafunzo,Gatare
66d9c3950bc303fcbe4d1a38,Eastern,Ngoma,Sake,Gafunzo,Icyizanye
66d9c3950bc303fcbe4d1a41,Eastern,Ngoma,Sake,Kibonde,Kabare
66d9c3950bc303fcbe4d1a4c,Eastern,Ngoma,Sake,Nkanga,Iryarurengo
66d9c3950bc303fcbe4d1a4f,Eastern,Ngoma,Sake,Rukoma,Akagoma
66d9c3950bc303fcbe4d1a50,Eastern,Ngoma,Sake,Rukoma,Irebero
66d9c3950bc303fcbe4d1a56,Eastern,Ngoma,Sake,Rukoma,Nyarurembo
66d9c3950bc303fcbe4d1a65,Eastern,Ngoma,Zaza,Nyagatugunda,Cyerwa
66d9c3950bc303fcbe4d1a6b,Eastern,Ngoma,Zaza,Nyagatugunda,Kizenga
66d9c3950bc303fcbe4d1a6c,Eastern,Ngoma,Zaza,Nyagatugunda,Kumuyange
66d9c3950bc303fcbe4d1a6e,Eastern,Ngoma,Zaza,Nyagatugunda,Nyakabanda
66d9c3950bc303fcbe4d1a79,Eastern,Ngoma,Zaza,Ruhembe,Karenge
66d9c3950bc303fcbe4d1a59,Eastern,Ngoma,Zaza,Nyagasozi,Akabeza
66d9c3950bc303fcbe4d1a5b,Eastern,Ngoma,Zaza,Nyagasozi,Igifurere
66d9c3950bc303fcbe4d1a6a,Eastern,Ngoma,Zaza,Nyagatugunda,Kirira
66d9c3950bc303fcbe4d1a6d,Eastern,Ngoma,Zaza,Nyagatugunda,Nyagatugunda
66d9c3950bc303fcbe4d1a6f,Eastern,Ngoma,Zaza,Nyagatugunda,Nyakabande
66d9c3950bc303fcbe4d1a78,Eastern,Ngoma,Zaza,Ruhembe,Kacyiru
66d9c3950bc303fcbe4d185c,Eastern,Kirehe,Nyamugari,Bukora,Remanyundo
66d9c3950bc303fcbe4d187c,Eastern,Kirehe,Nyamugari,Kiyanzi,Karembo
66d9c3950bc303fcbe4d1888,Eastern,Kirehe,Nyamugari,Nyamugari,Isangano
66d9c3950bc303fcbe4d188d,Eastern,Kirehe,Nyamugari,Nyamugari,Muramba
66d9c3950bc303fcbe4d188e,Eastern,Kirehe,Nyamugari,Nyamugari,Nyagahama
66d9c3950bc303fcbe4d189b,Eastern,Kirehe,Nyarubuye,Mareba,Nyacyonga Ii
66d9c3950bc303fcbe4d189f,Eastern,Kirehe,Nyarubuye,Nyabitare,Bicumbi
66d9c3950bc303fcbe4d18cc,Eastern,Ngoma,Gashanda,Mutsindo,Nyamasare
66d9c3950bc303fcbe4d18a7,Eastern,Kirehe,Nyarubuye,Nyabitare,Nyamugari
66d9c3950bc303fcbe4d18b3,Eastern,Kirehe,Nyarubuye,Nyarutunga,Remera
66d9c3950bc303fcbe4d18be,Eastern,Ngoma,Gashanda,Giseri,Murambi
66d9c3950bc303fcbe4d18cd,Eastern,Ngoma,Gashanda,Mutsindo,Rwakavuna
66d9c3950bc303fcbe4d18ce,Eastern,Ngoma,Gashanda,Mutsindo,Rwinkuba
66d9c3950bc303fcbe4d189c,Eastern,Kirehe,Nyarubuye,Mareba,Nyamateke
66d9c3950bc303fcbe4d18a1,Eastern,Kirehe,Nyarubuye,Nyabitare,Kazizi Ii
66d9c3950bc303fcbe4d18b5,Eastern,Kirehe,Nyarubuye,Nyarutunga,Rutunga
66d9c3950bc303fcbe4d18b6,Eastern,Ngoma,Gashanda,Cyerwa,    
66d9c3950bc303fcbe4d18cb,Eastern,Ngoma,Gashanda,Mutsindo,Nyakarambo
66d9c3950bc303fcbe4d18d1,Eastern,Ngoma,Jarama,Ihanika,Kabonero
66d9c3950bc303fcbe4d18d4,Eastern,Ngoma,Jarama,Ihanika,Nyamugari
66d9c3950bc303fcbe4d18d5,Eastern,Ngoma,Jarama,Ihanika,Umuka
66d9c3950bc303fcbe4d18ba,Eastern,Ngoma,Gashanda,Cyerwa,Nyamugali
66d9c3950bc303fcbe4d18c0,Eastern,Ngoma,Gashanda,Giseri,Rubambantare
66d9c3950bc303fcbe4d18d7,Eastern,Ngoma,Jarama,Jarama,Akabeza
66d9c3950bc303fcbe4d190d,Eastern,Ngoma,Karembo,Nyamirambo,Kivugangoma I
66d9c3950bc303fcbe4d18df,Eastern,Ngoma,Jarama,Karenge,Akajevuba
66d9c3950bc303fcbe4d18ee,Eastern,Ngoma,Jarama,Kibimba,Uruhuha
66d9c3950bc303fcbe4d18f0,Eastern,Ngoma,Jarama,Kigoma,Icyurusambu
66d9c3950bc303fcbe4d1902,Eastern,Ngoma,Karembo,Akaziba,Umuyange
66d9c3950bc303fcbe4d1908,Eastern,Ngoma,Karembo,Nyamirambo,Gashekasheke I
66d9c3950bc303fcbe4d190e,Eastern,Ngoma,Karembo,Nyamirambo,Kivugangoma Ii
66d9c3950bc303fcbe4d18e4,Eastern,Ngoma,Jarama,Karenge,Korandebe
66d9c3950bc303fcbe4d18e8,Eastern,Ngoma,Jarama,Karenge,Shirinyota
66d9c3950bc303fcbe4d18fa,Eastern,Ngoma,Karembo,Akaziba,Kukabeza
66d9c3950bc303fcbe4d18fb,Eastern,Ngoma,Karembo,Akaziba,Ngara
66d9c3950bc303fcbe4d18ff,Eastern,Ngoma,Karembo,Akaziba,Rurenge
66d9c3950bc303fcbe4d1903,Eastern,Ngoma,Karembo,Karaba,Kigobe
66d9c3950bc303fcbe4d190a,Eastern,Ngoma,Karembo,Nyamirambo,Gitaraga
66d9c3950bc303fcbe4d1914,Eastern,Ngoma,Kazo,Birenga,Murindwa
66d9c3950bc303fcbe4d1915,Eastern,Ngoma,Kazo,Birenga,Murusenyi
66d9c3950bc303fcbe4d18f3,Eastern,Ngoma,Jarama,Kigoma,Meraneza
66d9c3950bc303fcbe4d18fd,Eastern,Ngoma,Karembo,Akaziba,Rubumba
66d9c3950bc303fcbe4d190b,Eastern,Ngoma,Karembo,Nyamirambo,Kanama
66d9c3950bc303fcbe4d1910,Eastern,Ngoma,Karembo,Nyamirambo,Murambi
66d9c3950bc303fcbe4d191a,Eastern,Ngoma,Kazo,Gahurire,Umuyange
66d9c3950bc303fcbe4d1924,Eastern,Ngoma,Kazo,Umukamba,Akabaya
66d9c3950bc303fcbe4d192d,Eastern,Ngoma,Kibungo,Cyasemakamba,Rubimba
66d9c3950bc303fcbe4d192e,Eastern,Ngoma,Kibungo,Gahima,Gasoro
66d9c3950bc303fcbe4d193d,Eastern,Ngoma,Kibungo,Karenge,Isangano
66d9c3950bc303fcbe4d1944,Eastern,Ngoma,Kibungo,Mahango,Karambi
66d9c3950bc303fcbe4d194d,Eastern,Ngoma,Mugesera,Akabungo,Rwinkwavu
66d9c3950bc303fcbe4d194e,Eastern,Ngoma,Mugesera,Mugatare,Icocorero
66d9c3950bc303fcbe4d191b,Eastern,Ngoma,Kazo,Karama,Kabimba
66d9c3950bc303fcbe4d1921,Eastern,Ngoma,Kazo,Kinyonzo,Kibimba
66d9c3950bc303fcbe4d1938,Eastern,Ngoma,Kibungo,Gatonde,Nyakabungo
66d9c3950bc303fcbe4d1918,Eastern,Ngoma,Kazo,Gahurire,Rebero
66d9c3950bc303fcbe4d192f,Eastern,Ngoma,Kibungo,Gahima,Karenge
66d9c3950bc303fcbe4d1945,Eastern,Ngoma,Kibungo,Mahango,Rebezo
66d9c3950bc303fcbe4d1957,Eastern,Ngoma,Mugesera,Ntanga,Akabeza
66d9c3950bc303fcbe4d195a,Eastern,Ngoma,Mugesera,Ntanga,Murambi
66d9c3950bc303fcbe4d1967,Eastern,Ngoma,Mugesera,Nyange,Rugazi
66d9c3950bc303fcbe4d196f,Eastern,Ngoma,Murama,Gitaraga,Rukizi
66d9c3950bc303fcbe4d1976,Eastern,Ngoma,Murama,Kigabiro,Nyagasozi
66d9c3950bc303fcbe4d1987,Eastern,Ngoma,Murama,Rurenge,Muguruka
66d9c3950bc303fcbe4d188a,Eastern,Kirehe,Nyamugari,Nyamugari,Kamugarura
66d9c3950bc303fcbe4d189d,Eastern,Kirehe,Nyarubuye,Mareba,Rurenge I
66d9c3950bc303fcbe4d18a3,Eastern,Kirehe,Nyarubuye,Nyabitare,Ndabarekuye
66d9c3950bc303fcbe4d18b4,Eastern,Kirehe,Nyarubuye,Nyarutunga,Rubare
66d9c3950bc303fcbe4d18b9,Eastern,Ngoma,Gashanda,Cyerwa,Muyange
66d9c3950bc303fcbe4d18c2,Eastern,Ngoma,Gashanda,Giseri,Rwanyamigono
66d9c3950bc303fcbe4d18ca,Eastern,Ngoma,Gashanda,Mutsindo,Kirundo
66d9c3950bc303fcbe4d18d3,Eastern,Ngoma,Jarama,Ihanika,Kivugiza
66d9c3950bc303fcbe4d1898,Eastern,Kirehe,Nyarubuye,Mareba,Kaziba I
66d9c3950bc303fcbe4d189e,Eastern,Kirehe,Nyarubuye,Mareba,Rurenge Ii
66d9c3950bc303fcbe4d18aa,Eastern,Kirehe,Nyarubuye,Nyarutunga,Akirondo
66d9c3950bc303fcbe4d18bf,Eastern,Ngoma,Gashanda,Giseri,Nyagitabire
66d9c3950bc303fcbe4d18da,Eastern,Ngoma,Jarama,Jarama,Irarire
66d9c3950bc303fcbe4d18d8,Eastern,Ngoma,Jarama,Jarama,Dufatanye
66d9c3950bc303fcbe4d18f9,Eastern,Ngoma,Karembo,Akaziba,Iperu
66d9c3950bc303fcbe4d1901,Eastern,Ngoma,Karembo,Akaziba,Umusebeya
66d9c3950bc303fcbe4d1907,Eastern,Ngoma,Karembo,Karaba,Urutare
66d9c3950bc303fcbe4d18dc,Eastern,Ngoma,Jarama,Jarama,Ubumwe
66d9c3950bc303fcbe4d18e5,Eastern,Ngoma,Jarama,Karenge,Nyamirambo
66d9c3950bc303fcbe4d18ec,Eastern,Ngoma,Jarama,Kibimba,Ibabiri
66d9c3950bc303fcbe4d18ef,Eastern,Ngoma,Jarama,Kibimba,Urukomo
66d9c3950bc303fcbe4d18f7,Eastern,Ngoma,Jarama,Kigoma,Vunga
66d9c3950bc303fcbe4d18fc,Eastern,Ngoma,Karembo,Akaziba,Nyagasozi
66d9c3950bc303fcbe4d1906,Eastern,Ngoma,Karembo,Karaba,Umurehe
66d9c3950bc303fcbe4d1917,Eastern,Ngoma,Kazo,Gahurire,Itambiro
66d9c3950bc303fcbe4d18dd,Eastern,Ngoma,Jarama,Karenge,Akabuga
66d9c3950bc303fcbe4d18e6,Eastern,Ngoma,Jarama,Karenge,Nyarurembo
66d9c3950bc303fcbe4d18e7,Eastern,Ngoma,Jarama,Karenge,Rusenyi
66d9c3950bc303fcbe4d18f1,Eastern,Ngoma,Jarama,Kigoma,Iramiro
66d9c3950bc303fcbe4d18fe,Eastern,Ngoma,Karembo,Akaziba,Rukizi
66d9c3950bc303fcbe4d1905,Eastern,Ngoma,Karembo,Karaba,Rusumbantwari
66d9c3950bc303fcbe4d190c,Eastern,Ngoma,Karembo,Nyamirambo,Karibu
66d9c3950bc303fcbe4d1919,Eastern,Ngoma,Kazo,Gahurire,Rugenge
66d9c3950bc303fcbe4d1932,Eastern,Ngoma,Kibungo,Gahima,Rutovu
66d9c3950bc303fcbe4d1937,Eastern,Ngoma,Kibungo,Gatonde,Nyagatovu
66d9c3950bc303fcbe4d1943,Eastern,Ngoma,Kibungo,Mahango,Kacyiru
66d9c3950bc303fcbe4d1953,Eastern,Ngoma,Mugesera,Mugatare,Kumuyange
66d9c3950bc303fcbe4d1947,Eastern,Ngoma,Mugesera,Akabungo,Agakindo
66d9c3950bc303fcbe4d191c,Eastern,Ngoma,Kazo,Karama,Kagusa
66d9c3950bc303fcbe4d191d,Eastern,Ngoma,Kazo,Karama,Karenge
66d9c3950bc303fcbe4d1923,Eastern,Ngoma,Kazo,Kinyonzo,Tunduti
66d9c3950bc303fcbe4d192a,Eastern,Ngoma,Kibungo,Cyasemakamba,Gatoro
66d9c3950bc303fcbe4d1936,Eastern,Ngoma,Kibungo,Gatonde,Nyagakizi
66d9c3950bc303fcbe4d1948,Eastern,Ngoma,Mugesera,Akabungo,Akabingo
66d9c3950bc303fcbe4d194c,Eastern,Ngoma,Mugesera,Akabungo,Rurenge
66d9c3950bc303fcbe4d1955,Eastern,Ngoma,Mugesera,Mugatare,Rwamenyo
66d9c3950bc303fcbe4d1933,Eastern,Ngoma,Kibungo,Gahima,Rwamihuro
66d9c3950bc303fcbe4d194b,Eastern,Ngoma,Mugesera,Akabungo,Rugarama
66d9c3950bc303fcbe4d1958,Eastern,Ngoma,Mugesera,Ntanga,Akinteko
66d9c3950bc303fcbe4d195c,Eastern,Ngoma,Mugesera,Ntanga,Urukoki
66d9c3950bc303fcbe4d195f,Eastern,Ngoma,Mugesera,Nyamugari,Kimanama
66d9c3950bc303fcbe4d1973,Eastern,Ngoma,Murama,Kigabiro,Kigabiro
66d9c3950bc303fcbe4d1977,Eastern,Ngoma,Murama,Mvumba,Gitesanyi
66d9c3950bc303fcbe4d197b,Eastern,Ngoma,Murama,Mvumba,Nyakagezi
66d9c3950bc303fcbe4d1980,Eastern,Ngoma,Murama,Rurenge,Gatoma
66d9c3950bc303fcbe4d1984,Eastern,Ngoma,Murama,Rurenge,Kanyinya
66d9c3950bc303fcbe4d1968,Eastern,Ngoma,Mugesera,Nyange,Rusave
66d9c3950bc303fcbe4d196a,Eastern,Ngoma,Murama,Gitaraga,Gitaraga
66d9c3950bc303fcbe4d197a,Eastern,Ngoma,Murama,Mvumba,Mvumba
66d9c3950bc303fcbe4d1966,Eastern,Ngoma,Mugesera,Nyange,Nunga
66d9c3950bc303fcbe4d1993,Eastern,Ngoma,Murama,Sakara,Rwabuconco
66d9c3950bc303fcbe4d1997,Eastern,Ngoma,Mutenderi,Karwema,Gitesanyi
66d9c3950bc303fcbe4d199d,Eastern,Ngoma,Mutenderi,Kibare,Rwakaza
66d9c3950bc303fcbe4d19b4,Eastern,Ngoma,Remera,Bugera,Nkenke
66d9c3950bc303fcbe4d1989,Eastern,Ngoma,Murama,Rurenge,Ruvuzi
66d9c3950bc303fcbe4d1990,Eastern,Ngoma,Murama,Sakara,Mukibara
66d9c3950bc303fcbe4d196e,Eastern,Ngoma,Murama,Gitaraga,Nyakabanga
66d9c3950bc303fcbe4d1974,Eastern,Ngoma,Murama,Kigabiro,Murutare
66d9c3950bc303fcbe4d1979,Eastern,Ngoma,Murama,Mvumba,Kiyagara
66d9c3950bc303fcbe4d1986,Eastern,Ngoma,Murama,Rurenge,Kurutare
66d9c3950bc303fcbe4d198a,Eastern,Ngoma,Murama,Rurenge,Ruzinga
66d9c3950bc303fcbe4d195e,Eastern,Ngoma,Mugesera,Nyamugari,Gishandaro
66d9c3950bc303fcbe4d19c0,Eastern,Ngoma,Remera,Ndekwe,Ruhuha
66d9c3950bc303fcbe4d19c5,Eastern,Ngoma,Remera,Nyamagana,Kaguruka
66d9c3950bc303fcbe4d199b,Eastern,Ngoma,Mutenderi,Kibare,Mutukura
66d9c3950bc303fcbe4d199e,Eastern,Ngoma,Mutenderi,Kibare,Rwankamba
66d9c3950bc303fcbe4d199f,Eastern,Ngoma,Mutenderi,Mutenderi,Agatonde
66d9c3950bc303fcbe4d19a0,Eastern,Ngoma,Mutenderi,Mutenderi,Akarimbu
66d9c3950bc303fcbe4d19a3,Eastern,Ngoma,Mutenderi,Mutenderi,Tonero
66d9c3950bc303fcbe4d19bf,Eastern,Ngoma,Remera,Ndekwe,Rugando
66d9c3950bc303fcbe4d19c2,Eastern,Ngoma,Remera,Ndekwe,Rwamutabazi
66d9c3950bc303fcbe4d19c9,Eastern,Ngoma,Remera,Nyamagana,Rubimba
66d9c3950bc303fcbe4d19ce,Eastern,Ngoma,Rukira,Buliba,Gatare
66d9c3950bc303fcbe4d19d0,Eastern,Ngoma,Rukira,Buliba,Kanzenze
66d9c3950bc303fcbe4d19d5,Eastern,Ngoma,Rukira,Buliba,Rwakimanzi
66d9c3950bc303fcbe4d19d6,Eastern,Ngoma,Rukira,Buliba,Rwavuguta
66d9c3950bc303fcbe4d199c,Eastern,Ngoma,Mutenderi,Kibare,Ndarage
66d9c3950bc303fcbe4d19b0,Eastern,Ngoma,Remera,Bugera,Kiyovu
66d9c3950bc303fcbe4d19b8,Eastern,Ngoma,Remera,Kinunga,Kamvumba
66d9c3950bc303fcbe4d19c3,Eastern,Ngoma,Remera,Nyamagana,Bukiranzuki
66d9c3950bc303fcbe4d19d3,Eastern,Ngoma,Rukira,Buliba,Rugaragara
66d9c3950bc303fcbe4d19d7,Eastern,Ngoma,Rukira,Buliba,Sangano
66d9c3950bc303fcbe4d19eb,Eastern,Ngoma,Rukira,Nyaruvumu,Rugenge
66d9c3950bc303fcbe4d19f6,Eastern,Ngoma,Rukira,Nyinya,Rwamukobwa
66d9c3950bc303fcbe4d19f8,Eastern,Ngoma,Rukumberi,Gituza,Gituza
66d9c3950bc303fcbe4d1a00,Eastern,Ngoma,Rukumberi,Ntovi,Rwamibabi
66d9c3950bc303fcbe4d19e5,Eastern,Ngoma,Rukira,Nyaruvumu,Amahoro
66d9c3950bc303fcbe4d19e7,Eastern,Ngoma,Rukira,Nyaruvumu,Gafunzo
66d9c3950bc303fcbe4d19ee,Eastern,Ngoma,Rukira,Nyinya,Kabimba
66d9c3950bc303fcbe4d19ef,Eastern,Ngoma,Rukira,Nyinya,Karuruma
66d9c3950bc303fcbe4d19f5,Eastern,Ngoma,Rukira,Nyinya,Rwagishanga
66d9c3950bc303fcbe4d1a03,Eastern,Ngoma,Rukumberi,Rubago,Nyagakizi
66d9c3950bc303fcbe4d1a04,Eastern,Ngoma,Rukumberi,Rubago,Nyagitabire
66d9c3950bc303fcbe4d1a0b,Eastern,Ngoma,Rukumberi,Rubona,Ruyenzi I
66d9c3950bc303fcbe4d1a0c,Eastern,Ngoma,Rukumberi,Rwintashya,Bare
66d9c3950bc303fcbe4d1a0d,Eastern,Ngoma,Rukumberi,Rwintashya,Karokora
66d9c3950bc303fcbe4d1a11,Eastern,Ngoma,Rurenge,Akagarama,Kuwimana
66d9c3950bc303fcbe4d1a14,Eastern,Ngoma,Rurenge,Akagarama,Umurambi
66d9c3950bc303fcbe4d19e2,Eastern,Ngoma,Rukira,Kibatsi,Rusenyi
66d9c3950bc303fcbe4d19e8,Eastern,Ngoma,Rukira,Nyaruvumu,Gatare
66d9c3950bc303fcbe4d19ff,Eastern,Ngoma,Rukumberi,Ntovi,Rukumberi
66d9c3950bc303fcbe4d1a53,Eastern,Ngoma,Sake,Rukoma,Musenyi
66d9c3950bc303fcbe4d1a20,Eastern,Ngoma,Rurenge,Musya,Runazi
66d9c3950bc303fcbe4d1a21,Eastern,Ngoma,Rurenge,Musya,Rwasaburo
66d9c3950bc303fcbe4d1a26,Eastern,Ngoma,Rurenge,Rugese,Nyamigende
66d9c3950bc303fcbe4d1a28,Eastern,Ngoma,Rurenge,Rugese,Rwakanuma
66d9c3950bc303fcbe4d1a2e,Eastern,Ngoma,Rurenge,Rujambara,Urusagara
66d9c3950bc303fcbe4d1a35,Eastern,Ngoma,Rurenge,Rwikubo,Rwaromba
66d9c3950bc303fcbe4d1a36,Eastern,Ngoma,Sake,Gafunzo,Cyanika
66d9c3950bc303fcbe4d1a3a,Eastern,Ngoma,Sake,Gafunzo,Kiriko
66d9c3950bc303fcbe4d1a40,Eastern,Ngoma,Sake,Gafunzo,Rwumba
66d9c3950bc303fcbe4d1a4b,Eastern,Ngoma,Sake,Nkanga,Gisera
66d9c3950bc303fcbe4d1a1c,Eastern,Ngoma,Rurenge,Musya,Inteko
66d9c3950bc303fcbe4d1a1d,Eastern,Ngoma,Rurenge,Musya,Kabimba
66d9c3950bc303fcbe4d1a1e,Eastern,Ngoma,Rurenge,Musya,Kamugundu
66d9c3950bc303fcbe4d1a34,Eastern,Ngoma,Rurenge,Rwikubo,Ruhuha
66d9c3950bc303fcbe4d1a54,Eastern,Ngoma,Sake,Rukoma,Nyagasozi
66d9c3950bc303fcbe4d1a76,Eastern,Ngoma,Zaza,Ruhembe,Ituze
66d9c3950bc303fcbe4d19ba,Eastern,Ngoma,Remera,Kinunga,Murambi
66d9c3950bc303fcbe4d19d4,Eastern,Ngoma,Rukira,Buliba,Rurama
66d9c3950bc303fcbe4d19a1,Eastern,Ngoma,Mutenderi,Mutenderi,Cyanyunga
66d9c3950bc303fcbe4d19ad,Eastern,Ngoma,Remera,Bugera,Gatare
66d9c3950bc303fcbe4d19b1,Eastern,Ngoma,Remera,Bugera,Kumukiza
66d9c3950bc303fcbe4d19b2,Eastern,Ngoma,Remera,Bugera,Munini I
66d9c3950bc303fcbe4d19b5,Eastern,Ngoma,Remera,Bugera,Rubumba
66d9c3950bc303fcbe4d19c1,Eastern,Ngoma,Remera,Ndekwe,Rukore
66d9c3950bc303fcbe4d19cd,Eastern,Ngoma,Rukira,Buliba,Dagaza
66d9c3950bc303fcbe4d19a7,Eastern,Ngoma,Mutenderi,Muzingira,Shyagashya
66d9c3950bc303fcbe4d19ac,Eastern,Ngoma,Remera,Bugera,Gasebeya
66d9c3950bc303fcbe4d19b6,Eastern,Ngoma,Remera,Bugera,Rwesero
66d9c3950bc303fcbe4d19b7,Eastern,Ngoma,Remera,Kinunga,Kabeza
66d9c3950bc303fcbe4d19c7,Eastern,Ngoma,Remera,Nyamagana,Nyakabingo
66d9c3950bc303fcbe4d19d8,Eastern,Ngoma,Rukira,Kibatsi,Agatare
66d9c3950bc303fcbe4d19f7,Eastern,Ngoma,Rukumberi,Gituza,Gitesanyi
66d9c3950bc303fcbe4d19fd,Eastern,Ngoma,Rukumberi,Ntovi,Mugwato
66d9c3950bc303fcbe4d1a06,Eastern,Ngoma,Rukumberi,Rubona,Kagarama
66d9c3950bc303fcbe4d1a10,Eastern,Ngoma,Rukumberi,Rwintashya,Shyembe
66d9c3950bc303fcbe4d1a16,Eastern,Ngoma,Rurenge,Akagarama,Uruyenzi
66d9c3950bc303fcbe4d19e6,Eastern,Ngoma,Rukira,Nyaruvumu,Cyamahehe
66d9c3950bc303fcbe4d19f2,Eastern,Ngoma,Rukira,Nyinya,Rugarama
66d9c3950bc303fcbe4d19fc,Eastern,Ngoma,Rukumberi,Ntovi,Kigese
66d9c3950bc303fcbe4d1a09,Eastern,Ngoma,Rukumberi,Rubona,Rugenda I
66d9c3950bc303fcbe4d1a0f,Eastern,Ngoma,Rukumberi,Rwintashya,Rwimpongo Ii
66d9c3950bc303fcbe4d19ea,Eastern,Ngoma,Rukira,Nyaruvumu,Nyagataba
66d9c3950bc303fcbe4d19fa,Eastern,Ngoma,Rukumberi,Gituza,Ruyenzi
66d9c3950bc303fcbe4d1a01,Eastern,Ngoma,Rukumberi,Rubago,Akabungo
66d9c3950bc303fcbe4d1a08,Eastern,Ngoma,Rukumberi,Rubona,Maswa Ii
66d9c3950bc303fcbe4d19fb,Eastern,Ngoma,Rukumberi,Ntovi,Iyantende
66d9c3950bc303fcbe4d1a25,Eastern,Ngoma,Rurenge,Rugese,Kumunini
66d9c3950bc303fcbe4d1a2a,Eastern,Ngoma,Rurenge,Rujambara,Kabeza
66d9c3950bc303fcbe4d1a2d,Eastern,Ngoma,Rurenge,Rujambara,Nyabagaza
66d9c3950bc303fcbe4d1a2f,Eastern,Ngoma,Rurenge,Rwikubo,Akabakanda
66d9c3950bc303fcbe4d1a43,Eastern,Ngoma,Sake,Kibonde,Kidakama
66d9c3950bc303fcbe4d1a45,Eastern,Ngoma,Sake,Kibonde,Nkingi
66d9c3950bc303fcbe4d1a46,Eastern,Ngoma,Sake,Kibonde,Nyagasani
66d9c3950bc303fcbe4d1a48,Eastern,Ngoma,Sake,Nkanga,Agatare
66d9c3950bc303fcbe4d1a4a,Eastern,Ngoma,Sake,Nkanga,Bukokoza
66d9c3950bc303fcbe4d1a31,Eastern,Ngoma,Rurenge,Rwikubo,Kabashumba
66d9c3950bc303fcbe4d1a3c,Eastern,Ngoma,Sake,Gafunzo,Mabuga I
66d9c3950bc303fcbe4d1a3d,Eastern,Ngoma,Sake,Gafunzo,Mabuga Ii
66d9c3950bc303fcbe4d1a52,Eastern,Ngoma,Sake,Rukoma,Muminoga
66d9c3950bc303fcbe4d1a57,Eastern,Ngoma,Sake,Rukoma,Umukoni
66d9c3950bc303fcbe4d1a18,Eastern,Ngoma,Rurenge,Muhurire,Gashinya
66d9c3950bc303fcbe4d1a24,Eastern,Ngoma,Rurenge,Rugese,Kiyanja
66d9c3950bc303fcbe4d1a49,Eastern,Ngoma,Sake,Nkanga,Akabira
66d9c3950bc303fcbe4d1a4e,Eastern,Ngoma,Sake,Nkanga,Mizibiri
66d9c3950bc303fcbe4d1a19,Eastern,Ngoma,Rurenge,Muhurire,Gisunzu
66d9c3950bc303fcbe4d1a3e,Eastern,Ngoma,Sake,Gafunzo,Nyakagezi
66d9c3950bc303fcbe4d1a5f,Eastern,Ngoma,Zaza,Nyagasozi,Rubati
66d9c3950bc303fcbe4d1a64,Eastern,Ngoma,Zaza,Nyagatugunda,Amahoro
66d9c3950bc303fcbe4d1a69,Eastern,Ngoma,Zaza,Nyagatugunda,Kabonero
66d9c3950bc303fcbe4d1a71,Eastern,Ngoma,Zaza,Nyagatugunda,Rebero
66d9c3950bc303fcbe4d1a73,Eastern,Ngoma,Zaza,Nyagatugunda,Rushubi
66d9c3950bc303fcbe4d1a66,Eastern,Ngoma,Zaza,Nyagatugunda,Cyizihira
66d9c3950bc303fcbe4d1a70,Eastern,Ngoma,Zaza,Nyagatugunda,Nyarurembo
66d9c3950bc303fcbe4d1a60,Eastern,Ngoma,Zaza,Nyagasozi,Rwanshuro
66d9c3950bc303fcbe4d1a7a,Eastern,Ngoma,Zaza,Ruhembe,Kumunini
66d9c3950bc303fcbe4d1a74,Eastern,Ngoma,Zaza,Nyagatugunda,Rwezibamba
66d9c3950bc303fcbe4d1a7d,Eastern,Ngoma,Zaza,Ruhembe,Nyagahinga
66d9c3950bc303fcbe4d1a5a,Eastern,Ngoma,Zaza,Nyagasozi,Akabuga
66d9c3950bc303fcbe4d1a7f,Eastern,Ngoma,Zaza,Ruhembe,Rugarama
66d9c3960bc303fcbe4d1a80,Eastern,Ngoma,Zaza,Ruhembe,Rushubi
66d9c3960bc303fcbe4d1a89,Eastern,Ngoma,Zaza,Ruhinga,Nyakariba
66d9c3960bc303fcbe4d1aa4,Eastern,Bugesera,Gashora,Mwendo,Gisenyi
66d9c3960bc303fcbe4d1aad,Eastern,Bugesera,Gashora,Ramiro,Karusine Ii
66d9c3960bc303fcbe4d1aae,Eastern,Bugesera,Gashora,Ramiro,Migina
66d9c3960bc303fcbe4d1ab5,Eastern,Bugesera,Juru,Juru,Rugarama
66d9c3960bc303fcbe4d1ac3,Eastern,Bugesera,Juru,Mugorore,Murambi
66d9c3960bc303fcbe4d1acc,Eastern,Bugesera,Juru,Rwinume,Gisororo
66d9c3960bc303fcbe4d1ace,Eastern,Bugesera,Juru,Rwinume,Katarara
66d9c3960bc303fcbe4d1ae3,Eastern,Bugesera,Kamabuye,Kampeka,Masangano
66d9c3960bc303fcbe4d1ae6,Eastern,Bugesera,Kamabuye,Kampeka,Ndama
66d9c3960bc303fcbe4d1aef,Eastern,Bugesera,Kamabuye,Nyakayaga,Nyakayaga
66d9c3960bc303fcbe4d1af2,Eastern,Bugesera,Kamabuye,Tunda,Mububaya Ii
66d9c3960bc303fcbe4d1af4,Eastern,Bugesera,Kamabuye,Tunda,Rusibya
66d9c3960bc303fcbe4d1afa,Eastern,Bugesera,Mareba,Bushenyi,Bigaga
66d9c3960bc303fcbe4d1afc,Eastern,Bugesera,Mareba,Bushenyi,Cyantwari
66d9c3960bc303fcbe4d1afd,Eastern,Bugesera,Mareba,Bushenyi,Gasagara
66d9c3960bc303fcbe4d1afe,Eastern,Bugesera,Mareba,Bushenyi,Gitega
66d9c3960bc303fcbe4d1b03,Eastern,Bugesera,Mareba,Bushenyi,Mareba
66d9c3960bc303fcbe4d1b04,Eastern,Bugesera,Mareba,Bushenyi,Muyange
66d9c3960bc303fcbe4d1b0e,Eastern,Bugesera,Mareba,Gakomeye,Kanka
66d9c3960bc303fcbe4d1b12,Eastern,Bugesera,Mareba,Nyamigina,Kabeza
66d9c3960bc303fcbe4d1b1e,Eastern,Bugesera,Mareba,Rango,Kabuga
66d9c3960bc303fcbe4d1b27,Eastern,Bugesera,Mareba,Rugarama,Kayonza
66d9c3960bc303fcbe4d1b2b,Eastern,Bugesera,Mareba,Rugarama,Ruduha
66d9c3960bc303fcbe4d1b36,Eastern,Bugesera,Mayange,Kagenge,Gakindo
66d9c3960bc303fcbe4d1b45,Eastern,Bugesera,Mayange,Kibirizi,Gacyamo
66d9c3960bc303fcbe4d1b47,Eastern,Bugesera,Mayange,Kibirizi,Gisenyi
66d9c3960bc303fcbe4d1b4b,Eastern,Bugesera,Mayange,Kibirizi,Rwakibirizi
66d9c3960bc303fcbe4d1b54,Eastern,Bugesera,Musenyi,Gicaca,Gatare
66d9c3960bc303fcbe4d1b59,Eastern,Bugesera,Musenyi,Gicaca,Kidudu
66d9c3960bc303fcbe4d1b61,Eastern,Bugesera,Musenyi,Musenyi,Cyeru
66d9c3960bc303fcbe4d1b69,Eastern,Bugesera,Musenyi,Musenyi,Nyagasagara
66d9c3960bc303fcbe4d1b6a,Eastern,Bugesera,Musenyi,Musenyi,Rugando
66d9c3960bc303fcbe4d1b6c,Eastern,Bugesera,Musenyi,Nyagihunika,Gatoki
66d9c3960bc303fcbe4d1b73,Eastern,Bugesera,Musenyi,Nyagihunika,Rushubi
66d9c3960bc303fcbe4d1b75,Eastern,Bugesera,Musenyi,Rulindo,Kabeza
66d9c3960bc303fcbe4d1b77,Eastern,Bugesera,Musenyi,Rulindo,Kagunga
66d9c3960bc303fcbe4d1a90,Eastern,Bugesera,Gashora,Biryogo,Biryogo
66d9c3960bc303fcbe4d1ab9,Eastern,Bugesera,Juru,Kabukuba,Gikurazo
66d9c3960bc303fcbe4d1b35,Eastern,Bugesera,Mayange,Kagenge,Biryogo
66d9c3960bc303fcbe4d1b40,Eastern,Bugesera,Mayange,Kibenga,Kindonyi
66d9c3960bc303fcbe4d1b7c,Eastern,Bugesera,Musenyi,Rulindo,Nyamuri
66d9c3960bc303fcbe4d1b7e,Eastern,Bugesera,Musenyi,Rulindo,Runyonza
66d9c3960bc303fcbe4d1b84,Eastern,Bugesera,Mwogo,Bitaba,Rukoronko
66d9c3960bc303fcbe4d1b86,Eastern,Bugesera,Mwogo,Kagasa,Gisenyi
66d9c3960bc303fcbe4d1b8c,Eastern,Bugesera,Mwogo,Rugunga,Nyamabuye
66d9c3960bc303fcbe4d1ba2,Eastern,Bugesera,Ngeruka,Gihembe,Rusagara
66d9c3960bc303fcbe4d1baa,Eastern,Bugesera,Ngeruka,Murama,Gatanga
66d9c3960bc303fcbe4d1bac,Eastern,Bugesera,Ngeruka,Murama,Kagege
66d9c3960bc303fcbe4d1bb3,Eastern,Bugesera,Ngeruka,Murama,Rusamaza
66d9c3960bc303fcbe4d1bce,Eastern,Bugesera,Ngeruka,Rutonde,Rubirizi
66d9c3960bc303fcbe4d1bd2,Eastern,Bugesera,Ntarama,Cyugaro,Gatoro
66d9c3960bc303fcbe4d1bdd,Eastern,Bugesera,Ntarama,Kanzenze,Karumuna
66d9c3960bc303fcbe4d1bfb,Eastern,Bugesera,Nyamata,Maranyundo,Mukoma
66d9c3960bc303fcbe4d1c00,Eastern,Bugesera,Nyamata,Murama,Gataraga
66d9c3960bc303fcbe4d1c02,Eastern,Bugesera,Nyamata,Murama,Kasebigege
66d9c3960bc303fcbe4d1c04,Eastern,Bugesera,Nyamata,Murama,Kiyogoma
66d9c3960bc303fcbe4d1c0c,Eastern,Bugesera,Nyamata,Nyamata Y Umujyi,Gatare I
66d9c3960bc303fcbe4d1c2e,Eastern,Bugesera,Nyarugenge,Ngenda,Bushonyi
66d9c3960bc303fcbe4d1c35,Eastern,Bugesera,Nyarugenge,Ngenda,Rugasa
66d9c3960bc303fcbe4d1c3e,Eastern,Bugesera,Ririma,Kabeza,Bidenge
66d9c3960bc303fcbe4d1c43,Eastern,Bugesera,Ririma,Kabeza,Gasave
66d9c3960bc303fcbe4d1c45,Eastern,Bugesera,Ririma,Kabeza,Kabeza
66d9c3960bc303fcbe4d1a86,Eastern,Ngoma,Zaza,Ruhinga,Isangano
66d9c3960bc303fcbe4d1abf,Eastern,Bugesera,Juru,Mugorore,Cyirabo
66d9c3960bc303fcbe4d1ac4,Eastern,Bugesera,Juru,Mugorore,Rebero
66d9c3960bc303fcbe4d1af1,Eastern,Bugesera,Kamabuye,Tunda,Mububa I
66d9c3960bc303fcbe4d1b13,Eastern,Bugesera,Mareba,Nyamigina,Kabingo
66d9c3960bc303fcbe4d1b1b,Eastern,Bugesera,Mareba,Rango,Gatare
66d9c3960bc303fcbe4d1b24,Eastern,Bugesera,Mareba,Rango,Rwabikwano
66d9c3960bc303fcbe4d1b5b,Eastern,Bugesera,Musenyi,Gicaca,Ngarama
66d9c3960bc303fcbe4d1a94,Eastern,Bugesera,Gashora,Biryogo,Kanyonyomba
66d9c3960bc303fcbe4d1aab,Eastern,Bugesera,Gashora,Ramiro,Kagasa Ii
66d9c3960bc303fcbe4d1abb,Eastern,Bugesera,Juru,Kabukuba,Kamatongo
66d9c3960bc303fcbe4d1abc,Eastern,Bugesera,Juru,Kabukuba,Majanja
66d9c3960bc303fcbe4d1ac0,Eastern,Bugesera,Juru,Mugorore,Gatora
66d9c3960bc303fcbe4d1ad1,Eastern,Bugesera,Juru,Rwinume,Uwimpunga
66d9c3960bc303fcbe4d1ad2,Eastern,Bugesera,Kamabuye,Biharagu,Akanigo
66d9c3960bc303fcbe4d1adc,Eastern,Bugesera,Kamabuye,Burenge,Nyabyondo
66d9c3960bc303fcbe4d1ae9,Eastern,Bugesera,Kamabuye,Nyakayaga,Akaje
66d9c3960bc303fcbe4d1aff,Eastern,Bugesera,Mareba,Bushenyi,Kabeza
66d9c3960bc303fcbe4d1b02,Eastern,Bugesera,Mareba,Bushenyi,Kamasonga
66d9c3960bc303fcbe4d1b05,Eastern,Bugesera,Mareba,Bushenyi,Rukoyoyo
66d9c3960bc303fcbe4d1b06,Eastern,Bugesera,Mareba,Bushenyi,Runyonza
66d9c3960bc303fcbe4d1b07,Eastern,Bugesera,Mareba,Bushenyi,Rususa
66d9c3960bc303fcbe4d1b11,Eastern,Bugesera,Mareba,Nyamigina,Gafunzo
66d9c3960bc303fcbe4d1b17,Eastern,Bugesera,Mareba,Nyamigina,Nyamigisha
66d9c3960bc303fcbe4d1b18,Eastern,Bugesera,Mareba,Nyamigina,Ruhina
66d9c3960bc303fcbe4d1b28,Eastern,Bugesera,Mareba,Rugarama,Keza
66d9c3960bc303fcbe4d1b44,Eastern,Bugesera,Mayange,Kibenga,Rwarusaku
66d9c3960bc303fcbe4d1b64,Eastern,Bugesera,Musenyi,Musenyi,Kigarama
66d9c3960bc303fcbe4d1b8e,Eastern,Bugesera,Mwogo,Rugunga,Rugazi
66d9c3960bc303fcbe4d1b8f,Eastern,Bugesera,Mwogo,Rugunga,Rukira
66d9c3960bc303fcbe4d1ba4,Eastern,Bugesera,Ngeruka,Gihembe,Ruzinge
66d9c3960bc303fcbe4d1ba5,Eastern,Bugesera,Ngeruka,Gihembe,Shitwe
66d9c3960bc303fcbe4d1bb4,Eastern,Bugesera,Ngeruka,Murama,Rwabisheshe
66d9c3960bc303fcbe4d1bb6,Eastern,Bugesera,Ngeruka,Ngeruka,Binyonzwe
66d9c3960bc303fcbe4d1bc7,Eastern,Bugesera,Ngeruka,Rutonde,Akajuri
66d9c3960bc303fcbe4d1be2,Eastern,Bugesera,Ntarama,Kibungo,Kagoma Ii
66d9c3960bc303fcbe4d1bf3,Eastern,Bugesera,Nyamata,Kayumba,Kayenzi
66d9c3960bc303fcbe4d1bf7,Eastern,Bugesera,Nyamata,Kayumba,Nyiramatuntu
66d9c3960bc303fcbe4d1c16,Eastern,Bugesera,Nyamata,Nyamata Y Umujyi,Rwakibirizi Ii
66d9c3960bc303fcbe4d1c3d,Eastern,Bugesera,Nyarugenge,Rugando,Rugero
66d9c3960bc303fcbe4d1c5f,Eastern,Bugesera,Ririma,Ntarama,Akabeza
66d9c3960bc303fcbe4d1c8c,Eastern,Bugesera,Ruhuha,Kindama,Kagasera
66d9c3960bc303fcbe4d1b65,Eastern,Bugesera,Musenyi,Musenyi,Kijuri
66d9c3960bc303fcbe4d1b7b,Eastern,Bugesera,Musenyi,Rulindo,Kinyovi
66d9c3960bc303fcbe4d1ba3,Eastern,Bugesera,Ngeruka,Gihembe,Rutare
66d9c3960bc303fcbe4d1bae,Eastern,Bugesera,Ngeruka,Murama,Kigandu
66d9c3960bc303fcbe4d1bbd,Eastern,Bugesera,Ngeruka,Nyakayenzi,Heru
66d9c3960bc303fcbe4d1bd8,Eastern,Bugesera,Ntarama,Cyugaro,Rugunga
66d9c3960bc303fcbe4d1c08,Eastern,Bugesera,Nyamata,Murama,Rutobotobo
66d9c3960bc303fcbe4d1c18,Eastern,Bugesera,Nyarugenge,Gihinga,Mwoshya
66d9c3960bc303fcbe4d1c23,Eastern,Bugesera,Nyarugenge,Kabuye,Nyakabuye
66d9c3960bc303fcbe4d1c2a,Eastern,Bugesera,Nyarugenge,Murambi,Nyagakombe
66d9c3960bc303fcbe4d1c36,Eastern,Bugesera,Nyarugenge,Ngenda,Rwashangwe
66d9c3960bc303fcbe4d1c41,Eastern,Bugesera,Ririma,Kabeza,Gako
66d9c3960bc303fcbe4d1c46,Eastern,Bugesera,Ririma,Kabeza,Kagarama
66d9c3960bc303fcbe4d1c51,Eastern,Bugesera,Ririma,Karera,Rwankomati
66d9c3960bc303fcbe4d1c55,Eastern,Bugesera,Ririma,Kimaranzara,Akumunezero
66d9c3960bc303fcbe4d1c90,Eastern,Bugesera,Ruhuha,Kindama,Rebero
66d9c3960bc303fcbe4d1c95,Eastern,Bugesera,Ruhuha,Ruhuha,Mubano
66d9c3960bc303fcbe4d1cb2,Eastern,Bugesera,Rweru,Nemba,Muyoboro
66d9c3960bc303fcbe4d1cbe,Eastern,Bugesera,Rweru,Sharita,Karizinge
66d9c3960bc303fcbe4d1cc9,Eastern,Bugesera,Shyara,Nziranziza,Nziranziza
66d9c3960bc303fcbe4d1ccd,Eastern,Bugesera,Shyara,Rebero,Rebero
66d9c3960bc303fcbe4d1cdf,Southern,Nyanza,Busasamana,Kavumu,Gihisi B
66d9c3960bc303fcbe4d1ce3,Southern,Nyanza,Busasamana,Kavumu,Mugandamure A
66d9c3960bc303fcbe4d1c76,Eastern,Bugesera,Ruhuha,Bihari,Bihari
66d9c3960bc303fcbe4d1c94,Eastern,Bugesera,Ruhuha,Ruhuha,Kimikamba
66d9c3960bc303fcbe4d1c98,Eastern,Bugesera,Ruhuha,Ruhuha,Ruhuha Ii
66d9c3960bc303fcbe4d1c9d,Eastern,Bugesera,Rweru,Batima,Ihara
66d9c3960bc303fcbe4d1caf,Eastern,Bugesera,Rweru,Nemba,Kigina
66d9c3960bc303fcbe4d1cb5,Eastern,Bugesera,Rweru,Nemba,Rutete
66d9c3960bc303fcbe4d1a8d,Eastern,Ngoma,Zaza,Ruhinga,Umukoma
66d9c3960bc303fcbe4d1aa6,Eastern,Bugesera,Gashora,Mwendo,Ruhanga
66d9c3960bc303fcbe4d1b5c,Eastern,Bugesera,Musenyi,Gicaca,Remera
66d9c3960bc303fcbe4d1b72,Eastern,Bugesera,Musenyi,Nyagihunika,Rugarama
66d9c3960bc303fcbe4d1b95,Eastern,Bugesera,Mwogo,Rurenge,Kaziramire
66d9c3960bc303fcbe4d1b96,Eastern,Bugesera,Mwogo,Rurenge,Rurenge
66d9c3960bc303fcbe4d1ba0,Eastern,Bugesera,Ngeruka,Gihembe,Nyakariba
66d9c3960bc303fcbe4d1bd5,Eastern,Bugesera,Ntarama,Cyugaro,Kingabo
66d9c3960bc303fcbe4d1c70,Eastern,Bugesera,Ririma,Nyabagendwa,Mubuga
66d9c3960bc303fcbe4d1c7d,Eastern,Bugesera,Ruhuha,Bihari,Rwanzunga
66d9c3960bc303fcbe4d1cb1,Eastern,Bugesera,Rweru,Nemba,Kimvubu
66d9c3960bc303fcbe4d1cd6,Southern,Nyanza,Busasamana,Gahondo,Kamatovu
66d9c3960bc303fcbe4d1a81,Eastern,Ngoma,Zaza,Ruhembe,Urutare
66d9c3960bc303fcbe4d1a82,Eastern,Ngoma,Zaza,Ruhinga,Agataba
66d9c3960bc303fcbe4d1a97,Eastern,Bugesera,Gashora,Biryogo,Rugunga
66d9c3960bc303fcbe4d1c4a,Eastern,Bugesera,Ririma,Kabeza,Marembo
66d9c3960bc303fcbe4d1c4c,Eastern,Bugesera,Ririma,Karera,Gakurazo
66d9c3960bc303fcbe4d1c64,Eastern,Bugesera,Ririma,Ntarama,Kagugu
66d9c3960bc303fcbe4d1c66,Eastern,Bugesera,Ririma,Ntarama,Kavumu
66d9c3960bc303fcbe4d1c72,Eastern,Bugesera,Ririma,Nyabagendwa,Murambi
66d9c3960bc303fcbe4d1c7a,Eastern,Bugesera,Ruhuha,Bihari,Mukoma
66d9c3960bc303fcbe4d1c7b,Eastern,Bugesera,Ruhuha,Bihari,Nyagafunzo
66d9c3960bc303fcbe4d1c83,Eastern,Bugesera,Ruhuha,Gatanga,Rwanika
66d9c3960bc303fcbe4d1b91,Eastern,Bugesera,Mwogo,Rugunga,Rusagara
66d9c3960bc303fcbe4d1be9,Eastern,Bugesera,Nyamata,Kanazi,Cyeru
66d9c3960bc303fcbe4d1c20,Eastern,Bugesera,Nyarugenge,Kabuye,Gatoki
66d9c3960bc303fcbe4d1ca1,Eastern,Bugesera,Rweru,Batima,Ruhehe
66d9c3960bc303fcbe4d1ca4,Eastern,Bugesera,Rweru,Kintambwe,Gasenyi
66d9c3960bc303fcbe4d1ca6,Eastern,Bugesera,Rweru,Kintambwe,Mugina
66d9c3960bc303fcbe4d1cab,Eastern,Bugesera,Rweru,Kintambwe,Ubukoroco
66d9c3960bc303fcbe4d1cb6,Eastern,Bugesera,Rweru,Nemba,Rwibinyogote
66d9c3960bc303fcbe4d1cc4,Eastern,Bugesera,Shyara,Kamabuye,Gakoni
66d9c3960bc303fcbe4d1cc7,Eastern,Bugesera,Shyara,Nziranziza,Gahosha
66d9c3960bc303fcbe4d1cd5,Southern,Nyanza,Busasamana,Gahondo,Bugura
66d9c3960bc303fcbe4d1cd8,Southern,Nyanza,Busasamana,Gahondo,Kavumu
66d9c3960bc303fcbe4d1cd9,Southern,Nyanza,Busasamana,Gahondo,Kibaga
66d9c3960bc303fcbe4d1cdb,Southern,Nyanza,Busasamana,Gahondo,Nyakwibereka
66d9c3960bc303fcbe4d1cdc,Southern,Nyanza,Busasamana,Gahondo,Nyarutovu
66d9c3960bc303fcbe4d1ced,Southern,Nyanza,Busasamana,Kibinja,Kigarama
66d9c3960bc303fcbe4d1c71,Eastern,Bugesera,Ririma,Nyabagendwa,Mukoma
66d9c3960bc303fcbe4d1cc0,Eastern,Bugesera,Shyara,Kabagugu,Kabagugu
66d9c3960bc303fcbe4d1cff,Southern,Nyanza,Busasamana,Nyanza,Nyanza
66d9c3960bc303fcbe4d1a87,Eastern,Ngoma,Zaza,Ruhinga,Kagarama
66d9c3960bc303fcbe4d1a9c,Eastern,Bugesera,Gashora,Kabuye,Rweteto
66d9c3960bc303fcbe4d1a9e,Eastern,Bugesera,Gashora,Kagomasi,Kagomasi
66d9c3960bc303fcbe4d1aa9,Eastern,Bugesera,Gashora,Ramiro,Dihiro
66d9c3960bc303fcbe4d1ab2,Eastern,Bugesera,Juru,Juru,Ayabakiza
66d9c3960bc303fcbe4d1ab3,Eastern,Bugesera,Juru,Juru,Bisagara
66d9c3960bc303fcbe4d1ab8,Eastern,Bugesera,Juru,Kabukuba,Gikana
66d9c3960bc303fcbe4d1ad0,Eastern,Bugesera,Juru,Rwinume,Rwimpyisi
66d9c3960bc303fcbe4d1ad5,Eastern,Bugesera,Kamabuye,Biharagu,Munazi
66d9c3960bc303fcbe4d1ada,Eastern,Bugesera,Kamabuye,Burenge,Kagenge
66d9c3960bc303fcbe4d1af7,Eastern,Bugesera,Kamabuye,Tunda,Uwibiraro I
66d9c3960bc303fcbe4d1b29,Eastern,Bugesera,Mareba,Rugarama,Kururama
66d9c3960bc303fcbe4d1b3a,Eastern,Bugesera,Mayange,Kagenge,Remera
66d9c3960bc303fcbe4d1b46,Eastern,Bugesera,Mayange,Kibirizi,Gahinga
66d9c3960bc303fcbe4d1b50,Eastern,Bugesera,Mayange,Mbyo,Rwimikoni Ii
66d9c3960bc303fcbe4d1b56,Eastern,Bugesera,Musenyi,Gicaca,Kagusa
66d9c3960bc303fcbe4d1b57,Eastern,Bugesera,Musenyi,Gicaca,Kamahango
66d9c3960bc303fcbe4d1b62,Eastern,Bugesera,Musenyi,Musenyi,Gakomeye
66d9c3960bc303fcbe4d1b63,Eastern,Bugesera,Musenyi,Musenyi,Gakurazo
66d9c3960bc303fcbe4d1b79,Eastern,Bugesera,Musenyi,Rulindo,Karambo
66d9c3960bc303fcbe4d1b83,Eastern,Bugesera,Mwogo,Bitaba,Rebero
66d9c3960bc303fcbe4d1b88,Eastern,Bugesera,Mwogo,Kagasa,Ngando
66d9c3960bc303fcbe4d1baf,Eastern,Bugesera,Ngeruka,Murama,Kinamba
66d9c3960bc303fcbe4d1bc5,Eastern,Bugesera,Ngeruka,Nyakayenzi,Nyakayenzi
66d9c3960bc303fcbe4d1bc6,Eastern,Bugesera,Ngeruka,Nyakayenzi,Twimpara
66d9c3960bc303fcbe4d1bdc,Eastern,Bugesera,Ntarama,Kanzenze,Kabeza
66d9c3960bc303fcbe4d1be7,Eastern,Bugesera,Ntarama,Kibungo,Rusekera
66d9c3960bc303fcbe4d1bf2,Eastern,Bugesera,Nyamata,Kayumba,Karambi
66d9c3960bc303fcbe4d1bfd,Eastern,Bugesera,Nyamata,Maranyundo,Rugarama
66d9c3960bc303fcbe4d1c15,Eastern,Bugesera,Nyamata,Nyamata Y Umujyi,Rwakibirizi I
66d9c3960bc303fcbe4d1c17,Eastern,Bugesera,Nyarugenge,Gihinga,Mabanga
66d9c3960bc303fcbe4d1c2d,Eastern,Bugesera,Nyarugenge,Murambi,Rushorezo
66d9c3960bc303fcbe4d1c37,Eastern,Bugesera,Nyarugenge,Ngenda,Tubumba
66d9c3960bc303fcbe4d1c80,Eastern,Bugesera,Ruhuha,Gatanga,Kibaza
66d9c3960bc303fcbe4d1c81,Eastern,Bugesera,Ruhuha,Gatanga,Nyaburiba
66d9c3960bc303fcbe4d1cb3,Eastern,Bugesera,Rweru,Nemba,Nemba
66d9c3960bc303fcbe4d1cbd,Eastern,Bugesera,Rweru,Nkanga,Ruzo
66d9c3960bc303fcbe4d1cc3,Eastern,Bugesera,Shyara,Kabagugu,Rwamanyoni
66d9c3960bc303fcbe4d1cd3,Eastern,Bugesera,Shyara,Rutare,Shyara
66d9c3960bc303fcbe4d1cf0,Southern,Nyanza,Busasamana,Kibinja,Rebero
66d9c3960bc303fcbe4d1cf9,Southern,Nyanza,Busasamana,Nyanza,Gatunguru
66d9c3960bc303fcbe4d1a8e,Eastern,Ngoma,Zaza,Ruhinga,Umuvugangoma
66d9c3960bc303fcbe4d1a9b,Eastern,Bugesera,Gashora,Kabuye,Rwagasiga
66d9c3960bc303fcbe4d1a84,Eastern,Ngoma,Zaza,Ruhinga,Busasamana
66d9c3960bc303fcbe4d1aa2,Eastern,Bugesera,Gashora,Kagomasi,Rushubi
66d9c3960bc303fcbe4d1abe,Eastern,Bugesera,Juru,Kabukuba,Rushubi
66d9c3960bc303fcbe4d1ad9,Eastern,Bugesera,Kamabuye,Burenge,Akabazeyi
66d9c3960bc303fcbe4d1b2a,Eastern,Bugesera,Mareba,Rugarama,Muyenzi
66d9c3960bc303fcbe4d1b66,Eastern,Bugesera,Musenyi,Musenyi,Kiringa
66d9c3960bc303fcbe4d1b68,Eastern,Bugesera,Musenyi,Musenyi,Nunga
66d9c3960bc303fcbe4d1b6d,Eastern,Bugesera,Musenyi,Nyagihunika,Gitagata
66d9c3960bc303fcbe4d1a88,Eastern,Ngoma,Zaza,Ruhinga,Nyagahandagazi
66d9c3960bc303fcbe4d1a8f,Eastern,Bugesera,Gashora,Biryogo,Bidudu
66d9c3960bc303fcbe4d1a92,Eastern,Bugesera,Gashora,Biryogo,Gihanama
66d9c3960bc303fcbe4d1aa8,Eastern,Bugesera,Gashora,Mwendo,Rutanga
66d9c3960bc303fcbe4d1ab4,Eastern,Bugesera,Juru,Juru,Nyamigende
66d9c3960bc303fcbe4d1ac2,Eastern,Bugesera,Juru,Mugorore,Mugorore
66d9c3960bc303fcbe4d1ac5,Eastern,Bugesera,Juru,Mugorore,Rwamurama
66d9c3960bc303fcbe4d1ac6,Eastern,Bugesera,Juru,Mugorore,Tabarari
66d9c3960bc303fcbe4d1ad6,Eastern,Bugesera,Kamabuye,Biharagu,Muyigi
66d9c3960bc303fcbe4d1ae0,Eastern,Bugesera,Kamabuye,Kampeka,Byimana
66d9c3960bc303fcbe4d1aea,Eastern,Bugesera,Kamabuye,Nyakayaga,Fatinkanda
66d9c3960bc303fcbe4d1aee,Eastern,Bugesera,Kamabuye,Nyakayaga,Ntungamo Ii
66d9c3960bc303fcbe4d1af5,Eastern,Bugesera,Kamabuye,Tunda,Tunda
66d9c3960bc303fcbe4d1b00,Eastern,Bugesera,Mareba,Bushenyi,Kagese
66d9c3960bc303fcbe4d1b19,Eastern,Bugesera,Mareba,Nyamigina,Rusenyi
66d9c3960bc303fcbe4d1b30,Eastern,Bugesera,Mayange,Gakamba,Gisenyi
66d9c3960bc303fcbe4d1b31,Eastern,Bugesera,Mayange,Gakamba,Kamugenzi
66d9c3960bc303fcbe4d1b32,Eastern,Bugesera,Mayange,Gakamba,Karambo
66d9c3960bc303fcbe4d1b34,Eastern,Bugesera,Mayange,Gakamba,Rukora
66d9c3960bc303fcbe4d1b39,Eastern,Bugesera,Mayange,Kagenge,Kiruhura
66d9c3960bc303fcbe4d1b3b,Eastern,Bugesera,Mayange,Kagenge,Rukindo
66d9c3960bc303fcbe4d1b41,Eastern,Bugesera,Mayange,Kibenga,Murambi
66d9c3960bc303fcbe4d1b53,Eastern,Bugesera,Musenyi,Gicaca,Cyarubazi
66d9c3960bc303fcbe4d1b5e,Eastern,Bugesera,Musenyi,Musenyi,Bidudu
66d9c3960bc303fcbe4d1b5f,Eastern,Bugesera,Musenyi,Musenyi,Bishinge
66d9c3960bc303fcbe4d1bb5,Eastern,Bugesera,Ngeruka,Murama,Shami
66d9c3960bc303fcbe4d1bcc,Eastern,Bugesera,Ngeruka,Rutonde,Kamugore
66d9c3960bc303fcbe4d1bee,Eastern,Bugesera,Nyamata,Kanazi,Nyarugati Ii
66d9c3960bc303fcbe4d1c33,Eastern,Bugesera,Nyarugenge,Ngenda,Nyagisenyi
66d9c3960bc303fcbe4d1c39,Eastern,Bugesera,Nyarugenge,Rugando,Gako
66d9c3960bc303fcbe4d1c4e,Eastern,Bugesera,Ririma,Karera,Kamahoro
66d9c3960bc303fcbe4d1b6b,Eastern,Bugesera,Musenyi,Musenyi,Rugeyo
66d9c3960bc303fcbe4d1b71,Eastern,Bugesera,Musenyi,Nyagihunika,Nyakajuri
66d9c3960bc303fcbe4d1b82,Eastern,Bugesera,Mwogo,Bitaba,Misatsi
66d9c3960bc303fcbe4d1b92,Eastern,Bugesera,Mwogo,Rurenge,Gatoki
66d9c3960bc303fcbe4d1b99,Eastern,Bugesera,Ngeruka,Gihembe,Kabaya
66d9c3960bc303fcbe4d1b9f,Eastern,Bugesera,Ngeruka,Gihembe,Kururama
66d9c3960bc303fcbe4d1bc3,Eastern,Bugesera,Ngeruka,Nyakayenzi,Kimiduha
66d9c3960bc303fcbe4d1bc9,Eastern,Bugesera,Ngeruka,Rutonde,Kabumbwe
66d9c3960bc303fcbe4d1bd0,Eastern,Bugesera,Ngeruka,Rutonde,Runyonza
66d9c3960bc303fcbe4d1bd1,Eastern,Bugesera,Ngeruka,Rutonde,Rusibya
66d9c3960bc303fcbe4d1bd3,Eastern,Bugesera,Ntarama,Cyugaro,Kayenzi
66d9c3960bc303fcbe4d1bec,Eastern,Bugesera,Nyamata,Kanazi,Musagara
66d9c3960bc303fcbe4d1bed,Eastern,Bugesera,Nyamata,Kanazi,Nyarugati I
66d9c3960bc303fcbe4d1bf8,Eastern,Bugesera,Nyamata,Kayumba,Rwanza
66d9c3960bc303fcbe4d1c03,Eastern,Bugesera,Nyamata,Murama,Kivugiza
66d9c3960bc303fcbe4d1c09,Eastern,Bugesera,Nyamata,Murama,Rutukura
66d9c3960bc303fcbe4d1c1a,Eastern,Bugesera,Nyarugenge,Gihinga,Nyabuhoro
66d9c3960bc303fcbe4d1c1b,Eastern,Bugesera,Nyarugenge,Gihinga,Nyagasozi
66d9c3960bc303fcbe4d1c1e,Eastern,Bugesera,Nyarugenge,Kabuye,Cyahafi
66d9c3960bc303fcbe4d1c21,Eastern,Bugesera,Nyarugenge,Kabuye,Karubagazi
66d9c3960bc303fcbe4d1c25,Eastern,Bugesera,Nyarugenge,Murambi,Cundaminega
66d9c3960bc303fcbe4d1c31,Eastern,Bugesera,Nyarugenge,Ngenda,Kiyovu
66d9c3960bc303fcbe4d1c32,Eastern,Bugesera,Nyarugenge,Ngenda,Muyange
66d9c3960bc303fcbe4d1c38,Eastern,Bugesera,Nyarugenge,Rugando,Bushenyi
66d9c3960bc303fcbe4d1c3a,Eastern,Bugesera,Nyarugenge,Rugando,Kamahirwe
66d9c3960bc303fcbe4d1a83,Eastern,Ngoma,Zaza,Ruhinga,Akabungo
66d9c3960bc303fcbe4d1a95,Eastern,Bugesera,Gashora,Biryogo,Karutete
66d9c3960bc303fcbe4d1a96,Eastern,Bugesera,Gashora,Biryogo,Kivugiza
66d9c3960bc303fcbe4d1acd,Eastern,Bugesera,Juru,Rwinume,Kabeza
66d9c3960bc303fcbe4d1af9,Eastern,Bugesera,Kamabuye,Tunda,Uwumusave
66d9c3960bc303fcbe4d1b0b,Eastern,Bugesera,Mareba,Gakomeye,Kajevuba
66d9c3960bc303fcbe4d1b1c,Eastern,Bugesera,Mareba,Rango,Gatinza
66d9c3960bc303fcbe4d1b22,Eastern,Bugesera,Mareba,Rango,Rango
66d9c3960bc303fcbe4d1b38,Eastern,Bugesera,Mayange,Kagenge,Karama
66d9c3960bc303fcbe4d1b3d,Eastern,Bugesera,Mayange,Kagenge,Tetero
66d9c3960bc303fcbe4d1b3f,Eastern,Bugesera,Mayange,Kibenga,Gahwiji B
66d9c3960bc303fcbe4d1b70,Eastern,Bugesera,Musenyi,Nyagihunika,Mbonwa
66d9c3960bc303fcbe4d1aba,Eastern,Bugesera,Juru,Kabukuba,Kabukuba
66d9c3960bc303fcbe4d1abd,Eastern,Bugesera,Juru,Kabukuba,Mbuye
66d9c3960bc303fcbe4d1ad4,Eastern,Bugesera,Kamabuye,Biharagu,Kanyonyera
66d9c3960bc303fcbe4d1adf,Eastern,Bugesera,Kamabuye,Burenge,Senga
66d9c3960bc303fcbe4d1ae1,Eastern,Bugesera,Kamabuye,Kampeka,Kampeka
66d9c3960bc303fcbe4d1ae5,Eastern,Bugesera,Kamabuye,Kampeka,Mparo
66d9c3960bc303fcbe4d1afb,Eastern,Bugesera,Mareba,Bushenyi,Bukumba
66d9c3960bc303fcbe4d1b08,Eastern,Bugesera,Mareba,Gakomeye,Gatanga
66d9c3960bc303fcbe4d1b0f,Eastern,Bugesera,Mareba,Gakomeye,Kaziranyenzi
66d9c3960bc303fcbe4d1b15,Eastern,Bugesera,Mareba,Nyamigina,Karwana
66d9c3960bc303fcbe4d1b1f,Eastern,Bugesera,Mareba,Rango,Kagarama
66d9c3960bc303fcbe4d1b26,Eastern,Bugesera,Mareba,Rugarama,Gatare
66d9c3960bc303fcbe4d1b3c,Eastern,Bugesera,Mayange,Kagenge,Taba
66d9c3960bc303fcbe4d1b4c,Eastern,Bugesera,Mayange,Mbyo,Cyaruhiririra
66d9c3960bc303fcbe4d1b58,Eastern,Bugesera,Musenyi,Gicaca,Kavumu
66d9c3960bc303fcbe4d1bbe,Eastern,Bugesera,Ngeruka,Nyakayenzi,Kabuye
66d9c3960bc303fcbe4d1bc8,Eastern,Bugesera,Ngeruka,Rutonde,Kabare
66d9c3960bc303fcbe4d1bf4,Eastern,Bugesera,Nyamata,Kayumba,Murambi
66d9c3960bc303fcbe4d1bf5,Eastern,Bugesera,Nyamata,Kayumba,Nyagatovu
66d9c3960bc303fcbe4d1bff,Eastern,Bugesera,Nyamata,Murama,Bishweshwe
66d9c3960bc303fcbe4d1c0e,Eastern,Bugesera,Nyamata,Nyamata Y Umujyi,Gatare Iii
66d9c3960bc303fcbe4d1c50,Eastern,Bugesera,Ririma,Karera,Ruyenzi
66d9c3960bc303fcbe4d1c6b,Eastern,Bugesera,Ririma,Nyabagendwa,Cyoma
66d9c3960bc303fcbe4d1c73,Eastern,Bugesera,Ririma,Nyabagendwa,Nyabagendwa
66d9c3960bc303fcbe4d1c78,Eastern,Bugesera,Ruhuha,Bihari,Masenga I
66d9c3960bc303fcbe4d1c87,Eastern,Bugesera,Ruhuha,Gikundamvura,Kiyovu
66d9c3960bc303fcbe4d1c88,Eastern,Bugesera,Ruhuha,Gikundamvura,Rukurazo
66d9c3960bc303fcbe4d1c89,Eastern,Bugesera,Ruhuha,Gikundamvura,Rusenyi
66d9c3960bc303fcbe4d1c8e,Eastern,Bugesera,Ruhuha,Kindama,Kibaza
66d9c3960bc303fcbe4d1b6e,Eastern,Bugesera,Musenyi,Nyagihunika,Kigusa
66d9c3960bc303fcbe4d1b9a,Eastern,Bugesera,Ngeruka,Gihembe,Kabuye
66d9c3960bc303fcbe4d1bb0,Eastern,Bugesera,Ngeruka,Murama,Murama
66d9c3960bc303fcbe4d1be3,Eastern,Bugesera,Ntarama,Kibungo,Kiganwa
66d9c3960bc303fcbe4d1bf9,Eastern,Bugesera,Nyamata,Maranyundo,Gahembe
66d9c3960bc303fcbe4d1c0a,Eastern,Bugesera,Nyamata,Nyamata Y Umujyi,Gasenga I
66d9c3960bc303fcbe4d1c26,Eastern,Bugesera,Nyarugenge,Murambi,Cyeru
66d9c3960bc303fcbe4d1c47,Eastern,Bugesera,Ririma,Kabeza,Karambi
66d9c3960bc303fcbe4d1c54,Eastern,Bugesera,Ririma,Kimaranzara,Akintwari
66d9c3960bc303fcbe4d1c5d,Eastern,Bugesera,Ririma,Kimaranzara,Kimaranzara
66d9c3960bc303fcbe4d1c92,Eastern,Bugesera,Ruhuha,Kindama,Rutare
66d9c3960bc303fcbe4d1c99,Eastern,Bugesera,Rweru,Batima,Agahonnyo
66d9c3960bc303fcbe4d1cc6,Eastern,Bugesera,Shyara,Kamabuye,Rubwirwa
66d9c3960bc303fcbe4d1cca,Eastern,Bugesera,Shyara,Nziranziza,Ruli
66d9c3960bc303fcbe4d1ccb,Eastern,Bugesera,Shyara,Rebero,Gateko
66d9c3960bc303fcbe4d1ccf,Eastern,Bugesera,Shyara,Rutare,Gaseke
66d9c3960bc303fcbe4d1cd7,Southern,Nyanza,Busasamana,Gahondo,Karama
66d9c3960bc303fcbe4d1ce2,Southern,Nyanza,Busasamana,Kavumu,Majyambere
66d9c3960bc303fcbe4d1ce6,Southern,Nyanza,Busasamana,Kavumu,Nyagatovu
66d9c3960bc303fcbe4d1c7f,Eastern,Bugesera,Ruhuha,Gatanga,Kayigi
66d9c3960bc303fcbe4d1c84,Eastern,Bugesera,Ruhuha,Gikundamvura,Gikundamvura
66d9c3960bc303fcbe4d1c8b,Eastern,Bugesera,Ruhuha,Kindama,Gatovu
66d9c3960bc303fcbe4d1c8f,Eastern,Bugesera,Ruhuha,Kindama,Kindama
66d9c3960bc303fcbe4d1c3f,Eastern,Bugesera,Ririma,Kabeza,Biraro
66d9c3960bc303fcbe4d1c42,Eastern,Bugesera,Ririma,Kabeza,Gasarwe
66d9c3960bc303fcbe4d1c49,Eastern,Bugesera,Ririma,Kabeza,Karirisi
66d9c3960bc303fcbe4d1c4d,Eastern,Bugesera,Ririma,Karera,Gatare
66d9c3960bc303fcbe4d1c52,Eastern,Bugesera,Ririma,Karera,Rwavuningoma
66d9c3960bc303fcbe4d1c56,Eastern,Bugesera,Ririma,Kimaranzara,Amizero
66d9c3960bc303fcbe4d1c5e,Eastern,Bugesera,Ririma,Kimaranzara,Kivumu
66d9c3960bc303fcbe4d1c61,Eastern,Bugesera,Ririma,Ntarama,Gaseke
66d9c3960bc303fcbe4d1c6a,Eastern,Bugesera,Ririma,Ntarama,Saruduha
66d9c3960bc303fcbe4d1c6c,Eastern,Bugesera,Ririma,Nyabagendwa,Gicaca
66d9c3960bc303fcbe4d1c6d,Eastern,Bugesera,Ririma,Nyabagendwa,Kamabuye
66d9c3960bc303fcbe4d1c93,Eastern,Bugesera,Ruhuha,Kindama,Saruduha
66d9c3960bc303fcbe4d1cf4,Southern,Nyanza,Busasamana,Nyanza,Bunyeshywa
66d9c3960bc303fcbe4d1c7c,Eastern,Bugesera,Ruhuha,Bihari,Rugarama
66d9c3960bc303fcbe4d1c86,Eastern,Bugesera,Ruhuha,Gikundamvura,Kazabagarura
66d9c3960bc303fcbe4d1c96,Eastern,Bugesera,Ruhuha,Ruhuha,Nyabaranga
66d9c3960bc303fcbe4d1c9f,Eastern,Bugesera,Rweru,Batima,Mbuganzeri
66d9c3960bc303fcbe4d1ca7,Eastern,Bugesera,Rweru,Kintambwe,Nyiragiseke
66d9c3960bc303fcbe4d1ca8,Eastern,Bugesera,Rweru,Kintambwe,Nyirakanemba
66d9c3960bc303fcbe4d1cb7,Eastern,Bugesera,Rweru,Nemba,Rwiminazi
66d9c3960bc303fcbe4d1cc2,Eastern,Bugesera,Shyara,Kabagugu,Ngaruye
66d9c3960bc303fcbe4d1cd2,Eastern,Bugesera,Shyara,Rutare,Rutare
66d9c3960bc303fcbe4d1cda,Southern,Nyanza,Busasamana,Gahondo,Kiberinka
66d9c3960bc303fcbe4d1cde,Southern,Nyanza,Busasamana,Kavumu,Gihisi A
66d9c3960bc303fcbe4d1ce7,Southern,Nyanza,Busasamana,Kavumu,Nyamagana B
66d9c3960bc303fcbe4d1cec,Southern,Nyanza,Busasamana,Kibinja,Kabuzuru
66d9c3960bc303fcbe4d1cee,Southern,Nyanza,Busasamana,Kibinja,Mukindo
66d9c3960bc303fcbe4d1cf1,Southern,Nyanza,Busasamana,Kibinja,Rugarama
66d9c3960bc303fcbe4d1cfd,Southern,Nyanza,Busasamana,Nyanza,Kivumu
66d9c3960bc303fcbe4d1a8a,Eastern,Ngoma,Zaza,Ruhinga,Rwakagina
66d9c3960bc303fcbe4d1aa0,Eastern,Bugesera,Gashora,Kagomasi,Kuruganda
66d9c3960bc303fcbe4d1aac,Eastern,Bugesera,Gashora,Ramiro,Karusine I
66d9c3960bc303fcbe4d1ac1,Eastern,Bugesera,Juru,Mugorore,Kajevuba
66d9c3960bc303fcbe4d1acb,Eastern,Bugesera,Juru,Musovu,Nyaruhuru
66d9c3960bc303fcbe4d1ad3,Eastern,Bugesera,Kamabuye,Biharagu,Biharagu
66d9c3960bc303fcbe4d1ae2,Eastern,Bugesera,Kamabuye,Kampeka,Mabuye
66d9c3960bc303fcbe4d1ae8,Eastern,Bugesera,Kamabuye,Kampeka,Pamba Ii
66d9c3960bc303fcbe4d1b10,Eastern,Bugesera,Mareba,Gakomeye,Rwintare
66d9c3960bc303fcbe4d1b1d,Eastern,Bugesera,Mareba,Rango,Gihoko
66d9c3960bc303fcbe4d1b2d,Eastern,Bugesera,Mareba,Rugarama,Rutaka
66d9c3960bc303fcbe4d1b43,Eastern,Bugesera,Mayange,Kibenga,Rwakaramira
66d9c3960bc303fcbe4d1b76,Eastern,Bugesera,Musenyi,Rulindo,Kabuye
66d9c3960bc303fcbe4d1b81,Eastern,Bugesera,Mwogo,Bitaba,Gisasa
66d9c3960bc303fcbe4d1ba1,Eastern,Bugesera,Ngeruka,Gihembe,Nyarubande
66d9c3960bc303fcbe4d1ba6,Eastern,Bugesera,Ngeruka,Murama,Agashyamba
66d9c3960bc303fcbe4d1bb9,Eastern,Bugesera,Ngeruka,Ngeruka,Karugondo
66d9c3960bc303fcbe4d1bc4,Eastern,Bugesera,Ngeruka,Nyakayenzi,Murambi
66d9c3960bc303fcbe4d1bdf,Eastern,Bugesera,Ntarama,Kanzenze,Nyamabuye
66d9c3960bc303fcbe4d1bea,Eastern,Bugesera,Nyamata,Kanazi,Gitovu
66d9c3960bc303fcbe4d1bef,Eastern,Bugesera,Nyamata,Kanazi,Rugando
66d9c3960bc303fcbe4d1bfa,Eastern,Bugesera,Nyamata,Maranyundo,Gisunzu
66d9c3960bc303fcbe4d1c14,Eastern,Bugesera,Nyamata,Nyamata Y Umujyi,Rugarama Iii
66d9c3960bc303fcbe4d1c1f,Eastern,Bugesera,Nyarugenge,Kabuye,Gateko
66d9c3960bc303fcbe4d1c24,Eastern,Bugesera,Nyarugenge,Kabuye,Nyarusambu
66d9c3960bc303fcbe4d1c2f,Eastern,Bugesera,Nyarugenge,Ngenda,Kamabare
66d9c3960bc303fcbe4d1c30,Eastern,Bugesera,Nyarugenge,Ngenda,Kamugera
66d9c3960bc303fcbe4d1c34,Eastern,Bugesera,Nyarugenge,Ngenda,Rubona
66d9c3960bc303fcbe4d1c57,Eastern,Bugesera,Ririma,Kimaranzara,Buhoro
66d9c3960bc303fcbe4d1c60,Eastern,Bugesera,Ririma,Ntarama,Gasave
66d9c3960bc303fcbe4d1c68,Eastern,Bugesera,Ririma,Ntarama,Nyamure
66d9c3960bc303fcbe4d1c9e,Eastern,Bugesera,Rweru,Batima,Kamudusi
66d9c3960bc303fcbe4d1caa,Eastern,Bugesera,Rweru,Kintambwe,Nzangwa
66d9c3960bc303fcbe4d1cb4,Eastern,Bugesera,Rweru,Nemba,Nyakabingo
66d9c3960bc303fcbe4d1cb9,Eastern,Bugesera,Rweru,Nkanga,Kivusha
66d9c3960bc303fcbe4d1cac,Eastern,Bugesera,Rweru,Mazane,Gasasa
66d9c3960bc303fcbe4d1cbc,Eastern,Bugesera,Rweru,Nkanga,Nkanga
66d9c3960bc303fcbe4d1ce8,Southern,Nyanza,Busasamana,Kavumu,Rukandiro
66d9c3960bc303fcbe4d1cea,Southern,Nyanza,Busasamana,Kavumu,Kavumu
66d9c3960bc303fcbe4d1a85,Eastern,Ngoma,Zaza,Ruhinga,Gasebeya
66d9c3960bc303fcbe4d1a8b,Eastern,Ngoma,Zaza,Ruhinga,Sangaza
66d9c3960bc303fcbe4d1a93,Eastern,Bugesera,Gashora,Biryogo,Kagarama
66d9c3960bc303fcbe4d1a99,Eastern,Bugesera,Gashora,Kabuye,Kabuye
66d9c3960bc303fcbe4d1a9a,Eastern,Bugesera,Gashora,Kabuye,Karizinge
66d9c3960bc303fcbe4d1a9d,Eastern,Bugesera,Gashora,Kagomasi,Akagako
66d9c3960bc303fcbe4d1a9f,Eastern,Bugesera,Gashora,Kagomasi,Kiruhura
66d9c3960bc303fcbe4d1aaf,Eastern,Bugesera,Gashora,Ramiro,Munyinya
66d9c3960bc303fcbe4d1ab0,Eastern,Bugesera,Gashora,Ramiro,Rweru I
66d9c3960bc303fcbe4d1ab7,Eastern,Bugesera,Juru,Juru,Twabagarama
66d9c3960bc303fcbe4d1ac7,Eastern,Bugesera,Juru,Musovu,Bitega
66d9c3960bc303fcbe4d1ac8,Eastern,Bugesera,Juru,Musovu,Cyabasonga
66d9c3960bc303fcbe4d1aca,Eastern,Bugesera,Juru,Musovu,Kabeza
66d9c3960bc303fcbe4d1ad7,Eastern,Bugesera,Kamabuye,Biharagu,Nyarurama
66d9c3960bc303fcbe4d1ae7,Eastern,Bugesera,Kamabuye,Kampeka,Pamba I
66d9c3960bc303fcbe4d1aeb,Eastern,Bugesera,Kamabuye,Nyakayaga,Murago
66d9c3960bc303fcbe4d1af0,Eastern,Bugesera,Kamabuye,Tunda,Cyogamuyaga
66d9c3960bc303fcbe4d1b0d,Eastern,Bugesera,Mareba,Gakomeye,Kamunana
66d9c3960bc303fcbe4d1b20,Eastern,Bugesera,Mareba,Rango,Matinza
66d9c3960bc303fcbe4d1b25,Eastern,Bugesera,Mareba,Rugarama,Gasagara
66d9c3960bc303fcbe4d1b3e,Eastern,Bugesera,Mayange,Kibenga,Gahwiji A
66d9c3960bc303fcbe4d1b48,Eastern,Bugesera,Mayange,Kibirizi,Gitera
66d9c3960bc303fcbe4d1b49,Eastern,Bugesera,Mayange,Kibirizi,Kibirizi
66d9c3960bc303fcbe4d1b52,Eastern,Bugesera,Musenyi,Gicaca,Cyanika
66d9c3960bc303fcbe4d1b55,Eastern,Bugesera,Musenyi,Gicaca,Gihari
66d9c3960bc303fcbe4d1b74,Eastern,Bugesera,Musenyi,Nyagihunika,Rwankeri
66d9c3960bc303fcbe4d1b7f,Eastern,Bugesera,Mwogo,Bitaba,Bitaba
66d9c3960bc303fcbe4d1b80,Eastern,Bugesera,Mwogo,Bitaba,Gatwe
66d9c3960bc303fcbe4d1b87,Eastern,Bugesera,Mwogo,Kagasa,Karutabana
66d9c3960bc303fcbe4d1b89,Eastern,Bugesera,Mwogo,Kagasa,Rubumba
66d9c3960bc303fcbe4d1b8b,Eastern,Bugesera,Mwogo,Rugunga,Kagerero
66d9c3960bc303fcbe4d1b8d,Eastern,Bugesera,Mwogo,Rugunga,Nyarukombe
66d9c3960bc303fcbe4d1b9c,Eastern,Bugesera,Ngeruka,Gihembe,Kagasa
66d9c3960bc303fcbe4d1b9e,Eastern,Bugesera,Ngeruka,Gihembe,Kirasaniro
66d9c3960bc303fcbe4d1bad,Eastern,Bugesera,Ngeruka,Murama,Kankuriyingoma
66d9c3960bc303fcbe4d1bb2,Eastern,Bugesera,Ngeruka,Murama,Nyakagarama
66d9c3960bc303fcbe4d1bb8,Eastern,Bugesera,Ngeruka,Ngeruka,Kamasonga
66d9c3960bc303fcbe4d1bba,Eastern,Bugesera,Ngeruka,Ngeruka,Kivugiza
66d9c3960bc303fcbe4d1bbf,Eastern,Bugesera,Ngeruka,Nyakayenzi,Karama
66d9c3960bc303fcbe4d1bc2,Eastern,Bugesera,Ngeruka,Nyakayenzi,Kibungo
66d9c3960bc303fcbe4d1bcb,Eastern,Bugesera,Ngeruka,Rutonde,Kamugera
66d9c3960bc303fcbe4d1bda,Eastern,Bugesera,Ntarama,Kanzenze,Gasagara
66d9c3960bc303fcbe4d1bde,Eastern,Bugesera,Ntarama,Kanzenze,Kurugenge
66d9c3960bc303fcbe4d1be5,Eastern,Bugesera,Ntarama,Kibungo,Nyarunazi
66d9c3960bc303fcbe4d1be6,Eastern,Bugesera,Ntarama,Kibungo,Ruhengeri
66d9c3960bc303fcbe4d1beb,Eastern,Bugesera,Nyamata,Kanazi,Kagirazina
66d9c3960bc303fcbe4d1bf0,Eastern,Bugesera,Nyamata,Kanazi,Sumbure
66d9c3960bc303fcbe4d1bf6,Eastern,Bugesera,Nyamata,Kayumba,Nyakwibereka
66d9c3960bc303fcbe4d1bfc,Eastern,Bugesera,Nyamata,Maranyundo,Muyange
66d9c3960bc303fcbe4d1c05,Eastern,Bugesera,Nyamata,Murama,Mwesa
66d9c3960bc303fcbe4d1c10,Eastern,Bugesera,Nyamata,Nyamata Y Umujyi,Nyamata I
66d9c3960bc303fcbe4d1c1d,Eastern,Bugesera,Nyarugenge,Gihinga,Rwabusoro
66d9c3960bc303fcbe4d1c22,Eastern,Bugesera,Nyarugenge,Kabuye,Nyakabingo
66d9c3960bc303fcbe4d1c28,Eastern,Bugesera,Nyarugenge,Murambi,Kanombe
66d9c3960bc303fcbe4d1c3b,Eastern,Bugesera,Nyarugenge,Rugando,Nsoro
66d9c3960bc303fcbe4d1c3c,Eastern,Bugesera,Nyarugenge,Rugando,Rebero
66d9c3960bc303fcbe4d1c40,Eastern,Bugesera,Ririma,Kabeza,Bwiza
66d9c3960bc303fcbe4d1c53,Eastern,Bugesera,Ririma,Karera,Rwimirama
66d9c3960bc303fcbe4d1c58,Eastern,Bugesera,Ririma,Kimaranzara,Byimana
66d9c3960bc303fcbe4d1c5c,Eastern,Bugesera,Ririma,Kimaranzara,Kidogo
66d9c3960bc303fcbe4d1cbb,Eastern,Bugesera,Rweru,Nkanga,Mushyoroti
66d9c3960bc303fcbe4d1cbf,Eastern,Bugesera,Rweru,Sharita,Sharita
66d9c3960bc303fcbe4d1cfe,Southern,Nyanza,Busasamana,Nyanza,Mugonzi
66d9c3960bc303fcbe4d1a8c,Eastern,Ngoma,Zaza,Ruhinga,Ubumwe
66d9c3960bc303fcbe4d1a91,Eastern,Bugesera,Gashora,Biryogo,Buhoro
66d9c3960bc303fcbe4d1a98,Eastern,Bugesera,Gashora,Kabuye,Bidudu
66d9c3960bc303fcbe4d1c62,Eastern,Bugesera,Ririma,Ntarama,Gasenyi
66d9c3960bc303fcbe4d1c65,Eastern,Bugesera,Ririma,Ntarama,Kamashya
66d9c3960bc303fcbe4d1c79,Eastern,Bugesera,Ruhuha,Bihari,Masenga Ii
66d9c3960bc303fcbe4d1c97,Eastern,Bugesera,Ruhuha,Ruhuha,Ruhuha I
66d9c3960bc303fcbe4d1c9b,Eastern,Bugesera,Rweru,Batima,Gasororo
66d9c3960bc303fcbe4d1c9c,Eastern,Bugesera,Rweru,Batima,Gikoma
66d9c3960bc303fcbe4d1ca2,Eastern,Bugesera,Rweru,Batima,Twinyange
66d9c3960bc303fcbe4d1ca9,Eastern,Bugesera,Rweru,Kintambwe,Nyirarubomboza
66d9c3960bc303fcbe4d1cae,Eastern,Bugesera,Rweru,Mazane,Rusenyi
66d9c3960bc303fcbe4d1cb0,Eastern,Bugesera,Rweru,Nemba,Kimpara
66d9c3960bc303fcbe4d1cc1,Eastern,Bugesera,Shyara,Kabagugu,Kinteko
66d9c3960bc303fcbe4d1cc8,Eastern,Bugesera,Shyara,Nziranziza,Kagarama
66d9c3960bc303fcbe4d1cce,Eastern,Bugesera,Shyara,Rebero,Rutebe
66d9c3960bc303fcbe4d1ce5,Southern,Nyanza,Busasamana,Kavumu,Mukoni
66d9c3960bc303fcbe4d1cef,Southern,Nyanza,Busasamana,Kibinja,Ngorongari
66d9c3960bc303fcbe4d1cf2,Southern,Nyanza,Busasamana,Kibinja,Rugari A
66d9c3960bc303fcbe4d1cfa,Southern,Nyanza,Busasamana,Nyanza,Gishike
66d9c3960bc303fcbe4d1cfc,Southern,Nyanza,Busasamana,Nyanza,Kigarama
66d9c3960bc303fcbe4d1aa1,Eastern,Bugesera,Gashora,Kagomasi,Runzenze
66d9c3960bc303fcbe4d1ad8,Eastern,Bugesera,Kamabuye,Biharagu,Rubugu
66d9c3960bc303fcbe4d1ade,Eastern,Bugesera,Kamabuye,Burenge,Rebero
66d9c3960bc303fcbe4d1af8,Eastern,Bugesera,Kamabuye,Tunda,Uwibiraro Ii
66d9c3960bc303fcbe4d1b01,Eastern,Bugesera,Mareba,Bushenyi,Kagogo
66d9c3960bc303fcbe4d1b21,Eastern,Bugesera,Mareba,Rango,Mbuga
66d9c3960bc303fcbe4d1b23,Eastern,Bugesera,Mareba,Rango,Rusagara
66d9c3960bc303fcbe4d1b2c,Eastern,Bugesera,Mareba,Rugarama,Rugarama
66d9c3960bc303fcbe4d1b33,Eastern,Bugesera,Mayange,Gakamba,Kavumu
66d9c3960bc303fcbe4d1b37,Eastern,Bugesera,Mayange,Kagenge,Gitaramuka
66d9c3960bc303fcbe4d1b4a,Eastern,Bugesera,Mayange,Kibirizi,Rugazi
66d9c3960bc303fcbe4d1b4e,Eastern,Bugesera,Mayange,Mbyo,Rugarama
66d9c3960bc303fcbe4d1b4f,Eastern,Bugesera,Mayange,Mbyo,Rwimikoni I
66d9c3960bc303fcbe4d1b5a,Eastern,Bugesera,Musenyi,Gicaca,Migina
66d9c3960bc303fcbe4d1b60,Eastern,Bugesera,Musenyi,Musenyi,Bizenga
66d9c3960bc303fcbe4d1b6f,Eastern,Bugesera,Musenyi,Nyagihunika,Kiruhura
66d9c3960bc303fcbe4d1b7a,Eastern,Bugesera,Musenyi,Rulindo,Karubanzangabo
66d9c3960bc303fcbe4d1b85,Eastern,Bugesera,Mwogo,Kagasa,Gatare
66d9c3960bc303fcbe4d1b90,Eastern,Bugesera,Mwogo,Rugunga,Rukore
66d9c3960bc303fcbe4d1b9d,Eastern,Bugesera,Ngeruka,Gihembe,Karambo
66d9c3960bc303fcbe4d1ba8,Eastern,Bugesera,Ngeruka,Murama,Fatinkanda
66d9c3960bc303fcbe4d1bb7,Eastern,Bugesera,Ngeruka,Ngeruka,Kamajeri
66d9c3960bc303fcbe4d1bd9,Eastern,Bugesera,Ntarama,Kanzenze,Cyeru
66d9c3960bc303fcbe4d1c07,Eastern,Bugesera,Nyamata,Murama,Ruhanga
66d9c3960bc303fcbe4d1c0d,Eastern,Bugesera,Nyamata,Nyamata Y Umujyi,Gatare Ii
66d9c3960bc303fcbe4d1c0f,Eastern,Bugesera,Nyamata,Nyamata Y Umujyi,Nyabivumu
66d9c3960bc303fcbe4d1c13,Eastern,Bugesera,Nyamata,Nyamata Y Umujyi,Rugarama Ii
66d9c3960bc303fcbe4d1c4b,Eastern,Bugesera,Ririma,Kabeza,Nyamisagara
66d9c3960bc303fcbe4d1c67,Eastern,Bugesera,Ririma,Ntarama,Ntarama
66d9c3960bc303fcbe4d1c9a,Eastern,Bugesera,Rweru,Batima,Batima
66d9c3960bc303fcbe4d1ca3,Eastern,Bugesera,Rweru,Kintambwe,Gakindo
66d9c3960bc303fcbe4d1ccc,Eastern,Bugesera,Shyara,Rebero,Nyamirama
66d9c3960bc303fcbe4d1ce1,Southern,Nyanza,Busasamana,Kavumu,Karukoranya B
66d9c3960bc303fcbe4d1cf6,Southern,Nyanza,Busasamana,Nyanza,Gakenyeri B
66d9c3960bc303fcbe4d1cf7,Southern,Nyanza,Busasamana,Nyanza,Gatare
66d9c3960bc303fcbe4d1cf8,Southern,Nyanza,Busasamana,Nyanza,Gatsinsino
66d9c3960bc303fcbe4d1d03,Southern,Nyanza,Busasamana,Rwesero,Gahanda
66d9c3960bc303fcbe4d1d2e,Southern,Nyanza,Busoro,Rukingiro,Runazi
66d9c3960bc303fcbe4d1d0e,Southern,Nyanza,Busoro,Gitovu,Gitega
66d9c3960bc303fcbe4d1d14,Southern,Nyanza,Busoro,Gitovu,Nyacyonga
66d9c3960bc303fcbe4d1d20,Southern,Nyanza,Busoro,Masangano,Gikombe
66d9c3960bc303fcbe4d1d04,Southern,Nyanza,Busasamana,Rwesero,Gisando
66d9c3960bc303fcbe4d1d2c,Southern,Nyanza,Busoro,Rukingiro,Cyuriro
66d9c3960bc303fcbe4d1d37,Southern,Nyanza,Cyabakamyi,Kadaho,Gahengeri
66d9c3960bc303fcbe4d1d48,Southern,Nyanza,Cyabakamyi,Nyabinyenga,Kabuga
66d9c3960bc303fcbe4d1d4a,Southern,Nyanza,Cyabakamyi,Nyabinyenga,Karehe
66d9c3960bc303fcbe4d1d4d,Southern,Nyanza,Cyabakamyi,Nyabinyenga,Rugwa
66d9c3960bc303fcbe4d1d4f,Southern,Nyanza,Cyabakamyi,Nyabinyenga,Taba
66d9c3960bc303fcbe4d1d56,Southern,Nyanza,Cyabakamyi,Nyarurama,Rwabatwa
66d9c3960bc303fcbe4d1d5d,Southern,Nyanza,Cyabakamyi,Rubona,Murambi
66d9c3960bc303fcbe4d1d5f,Southern,Nyanza,Cyabakamyi,Rubona,Nyaminazi
66d9c3960bc303fcbe4d1d64,Southern,Nyanza,Kibilizi,Cyeru,Kamatamu
66d9c3960bc303fcbe4d1d66,Southern,Nyanza,Kibilizi,Cyeru,Matara
66d9c3960bc303fcbe4d1d67,Southern,Nyanza,Kibilizi,Cyeru,Muyebe
66d9c3960bc303fcbe4d1d68,Southern,Nyanza,Kibilizi,Cyeru,Nyamunini
66d9c3960bc303fcbe4d1d6b,Southern,Nyanza,Kibilizi,Mbuye,Gako
66d9c3960bc303fcbe4d1d45,Southern,Nyanza,Cyabakamyi,Karama,Kamonyi
66d9c3960bc303fcbe4d1d4b,Southern,Nyanza,Cyabakamyi,Nyabinyenga,Kimiyumbu
66d9c3960bc303fcbe4d1d77,Southern,Nyanza,Kibilizi,Mututu,Masangano
66d9c3960bc303fcbe4d1d7c,Southern,Nyanza,Kibilizi,Rwotso,Mubuga
66d9c3960bc303fcbe4d1d4e,Southern,Nyanza,Cyabakamyi,Nyabinyenga,Rwamagana
66d9c3960bc303fcbe4d1d59,Southern,Nyanza,Cyabakamyi,Rubona,Bugarama
66d9c3960bc303fcbe4d1d75,Southern,Nyanza,Kibilizi,Mututu,Kanyinya
66d9c3960bc303fcbe4d1d81,Southern,Nyanza,Kibilizi,Rwotso,Saruhembe
66d9c3960bc303fcbe4d1aa3,Eastern,Bugesera,Gashora,Mwendo,Gaharwa
66d9c3960bc303fcbe4d1aaa,Eastern,Bugesera,Gashora,Ramiro,Kagasa I
66d9c3960bc303fcbe4d1ab1,Eastern,Bugesera,Gashora,Ramiro,Rweru Ii
66d9c3960bc303fcbe4d1ab6,Eastern,Bugesera,Juru,Juru,Rwamakara
66d9c3960bc303fcbe4d1acf,Eastern,Bugesera,Juru,Rwinume,Kinihira
66d9c3960bc303fcbe4d1adb,Eastern,Bugesera,Kamabuye,Burenge,Murambo
66d9c3960bc303fcbe4d1add,Eastern,Bugesera,Kamabuye,Burenge,Nyakariba
66d9c3960bc303fcbe4d1ae4,Eastern,Bugesera,Kamabuye,Kampeka,Mbuganzeri
66d9c3960bc303fcbe4d1aec,Eastern,Bugesera,Kamabuye,Nyakayaga,Murambi
66d9c3960bc303fcbe4d1aed,Eastern,Bugesera,Kamabuye,Nyakayaga,Ntungamo I
66d9c3960bc303fcbe4d1af3,Eastern,Bugesera,Kamabuye,Tunda,Rubirizi
66d9c3960bc303fcbe4d1b0c,Eastern,Bugesera,Mareba,Gakomeye,Kamudeberi
66d9c3960bc303fcbe4d1b14,Eastern,Bugesera,Mareba,Nyamigina,Kabuye
66d9c3960bc303fcbe4d1b16,Eastern,Bugesera,Mareba,Nyamigina,Ngugu
66d9c3960bc303fcbe4d1b2e,Eastern,Bugesera,Mayange,Gakamba,Gacucu
66d9c3960bc303fcbe4d1b42,Eastern,Bugesera,Mayange,Kibenga,Ruhorobero
66d9c3960bc303fcbe4d1b4d,Eastern,Bugesera,Mayange,Mbyo,Kabyo
66d9c3960bc303fcbe4d1b93,Eastern,Bugesera,Mwogo,Rurenge,Gitaraga
66d9c3960bc303fcbe4d1b97,Eastern,Bugesera,Mwogo,Rurenge,Rwabashenyi
66d9c3960bc303fcbe4d1b98,Eastern,Bugesera,Ngeruka,Gihembe,Buhara
66d9c3960bc303fcbe4d1b9b,Eastern,Bugesera,Ngeruka,Gihembe,Kadebu
66d9c3960bc303fcbe4d1ba7,Eastern,Bugesera,Ngeruka,Murama,Bishenyi
66d9c3960bc303fcbe4d1ba9,Eastern,Bugesera,Ngeruka,Murama,Gakurazo
66d9c3960bc303fcbe4d1bab,Eastern,Bugesera,Ngeruka,Murama,Ikoni
66d9c3960bc303fcbe4d1bbb,Eastern,Bugesera,Ngeruka,Ngeruka,Muyange
66d9c3960bc303fcbe4d1bc0,Eastern,Bugesera,Ngeruka,Nyakayenzi,Kavumu
66d9c3960bc303fcbe4d1bc1,Eastern,Bugesera,Ngeruka,Nyakayenzi,Kibaya
66d9c3960bc303fcbe4d1bca,Eastern,Bugesera,Ngeruka,Rutonde,Kagano
66d9c3960bc303fcbe4d1bcd,Eastern,Bugesera,Ngeruka,Rutonde,Kigarama
66d9c3960bc303fcbe4d1bcf,Eastern,Bugesera,Ngeruka,Rutonde,Rugazi
66d9c3960bc303fcbe4d1bd4,Eastern,Bugesera,Ntarama,Cyugaro,Kidudu
66d9c3960bc303fcbe4d1bd7,Eastern,Bugesera,Ntarama,Cyugaro,Rugarama
66d9c3960bc303fcbe4d1be0,Eastern,Bugesera,Ntarama,Kanzenze,Rwangara
66d9c3960bc303fcbe4d1be1,Eastern,Bugesera,Ntarama,Kibungo,Kagoma I
66d9c3960bc303fcbe4d1be4,Eastern,Bugesera,Ntarama,Kibungo,Nganwa
66d9c3960bc303fcbe4d1bf1,Eastern,Bugesera,Nyamata,Kayumba,Gatare
66d9c3960bc303fcbe4d1c0b,Eastern,Bugesera,Nyamata,Nyamata Y Umujyi,Gasenga Ii
66d9c3960bc303fcbe4d1c12,Eastern,Bugesera,Nyamata,Nyamata Y Umujyi,Rugarama I
66d9c3960bc303fcbe4d1c1c,Eastern,Bugesera,Nyarugenge,Gihinga,Nyarubande
66d9c3960bc303fcbe4d1c27,Eastern,Bugesera,Nyarugenge,Murambi,Kadogori
66d9c3960bc303fcbe4d1c29,Eastern,Bugesera,Nyarugenge,Murambi,Kayitanga
66d9c3960bc303fcbe4d1c44,Eastern,Bugesera,Ririma,Kabeza,Gitega
66d9c3960bc303fcbe4d1c48,Eastern,Bugesera,Ririma,Kabeza,Karambo
66d9c3960bc303fcbe4d1c59,Eastern,Bugesera,Ririma,Kimaranzara,Gasabo
66d9c3960bc303fcbe4d1c5a,Eastern,Bugesera,Ririma,Kimaranzara,Gihushi
66d9c3960bc303fcbe4d1c5b,Eastern,Bugesera,Ririma,Kimaranzara,Kabahaya
66d9c3960bc303fcbe4d1c6f,Eastern,Bugesera,Ririma,Nyabagendwa,Mataba
66d9c3960bc303fcbe4d1c82,Eastern,Bugesera,Ruhuha,Gatanga,Nyakagarama
66d9c3960bc303fcbe4d1c85,Eastern,Bugesera,Ruhuha,Gikundamvura,Kanombe
66d9c3960bc303fcbe4d1c8a,Eastern,Bugesera,Ruhuha,Kindama,Gatare
66d9c3960bc303fcbe4d1c8d,Eastern,Bugesera,Ruhuha,Kindama,Kamweru
66d9c3960bc303fcbe4d1c91,Eastern,Bugesera,Ruhuha,Kindama,Ruramba
66d9c3960bc303fcbe4d1ca0,Eastern,Bugesera,Rweru,Batima,Rubira
66d9c3960bc303fcbe4d1ca5,Eastern,Bugesera,Rweru,Kintambwe,Maburane
66d9c3960bc303fcbe4d1cb8,Eastern,Bugesera,Rweru,Nkanga,Agashoro
66d9c3960bc303fcbe4d1cba,Eastern,Bugesera,Rweru,Nkanga,Mujwiri
66d9c3960bc303fcbe4d1cc5,Eastern,Bugesera,Shyara,Kamabuye,Nyabaguma
66d9c3960bc303fcbe4d1cd0,Eastern,Bugesera,Shyara,Rutare,Kamweru
66d9c3960bc303fcbe4d1cd4,Southern,Nyanza,Busasamana,Gahondo,Bigega
66d9c3960bc303fcbe4d1cdd,Southern,Nyanza,Busasamana,Kavumu,Akirabo
66d9c3960bc303fcbe4d1ce0,Southern,Nyanza,Busasamana,Kavumu,Karukoranya A
66d9c3960bc303fcbe4d1ce9,Southern,Nyanza,Busasamana,Kavumu,Ruvumera
66d9c3960bc303fcbe4d1ceb,Southern,Nyanza,Busasamana,Kavumu,Nyamagana A
66d9c3960bc303fcbe4d1cf3,Southern,Nyanza,Busasamana,Kibinja,Rugari B
66d9c3960bc303fcbe4d1cf5,Southern,Nyanza,Busasamana,Nyanza,Gakenyeri A
66d9c3960bc303fcbe4d1d0c,Southern,Nyanza,Busasamana,Rwesero,Rwesero
66d9c3960bc303fcbe4d1d0a,Southern,Nyanza,Busasamana,Rwesero,Rugarama
66d9c3960bc303fcbe4d1d0b,Southern,Nyanza,Busasamana,Rwesero,Rukari
66d9c3960bc303fcbe4d1d13,Southern,Nyanza,Busoro,Gitovu,Nazareti
66d9c3960bc303fcbe4d1d3b,Southern,Nyanza,Cyabakamyi,Kadaho,Kabere
66d9c3960bc303fcbe4d1d23,Southern,Nyanza,Busoro,Masangano,Nyarugunga
66d9c3960bc303fcbe4d1d33,Southern,Nyanza,Busoro,Shyira,Nyamoyaga
66d9c3960bc303fcbe4d1d3a,Southern,Nyanza,Cyabakamyi,Kadaho,Gitega
66d9c3960bc303fcbe4d1d3f,Southern,Nyanza,Cyabakamyi,Kadaho,Nyabyiyoni
66d9c3960bc303fcbe4d1d10,Southern,Nyanza,Busoro,Gitovu,Kayenzi
66d9c3960bc303fcbe4d1d1b,Southern,Nyanza,Busoro,Kimirama,Nyamiyonga
66d9c3960bc303fcbe4d1d32,Southern,Nyanza,Busoro,Shyira,Kinkanga
66d9c3960bc303fcbe4d1d0f,Southern,Nyanza,Busoro,Gitovu,Kabeza
66d9c3960bc303fcbe4d1d16,Southern,Nyanza,Busoro,Gitovu,Rushoka
66d9c3960bc303fcbe4d1d17,Southern,Nyanza,Busoro,Kimirama,Gitwa
66d9c3960bc303fcbe4d1d19,Southern,Nyanza,Busoro,Kimirama,Kireranyana
66d9c3960bc303fcbe4d1d1c,Southern,Nyanza,Busoro,Kimirama,Nyarugenge
66d9c3960bc303fcbe4d1d1f,Southern,Nyanza,Busoro,Masangano,Bweramana
66d9c3960bc303fcbe4d1d26,Southern,Nyanza,Busoro,Munyinya,Kagarama
66d9c3960bc303fcbe4d1d2a,Southern,Nyanza,Busoro,Munyinya,Rwara
66d9c3960bc303fcbe4d1d3d,Southern,Nyanza,Cyabakamyi,Kadaho,Kadaho
66d9c3960bc303fcbe4d1d5e,Southern,Nyanza,Cyabakamyi,Rubona,Nyabishike
66d9c3960bc303fcbe4d1d73,Southern,Nyanza,Kibilizi,Mututu,Gicumbi
66d9c3960bc303fcbe4d1d74,Southern,Nyanza,Kibilizi,Mututu,Kabeza
66d9c3960bc303fcbe4d1d52,Southern,Nyanza,Cyabakamyi,Nyarurama,Kirombozi
66d9c3960bc303fcbe4d1d53,Southern,Nyanza,Cyabakamyi,Nyarurama,Nyakabingo
66d9c3960bc303fcbe4d1d63,Southern,Nyanza,Kibilizi,Cyeru,Gisika
66d9c3960bc303fcbe4d1d41,Southern,Nyanza,Cyabakamyi,Karama,Cyarera
66d9c3960bc303fcbe4d1d42,Southern,Nyanza,Cyabakamyi,Karama,Gahondo
66d9c3960bc303fcbe4d1d47,Southern,Nyanza,Cyabakamyi,Karama,Nyabinombe
66d9c3960bc303fcbe4d1d4c,Southern,Nyanza,Cyabakamyi,Nyabinyenga,Nyabinyenga
66d9c3960bc303fcbe4d1d55,Southern,Nyanza,Cyabakamyi,Nyarurama,Ruvuzo
66d9c3960bc303fcbe4d1d5a,Southern,Nyanza,Cyabakamyi,Rubona,Gahunga
66d9c3960bc303fcbe4d1d61,Southern,Nyanza,Cyabakamyi,Rubona,Rugendabari
66d9c3960bc303fcbe4d1d8d,Southern,Nyanza,Kigoma,Butara,Buruba
66d9c3960bc303fcbe4d1d91,Southern,Nyanza,Kigoma,Butara,Kigufi
66d9c3960bc303fcbe4d1d92,Southern,Nyanza,Kigoma,Butara,Kirundo
66d9c3960bc303fcbe4d1dcf,Southern,Nyanza,Mukingo,Kiruli,Muturirwa
66d9c3960bc303fcbe4d1dd5,Southern,Nyanza,Mukingo,Mpanga,Kinyinya
66d9c3960bc303fcbe4d1deb,Southern,Nyanza,Mukingo,Nkomero,Nyacyoma
66d9c3960bc303fcbe4d1df0,Southern,Nyanza,Muyira,Gati,Buhaza
66d9c3960bc303fcbe4d1de3,Southern,Nyanza,Mukingo,Ngwa,Mwanabiri
66d9c3960bc303fcbe4d1d89,Southern,Nyanza,Kigoma,Butansinda,Kigoma
66d9c3960bc303fcbe4d1d95,Southern,Nyanza,Kigoma,Gahombo,Birembo
66d9c3960bc303fcbe4d1d9b,Southern,Nyanza,Kigoma,Gahombo,Kaziba
66d9c3960bc303fcbe4d1da6,Southern,Nyanza,Kigoma,Gasoro,Kinene
66d9c3960bc303fcbe4d1db7,Southern,Nyanza,Mukingo,Cyerezo,Bweramana
66d9c3960bc303fcbe4d1dd9,Southern,Nyanza,Mukingo,Mpanga,Nyamazi
66d9c3960bc303fcbe4d1de8,Southern,Nyanza,Mukingo,Nkomero,Kabarima
66d9c3960bc303fcbe4d1de9,Southern,Nyanza,Mukingo,Nkomero,Kibonde
66d9c3960bc303fcbe4d1ded,Southern,Nyanza,Mukingo,Nkomero,Nyankokoma
66d9c3960bc303fcbe4d1d8e,Southern,Nyanza,Kigoma,Butara,Butara
66d9c3960bc303fcbe4d1d9d,Southern,Nyanza,Kigoma,Gahombo,Nyagacyamo
66d9c3960bc303fcbe4d1da7,Southern,Nyanza,Kigoma,Gasoro,Mutende
66d9c3960bc303fcbe4d1da8,Southern,Nyanza,Kigoma,Gasoro,Nyabubare
66d9c3960bc303fcbe4d1daa,Southern,Nyanza,Kigoma,Gasoro,Runyanzige
66d9c3960bc303fcbe4d1dab,Southern,Nyanza,Kigoma,Gasoro,Sholi
66d9c3960bc303fcbe4d1dae,Southern,Nyanza,Kigoma,Mulinja,Buharankakara
66d9c3960bc303fcbe4d1dbc,Southern,Nyanza,Mukingo,Cyerezo,Kamabuye
66d9c3960bc303fcbe4d1dc0,Southern,Nyanza,Mukingo,Gatagara,Gatagara
66d9c3960bc303fcbe4d1dc1,Southern,Nyanza,Mukingo,Gatagara,Kamushatsi
66d9c3960bc303fcbe4d1dca,Southern,Nyanza,Mukingo,Kiruli,Kiganda
66d9c3960bc303fcbe4d1dd1,Southern,Nyanza,Mukingo,Kiruli,Nyabishinge
66d9c3960bc303fcbe4d1d94,Southern,Nyanza,Kigoma,Butara,Runyinya
66d9c3960bc303fcbe4d1d97,Southern,Nyanza,Kigoma,Gahombo,Gashikiri
66d9c3960bc303fcbe4d1d9a,Southern,Nyanza,Kigoma,Gahombo,Karugando
66d9c3960bc303fcbe4d1d9f,Southern,Nyanza,Kigoma,Gahombo,Serivise
66d9c3960bc303fcbe4d1da2,Southern,Nyanza,Kigoma,Gasoro,Gisoro
66d9c3960bc303fcbe4d1dad,Southern,Nyanza,Kigoma,Mulinja,Akintare
66d9c3960bc303fcbe4d1dc4,Southern,Nyanza,Mukingo,Gatagara,Kinyogoto
66d9c3960bc303fcbe4d1dc5,Southern,Nyanza,Mukingo,Gatagara,Muhororo
66d9c3960bc303fcbe4d1ddb,Southern,Nyanza,Mukingo,Ngwa,Bikire
66d9c3960bc303fcbe4d1ddc,Southern,Nyanza,Mukingo,Ngwa,Biroro
66d9c3960bc303fcbe4d1ddf,Southern,Nyanza,Mukingo,Ngwa,Karambi ?A
66d9c3960bc303fcbe4d1de4,Southern,Nyanza,Mukingo,Ngwa,Nyarunyinya A
66d9c3960bc303fcbe4d1de6,Southern,Nyanza,Mukingo,Nkomero,Cyimana
66d9c3960bc303fcbe4d1df2,Southern,Nyanza,Muyira,Gati,Kinyoni
66d9c3960bc303fcbe4d1db8,Southern,Nyanza,Mukingo,Cyerezo,Cyerezo
66d9c3960bc303fcbe4d1de0,Southern,Nyanza,Mukingo,Ngwa,Karenge
66d9c3960bc303fcbe4d1de1,Southern,Nyanza,Mukingo,Ngwa,Kidaturwa
66d9c3960bc303fcbe4d1df1,Southern,Nyanza,Muyira,Gati,Kimfizi
66d9c3960bc303fcbe4d1dcc,Southern,Nyanza,Mukingo,Kiruli,Masambu
66d9c3960bc303fcbe4d1d85,Southern,Nyanza,Kigoma,Butansinda,Karama
66d9c3960bc303fcbe4d1d8b,Southern,Nyanza,Kigoma,Butansinda,Mataba
66d9c3960bc303fcbe4d1d96,Southern,Nyanza,Kigoma,Gahombo,Cyingina
66d9c3960bc303fcbe4d1dc2,Southern,Nyanza,Mukingo,Gatagara,Karama
66d9c3960bc303fcbe4d1dd7,Southern,Nyanza,Mukingo,Mpanga,Nkinda
66d9c3960bc303fcbe4d1df3,Southern,Nyanza,Muyira,Gati,Ruyenzi
66d9c3960bc303fcbe4d1df8,Southern,Nyanza,Muyira,Migina,Kinyana
66d9c3960bc303fcbe4d1e14,Southern,Nyanza,Ntyazo,Cyotamakara,Karuyumbo
66d9c3960bc303fcbe4d1e1b,Southern,Nyanza,Ntyazo,Kagunga,Bukinanyana
66d9c3960bc303fcbe4d1e2e,Southern,Nyanza,Ntyazo,Katarara,Rukoma
66d9c3960bc303fcbe4d1e35,Southern,Nyanza,Nyagisozi,Gahunga,Mweya
66d9c3960bc303fcbe4d1e09,Southern,Nyanza,Ntyazo,Bugali,Gakindo
66d9c3960bc303fcbe4d1e3b,Southern,Nyanza,Nyagisozi,Kabirizi,Muhaga
66d9c3960bc303fcbe4d1e00,Southern,Nyanza,Muyira,Nyamure,Gatare
66d9c3960bc303fcbe4d1e07,Southern,Nyanza,Muyira,Nyundo,Muyira
66d9c3960bc303fcbe4d1e13,Southern,Nyanza,Ntyazo,Cyotamakara,Kankima
66d9c3960bc303fcbe4d1e1e,Southern,Nyanza,Ntyazo,Kagunga,Ntebe
66d9c3960bc303fcbe4d1e57,Southern,Nyanza,Nyagisozi,Rurangazi,Nyaruvumu
66d9c3960bc303fcbe4d1e59,Southern,Nyanza,Rwabicuma,Gacu,Bisambu
66d9c3960bc303fcbe4d1e60,Southern,Nyanza,Rwabicuma,Gishike,Karambo A
66d9c3960bc303fcbe4d1e63,Southern,Nyanza,Rwabicuma,Gishike,Rwamushumba
66d9c3960bc303fcbe4d1e41,Southern,Nyanza,Nyagisozi,Kabuga,Murandaryi
66d9c3960bc303fcbe4d1e42,Southern,Nyanza,Nyagisozi,Kabuga,Mwokora
66d9c3960bc303fcbe4d1e47,Southern,Nyanza,Nyagisozi,Kirambi,Busenyeye
66d9c3960bc303fcbe4d1e4b,Southern,Nyanza,Nyagisozi,Kirambi,Jarama
66d9c3960bc303fcbe4d1e5d,Southern,Nyanza,Rwabicuma,Gishike,Gakoni
66d9c3960bc303fcbe4d1e62,Southern,Nyanza,Rwabicuma,Gishike,Karusimbi
66d9c3960bc303fcbe4d1e5b,Southern,Nyanza,Rwabicuma,Gacu,Karehe
66d9c3960bc303fcbe4d1e4a,Southern,Nyanza,Nyagisozi,Kirambi,Gasiza
66d9c3960bc303fcbe4d1aa7,Eastern,Bugesera,Gashora,Mwendo,Ruhanura
66d9c3960bc303fcbe4d1af6,Eastern,Bugesera,Kamabuye,Tunda,Twuruziramire
66d9c3960bc303fcbe4d1b09,Eastern,Bugesera,Mareba,Gakomeye,Gitwa
66d9c3960bc303fcbe4d1b0a,Eastern,Bugesera,Mareba,Gakomeye,Kabere
66d9c3960bc303fcbe4d1b1a,Eastern,Bugesera,Mareba,Nyamigina,Ruyenzi
66d9c3960bc303fcbe4d1b2f,Eastern,Bugesera,Mayange,Gakamba,Gakamba
66d9c3960bc303fcbe4d1b51,Eastern,Bugesera,Musenyi,Gicaca,Bidudu
66d9c3960bc303fcbe4d1b67,Eastern,Bugesera,Musenyi,Musenyi,Muhanga
66d9c3960bc303fcbe4d1b78,Eastern,Bugesera,Musenyi,Rulindo,Kanyamata
66d9c3960bc303fcbe4d1b8a,Eastern,Bugesera,Mwogo,Kagasa,Rwintenderi
66d9c3960bc303fcbe4d1b94,Eastern,Bugesera,Mwogo,Rurenge,Kaboshya
66d9c3960bc303fcbe4d1bb1,Eastern,Bugesera,Ngeruka,Murama,Muyange
66d9c3960bc303fcbe4d1bbc,Eastern,Bugesera,Ngeruka,Ngeruka,Ngeruka
66d9c3960bc303fcbe4d1bd6,Eastern,Bugesera,Ntarama,Cyugaro,Rubomborana
66d9c3960bc303fcbe4d1bdb,Eastern,Bugesera,Ntarama,Kanzenze,Kabaha
66d9c3960bc303fcbe4d1be8,Eastern,Bugesera,Nyamata,Kanazi,Bihari
66d9c3960bc303fcbe4d1bfe,Eastern,Bugesera,Nyamata,Maranyundo,Rusagara
66d9c3960bc303fcbe4d1c01,Eastern,Bugesera,Nyamata,Murama,Gatare
66d9c3960bc303fcbe4d1c11,Eastern,Bugesera,Nyamata,Nyamata Y Umujyi,Nyamata Ii
66d9c3960bc303fcbe4d1c2b,Eastern,Bugesera,Nyarugenge,Murambi,Rugandara
66d9c3960bc303fcbe4d1c2c,Eastern,Bugesera,Nyarugenge,Murambi,Rurama
66d9c3960bc303fcbe4d1c4f,Eastern,Bugesera,Ririma,Karera,Mutarama
66d9c3960bc303fcbe4d1c63,Eastern,Bugesera,Ririma,Ntarama,Gitovu
66d9c3960bc303fcbe4d1c6e,Eastern,Bugesera,Ririma,Nyabagendwa,Karama
66d9c3960bc303fcbe4d1c74,Eastern,Bugesera,Ririma,Nyabagendwa,Nyamizi
66d9c3960bc303fcbe4d1c75,Eastern,Bugesera,Ririma,Nyabagendwa,Rwibikara
66d9c3960bc303fcbe4d1cad,Eastern,Bugesera,Rweru,Mazane,Rukira
66d9c3960bc303fcbe4d1ce4,Southern,Nyanza,Busasamana,Kavumu,Mugandamure B
66d9c3960bc303fcbe4d1cfb,Southern,Nyanza,Busasamana,Nyanza,Kavumu
66d9c3960bc303fcbe4d1d25,Southern,Nyanza,Busoro,Masangano,Shinga
66d9c3960bc303fcbe4d1d2b,Southern,Nyanza,Busoro,Rukingiro,Cyamugani
66d9c3960bc303fcbe4d1d36,Southern,Nyanza,Busoro,Shyira,Saruduha
66d9c3960bc303fcbe4d1d3c,Southern,Nyanza,Cyabakamyi,Kadaho,Kabeza
66d9c3960bc303fcbe4d1d21,Southern,Nyanza,Busoro,Masangano,Masangano
66d9c3960bc303fcbe4d1d30,Southern,Nyanza,Busoro,Rukingiro,Rwangoga
66d9c3960bc303fcbe4d1d00,Southern,Nyanza,Busasamana,Nyanza,Nyarunyinya
66d9c3960bc303fcbe4d1d05,Southern,Nyanza,Busasamana,Rwesero,Kabona
66d9c3960bc303fcbe4d1d06,Southern,Nyanza,Busasamana,Rwesero,Kidaturwa
66d9c3960bc303fcbe4d1d07,Southern,Nyanza,Busasamana,Rwesero,Murambi
66d9c3960bc303fcbe4d1d09,Southern,Nyanza,Busasamana,Rwesero,Nyabisindu
66d9c3960bc303fcbe4d1d18,Southern,Nyanza,Busoro,Kimirama,Kimirama
66d9c3960bc303fcbe4d1d1e,Southern,Nyanza,Busoro,Masangano,Busoro
66d9c3960bc303fcbe4d1d08,Southern,Nyanza,Busasamana,Rwesero,Mwima
66d9c3960bc303fcbe4d1d22,Southern,Nyanza,Busoro,Masangano,Murambi
66d9c3960bc303fcbe4d1d28,Southern,Nyanza,Busoro,Munyinya,Kigali
66d9c3960bc303fcbe4d1d35,Southern,Nyanza,Busoro,Shyira,Rusharu
66d9c3960bc303fcbe4d1d3e,Southern,Nyanza,Cyabakamyi,Kadaho,Nyabisazi
66d9c3960bc303fcbe4d1d79,Southern,Nyanza,Kibilizi,Rwotso,Kabuga
66d9c3960bc303fcbe4d1d40,Southern,Nyanza,Cyabakamyi,Karama,Butembo
66d9c3960bc303fcbe4d1d43,Southern,Nyanza,Cyabakamyi,Karama,Gatongati
66d9c3960bc303fcbe4d1d50,Southern,Nyanza,Cyabakamyi,Nyarurama,Kabyuma
66d9c3960bc303fcbe4d1d54,Southern,Nyanza,Cyabakamyi,Nyarurama,Rugote
66d9c3960bc303fcbe4d1d57,Southern,Nyanza,Cyabakamyi,Nyarurama,Rwamiko
66d9c3960bc303fcbe4d1d5c,Southern,Nyanza,Cyabakamyi,Rubona,Kavumu
66d9c3960bc303fcbe4d1d60,Southern,Nyanza,Cyabakamyi,Rubona,Nyarutovu
66d9c3960bc303fcbe4d1d69,Southern,Nyanza,Kibilizi,Cyeru,Rutete
66d9c3960bc303fcbe4d1d72,Southern,Nyanza,Kibilizi,Mututu,Gatongati
66d9c3960bc303fcbe4d1d7e,Southern,Nyanza,Kibilizi,Rwotso,Nyarurama
66d9c3960bc303fcbe4d1d6d,Southern,Nyanza,Kibilizi,Mbuye,Karambi
66d9c3960bc303fcbe4d1d78,Southern,Nyanza,Kibilizi,Rwotso,Bigarama
66d9c3960bc303fcbe4d1d44,Southern,Nyanza,Cyabakamyi,Karama,Kamabuye
66d9c3960bc303fcbe4d1d71,Southern,Nyanza,Kibilizi,Mbuye,Rukore
66d9c3960bc303fcbe4d1d7b,Southern,Nyanza,Kibilizi,Rwotso,Mubano
66d9c3960bc303fcbe4d1d7d,Southern,Nyanza,Kibilizi,Rwotso,Mutima
66d9c3960bc303fcbe4d1dd4,Southern,Nyanza,Mukingo,Mpanga,Karambi
66d9c3960bc303fcbe4d1ddd,Southern,Nyanza,Mukingo,Ngwa,Gasiza
66d9c3960bc303fcbe4d1df5,Southern,Nyanza,Muyira,Migina,Bugina
66d9c3960bc303fcbe4d1df9,Southern,Nyanza,Muyira,Migina,Musenyi
66d9c3960bc303fcbe4d1e19,Southern,Nyanza,Ntyazo,Cyotamakara,Ruyenzi
66d9c3960bc303fcbe4d1e2c,Southern,Nyanza,Ntyazo,Katarara,Nkombe
66d9c3960bc303fcbe4d1e36,Southern,Nyanza,Nyagisozi,Gahunga,Nyamugari
66d9c3960bc303fcbe4d1e05,Southern,Nyanza,Muyira,Nyundo,Nyundo
66d9c3960bc303fcbe4d1e20,Southern,Nyanza,Ntyazo,Kagunga,Nyamirama
66d9c3960bc303fcbe4d1e28,Southern,Nyanza,Ntyazo,Katarara,Kamabuye
66d9c3960bc303fcbe4d1e0d,Southern,Nyanza,Ntyazo,Bugali,Marabage
66d9c3960bc303fcbe4d1e39,Southern,Nyanza,Nyagisozi,Kabirizi,Gihimbi
66d9c3960bc303fcbe4d1e02,Southern,Nyanza,Muyira,Nyamure,Kanyundo
66d9c3960bc303fcbe4d1e0c,Southern,Nyanza,Ntyazo,Bugali,Kiruhura
66d9c3960bc303fcbe4d1e0f,Southern,Nyanza,Ntyazo,Bugali,Nkomane
66d9c3960bc303fcbe4d1e12,Southern,Nyanza,Ntyazo,Cyotamakara,Bayi
66d9c3960bc303fcbe4d1e17,Southern,Nyanza,Ntyazo,Cyotamakara,Nyabigugu
66d9c3960bc303fcbe4d1e21,Southern,Nyanza,Ntyazo,Kagunga,Nyamirambo
66d9c3960bc303fcbe4d1e2a,Southern,Nyanza,Ntyazo,Katarara,Munyiginya
66d9c3960bc303fcbe4d1e33,Southern,Nyanza,Nyagisozi,Gahunga,Kagarama
66d9c3960bc303fcbe4d1e3a,Southern,Nyanza,Nyagisozi,Kabirizi,Kabuye
66d9c3960bc303fcbe4d1e3e,Southern,Nyanza,Nyagisozi,Kabirizi,Nyaruvumu
66d9c3960bc303fcbe4d1e52,Southern,Nyanza,Nyagisozi,Rurangazi,Kami
66d9c3960bc303fcbe4d1e45,Southern,Nyanza,Nyagisozi,Kabuga,Uwagisozi
66d9c3960bc303fcbe4d1e46,Southern,Nyanza,Nyagisozi,Kabuga,Uwimpura
66d9c3960bc303fcbe4d1aa5,Eastern,Bugesera,Gashora,Mwendo,Kayovu
66d9c3960bc303fcbe4d1ac9,Eastern,Bugesera,Juru,Musovu,Cyingaju
66d9c3960bc303fcbe4d1b5d,Eastern,Bugesera,Musenyi,Gicaca,Rusagara
66d9c3960bc303fcbe4d1b7d,Eastern,Bugesera,Musenyi,Rulindo,Rulindo
66d9c3960bc303fcbe4d1c06,Eastern,Bugesera,Nyamata,Murama,Rucucu
66d9c3960bc303fcbe4d1c19,Eastern,Bugesera,Nyarugenge,Gihinga,Ntungamo
66d9c3960bc303fcbe4d1c69,Eastern,Bugesera,Ririma,Ntarama,Rurambo
66d9c3960bc303fcbe4d1c77,Eastern,Bugesera,Ruhuha,Bihari,Busasamana
66d9c3960bc303fcbe4d1c7e,Eastern,Bugesera,Ruhuha,Gatanga,Butereri
66d9c3960bc303fcbe4d1cd1,Eastern,Bugesera,Shyara,Rutare,Ruhanga
66d9c3960bc303fcbe4d1d01,Southern,Nyanza,Busasamana,Nyanza,Rubona
66d9c3960bc303fcbe4d1d11,Southern,Nyanza,Busoro,Gitovu,Muhindo
66d9c3960bc303fcbe4d1d1d,Southern,Nyanza,Busoro,Kimirama,Rugarama
66d9c3960bc303fcbe4d1d29,Southern,Nyanza,Busoro,Munyinya,Kivugiza
66d9c3960bc303fcbe4d1d2d,Southern,Nyanza,Busoro,Rukingiro,Gasambu
66d9c3960bc303fcbe4d1d31,Southern,Nyanza,Busoro,Shyira,Gahogo
66d9c3960bc303fcbe4d1d39,Southern,Nyanza,Cyabakamyi,Kadaho,Gataba
66d9c3960bc303fcbe4d1d15,Southern,Nyanza,Busoro,Gitovu,Nyagasambu
66d9c3960bc303fcbe4d1d1a,Southern,Nyanza,Busoro,Kimirama,Ndamira
66d9c3960bc303fcbe4d1d27,Southern,Nyanza,Busoro,Munyinya,Karambi
66d9c3960bc303fcbe4d1d38,Southern,Nyanza,Cyabakamyi,Kadaho,Gasenyi
66d9c3960bc303fcbe4d1d02,Southern,Nyanza,Busasamana,Rwesero,Bukinankwavu
66d9c3960bc303fcbe4d1d0d,Southern,Nyanza,Busasamana,Rwesero,Taba
66d9c3960bc303fcbe4d1d12,Southern,Nyanza,Busoro,Gitovu,Musumba
66d9c3960bc303fcbe4d1d24,Southern,Nyanza,Busoro,Masangano,Runyonza
66d9c3960bc303fcbe4d1d2f,Southern,Nyanza,Busoro,Rukingiro,Rwanamiza
66d9c3960bc303fcbe4d1d34,Southern,Nyanza,Busoro,Shyira,Rucyamo
66d9c3960bc303fcbe4d1d46,Southern,Nyanza,Cyabakamyi,Karama,Karama
66d9c3960bc303fcbe4d1d58,Southern,Nyanza,Cyabakamyi,Rubona,Bikombe
66d9c3960bc303fcbe4d1d62,Southern,Nyanza,Kibilizi,Cyeru,Gasagara
66d9c3960bc303fcbe4d1d7a,Southern,Nyanza,Kibilizi,Rwotso,Kibilizi
66d9c3960bc303fcbe4d1d7f,Southern,Nyanza,Kibilizi,Rwotso,Runyonza
66d9c3960bc303fcbe4d1d5b,Southern,Nyanza,Cyabakamyi,Rubona,Karambo
66d9c3960bc303fcbe4d1d65,Southern,Nyanza,Kibilizi,Cyeru,Karama
66d9c3960bc303fcbe4d1d76,Southern,Nyanza,Kibilizi,Mututu,Kivugiza
66d9c3960bc303fcbe4d1d49,Southern,Nyanza,Cyabakamyi,Nyabinyenga,Kandihe
66d9c3960bc303fcbe4d1d51,Southern,Nyanza,Cyabakamyi,Nyarurama,Kigarama A
66d9c3960bc303fcbe4d1d6a,Southern,Nyanza,Kibilizi,Mbuye,Binyana
66d9c3960bc303fcbe4d1d6c,Southern,Nyanza,Kibilizi,Mbuye,Gihama
66d9c3960bc303fcbe4d1d6e,Southern,Nyanza,Kibilizi,Mbuye,Karehe
66d9c3960bc303fcbe4d1d6f,Southern,Nyanza,Kibilizi,Mbuye,Kigarama
66d9c3960bc303fcbe4d1d70,Southern,Nyanza,Kibilizi,Mbuye,Mukoni
66d9c3960bc303fcbe4d1da0,Southern,Nyanza,Kigoma,Gasoro,Bugarura
66d9c3960bc303fcbe4d1db1,Southern,Nyanza,Kigoma,Mulinja,Karama
66d9c3960bc303fcbe4d1dbb,Southern,Nyanza,Mukingo,Cyerezo,Gasharu
66d9c3960bc303fcbe4d1dd3,Southern,Nyanza,Mukingo,Mpanga,Birembo
66d9c3960bc303fcbe4d1dd8,Southern,Nyanza,Mukingo,Mpanga,Nyakabuye
66d9c3960bc303fcbe4d1de2,Southern,Nyanza,Mukingo,Ngwa,Kigarama
66d9c3960bc303fcbe4d1d83,Southern,Nyanza,Kigoma,Butansinda,Gitare
66d9c3960bc303fcbe4d1d8a,Southern,Nyanza,Kigoma,Butansinda,Marongi
66d9c3960bc303fcbe4d1d99,Southern,Nyanza,Kigoma,Gahombo,Gisore
66d9c3960bc303fcbe4d1da5,Southern,Nyanza,Kigoma,Gasoro,Kajevuba
66d9c3960bc303fcbe4d1da9,Southern,Nyanza,Kigoma,Gasoro,Nyakabungo
66d9c3960bc303fcbe4d1db4,Southern,Nyanza,Kigoma,Mulinja,Nyarukurazo
66d9c3960bc303fcbe4d1dba,Southern,Nyanza,Mukingo,Cyerezo,Cyumba
66d9c3960bc303fcbe4d1dbe,Southern,Nyanza,Mukingo,Cyerezo,Nyarutovu
66d9c3960bc303fcbe4d1dbf,Southern,Nyanza,Mukingo,Gatagara,Cyahafi
66d9c3960bc303fcbe4d1dc8,Southern,Nyanza,Mukingo,Kiruli,Gahoko
66d9c3960bc303fcbe4d1dcb,Southern,Nyanza,Mukingo,Kiruli,Kigarama
66d9c3960bc303fcbe4d1dcd,Southern,Nyanza,Mukingo,Kiruli,Muganza
66d9c3960bc303fcbe4d1dd2,Southern,Nyanza,Mukingo,Kiruli,Nyankunamirwa
66d9c3960bc303fcbe4d1dda,Southern,Nyanza,Mukingo,Mpanga,Remera
66d9c3960bc303fcbe4d1dfe,Southern,Nyanza,Muyira,Nyamiyaga,Rugese
66d9c3960bc303fcbe4d1dff,Southern,Nyanza,Muyira,Nyamure,Cyegera
66d9c3960bc303fcbe4d1d84,Southern,Nyanza,Kigoma,Butansinda,Ishusho
66d9c3960bc303fcbe4d1da1,Southern,Nyanza,Kigoma,Gasoro,Bwambika
66d9c3960bc303fcbe4d1db2,Southern,Nyanza,Kigoma,Mulinja,Kigarama
66d9c3960bc303fcbe4d1d90,Southern,Nyanza,Kigoma,Butara,Kavumu
66d9c3960bc303fcbe4d1dac,Southern,Nyanza,Kigoma,Mulinja,Akana Ka Mulinja
66d9c3960bc303fcbe4d1db0,Southern,Nyanza,Kigoma,Mulinja,Burambi
66d9c3960bc303fcbe4d1dbd,Southern,Nyanza,Mukingo,Cyerezo,Karambi
66d9c3960bc303fcbe4d1dc6,Southern,Nyanza,Mukingo,Gatagara,Nyamiyaga ?
66d9c3960bc303fcbe4d1dde,Southern,Nyanza,Mukingo,Ngwa,Kagwa ?A
66d9c3960bc303fcbe4d1dee,Southern,Nyanza,Mukingo,Nkomero,Nzuki
66d9c3960bc303fcbe4d1def,Southern,Nyanza,Mukingo,Nkomero,Ruhosha
66d9c3960bc303fcbe4d1d80,Southern,Nyanza,Kibilizi,Rwotso,Rusagara
66d9c3960bc303fcbe4d1d8f,Southern,Nyanza,Kigoma,Butara,Gasharu
66d9c3960bc303fcbe4d1d93,Southern,Nyanza,Kigoma,Butara,Nyarusheshe
66d9c3960bc303fcbe4d1d9c,Southern,Nyanza,Kigoma,Gahombo,Kirerabana
66d9c3960bc303fcbe4d1da3,Southern,Nyanza,Kigoma,Gasoro,Giturwa
66d9c3960bc303fcbe4d1da4,Southern,Nyanza,Kigoma,Gasoro,Kabacuzi
66d9c3960bc303fcbe4d1db5,Southern,Nyanza,Kigoma,Mulinja,Sabununga
66d9c3960bc303fcbe4d1db6,Southern,Nyanza,Mukingo,Cyerezo,Birambo
66d9c3960bc303fcbe4d1dc3,Southern,Nyanza,Mukingo,Gatagara,Karuhwanya
66d9c3960bc303fcbe4d1dc7,Southern,Nyanza,Mukingo,Gatagara,Nyamuko
66d9c3960bc303fcbe4d1dce,Southern,Nyanza,Mukingo,Kiruli,Murehe ?
66d9c3960bc303fcbe4d1dd6,Southern,Nyanza,Mukingo,Mpanga,Mataba
66d9c3960bc303fcbe4d1de5,Southern,Nyanza,Mukingo,Ngwa,Rutete
66d9c3960bc303fcbe4d1dea,Southern,Nyanza,Mukingo,Nkomero,Kigarama
66d9c3960bc303fcbe4d1df4,Southern,Nyanza,Muyira,Gati,Rwabihanga
66d9c3960bc303fcbe4d1dfa,Southern,Nyanza,Muyira,Nyamiyaga,Gihama
66d9c3960bc303fcbe4d1dfb,Southern,Nyanza,Muyira,Nyamiyaga,Kabuye
66d9c3960bc303fcbe4d1dfd,Southern,Nyanza,Muyira,Nyamiyaga,Nzovi
66d9c3960bc303fcbe4d1d82,Southern,Nyanza,Kigoma,Butansinda,Butatsinda
66d9c3960bc303fcbe4d1d87,Southern,Nyanza,Kigoma,Butansinda,Kayange
66d9c3960bc303fcbe4d1d9e,Southern,Nyanza,Kigoma,Gahombo,Rugarama
66d9c3960bc303fcbe4d1db9,Southern,Nyanza,Mukingo,Cyerezo,Cyikirehe
66d9c3960bc303fcbe4d1dfc,Southern,Nyanza,Muyira,Nyamiyaga,Kiniga
66d9c3960bc303fcbe4d1e08,Southern,Nyanza,Muyira,Nyundo,Nzoga
66d9c3960bc303fcbe4d1e01,Southern,Nyanza,Muyira,Nyamure,Gituza
66d9c3960bc303fcbe4d1e0b,Southern,Nyanza,Ntyazo,Bugali,Kabusheja
66d9c3960bc303fcbe4d1e15,Southern,Nyanza,Ntyazo,Cyotamakara,Misasa
66d9c3960bc303fcbe4d1e16,Southern,Nyanza,Ntyazo,Cyotamakara,Mpande
66d9c3960bc303fcbe4d1e22,Southern,Nyanza,Ntyazo,Kagunga,Nyamizi
66d9c3960bc303fcbe4d1e25,Southern,Nyanza,Ntyazo,Kagunga,Samuduha
66d9c3960bc303fcbe4d1e29,Southern,Nyanza,Ntyazo,Katarara,Muhero
66d9c3960bc303fcbe4d1e30,Southern,Nyanza,Nyagisozi,Gahunga,Gatare
66d9c3960bc303fcbe4d1e32,Southern,Nyanza,Nyagisozi,Gahunga,Gituntu
66d9c3960bc303fcbe4d1e37,Southern,Nyanza,Nyagisozi,Gahunga,Uwarukara
66d9c3960bc303fcbe4d1e38,Southern,Nyanza,Nyagisozi,Kabirizi,Cyahafi
66d9c3960bc303fcbe4d1e0e,Southern,Nyanza,Ntyazo,Bugali,Ndago
66d9c3960bc303fcbe4d1e1a,Southern,Nyanza,Ntyazo,Cyotamakara,Rwimpundu
66d9c3960bc303fcbe4d1e2b,Southern,Nyanza,Ntyazo,Katarara,Muyenzi
66d9c3960bc303fcbe4d1e3c,Southern,Nyanza,Nyagisozi,Kabirizi,Nyagatovu
66d9c3960bc303fcbe4d1e64,Southern,Nyanza,Rwabicuma,Mubuga,Kabisine
66d9c3960bc303fcbe4d1e43,Southern,Nyanza,Nyagisozi,Kabuga,Nyamitobo
66d9c3960bc303fcbe4d1e44,Southern,Nyanza,Nyagisozi,Kabuga,Uwabushingwe
66d9c3960bc303fcbe4d1e54,Southern,Nyanza,Nyagisozi,Rurangazi,Musongati
66d9c3960bc303fcbe4d1e5a,Southern,Nyanza,Rwabicuma,Gacu,Gisake
66d9c3960bc303fcbe4d1e65,Southern,Nyanza,Rwabicuma,Mubuga,Kadusenyi
66d9c3960bc303fcbe4d1e48,Southern,Nyanza,Nyagisozi,Kirambi,Bweru
66d9c3960bc303fcbe4d1e49,Southern,Nyanza,Nyagisozi,Kirambi,Gasharu
66d9c3960bc303fcbe4d1e50,Southern,Nyanza,Nyagisozi,Kirambi,Rwimbazi
66d9c3960bc303fcbe4d1e51,Southern,Nyanza,Nyagisozi,Rurangazi,Gashyenzi
66d9c3960bc303fcbe4d1e55,Southern,Nyanza,Nyagisozi,Rurangazi,Nyamagana
66d9c3960bc303fcbe4d1e61,Southern,Nyanza,Rwabicuma,Gishike,Karambo B
66d9c3960bc303fcbe4d1e56,Southern,Nyanza,Nyagisozi,Rurangazi,Nyarutovu
66d9c3960bc303fcbe4d1d86,Southern,Nyanza,Kigoma,Butansinda,Karambo
66d9c3960bc303fcbe4d1d88,Southern,Nyanza,Kigoma,Butansinda,Kibaza
66d9c3960bc303fcbe4d1d8c,Southern,Nyanza,Kigoma,Butansinda,Nyesonga
66d9c3960bc303fcbe4d1d98,Southern,Nyanza,Kigoma,Gahombo,Gicunshu
66d9c3960bc303fcbe4d1daf,Southern,Nyanza,Kigoma,Mulinja,Buhoro
66d9c3960bc303fcbe4d1db3,Southern,Nyanza,Kigoma,Mulinja,Muramba
66d9c3960bc303fcbe4d1dc9,Southern,Nyanza,Mukingo,Kiruli,Kaganza
66d9c3960bc303fcbe4d1dd0,Southern,Nyanza,Mukingo,Kiruli,Nkiko
66d9c3960bc303fcbe4d1de7,Southern,Nyanza,Mukingo,Nkomero,Gisuma
66d9c3960bc303fcbe4d1dec,Southern,Nyanza,Mukingo,Nkomero,Nyakabungo
66d9c3960bc303fcbe4d1df6,Southern,Nyanza,Muyira,Migina,Kalilisi
66d9c3960bc303fcbe4d1df7,Southern,Nyanza,Muyira,Migina,Kavumu
66d9c3960bc303fcbe4d1e06,Southern,Nyanza,Muyira,Nyundo,Mugari
66d9c3960bc303fcbe4d1e3d,Southern,Nyanza,Nyagisozi,Kabirizi,Nyamabuye
66d9c3960bc303fcbe4d1e04,Southern,Nyanza,Muyira,Nyundo,Jari
66d9c3960bc303fcbe4d1e10,Southern,Nyanza,Ntyazo,Bugali,Nyabitare
66d9c3960bc303fcbe4d1e11,Southern,Nyanza,Ntyazo,Bugali,Rugarama
66d9c3960bc303fcbe4d1e18,Southern,Nyanza,Ntyazo,Cyotamakara,Nyarutovu
66d9c3960bc303fcbe4d1e1c,Southern,Nyanza,Ntyazo,Kagunga,Kamabuye
66d9c3960bc303fcbe4d1e1d,Southern,Nyanza,Ntyazo,Kagunga,Kimigunga
66d9c3960bc303fcbe4d1e23,Southern,Nyanza,Ntyazo,Kagunga,Nyarubuye
66d9c3960bc303fcbe4d1e24,Southern,Nyanza,Ntyazo,Kagunga,Rusasa
66d9c3960bc303fcbe4d1e26,Southern,Nyanza,Ntyazo,Katarara,Gasharu
66d9c3960bc303fcbe4d1e27,Southern,Nyanza,Ntyazo,Katarara,Kagarama
66d9c3960bc303fcbe4d1e2d,Southern,Nyanza,Ntyazo,Katarara,Rebero
66d9c3960bc303fcbe4d1e34,Southern,Nyanza,Nyagisozi,Gahunga,Kigohe
66d9c3960bc303fcbe4d1e3f,Southern,Nyanza,Nyagisozi,Kabuga,Gatoki
66d9c3960bc303fcbe4d1e03,Southern,Nyanza,Muyira,Nyamure,Nyarugunga
66d9c3960bc303fcbe4d1e0a,Southern,Nyanza,Ntyazo,Bugali,Gisayura
66d9c3960bc303fcbe4d1e2f,Southern,Nyanza,Ntyazo,Katarara,Rusebeya
66d9c3960bc303fcbe4d1e31,Southern,Nyanza,Nyagisozi,Gahunga,Gihara
66d9c3960bc303fcbe4d1e1f,Southern,Nyanza,Ntyazo,Kagunga,Nyakabungo
66d9c3960bc303fcbe4d1e4e,Southern,Nyanza,Nyagisozi,Kirambi,Mwezi
66d9c3960bc303fcbe4d1e4c,Southern,Nyanza,Nyagisozi,Kirambi,Mpaza
66d9c3960bc303fcbe4d1e4f,Southern,Nyanza,Nyagisozi,Kirambi,Rwankuba
66d9c3960bc303fcbe4d1e53,Southern,Nyanza,Nyagisozi,Rurangazi,Kigarama
66d9c3960bc303fcbe4d1e58,Southern,Nyanza,Nyagisozi,Rurangazi,Rugarama
66d9c3960bc303fcbe4d1e5f,Southern,Nyanza,Rwabicuma,Gishike,Gasiza B
66d9c3960bc303fcbe4d1e66,Southern,Nyanza,Rwabicuma,Mubuga,Karwiru
66d9c3960bc303fcbe4d1e40,Southern,Nyanza,Nyagisozi,Kabuga,Mirehe
66d9c3960bc303fcbe4d1e4d,Southern,Nyanza,Nyagisozi,Kirambi,Murende
66d9c3960bc303fcbe4d1e5c,Southern,Nyanza,Rwabicuma,Gacu,Nyamiyaga
66d9c3960bc303fcbe4d1e5e,Southern,Nyanza,Rwabicuma,Gishike,Gasiza A
66d9c3960bc303fcbe4d1e67,Southern,Nyanza,Rwabicuma,Mubuga,Nyamiseke
66d9c3970bc303fcbe4d1e7c,Southern,Gisagara,Gikonko,Cyiri,Kigitega
66d9c3970bc303fcbe4d1e87,Southern,Gisagara,Gikonko,Gasagara,Remera
66d9c3970bc303fcbe4d1e8d,Southern,Gisagara,Gikonko,Gikonko,Runyinya
66d9c3970bc303fcbe4d1ea3,Southern,Gisagara,Gishubi,Nyabitare,Kanombe
66d9c3970bc303fcbe4d1e94,Southern,Gisagara,Gikonko,Mbogo,Rwatano
66d9c3970bc303fcbe4d1e6b,Southern,Nyanza,Rwabicuma,Mushirarungu,Nyamuvumu B
66d9c3970bc303fcbe4d1e6c,Southern,Nyanza,Rwabicuma,Nyarusange,Cyarwa
66d9c3970bc303fcbe4d1e6e,Southern,Nyanza,Rwabicuma,Nyarusange,Kamuvunyi A
66d9c3970bc303fcbe4d1e74,Southern,Nyanza,Rwabicuma,Runga,Murambi
66d9c3970bc303fcbe4d1e77,Southern,Nyanza,Rwabicuma,Runga,Rugarama B
66d9c3970bc303fcbe4d1e81,Southern,Gisagara,Gikonko,Gasagara,Agasenyi
66d9c3970bc303fcbe4d1e9f,Southern,Gisagara,Gishubi,Gabiro,Tamba
66d9c3970bc303fcbe4d1ec9,Southern,Gisagara,Kansi,Akaboti,Akayenzi
66d9c3970bc303fcbe4d1eda,Southern,Gisagara,Kansi,Sabusaro,Ruhangaye
66d9c3970bc303fcbe4d1eb5,Southern,Gisagara,Gishubi,Nyakibungo,Rusasa
66d9c3970bc303fcbe4d1eb6,Southern,Gisagara,Gishubi,Nyeranzi,Cyamanyeri
66d9c3970bc303fcbe4d1ed1,Southern,Gisagara,Kansi,Bwiza,Kimanama
66d9c3970bc303fcbe4d1ed6,Southern,Gisagara,Kansi,Sabusaro,Gikore
66d9c3970bc303fcbe4d1ee3,Southern,Gisagara,Kibirizi,Duwani,Buhoro
66d9c3970bc303fcbe4d1ec6,Southern,Gisagara,Kansi,Akaboti,Agacyamu
66d9c3970bc303fcbe4d1ed7,Southern,Gisagara,Kansi,Sabusaro,Muhororo
66d9c3970bc303fcbe4d1edb,Southern,Gisagara,Kansi,Umunini,Agatare
66d9c3970bc303fcbe4d1eb0,Southern,Gisagara,Gishubi,Nyakibungo,Nkunamo
66d9c3970bc303fcbe4d1eb3,Southern,Gisagara,Gishubi,Nyakibungo,Rebero
66d9c3970bc303fcbe4d1ec1,Southern,Gisagara,Gishubi,Nyeranzi,Rebero
66d9c3970bc303fcbe4d1ec3,Southern,Gisagara,Gishubi,Nyeranzi,Rwanza
66d9c3970bc303fcbe4d1ec7,Southern,Gisagara,Kansi,Akaboti,Agataba
66d9c3970bc303fcbe4d1ecb,Southern,Gisagara,Kansi,Akaboti,Impinga
66d9c3970bc303fcbe4d1edd,Southern,Gisagara,Kansi,Umunini,Gisororo
66d9c3970bc303fcbe4d1ef1,Southern,Gisagara,Kibirizi,Kibirizi,Kigarama
66d9c3970bc303fcbe4d1f13,Southern,Gisagara,Kigembe,Agahabwa,Taba
66d9c3970bc303fcbe4d1f14,Southern,Gisagara,Kigembe,Gatovu,Agasharu
66d9c3970bc303fcbe4d1f19,Southern,Gisagara,Kigembe,Gatovu,Kigarama
66d9c3970bc303fcbe4d1f1e,Southern,Gisagara,Kigembe,Impinga,Ikijana
66d9c3970bc303fcbe4d1f25,Southern,Gisagara,Kigembe,Nyabikenke,Rutaza
66d9c3970bc303fcbe4d1eec,Southern,Gisagara,Kibirizi,Duwani,Rwuya
66d9c3970bc303fcbe4d1efe,Southern,Gisagara,Kibirizi,Muyira,Nyagisasa
66d9c3970bc303fcbe4d1f00,Southern,Gisagara,Kibirizi,Muyira,Taba
66d9c3970bc303fcbe4d1f0b,Southern,Gisagara,Kibirizi,Ruturo,Nyabununi
66d9c3970bc303fcbe4d1f17,Southern,Gisagara,Kigembe,Gatovu,Gitozo
66d9c3970bc303fcbe4d1f26,Southern,Gisagara,Kigembe,Nyabikenke,Shyombo
66d9c3970bc303fcbe4d1eed,Southern,Gisagara,Kibirizi,Duwani,Taba
66d9c3970bc303fcbe4d1ef2,Southern,Gisagara,Kibirizi,Kibirizi,Mareba
66d9c3970bc303fcbe4d1ef5,Southern,Gisagara,Kibirizi,Kibirizi,Shenyeri
66d9c3970bc303fcbe4d1efb,Southern,Gisagara,Kibirizi,Muyira,Akirasaniro
66d9c3970bc303fcbe4d1f03,Southern,Gisagara,Kibirizi,Ruturo,Akabuhuzu
66d9c3970bc303fcbe4d1f1d,Southern,Gisagara,Kigembe,Impinga,Ikidashya
66d9c3970bc303fcbe4d1f22,Southern,Gisagara,Kigembe,Nyabikenke,Akimbaka
66d9c3970bc303fcbe4d1f56,Southern,Gisagara,Mamba,Muyaga,Nyamirama
66d9c3970bc303fcbe4d1f3c,Southern,Gisagara,Mamba,Gakoma,Rugwiza
66d9c3970bc303fcbe4d1f2c,Southern,Gisagara,Kigembe,Rubona,Gatongati
66d9c3970bc303fcbe4d1f32,Southern,Gisagara,Kigembe,Rusagara,Kigarama
66d9c3970bc303fcbe4d1f3d,Southern,Gisagara,Mamba,Gakoma,Ruhuha
66d9c3970bc303fcbe4d1f4e,Southern,Gisagara,Mamba,Mamba,Nyarugenge
66d9c3970bc303fcbe4d1f63,Southern,Gisagara,Mamba,Ramba,Rwimvubu
66d9c3970bc303fcbe4d1f3f,Southern,Gisagara,Mamba,Kabumbwe,Buye
66d9c3970bc303fcbe4d1f45,Southern,Gisagara,Mamba,Kabumbwe,Nunga
66d9c3970bc303fcbe4d1f4b,Southern,Gisagara,Mamba,Mamba,Karama
66d9c3970bc303fcbe4d1f54,Southern,Gisagara,Mamba,Muyaga,Kibumba
66d9c3970bc303fcbe4d1f5b,Southern,Gisagara,Mamba,Ramba,Kayenzi
66d9c3970bc303fcbe4d1f5c,Southern,Gisagara,Mamba,Ramba,Kigangazi
66d9c3970bc303fcbe4d1f83,Southern,Gisagara,Muganza,Rwamiko,Buseruka
66d9c3970bc303fcbe4d1f9f,Southern,Gisagara,Mugombwa,Baziro,Igitungwa
66d9c3970bc303fcbe4d1fa5,Southern,Gisagara,Mugombwa,Kibayi,Agakanka
66d9c3970bc303fcbe4d1e6d,Southern,Nyanza,Rwabicuma,Nyarusange,Kamushi
66d9c3970bc303fcbe4d1e78,Southern,Gisagara,Gikonko,Cyiri,Curusi
66d9c3970bc303fcbe4d1e82,Southern,Gisagara,Gikonko,Gasagara,Akarukambira
66d9c3970bc303fcbe4d1e89,Southern,Gisagara,Gikonko,Gikonko,Gahabwa
66d9c3970bc303fcbe4d1e8f,Southern,Gisagara,Gikonko,Mbogo,Buremera
66d9c3970bc303fcbe4d1e90,Southern,Gisagara,Gikonko,Mbogo,Kirivuga
66d9c3970bc303fcbe4d1e9b,Southern,Gisagara,Gishubi,Gabiro,Nyundo
66d9c3970bc303fcbe4d1e9c,Southern,Gisagara,Gishubi,Gabiro,Ruhina
66d9c3970bc303fcbe4d1ea1,Southern,Gisagara,Gishubi,Nyabitare,Hemba
66d9c3970bc303fcbe4d1ea5,Southern,Gisagara,Gishubi,Nyabitare,Mwiba
66d9c3970bc303fcbe4d1ea7,Southern,Gisagara,Gishubi,Nyabitare,Nyabisindu
66d9c3970bc303fcbe4d1e76,Southern,Nyanza,Rwabicuma,Runga,Rugarama ?A
66d9c3970bc303fcbe4d1e7b,Southern,Gisagara,Gikonko,Cyiri,Katiro
66d9c3970bc303fcbe4d1e80,Southern,Gisagara,Gikonko,Cyiri,Sanzu
66d9c3970bc303fcbe4d1e8b,Southern,Gisagara,Gikonko,Gikonko,Manyinya
66d9c3970bc303fcbe4d1e92,Southern,Gisagara,Gikonko,Mbogo,Nyakabuye
66d9c3970bc303fcbe4d1e96,Southern,Gisagara,Gishubi,Gabiro,Busave
66d9c3970bc303fcbe4d1e9d,Southern,Gisagara,Gishubi,Gabiro,Kurutare
66d9c3970bc303fcbe4d1e72,Southern,Nyanza,Rwabicuma,Nyarusange,Kavumu B
66d9c3970bc303fcbe4d1e7d,Southern,Gisagara,Gikonko,Cyiri,Kinyana
66d9c3970bc303fcbe4d1e83,Southern,Gisagara,Gikonko,Gasagara,Bibungo
66d9c3970bc303fcbe4d1ea0,Southern,Gisagara,Gishubi,Gabiro,Zamwe
66d9c3970bc303fcbe4d1ea6,Southern,Gisagara,Gishubi,Nyabitare,Ndaro
66d9c3970bc303fcbe4d1eb2,Southern,Gisagara,Gishubi,Nyakibungo,Nyarurama
66d9c3970bc303fcbe4d1ebe,Southern,Gisagara,Gishubi,Nyeranzi,Muduha
66d9c3970bc303fcbe4d1ec5,Southern,Gisagara,Gishubi,Nyeranzi,Sakara
66d9c3970bc303fcbe4d1ed0,Southern,Gisagara,Kansi,Bwiza,Gitwa
66d9c3970bc303fcbe4d1ed8,Southern,Gisagara,Kansi,Sabusaro,Nyamure
66d9c3970bc303fcbe4d1edf,Southern,Gisagara,Kansi,Umunini,Kaduha
66d9c3970bc303fcbe4d1ee2,Southern,Gisagara,Kansi,Umunini,Nyange
66d9c3970bc303fcbe4d1ee7,Southern,Gisagara,Kibirizi,Duwani,Karambo
66d9c3970bc303fcbe4d1ebc,Southern,Gisagara,Gishubi,Nyeranzi,Kavumu
66d9c3970bc303fcbe4d1ed5,Southern,Gisagara,Kansi,Sabusaro,Akayenzi
66d9c3970bc303fcbe4d1eac,Southern,Gisagara,Gishubi,Nyakibungo,Gicaca
66d9c3970bc303fcbe4d1ead,Southern,Gisagara,Gishubi,Nyakibungo,Kavumu
66d9c3970bc303fcbe4d1ee5,Southern,Gisagara,Kibirizi,Duwani,Cyahafi
66d9c3970bc303fcbe4d1eaa,Southern,Gisagara,Gishubi,Nyabitare,Ryarugaju
66d9c3970bc303fcbe4d1eb7,Southern,Gisagara,Gishubi,Nyeranzi,Gikuyo
66d9c3970bc303fcbe4d1ec2,Southern,Gisagara,Gishubi,Nyeranzi,Rugogwe
66d9c3970bc303fcbe4d1eef,Southern,Gisagara,Kibirizi,Kibirizi,Gasagara
66d9c3970bc303fcbe4d1ef9,Southern,Gisagara,Kibirizi,Muyira,Akagarama
66d9c3970bc303fcbe4d1f05,Southern,Gisagara,Kibirizi,Ruturo,Akarugaju
66d9c3970bc303fcbe4d1f18,Southern,Gisagara,Kigembe,Gatovu,Janja
66d9c3970bc303fcbe4d1f21,Southern,Gisagara,Kigembe,Nyabikenke,Akabahizi
66d9c3970bc303fcbe4d1f24,Southern,Gisagara,Kigembe,Nyabikenke,Rutare
66d9c3970bc303fcbe4d1eea,Southern,Gisagara,Kibirizi,Duwani,Mubuga
66d9c3970bc303fcbe4d1f02,Southern,Gisagara,Kibirizi,Ruturo,Agatongati
66d9c3970bc303fcbe4d1f0d,Southern,Gisagara,Kigembe,Agahabwa,Agahehe
66d9c3970bc303fcbe4d1f0f,Southern,Gisagara,Kigembe,Agahabwa,Kamutozo
66d9c3970bc303fcbe4d1ef8,Southern,Gisagara,Kibirizi,Muyira,Agasharu
66d9c3970bc303fcbe4d1efc,Southern,Gisagara,Kibirizi,Muyira,Impinga
66d9c3970bc303fcbe4d1f09,Southern,Gisagara,Kibirizi,Ruturo,Kigarama
66d9c3970bc303fcbe4d1f16,Southern,Gisagara,Kigembe,Gatovu,Akamana
66d9c3970bc303fcbe4d1ef3,Southern,Gisagara,Kibirizi,Kibirizi,Mbeho
66d9c3970bc303fcbe4d1ef7,Southern,Gisagara,Kibirizi,Muyira,Agahumiro
66d9c3970bc303fcbe4d1eff,Southern,Gisagara,Kibirizi,Muyira,Rwinzuki
66d9c3970bc303fcbe4d1f30,Southern,Gisagara,Kigembe,Rusagara,Akajwiga
66d9c3970bc303fcbe4d1f35,Southern,Gisagara,Mamba,Gakoma,Gakomeye
66d9c3970bc303fcbe4d1f39,Southern,Gisagara,Mamba,Gakoma,Kizenga
66d9c3970bc303fcbe4d1f40,Southern,Gisagara,Mamba,Kabumbwe,Gahararo
66d9c3970bc303fcbe4d1f4c,Southern,Gisagara,Mamba,Mamba,Kirase
66d9c3970bc303fcbe4d1f36,Southern,Gisagara,Mamba,Gakoma,Gatare
66d9c3970bc303fcbe4d1f3b,Southern,Gisagara,Mamba,Gakoma,Rugenge
66d9c3970bc303fcbe4d1f41,Southern,Gisagara,Mamba,Kabumbwe,Kabuga
66d9c3970bc303fcbe4d1f52,Southern,Gisagara,Mamba,Muyaga,Cyarwa
66d9c3970bc303fcbe4d1f57,Southern,Gisagara,Mamba,Muyaga,Ruhamagariro
66d9c3970bc303fcbe4d1f5e,Southern,Gisagara,Mamba,Ramba,Murambi
66d9c3970bc303fcbe4d1f28,Southern,Gisagara,Kigembe,Nyabikenke,Uruyenzi
66d9c3970bc303fcbe4d1f2e,Southern,Gisagara,Kigembe,Rubona,Nyakabuye
66d9c3970bc303fcbe4d1f55,Southern,Gisagara,Mamba,Muyaga,Mutori
66d9c3970bc303fcbe4d1f58,Southern,Gisagara,Mamba,Muyaga,Shyembe
66d9c3970bc303fcbe4d1f59,Southern,Gisagara,Mamba,Ramba,Gatare
66d9c3970bc303fcbe4d1f60,Southern,Gisagara,Mamba,Ramba,Runazi
66d9c3970bc303fcbe4d1f6b,Southern,Gisagara,Muganza,Cyumba,Nyagatovu
66d9c3970bc303fcbe4d1f6e,Southern,Gisagara,Muganza,Cyumba,Rutare
66d9c3970bc303fcbe4d1f7a,Southern,Gisagara,Muganza,Remera,Agaseke
66d9c3970bc303fcbe4d1f86,Southern,Gisagara,Muganza,Rwamiko,Kabahongo
66d9c3970bc303fcbe4d1f89,Southern,Gisagara,Muganza,Rwamiko,Kigina
66d9c3970bc303fcbe4d1f8b,Southern,Gisagara,Muganza,Rwamiko,Mbehe
66d9c3970bc303fcbe4d1f8d,Southern,Gisagara,Muganza,Rwamiko,Nyamagana
66d9c3970bc303fcbe4d1f8e,Southern,Gisagara,Muganza,Rwamiko,Ryarumenangiga
66d9c3970bc303fcbe4d1f93,Southern,Gisagara,Muganza,Saga,Duwane
66d9c3970bc303fcbe4d1f94,Southern,Gisagara,Muganza,Saga,Impinga
66d9c3970bc303fcbe4d1f98,Southern,Gisagara,Muganza,Saga,Nyabigugu
66d9c3970bc303fcbe4d1f9d,Southern,Gisagara,Muganza,Saga,Rwinkuba
66d9c3970bc303fcbe4d1f69,Southern,Gisagara,Muganza,Cyumba,Musatsi
66d9c3970bc303fcbe4d1f6a,Southern,Gisagara,Muganza,Cyumba,Mutorerwa
66d9c3970bc303fcbe4d1f85,Southern,Gisagara,Muganza,Rwamiko,Impinga
66d9c3970bc303fcbe4d1fa6,Southern,Gisagara,Mugombwa,Kibayi,Akarutsibuka
66d9c3970bc303fcbe4d1fa8,Southern,Gisagara,Mugombwa,Kibayi,Kabuga
66d9c3970bc303fcbe4d1fa9,Southern,Gisagara,Mugombwa,Kibayi,Linda
66d9c3970bc303fcbe4d1faa,Southern,Gisagara,Mugombwa,Kibayi,Rwahambi
66d9c3970bc303fcbe4d1fb1,Southern,Gisagara,Mugombwa,Mugombwa,Agasharu
66d9c3970bc303fcbe4d1fbe,Southern,Gisagara,Mugombwa,Mukomacara,Nyarusange
66d9c3970bc303fcbe4d1fc8,Southern,Gisagara,Mukindo,Gitega,Rebero
66d9c3970bc303fcbe4d1fc9,Southern,Gisagara,Mukindo,Gitega,Ruko
66d9c3970bc303fcbe4d1fcb,Southern,Gisagara,Mukindo,Mukiza,Bukamba
66d9c3970bc303fcbe4d1fd2,Southern,Gisagara,Mukindo,Mukiza,Nyarutovu
66d9c3970bc303fcbe4d1fd8,Southern,Gisagara,Mukindo,Nyabisagara,Kamasiga
66d9c3970bc303fcbe4d1fe0,Southern,Gisagara,Mukindo,Runyinya,Agakomeye
66d9c3970bc303fcbe4d1fe7,Southern,Gisagara,Mukindo,Runyinya,Impinga
66d9c3970bc303fcbe4d1fe1,Southern,Gisagara,Mukindo,Runyinya,Agasharu
66d9c3970bc303fcbe4d1fac,Southern,Gisagara,Mugombwa,Kibu,Agasharu
66d9c3970bc303fcbe4d1fad,Southern,Gisagara,Mugombwa,Kibu,Akabugabo
66d9c3970bc303fcbe4d1fbc,Southern,Gisagara,Mugombwa,Mukomacara,Kabuye
66d9c3970bc303fcbe4d1fe4,Southern,Gisagara,Mukindo,Runyinya,Akarugina
66d9c3970bc303fcbe4d1fab,Southern,Gisagara,Mugombwa,Kibayi,Udukoni
66d9c3970bc303fcbe4d1faf,Southern,Gisagara,Mugombwa,Kibu,Mushongi
66d9c3970bc303fcbe4d1fc1,Southern,Gisagara,Mukindo,Gitega,Akazenga
66d9c3970bc303fcbe4d1fc5,Southern,Gisagara,Mukindo,Gitega,Magi
66d9c3970bc303fcbe4d1fc6,Southern,Gisagara,Mukindo,Gitega,Nyabikoni
66d9c3970bc303fcbe4d1fca,Southern,Gisagara,Mukindo,Mukiza,Akagarama
66d9c3970bc303fcbe4d1fe9,Southern,Gisagara,Mukindo,Runyinya,Mpungwe
66d9c3970bc303fcbe4d1ff3,Southern,Gisagara,Musha,Bukinanyana,Munyegera
66d9c3970bc303fcbe4d1ff6,Southern,Gisagara,Musha,Bukinanyana,Rwabuhanga
66d9c3970bc303fcbe4d1ff8,Southern,Gisagara,Musha,Gatovu,Cyayi
66d9c3970bc303fcbe4d2003,Southern,Gisagara,Musha,Kigarama,Buremera
66d9c3970bc303fcbe4d200c,Southern,Gisagara,Musha,Kimana,Akabanga
66d9c3970bc303fcbe4d2014,Southern,Gisagara,Musha,Kimana,Rurama
66d9c3970bc303fcbe4d201d,Southern,Gisagara,Ndora,Cyamukuza,Nyaburondwe
66d9c3970bc303fcbe4d2022,Southern,Gisagara,Ndora,Dahwe,Agasharu
66d9c3970bc303fcbe4d1fef,Southern,Gisagara,Musha,Bukinanyana,Gihinga
66d9c3970bc303fcbe4d1ff1,Southern,Gisagara,Musha,Bukinanyana,Kigoma
66d9c3970bc303fcbe4d200f,Southern,Gisagara,Musha,Kimana,Kibirizi
66d9c3970bc303fcbe4d1fea,Southern,Gisagara,Mukindo,Runyinya,Munyegera
66d9c3970bc303fcbe4d1ff5,Southern,Gisagara,Musha,Bukinanyana,Rukoni
66d9c3970bc303fcbe4d2007,Southern,Gisagara,Musha,Kigarama,Kigarama
66d9c3970bc303fcbe4d2008,Southern,Gisagara,Musha,Kigarama,Murama
66d9c3970bc303fcbe4d1f8f,Southern,Gisagara,Muganza,Rwamiko,Umunazi
66d9c3970bc303fcbe4d1f6f,Southern,Gisagara,Muganza,Cyumba,Rwimisambi
66d9c3970bc303fcbe4d1f75,Southern,Gisagara,Muganza,Muganza,Rwamugoyi
66d9c3970bc303fcbe4d1f7f,Southern,Gisagara,Muganza,Rwamiko,Agasharu
66d9c3970bc303fcbe4d1f6c,Southern,Gisagara,Muganza,Cyumba,Nyiraburiba
66d9c3970bc303fcbe4d1f78,Southern,Gisagara,Muganza,Muganza,Urusaro
66d9c3970bc303fcbe4d1f7e,Southern,Gisagara,Muganza,Remera,Taba
66d9c3970bc303fcbe4d1f8a,Southern,Gisagara,Muganza,Rwamiko,Kiyogoro
66d9c3970bc303fcbe4d1f91,Southern,Gisagara,Muganza,Saga,Bucaya
66d9c3970bc303fcbe4d1f92,Southern,Gisagara,Muganza,Saga,Buhiza
66d9c3970bc303fcbe4d1f95,Southern,Gisagara,Muganza,Saga,Isangano
66d9c3970bc303fcbe4d1f96,Southern,Gisagara,Muganza,Saga,Kanto I
66d9c3970bc303fcbe4d1f97,Southern,Gisagara,Muganza,Saga,Kanto Ii
66d9c3970bc303fcbe4d1fb5,Southern,Gisagara,Mugombwa,Mugombwa,Impinga
66d9c3970bc303fcbe4d1fbb,Southern,Gisagara,Mugombwa,Mukomacara,Gitarama
66d9c3970bc303fcbe4d1fd5,Southern,Gisagara,Mukindo,Nyabisagara,Akabuga
66d9c3970bc303fcbe4d1fd6,Southern,Gisagara,Mukindo,Nyabisagara,Akanage
66d9c3970bc303fcbe4d1fdd,Southern,Gisagara,Mukindo,Nyabisagara,Nyabihama
66d9c3970bc303fcbe4d1fb7,Southern,Gisagara,Mugombwa,Mukomacara,Agakomansyo
66d9c3970bc303fcbe4d1fb9,Southern,Gisagara,Mugombwa,Mukomacara,Akarangabo
66d9c3970bc303fcbe4d1fc3,Southern,Gisagara,Mukindo,Gitega,Joma
66d9c3970bc303fcbe4d1fce,Southern,Gisagara,Mukindo,Mukiza,Kigoyi
66d9c3970bc303fcbe4d1fd4,Southern,Gisagara,Mukindo,Nyabisagara,Agatare
66d9c3970bc303fcbe4d1fb6,Southern,Gisagara,Mugombwa,Mugombwa,Migina
66d9c3970bc303fcbe4d1fb8,Southern,Gisagara,Mugombwa,Mukomacara,Akanyamirama
66d9c3970bc303fcbe4d1fbd,Southern,Gisagara,Mugombwa,Mukomacara,Nyabisonga
66d9c3970bc303fcbe4d1fbf,Southern,Gisagara,Mugombwa,Mukomacara,Umukungu
66d9c3970bc303fcbe4d1fc2,Southern,Gisagara,Mukindo,Gitega,Gatunda
66d9c3970bc303fcbe4d1fc7,Southern,Gisagara,Mukindo,Gitega,Nyamabuye
66d9c3970bc303fcbe4d1fdb,Southern,Gisagara,Mukindo,Nyabisagara,Mutondo
66d9c3970bc303fcbe4d1fe3,Southern,Gisagara,Mukindo,Runyinya,Akamaranga
66d9c3970bc303fcbe4d1fe5,Southern,Gisagara,Mukindo,Runyinya,Akayenzi
66d9c3970bc303fcbe4d1fec,Southern,Gisagara,Musha,Bukinanyana,Agatega
66d9c3970bc303fcbe4d2000,Southern,Gisagara,Musha,Gatovu,Nyagasambu
66d9c3970bc303fcbe4d2017,Southern,Gisagara,Ndora,Bweya,Gatobotobo
66d9c3970bc303fcbe4d201b,Southern,Gisagara,Ndora,Bweya,Sabudari
66d9c3970bc303fcbe4d1ff9,Southern,Gisagara,Musha,Gatovu,Gaseke
66d9c3970bc303fcbe4d200e,Southern,Gisagara,Musha,Kimana,Kamutabazi
66d9c3970bc303fcbe4d2025,Southern,Gisagara,Ndora,Dahwe,Kigarama
66d9c3970bc303fcbe4d1feb,Southern,Gisagara,Mukindo,Runyinya,Nyiranguri
66d9c3970bc303fcbe4d1ff0,Southern,Gisagara,Musha,Bukinanyana,Karishyira
66d9c3970bc303fcbe4d1ff2,Southern,Gisagara,Musha,Bukinanyana,Mugejuru
66d9c3970bc303fcbe4d2001,Southern,Gisagara,Musha,Gatovu,Ryamugunga
66d9c3970bc303fcbe4d2004,Southern,Gisagara,Musha,Kigarama,Kabusenda
66d9c3970bc303fcbe4d2012,Southern,Gisagara,Musha,Kimana,Nyamiyaga
66d9c3970bc303fcbe4d2019,Southern,Gisagara,Ndora,Bweya,Kantabana
66d9c3970bc303fcbe4d201c,Southern,Gisagara,Ndora,Cyamukuza,Giseke
66d9c3970bc303fcbe4d2021,Southern,Gisagara,Ndora,Cyamukuza,Urusenyi
66d9c3970bc303fcbe4d2023,Southern,Gisagara,Ndora,Dahwe,Gahondo
66d9c3970bc303fcbe4d204b,Southern,Gisagara,Nyanza,Nyaruteja,Gisunzu
66d9c3970bc303fcbe4d2072,Southern,Gisagara,Save,Rwanza,Ryamaguri
66d9c3970bc303fcbe4d20cb,Southern,Nyaruguru,Kibeho,Mubuga,Uwintobo
66d9c3970bc303fcbe4d20ec,Southern,Nyaruguru,Mata,Nyamabuye,Nyacyondo
66d9c3970bc303fcbe4d2013,Southern,Gisagara,Musha,Kimana,Ramba
66d9c3970bc303fcbe4d201f,Southern,Gisagara,Ndora,Cyamukuza,Ryabiyaga
66d9c3970bc303fcbe4d2005,Southern,Gisagara,Musha,Kigarama,Kagunga
66d9c3970bc303fcbe4d200a,Southern,Gisagara,Musha,Kigarama,Rugara
66d9c3970bc303fcbe4d2015,Southern,Gisagara,Musha,Kimana,Rusenyi
66d9c3970bc303fcbe4d202d,Southern,Gisagara,Ndora,Gisagara,Nyamigango
66d9c3970bc303fcbe4d2047,Southern,Gisagara,Nyanza,Nyaruteja,Agahehe
66d9c3970bc303fcbe4d204c,Southern,Gisagara,Nyanza,Nyaruteja,Impinga I
66d9c3970bc303fcbe4d2054,Southern,Gisagara,Nyanza,Umubanga,Manyoni
66d9c3970bc303fcbe4d206a,Southern,Gisagara,Save,Rwanza,Bwinyambo
66d9c3970bc303fcbe4d206e,Southern,Gisagara,Save,Rwanza,Kigarama
66d9c3970bc303fcbe4d207e,Southern,Gisagara,Save,Zivu,Musekera
66d9c3970bc303fcbe4d209c,Southern,Nyaruguru,Busanze,Shororo,Mirindi
66d9c3970bc303fcbe4d20a6,Southern,Nyaruguru,Cyahinda,Cyahinda,Cyanwa
66d9c3970bc303fcbe4d20ab,Southern,Nyaruguru,Cyahinda,Gasasa,Kavumu
66d9c3970bc303fcbe4d20b0,Southern,Nyaruguru,Cyahinda,Muhambara,Gasharu
66d9c3970bc303fcbe4d20cc,Southern,Nyaruguru,Kibeho,Nyange,Agateko
66d9c3970bc303fcbe4d20e4,Southern,Nyaruguru,Kivu,Rugerero,Rugerero
66d9c3970bc303fcbe4d1e84,Southern,Gisagara,Gikonko,Gasagara,Gasagara
66d9c3970bc303fcbe4d1e85,Southern,Gisagara,Gikonko,Gasagara,Karehe
66d9c3970bc303fcbe4d1ea4,Southern,Gisagara,Gishubi,Nyabitare,Mutobo
66d9c3970bc303fcbe4d1e69,Southern,Nyanza,Rwabicuma,Mushirarungu,Nyabubare
66d9c3970bc303fcbe4d1e70,Southern,Nyanza,Rwabicuma,Nyarusange,Karambi
66d9c3970bc303fcbe4d1e71,Southern,Nyanza,Rwabicuma,Nyarusange,Kavumu A
66d9c3970bc303fcbe4d1e7f,Southern,Gisagara,Gikonko,Cyiri,Musambi
66d9c3970bc303fcbe4d1e93,Southern,Gisagara,Gikonko,Mbogo,Nyiramageni
66d9c3970bc303fcbe4d1e95,Southern,Gisagara,Gikonko,Mbogo,Rwintare
66d9c3970bc303fcbe4d1e9a,Southern,Gisagara,Gishubi,Gabiro,Nyamure
66d9c3970bc303fcbe4d1e86,Southern,Gisagara,Gikonko,Gasagara,Mugusa
66d9c3970bc303fcbe4d1e97,Southern,Gisagara,Gishubi,Gabiro,Kigozi
66d9c3970bc303fcbe4d1ea2,Southern,Gisagara,Gishubi,Nyabitare,Kabuga
66d9c3970bc303fcbe4d1ea8,Southern,Gisagara,Gishubi,Nyabitare,Nyirakanywero
66d9c3970bc303fcbe4d1eab,Southern,Gisagara,Gishubi,Nyakibungo,Banga
66d9c3970bc303fcbe4d1eaf,Southern,Gisagara,Gishubi,Nyakibungo,Munyinya
66d9c3970bc303fcbe4d1eb1,Southern,Gisagara,Gishubi,Nyakibungo,Nyakibungo
66d9c3970bc303fcbe4d1eb9,Southern,Gisagara,Gishubi,Nyeranzi,Gitekateke
66d9c3970bc303fcbe4d1eca,Southern,Gisagara,Kansi,Akaboti,Gatare
66d9c3970bc303fcbe4d1ed9,Southern,Gisagara,Kansi,Sabusaro,Nyarunazi
66d9c3970bc303fcbe4d1ee1,Southern,Gisagara,Kansi,Umunini,Kigarama
66d9c3970bc303fcbe4d1ee4,Southern,Gisagara,Kibirizi,Duwani,Burashi
66d9c3970bc303fcbe4d1ebb,Southern,Gisagara,Gishubi,Nyeranzi,Kagoma
66d9c3970bc303fcbe4d1ecd,Southern,Gisagara,Kansi,Akaboti,Ruhuha
66d9c3970bc303fcbe4d1edc,Southern,Gisagara,Kansi,Umunini,Akabagagi
66d9c3970bc303fcbe4d1ea9,Southern,Gisagara,Gishubi,Nyabitare,Rwikwavu
66d9c3970bc303fcbe4d1eae,Southern,Gisagara,Gishubi,Nyakibungo,Kibindyi
66d9c3970bc303fcbe4d1eb8,Southern,Gisagara,Gishubi,Nyeranzi,Gishya
66d9c3970bc303fcbe4d1ec4,Southern,Gisagara,Gishubi,Nyeranzi,Rwegura
66d9c3970bc303fcbe4d1ec8,Southern,Gisagara,Kansi,Akaboti,Akabuga
66d9c3970bc303fcbe4d1ece,Southern,Gisagara,Kansi,Bwiza,Akakinka
66d9c3970bc303fcbe4d1ede,Southern,Gisagara,Kansi,Umunini,Kaburanjwiri
66d9c3970bc303fcbe4d1ee8,Southern,Gisagara,Kibirizi,Duwani,Kinteko
66d9c3970bc303fcbe4d1f23,Southern,Gisagara,Kigembe,Nyabikenke,Impinga
66d9c3970bc303fcbe4d1f06,Southern,Gisagara,Kibirizi,Ruturo,Impinga
66d9c3970bc303fcbe4d1f0c,Southern,Gisagara,Kibirizi,Ruturo,Rubazi
66d9c3970bc303fcbe4d1f0e,Southern,Gisagara,Kigembe,Agahabwa,Akabacuzi
66d9c3970bc303fcbe4d1f11,Southern,Gisagara,Kigembe,Agahabwa,Nyamabuye
66d9c3970bc303fcbe4d1f12,Southern,Gisagara,Kigembe,Agahabwa,Ruhuha
66d9c3970bc303fcbe4d1f1c,Southern,Gisagara,Kigembe,Impinga,Akakijugujugu
66d9c3970bc303fcbe4d1eeb,Southern,Gisagara,Kibirizi,Duwani,Murambi
66d9c3970bc303fcbe4d1ef6,Southern,Gisagara,Kibirizi,Kibirizi,Torero
66d9c3970bc303fcbe4d1f15,Southern,Gisagara,Kigembe,Gatovu,Agatare
66d9c3970bc303fcbe4d1f1a,Southern,Gisagara,Kigembe,Gatovu,Taba
66d9c3970bc303fcbe4d1f1f,Southern,Gisagara,Kigembe,Impinga,Nyamirama
66d9c3970bc303fcbe4d1f20,Southern,Gisagara,Kigembe,Impinga,Rugeragere
66d9c3970bc303fcbe4d1f5a,Southern,Gisagara,Mamba,Ramba,Gatoke
66d9c3970bc303fcbe4d1f31,Southern,Gisagara,Kigembe,Rusagara,Akatera
66d9c3970bc303fcbe4d1f37,Southern,Gisagara,Mamba,Gakoma,Kinamba
66d9c3970bc303fcbe4d1f38,Southern,Gisagara,Mamba,Gakoma,Kivomo
66d9c3970bc303fcbe4d1f42,Southern,Gisagara,Mamba,Kabumbwe,Kirwa
66d9c3970bc303fcbe4d1f43,Southern,Gisagara,Mamba,Kabumbwe,Muhabura
66d9c3970bc303fcbe4d1f5f,Southern,Gisagara,Mamba,Ramba,Nyiramageni
66d9c3970bc303fcbe4d1f2a,Southern,Gisagara,Kigembe,Rubona,Akashyagara
66d9c3970bc303fcbe4d1f2b,Southern,Gisagara,Kigembe,Rubona,Gaharanyonga
66d9c3970bc303fcbe4d1f2f,Southern,Gisagara,Kigembe,Rusagara,Agasharu
66d9c3970bc303fcbe4d1f33,Southern,Gisagara,Kigembe,Rusagara,Nyarukurazo
66d9c3970bc303fcbe4d1f47,Southern,Gisagara,Mamba,Mamba,Buhima
66d9c3970bc303fcbe4d1f49,Southern,Gisagara,Mamba,Mamba,Gatovu
66d9c3970bc303fcbe4d1f4a,Southern,Gisagara,Mamba,Mamba,Kamudogo
66d9c3970bc303fcbe4d1f50,Southern,Gisagara,Mamba,Muyaga,Butezi
66d9c3970bc303fcbe4d1f51,Southern,Gisagara,Mamba,Muyaga,Cadi
66d9c3970bc303fcbe4d1f65,Southern,Gisagara,Muganza,Cyumba,Cyumba
66d9c3970bc303fcbe4d1f66,Southern,Gisagara,Muganza,Cyumba,Gitwa
66d9c3970bc303fcbe4d1e68,Southern,Nyanza,Rwabicuma,Mushirarungu,Kirwa
66d9c3970bc303fcbe4d1e8a,Southern,Gisagara,Gikonko,Gikonko,Karubondo
66d9c3970bc303fcbe4d1e8e,Southern,Gisagara,Gikonko,Mbogo,Bukorota
66d9c3970bc303fcbe4d1e99,Southern,Gisagara,Gishubi,Gabiro,Kurugogwe
66d9c3970bc303fcbe4d1e6a,Southern,Nyanza,Rwabicuma,Mushirarungu,Nyamivumu A
66d9c3970bc303fcbe4d1e73,Southern,Nyanza,Rwabicuma,Runga,Kigarama
66d9c3970bc303fcbe4d1e79,Southern,Gisagara,Gikonko,Cyiri,Cyendajuru
66d9c3970bc303fcbe4d1e7e,Southern,Gisagara,Gikonko,Cyiri,Murambi
66d9c3970bc303fcbe4d1e88,Southern,Gisagara,Gikonko,Gasagara,Umubezi
66d9c3970bc303fcbe4d1e8c,Southern,Gisagara,Gikonko,Gikonko,Rugarama
66d9c3970bc303fcbe4d1e91,Southern,Gisagara,Gikonko,Mbogo,Mbogo
66d9c3970bc303fcbe4d1e6f,Southern,Nyanza,Rwabicuma,Nyarusange,Kamuvunyi B
66d9c3970bc303fcbe4d1e7a,Southern,Gisagara,Gikonko,Cyiri,Cyimpuga
66d9c3970bc303fcbe4d1e98,Southern,Gisagara,Gishubi,Gabiro,Kivugiza
66d9c3970bc303fcbe4d1e9e,Southern,Gisagara,Gishubi,Gabiro,Rweza
66d9c3970bc303fcbe4d1e75,Southern,Nyanza,Rwabicuma,Runga,Ndago
66d9c3970bc303fcbe4d1ec0,Southern,Gisagara,Gishubi,Nyeranzi,Nyabyunyu
66d9c3970bc303fcbe4d1ebd,Southern,Gisagara,Gishubi,Nyeranzi,Kigarama
66d9c3970bc303fcbe4d1ebf,Southern,Gisagara,Gishubi,Nyeranzi,Muyinza
66d9c3970bc303fcbe4d1ed3,Southern,Gisagara,Kansi,Bwiza,Nyakibungo
66d9c3970bc303fcbe4d1eb4,Southern,Gisagara,Gishubi,Nyakibungo,Rugarama
66d9c3970bc303fcbe4d1eba,Southern,Gisagara,Gishubi,Nyeranzi,Kabungo
66d9c3970bc303fcbe4d1ecc,Southern,Gisagara,Kansi,Akaboti,Rugarama
66d9c3970bc303fcbe4d1ecf,Southern,Gisagara,Kansi,Bwiza,Akambogo
66d9c3970bc303fcbe4d1ed4,Southern,Gisagara,Kansi,Bwiza,Nyaruhengeri
66d9c3970bc303fcbe4d1ee0,Southern,Gisagara,Kansi,Umunini,Kamugani
66d9c3970bc303fcbe4d1ee6,Southern,Gisagara,Kibirizi,Duwani,Duwani
66d9c3970bc303fcbe4d1ed2,Southern,Gisagara,Kansi,Bwiza,Mbeho
66d9c3970bc303fcbe4d1f01,Southern,Gisagara,Kibirizi,Muyira,Zihare
66d9c3970bc303fcbe4d1f07,Southern,Gisagara,Kibirizi,Ruturo,Kabagoti
66d9c3970bc303fcbe4d1f10,Southern,Gisagara,Kigembe,Agahabwa,Kamweko
66d9c3970bc303fcbe4d1f1b,Southern,Gisagara,Kigembe,Impinga,Akadogo
66d9c3970bc303fcbe4d1ee9,Southern,Gisagara,Kibirizi,Duwani,Kivumu
66d9c3970bc303fcbe4d1eee,Southern,Gisagara,Kibirizi,Kibirizi,Burashi
66d9c3970bc303fcbe4d1ef0,Southern,Gisagara,Kibirizi,Kibirizi,Kabakobwa
66d9c3970bc303fcbe4d1ef4,Southern,Gisagara,Kibirizi,Kibirizi,Ruhuha
66d9c3970bc303fcbe4d1efd,Southern,Gisagara,Kibirizi,Muyira,Nyagasozi
66d9c3970bc303fcbe4d1f04,Southern,Gisagara,Kibirizi,Ruturo,Akamuzenga
66d9c3970bc303fcbe4d1f27,Southern,Gisagara,Kigembe,Nyabikenke,Umurangara
66d9c3970bc303fcbe4d1efa,Southern,Gisagara,Kibirizi,Muyira,Akayohani
66d9c3970bc303fcbe4d1f08,Southern,Gisagara,Kibirizi,Ruturo,Karengera
66d9c3970bc303fcbe4d1f0a,Southern,Gisagara,Kibirizi,Ruturo,Ntobo
66d9c3970bc303fcbe4d1f2d,Southern,Gisagara,Kigembe,Rubona,Murehe
66d9c3970bc303fcbe4d1f3e,Southern,Gisagara,Mamba,Gakoma,Sokofi
66d9c3970bc303fcbe4d1f44,Southern,Gisagara,Mamba,Kabumbwe,Munopfu
66d9c3970bc303fcbe4d1f53,Southern,Gisagara,Mamba,Muyaga,Kabeza
66d9c3970bc303fcbe4d1f64,Southern,Gisagara,Muganza,Cyumba,Byiza
66d9c3970bc303fcbe4d1f34,Southern,Gisagara,Kigembe,Rusagara,Nyarunyinya
66d9c3970bc303fcbe4d1f46,Southern,Gisagara,Mamba,Kabumbwe,Nyarugenge
66d9c3970bc303fcbe4d1f4d,Southern,Gisagara,Mamba,Mamba,Mashenyi
66d9c3970bc303fcbe4d1f5d,Southern,Gisagara,Mamba,Ramba,Murama
66d9c3970bc303fcbe4d1f29,Southern,Gisagara,Kigembe,Rubona,Akadogo
66d9c3970bc303fcbe4d1f3a,Southern,Gisagara,Mamba,Gakoma,Rebero
66d9c3970bc303fcbe4d1f48,Southern,Gisagara,Mamba,Mamba,Gakoma
66d9c3970bc303fcbe4d1f4f,Southern,Gisagara,Mamba,Mamba,Rugunga
66d9c3970bc303fcbe4d1f62,Southern,Gisagara,Mamba,Ramba,Rusave
66d9c3970bc303fcbe4d1f80,Southern,Gisagara,Muganza,Rwamiko,Agatovu
66d9c3970bc303fcbe4d1f81,Southern,Gisagara,Muganza,Rwamiko,Akarubumba
66d9c3970bc303fcbe4d1fa7,Southern,Gisagara,Mugombwa,Kibayi,Akashyamba
66d9c3970bc303fcbe4d1f7d,Southern,Gisagara,Muganza,Remera,Kajyanama
66d9c3970bc303fcbe4d1f87,Southern,Gisagara,Muganza,Rwamiko,Kiberengeri
66d9c3970bc303fcbe4d1f99,Southern,Gisagara,Muganza,Saga,Nyagafumberi
66d9c3970bc303fcbe4d1fa2,Southern,Gisagara,Mugombwa,Baziro,Nyamirama
66d9c3970bc303fcbe4d1f68,Southern,Gisagara,Muganza,Cyumba,Kamabango
66d9c3970bc303fcbe4d1f61,Southern,Gisagara,Mamba,Ramba,Rurama
66d9c3970bc303fcbe4d1f67,Southern,Gisagara,Muganza,Cyumba,Kabacuzi
66d9c3970bc303fcbe4d1f76,Southern,Gisagara,Muganza,Muganza,Rwinkuba
66d9c3970bc303fcbe4d1f7b,Southern,Gisagara,Muganza,Remera,Akarambo
66d9c3970bc303fcbe4d1f8c,Southern,Gisagara,Muganza,Rwamiko,Nyagatovu
66d9c3970bc303fcbe4d1f90,Southern,Gisagara,Muganza,Saga,Akabacuzi
66d9c3970bc303fcbe4d1f6d,Southern,Gisagara,Muganza,Cyumba,Rugantete
66d9c3970bc303fcbe4d1f70,Southern,Gisagara,Muganza,Muganza,Agasharu
66d9c3970bc303fcbe4d1f72,Southern,Gisagara,Muganza,Muganza,Amajuri
66d9c3970bc303fcbe4d1f74,Southern,Gisagara,Muganza,Muganza,Gitisi
66d9c3970bc303fcbe4d1f77,Southern,Gisagara,Muganza,Muganza,Ubusenyi
66d9c3970bc303fcbe4d1f84,Southern,Gisagara,Muganza,Rwamiko,Gako
66d9c3970bc303fcbe4d1f9c,Southern,Gisagara,Muganza,Saga,Nyamiheto ?Ii
66d9c3970bc303fcbe4d1f9e,Southern,Gisagara,Mugombwa,Baziro,Banzankuru
66d9c3970bc303fcbe4d1fa1,Southern,Gisagara,Mugombwa,Baziro,Nyagatovu
66d9c3970bc303fcbe4d1f71,Southern,Gisagara,Muganza,Muganza,Agatongati
66d9c3970bc303fcbe4d1f73,Southern,Gisagara,Muganza,Muganza,Cyanamo
66d9c3970bc303fcbe4d1f82,Southern,Gisagara,Muganza,Rwamiko,Akimirama
66d9c3970bc303fcbe4d1f88,Southern,Gisagara,Muganza,Rwamiko,Kidaturwa
66d9c3970bc303fcbe4d1f9a,Southern,Gisagara,Muganza,Saga,Nyakagezi
66d9c3970bc303fcbe4d1fa3,Southern,Gisagara,Mugombwa,Baziro,Nyarukeri
66d9c3970bc303fcbe4d1fa4,Southern,Gisagara,Mugombwa,Baziro,Nyesumo
66d9c3970bc303fcbe4d1fb0,Southern,Gisagara,Mugombwa,Kibu,Rurenge
66d9c3970bc303fcbe4d1fc0,Southern,Gisagara,Mukindo,Gitega,Agasharu
66d9c3970bc303fcbe4d1fcc,Southern,Gisagara,Mukindo,Mukiza,Cyimana
66d9c3970bc303fcbe4d1fd0,Southern,Gisagara,Mukindo,Mukiza,Nyabiryo
66d9c3970bc303fcbe4d1fd3,Southern,Gisagara,Mukindo,Mukiza,Rusumba
66d9c3970bc303fcbe4d1fba,Southern,Gisagara,Mugombwa,Mukomacara,Akatara
66d9c3970bc303fcbe4d1fb2,Southern,Gisagara,Mugombwa,Mugombwa,Akagarama
66d9c3970bc303fcbe4d1fb3,Southern,Gisagara,Mugombwa,Mugombwa,Akarambo
66d9c3970bc303fcbe4d1fc4,Southern,Gisagara,Mukindo,Gitega,Kabati
66d9c3970bc303fcbe4d1fe8,Southern,Gisagara,Mukindo,Runyinya,Itaba
66d9c3970bc303fcbe4d1ff7,Southern,Gisagara,Musha,Bukinanyana,Rwatano
66d9c3970bc303fcbe4d1fff,Southern,Gisagara,Musha,Gatovu,Nyabitare
66d9c3970bc303fcbe4d2006,Southern,Gisagara,Musha,Kigarama,Karugumya
66d9c3970bc303fcbe4d2010,Southern,Gisagara,Musha,Kimana,Murambi
66d9c3970bc303fcbe4d2026,Southern,Gisagara,Ndora,Dahwe,Ndatemwa
66d9c3970bc303fcbe4d1ffd,Southern,Gisagara,Musha,Gatovu,Kigarama
66d9c3970bc303fcbe4d1ffe,Southern,Gisagara,Musha,Gatovu,Mutarama
66d9c3970bc303fcbe4d200b,Southern,Gisagara,Musha,Kigarama,Rugarama
66d9c3970bc303fcbe4d2027,Southern,Gisagara,Ndora,Dahwe,Twarubona
66d9c3970bc303fcbe4d1ff4,Southern,Gisagara,Musha,Bukinanyana,Rugarama
66d9c3970bc303fcbe4d2009,Southern,Gisagara,Musha,Kigarama,Nyesonga
66d9c3970bc303fcbe4d2024,Southern,Gisagara,Ndora,Dahwe,Gitwa
66d9c3970bc303fcbe4d2061,Southern,Gisagara,Save,Munazi,Gitwa
66d9c3970bc303fcbe4d206d,Southern,Gisagara,Save,Rwanza,Kamudahunga
66d9c3970bc303fcbe4d20a8,Southern,Nyaruguru,Cyahinda,Cyahinda,Saburunduru
66d9c3970bc303fcbe4d20ae,Southern,Nyaruguru,Cyahinda,Muhambara,Busanza
66d9c3970bc303fcbe4d20b3,Southern,Nyaruguru,Cyahinda,Muhambara,Rebero
66d9c3970bc303fcbe4d20ba,Southern,Nyaruguru,Kibeho,Gakoma,Nyagishayo
66d9c3970bc303fcbe4d20be,Southern,Nyaruguru,Kibeho,Kibeho,Akajonge
66d9c3970bc303fcbe4d20cf,Southern,Nyaruguru,Kibeho,Nyange,Nkomero
66d9c3970bc303fcbe4d1f7c,Southern,Gisagara,Muganza,Remera,Butare
66d9c3970bc303fcbe4d1fa0,Southern,Gisagara,Mugombwa,Baziro,Nyabinyenga
66d9c3970bc303fcbe4d1f79,Southern,Gisagara,Muganza,Remera,Agakurwe
66d9c3970bc303fcbe4d1f9b,Southern,Gisagara,Muganza,Saga,Nyamiheto ?I
66d9c3970bc303fcbe4d1fda,Southern,Gisagara,Mukindo,Nyabisagara,Mihigo
66d9c3970bc303fcbe4d1fe2,Southern,Gisagara,Mukindo,Runyinya,Akakarinda
66d9c3970bc303fcbe4d1fe6,Southern,Gisagara,Mukindo,Runyinya,Cyumusave
66d9c3970bc303fcbe4d1fae,Southern,Gisagara,Mugombwa,Kibu,Akagashuma
66d9c3970bc303fcbe4d1fb4,Southern,Gisagara,Mugombwa,Mugombwa,Bishya
66d9c3970bc303fcbe4d1fcd,Southern,Gisagara,Mukindo,Mukiza,Gitwa
66d9c3970bc303fcbe4d1fcf,Southern,Gisagara,Mukindo,Mukiza,Mukiza
66d9c3970bc303fcbe4d1fd1,Southern,Gisagara,Mukindo,Mukiza,Nyakazana
66d9c3970bc303fcbe4d1fd7,Southern,Gisagara,Mukindo,Nyabisagara,Butare
66d9c3970bc303fcbe4d1fd9,Southern,Gisagara,Mukindo,Nyabisagara,Makwaza
66d9c3970bc303fcbe4d1fdc,Southern,Gisagara,Mukindo,Nyabisagara,Nkurubuye
66d9c3970bc303fcbe4d1fde,Southern,Gisagara,Mukindo,Nyabisagara,Rurimbi
66d9c3970bc303fcbe4d1fdf,Southern,Gisagara,Mukindo,Nyabisagara,Rususa
66d9c3970bc303fcbe4d1fee,Southern,Gisagara,Musha,Bukinanyana,Bukinanyana
66d9c3970bc303fcbe4d1ffa,Southern,Gisagara,Musha,Gatovu,Gasura
66d9c3970bc303fcbe4d1ffb,Southern,Gisagara,Musha,Gatovu,Gitega
66d9c3970bc303fcbe4d2002,Southern,Gisagara,Musha,Kigarama,Bugagiro
66d9c3970bc303fcbe4d200d,Southern,Gisagara,Musha,Kimana,Kamabuye
66d9c3970bc303fcbe4d201e,Southern,Gisagara,Ndora,Cyamukuza,Nyarubari
66d9c3970bc303fcbe4d1fed,Southern,Gisagara,Musha,Bukinanyana,Akagarama
66d9c3970bc303fcbe4d1ffc,Southern,Gisagara,Musha,Gatovu,Kagunda
66d9c3970bc303fcbe4d2020,Southern,Gisagara,Ndora,Cyamukuza,Sagahungu
66d9c3970bc303fcbe4d201a,Southern,Gisagara,Ndora,Bweya,Mirayi
66d9c3970bc303fcbe4d2011,Southern,Gisagara,Musha,Kimana,Nyabiduha
66d9c3970bc303fcbe4d2016,Southern,Gisagara,Ndora,Bweya,Akiminazi
66d9c3970bc303fcbe4d2018,Southern,Gisagara,Ndora,Bweya,Kamahembe
66d9c3970bc303fcbe4d2029,Southern,Gisagara,Ndora,Gisagara,Kabuga
66d9c3970bc303fcbe4d202a,Southern,Gisagara,Ndora,Gisagara,Kabuye
66d9c3970bc303fcbe4d202e,Southern,Gisagara,Ndora,Gisagara,Nyarunazi
66d9c3970bc303fcbe4d2031,Southern,Gisagara,Ndora,Mukande,Bugarama
66d9c3970bc303fcbe4d2039,Southern,Gisagara,Nyanza,Higiro,Akagarama
66d9c3970bc303fcbe4d203c,Southern,Gisagara,Nyanza,Higiro,Rama
66d9c3970bc303fcbe4d204f,Southern,Gisagara,Nyanza,Nyaruteja,Rugomero
66d9c3970bc303fcbe4d205f,Southern,Gisagara,Save,Munazi,Akadurumba
66d9c3970bc303fcbe4d206b,Southern,Gisagara,Save,Rwanza,Cyezuburo
66d9c3970bc303fcbe4d206c,Southern,Gisagara,Save,Rwanza,Gahora
66d9c3970bc303fcbe4d207b,Southern,Gisagara,Save,Shyanda,Ryamutabazi
66d9c3970bc303fcbe4d207f,Southern,Gisagara,Save,Zivu,Nyagasozi
66d9c3970bc303fcbe4d2087,Southern,Nyaruguru,Busanze,Kirarangombe,Kinyinya
66d9c3970bc303fcbe4d2089,Southern,Nyaruguru,Busanze,Kirarangombe,Uwindava
66d9c3970bc303fcbe4d208a,Southern,Nyaruguru,Busanze,Nkanda,Bitare
66d9c3970bc303fcbe4d2095,Southern,Nyaruguru,Busanze,Runyombyi,Bugina
66d9c3970bc303fcbe4d2097,Southern,Nyaruguru,Busanze,Runyombyi,Musebeya
66d9c3970bc303fcbe4d209a,Southern,Nyaruguru,Busanze,Runyombyi,Shwima
66d9c3970bc303fcbe4d209e,Southern,Nyaruguru,Busanze,Shororo,Runyami
66d9c3970bc303fcbe4d20ad,Southern,Nyaruguru,Cyahinda,Gasasa,Ryamarembo
66d9c3970bc303fcbe4d20b6,Southern,Nyaruguru,Cyahinda,Rutobwe,Ngobyi
66d9c3970bc303fcbe4d20bc,Southern,Nyaruguru,Kibeho,Gakoma,Viro
66d9c3970bc303fcbe4d20c0,Southern,Nyaruguru,Kibeho,Mbasa,Kinazi
66d9c3970bc303fcbe4d20c2,Southern,Nyaruguru,Kibeho,Mbasa,Rwimbogo
66d9c3970bc303fcbe4d20d2,Southern,Nyaruguru,Kivu,Cyanyirankora,Gakuta
66d9c3970bc303fcbe4d20dc,Southern,Nyaruguru,Kivu,Kivu,Kavumu
66d9c3970bc303fcbe4d20eb,Southern,Nyaruguru,Mata,Murambi,Runono
66d9c3970bc303fcbe4d20f6,Southern,Nyaruguru,Muganza,Muganza,Mubazi
66d9c3970bc303fcbe4d2043,Southern,Gisagara,Nyanza,Nyamugari,Rwamiko
66d9c3970bc303fcbe4d205d,Southern,Gisagara,Save,Gatoki,Nyarigina
66d9c3970bc303fcbe4d2070,Southern,Gisagara,Save,Rwanza,Nyabitare
66d9c3970bc303fcbe4d2079,Southern,Gisagara,Save,Shyanda,Rugori
66d9c3970bc303fcbe4d2086,Southern,Nyaruguru,Busanze,Kirarangombe,Gitwe
66d9c3970bc303fcbe4d2090,Southern,Nyaruguru,Busanze,Nteko,Kabavomo
66d9c3970bc303fcbe4d20a1,Southern,Nyaruguru,Cyahinda,Coko,Agasharu
66d9c3970bc303fcbe4d20b2,Southern,Nyaruguru,Cyahinda,Muhambara,Nyagatovu
66d9c3970bc303fcbe4d20c8,Southern,Nyaruguru,Kibeho,Mubuga,Nyarusovu
66d9c3970bc303fcbe4d20d3,Southern,Nyaruguru,Kivu,Cyanyirankora,Ruganza
66d9c3970bc303fcbe4d211d,Southern,Nyaruguru,Munini,Ngeri,Rushubi
66d9c3970bc303fcbe4d2124,Southern,Nyaruguru,Munini,Nyarure,Kimena
66d9c3970bc303fcbe4d2030,Southern,Gisagara,Ndora,Gisagara,Rutonde
66d9c3970bc303fcbe4d203b,Southern,Gisagara,Nyanza,Higiro,Impinga Ii
66d9c3970bc303fcbe4d2040,Southern,Gisagara,Nyanza,Nyamugari,Cyumba
66d9c3970bc303fcbe4d2056,Southern,Gisagara,Nyanza,Umubanga,Tundiro
66d9c3970bc303fcbe4d2065,Southern,Gisagara,Save,Munazi,Rwoserezo
66d9c3970bc303fcbe4d207c,Southern,Gisagara,Save,Shyanda,Taba
66d9c3970bc303fcbe4d2081,Southern,Gisagara,Save,Zivu,Rwanzana
66d9c3970bc303fcbe4d208c,Southern,Nyaruguru,Busanze,Nkanda,Mutobo
66d9c3970bc303fcbe4d2098,Southern,Nyaruguru,Busanze,Runyombyi,Rango
66d9c3970bc303fcbe4d209f,Southern,Nyaruguru,Busanze,Shororo,Rutabo
66d9c3970bc303fcbe4d20bb,Southern,Nyaruguru,Kibeho,Gakoma,Rurembo
66d9c3970bc303fcbe4d20c5,Southern,Nyaruguru,Kibeho,Mpanda,Mpanda
66d9c3970bc303fcbe4d20d0,Southern,Nyaruguru,Kivu,Cyanyirankora,Businde
66d9c3970bc303fcbe4d2037,Southern,Gisagara,Nyanza,Higiro,Agatare
66d9c3970bc303fcbe4d203f,Southern,Gisagara,Nyanza,Nyamugari,Akayange
66d9c3970bc303fcbe4d2041,Southern,Gisagara,Nyanza,Nyamugari,Gatarinzira
66d9c3970bc303fcbe4d2045,Southern,Gisagara,Nyanza,Nyamugari,Urugogwe
66d9c3970bc303fcbe4d2048,Southern,Gisagara,Nyanza,Nyaruteja,Akamerwe
66d9c3970bc303fcbe4d2057,Southern,Gisagara,Nyanza,Umubanga,Urukeri
66d9c3970bc303fcbe4d2058,Southern,Gisagara,Save,Gatoki,Gasambu
66d9c3970bc303fcbe4d2059,Southern,Gisagara,Save,Gatoki,Gashubi
66d9c3970bc303fcbe4d2064,Southern,Gisagara,Save,Munazi,Nyarure
66d9c3970bc303fcbe4d2068,Southern,Gisagara,Save,Rwanza,Bazenga
66d9c3970bc303fcbe4d2075,Southern,Gisagara,Save,Shyanda,Kirehe
66d9c3970bc303fcbe4d2082,Southern,Gisagara,Save,Zivu,Ryamurongo
66d9c3970bc303fcbe4d208b,Southern,Nyaruguru,Busanze,Nkanda,Mutarama
66d9c3970bc303fcbe4d209b,Southern,Nyaruguru,Busanze,Shororo,Bukinga
66d9c3970bc303fcbe4d20a0,Southern,Nyaruguru,Busanze,Shororo,Uwinteko
66d9c3970bc303fcbe4d20af,Southern,Nyaruguru,Cyahinda,Muhambara,Byanone
66d9c3970bc303fcbe4d20b4,Southern,Nyaruguru,Cyahinda,Rutobwe,Kanyinya
66d9c3970bc303fcbe4d20b5,Southern,Nyaruguru,Cyahinda,Rutobwe,Kibumba
66d9c3970bc303fcbe4d20c3,Southern,Nyaruguru,Kibeho,Mpanda,Banga
66d9c3970bc303fcbe4d20c6,Southern,Nyaruguru,Kibeho,Mpanda,Munege
66d9c3970bc303fcbe4d20c7,Southern,Nyaruguru,Kibeho,Mubuga,Mubuga
66d9c3970bc303fcbe4d20ca,Southern,Nyaruguru,Kibeho,Mubuga,Umurambi
66d9c3970bc303fcbe4d20d5,Southern,Nyaruguru,Kivu,Gahurizo,Kintama
66d9c3970bc303fcbe4d20d6,Southern,Nyaruguru,Kivu,Gahurizo,Kintare
66d9c3970bc303fcbe4d20d8,Southern,Nyaruguru,Kivu,Kimina,Kabeza
66d9c3970bc303fcbe4d20d9,Southern,Nyaruguru,Kivu,Kimina,Kabingo
66d9c3970bc303fcbe4d20dd,Southern,Nyaruguru,Kivu,Kivu,Kivu
66d9c3970bc303fcbe4d20de,Southern,Nyaruguru,Kivu,Kivu,Murambi
66d9c3970bc303fcbe4d20e9,Southern,Nyaruguru,Mata,Murambi,Murambi
66d9c3970bc303fcbe4d20fb,Southern,Nyaruguru,Muganza,Rukore,Kanazi
66d9c3970bc303fcbe4d20fe,Southern,Nyaruguru,Muganza,Rukore,Remera
66d9c3970bc303fcbe4d2100,Southern,Nyaruguru,Muganza,Rukore,Uwinzira
66d9c3970bc303fcbe4d210f,Southern,Nyaruguru,Munini,Giheta,Gahango
66d9c3970bc303fcbe4d2110,Southern,Nyaruguru,Munini,Giheta,Gasare
66d9c3970bc303fcbe4d2111,Southern,Nyaruguru,Munini,Giheta,Giheta
66d9c3970bc303fcbe4d2117,Southern,Nyaruguru,Munini,Ngarurira,Uwumuko
66d9c3970bc303fcbe4d2119,Southern,Nyaruguru,Munini,Ngeri,Mushwati
66d9c3970bc303fcbe4d211c,Southern,Nyaruguru,Munini,Ngeri,Ruseke
66d9c3970bc303fcbe4d20ef,Southern,Nyaruguru,Mata,Ramba,Cyafurwe
66d9c3970bc303fcbe4d210c,Southern,Nyaruguru,Muganza,Uwacyiza,Mutovu
66d9c3970bc303fcbe4d2113,Southern,Nyaruguru,Munini,Ngarurira,Agatare
66d9c3970bc303fcbe4d202f,Southern,Gisagara,Ndora,Gisagara,Rugara
66d9c3970bc303fcbe4d2036,Southern,Gisagara,Ndora,Mukande,Nyarusange
66d9c3970bc303fcbe4d2049,Southern,Gisagara,Nyanza,Nyaruteja,Akasemabondi
66d9c3970bc303fcbe4d204a,Southern,Gisagara,Nyanza,Nyaruteja,Amarambya
66d9c3970bc303fcbe4d2053,Southern,Gisagara,Nyanza,Umubanga,Maheresho
66d9c3970bc303fcbe4d205e,Southern,Gisagara,Save,Gatoki,Rugarama
66d9c3970bc303fcbe4d2062,Southern,Gisagara,Save,Munazi,Kabitoki
66d9c3970bc303fcbe4d206f,Southern,Gisagara,Save,Rwanza,Kivumu
66d9c3970bc303fcbe4d2073,Southern,Gisagara,Save,Shyanda,Gahora
66d9c3970bc303fcbe4d2074,Southern,Gisagara,Save,Shyanda,Kagende
66d9c3970bc303fcbe4d2092,Southern,Nyaruguru,Busanze,Nteko,Nteko
66d9c3970bc303fcbe4d2093,Southern,Nyaruguru,Busanze,Nteko,Nyarukeri
66d9c3970bc303fcbe4d2099,Southern,Nyaruguru,Busanze,Runyombyi,Ryabusagara
66d9c3970bc303fcbe4d20a5,Southern,Nyaruguru,Cyahinda,Cyahinda,Cyahinda
66d9c3970bc303fcbe4d20ac,Southern,Nyaruguru,Cyahinda,Gasasa,Mugari
66d9c3970bc303fcbe4d20d7,Southern,Nyaruguru,Kivu,Gahurizo,Uwamizirikano
66d9c3970bc303fcbe4d20f4,Southern,Nyaruguru,Mata,Rwamiko,Taba
66d9c3970bc303fcbe4d20fa,Southern,Nyaruguru,Muganza,Muganza,Rambyanyana
66d9c3970bc303fcbe4d2107,Southern,Nyaruguru,Muganza,Samiyonga,Tangabo
66d9c3970bc303fcbe4d2108,Southern,Nyaruguru,Muganza,Uwacyiza,Bitaba
66d9c3970bc303fcbe4d210a,Southern,Nyaruguru,Muganza,Uwacyiza,Mukongoro
66d9c3970bc303fcbe4d2122,Southern,Nyaruguru,Munini,Ntwali,Umurambi
66d9c3970bc303fcbe4d203a,Southern,Gisagara,Nyanza,Higiro,Amashya
66d9c3970bc303fcbe4d2096,Southern,Nyaruguru,Busanze,Runyombyi,Gabiro
66d9c3970bc303fcbe4d20e7,Southern,Nyaruguru,Mata,Gorwe,Ruhunga
66d9c3970bc303fcbe4d205b,Southern,Gisagara,Save,Gatoki,Kaneke
66d9c3970bc303fcbe4d2066,Southern,Gisagara,Save,Munazi,Zihare
66d9c3970bc303fcbe4d2067,Southern,Gisagara,Save,Rwanza,Akarambo
66d9c3970bc303fcbe4d2078,Southern,Gisagara,Save,Shyanda,Mukoni
66d9c3970bc303fcbe4d20a4,Southern,Nyaruguru,Cyahinda,Coko,Ruko
66d9c3970bc303fcbe4d20b9,Southern,Nyaruguru,Cyahinda,Rutobwe,Rutobwe
66d9c3970bc303fcbe4d20c4,Southern,Nyaruguru,Kibeho,Mpanda,Kibayi
66d9c3970bc303fcbe4d20ed,Southern,Nyaruguru,Mata,Nyamabuye,Rwinanka
66d9c3970bc303fcbe4d2103,Southern,Nyaruguru,Muganza,Samiyonga,Gituntu
66d9c3970bc303fcbe4d2105,Southern,Nyaruguru,Muganza,Samiyonga,Mazimeru
66d9c3970bc303fcbe4d2125,Southern,Nyaruguru,Munini,Nyarure,Muhororo
66d9c3970bc303fcbe4d2128,Southern,Nyaruguru,Munini,Nyarure,Sheke
66d9c3970bc303fcbe4d2129,Southern,Nyaruguru,Ngera,Bitare,Bitare
66d9c3970bc303fcbe4d213a,Southern,Nyaruguru,Ngera,Yaramba,Buhunga
66d9c3970bc303fcbe4d2145,Southern,Nyaruguru,Ngoma,Kibangu,Kirehe
66d9c3970bc303fcbe4d2160,Southern,Nyaruguru,Nyabimata,Gihemvu,Gihemvu
66d9c3970bc303fcbe4d2166,Southern,Nyaruguru,Nyabimata,Mishungero,Muyira
66d9c3970bc303fcbe4d212d,Southern,Nyaruguru,Ngera,Mukuge,Cyaratsi
66d9c3970bc303fcbe4d2131,Southern,Nyaruguru,Ngera,Murama,Nyarugano
66d9c3970bc303fcbe4d213d,Southern,Nyaruguru,Ngera,Yaramba,Yaramba
66d9c3970bc303fcbe4d2140,Southern,Nyaruguru,Ngoma,Fugi,Mutakwa
66d9c3970bc303fcbe4d2144,Southern,Nyaruguru,Ngoma,Kibangu,Gituramigina
66d9c3970bc303fcbe4d2151,Southern,Nyaruguru,Ngoma,Mbuye,Mujahu
66d9c3970bc303fcbe4d2152,Southern,Nyaruguru,Ngoma,Mbuye,Ururambo
66d9c3970bc303fcbe4d216e,Southern,Nyaruguru,Nyabimata,Ruhinga,Agasugi
66d9c3970bc303fcbe4d2172,Southern,Nyaruguru,Nyagisozi,Maraba,Bugarama
66d9c3970bc303fcbe4d2173,Southern,Nyaruguru,Nyagisozi,Maraba,Maraba
66d9c3970bc303fcbe4d2174,Southern,Nyaruguru,Nyagisozi,Maraba,Nkima
66d9c3970bc303fcbe4d2175,Southern,Nyaruguru,Nyagisozi,Maraba,Rushunguriro
66d9c3970bc303fcbe4d2179,Southern,Nyaruguru,Nyagisozi,Mwoya,Mwoya
66d9c3970bc303fcbe4d217f,Southern,Nyaruguru,Nyagisozi,Nkakwa,Nyarubuye
66d9c3970bc303fcbe4d2182,Southern,Nyaruguru,Nyagisozi,Nyagisozi,Muriza
66d9c3970bc303fcbe4d218d,Southern,Nyaruguru,Ruheru,Kabere,Busenyi
66d9c3970bc303fcbe4d2191,Southern,Nyaruguru,Ruheru,Kabere,Nshenyi
66d9c3970bc303fcbe4d2197,Southern,Nyaruguru,Ruheru,Remera,Uwinyana
66d9c3970bc303fcbe4d2199,Southern,Nyaruguru,Ruheru,Ruyenzi,Ruvuru
66d9c3970bc303fcbe4d2177,Southern,Nyaruguru,Nyagisozi,Mwoya,Bwerankori
66d9c3970bc303fcbe4d2192,Southern,Nyaruguru,Ruheru,Kabere,Uwigisura
66d9c3970bc303fcbe4d2193,Southern,Nyaruguru,Ruheru,Remera,Cyivugiza
66d9c3970bc303fcbe4d219c,Southern,Nyaruguru,Ruheru,Ruyenzi,Zirambi
66d9c3970bc303fcbe4d21a7,Southern,Nyaruguru,Ruramba,Giseke,Giseke
66d9c3970bc303fcbe4d216f,Southern,Nyaruguru,Nyabimata,Ruhinga,Cyumuzi
66d9c3970bc303fcbe4d2183,Southern,Nyaruguru,Nyagisozi,Nyagisozi,Nyagishayo
66d9c3970bc303fcbe4d218a,Southern,Nyaruguru,Ruheru,Gitita,Ruganza
66d9c3970bc303fcbe4d218e,Southern,Nyaruguru,Ruheru,Kabere,Gambiriro
66d9c3970bc303fcbe4d21b3,Southern,Nyaruguru,Ruramba,Ruramba,Bugizi
66d9c3970bc303fcbe4d21ba,Southern,Nyaruguru,Rusenge,Bunge,Toraniro
66d9c3970bc303fcbe4d21be,Southern,Nyaruguru,Rusenge,Cyuna,Uwamuhizi
66d9c3970bc303fcbe4d21c1,Southern,Nyaruguru,Rusenge,Gikunzi,Munanira
66d9c3970bc303fcbe4d21d6,Southern,Huye,Gishamvu,Nyumba,Gasyankingi
66d9c3970bc303fcbe4d21da,Southern,Huye,Gishamvu,Ryakibogo,Agakombe
66d9c3970bc303fcbe4d21e0,Southern,Huye,Gishamvu,Ryakibogo,Kiduha
66d9c3970bc303fcbe4d21af,Southern,Nyaruguru,Ruramba,Nyarugano,Uruyange
66d9c3970bc303fcbe4d21c4,Southern,Nyaruguru,Rusenge,Mariba,Kabuye
66d9c3970bc303fcbe4d21c5,Southern,Nyaruguru,Rusenge,Mariba,Miko
66d9c3970bc303fcbe4d21e1,Southern,Huye,Gishamvu,Shori,Akabere
66d9c3970bc303fcbe4d21e5,Southern,Huye,Gishamvu,Shori,Kinyovi
66d9c3970bc303fcbe4d21ab,Southern,Nyaruguru,Ruramba,Giseke,Tugogo
66d9c3970bc303fcbe4d21c3,Southern,Nyaruguru,Rusenge,Mariba,Gihango
66d9c3970bc303fcbe4d21bd,Southern,Nyaruguru,Rusenge,Cyuna,Remera
66d9c3970bc303fcbe4d21c6,Southern,Nyaruguru,Rusenge,Mariba,Rasaniro
66d9c3970bc303fcbe4d21cc,Southern,Nyaruguru,Rusenge,Rusenge,Kabacuzi
66d9c3970bc303fcbe4d21d1,Southern,Huye,Gishamvu,Nyakibanda,Kamabuye
66d9c3970bc303fcbe4d21d3,Southern,Huye,Gishamvu,Nyakibanda,Kigarama
66d9c3970bc303fcbe4d21dc,Southern,Huye,Gishamvu,Ryakibogo,Gitwa
66d9c3970bc303fcbe4d21e9,Southern,Huye,Huye,Muyogoro,Agacyamu
66d9c3970bc303fcbe4d21ef,Southern,Huye,Huye,Muyogoro,Nkamatira
66d9c3970bc303fcbe4d21f6,Southern,Huye,Huye,Nyakagezi,Gatongati
66d9c3970bc303fcbe4d21f9,Southern,Huye,Huye,Nyakagezi,Kigarama
66d9c3970bc303fcbe4d21fb,Southern,Huye,Huye,Nyakagezi,Kinyinya
66d9c3970bc303fcbe4d2206,Southern,Huye,Huye,Rukira,Kaseramba
66d9c3970bc303fcbe4d220f,Southern,Huye,Huye,Sovu,Gikombe
66d9c3970bc303fcbe4d2211,Southern,Huye,Huye,Sovu,Karambo
66d9c3970bc303fcbe4d2221,Southern,Huye,Karama,Gahororo,Mavumba
66d9c3970bc303fcbe4d21f0,Southern,Huye,Huye,Muyogoro,Nyarutovu
66d9c3970bc303fcbe4d220a,Southern,Huye,Huye,Rukira,Nyanza
66d9c3970bc303fcbe4d221a,Southern,Huye,Karama,Buhoro,Nyamikaba
66d9c3970bc303fcbe4d21f4,Southern,Huye,Huye,Muyogoro,Rwaza
66d9c3970bc303fcbe4d2201,Southern,Huye,Huye,Rukira,Agahenerezo
66d9c3970bc303fcbe4d2222,Southern,Huye,Karama,Gahororo,Mukongoro
66d9c3970bc303fcbe4d2240,Southern,Huye,Kigoma,Kabatwa,Mbogo
66d9c3970bc303fcbe4d222f,Southern,Huye,Karama,Muhembe,Kaburemera
66d9c3970bc303fcbe4d2231,Southern,Huye,Karama,Muhembe,Uwimpundu
66d9c3970bc303fcbe4d2232,Southern,Huye,Kigoma,Gishihe,Birambo
66d9c3970bc303fcbe4d2249,Southern,Huye,Kigoma,Karambi,Gasura
66d9c3970bc303fcbe4d224b,Southern,Huye,Kigoma,Karambi,Gitwa
66d9c3970bc303fcbe4d222e,Southern,Huye,Karama,Muhembe,Cyetete
66d9c3970bc303fcbe4d223d,Southern,Huye,Kigoma,Kabatwa,Karuhimbana
66d9c3970bc303fcbe4d2127,Southern,Nyaruguru,Munini,Nyarure,Nyarure
66d9c3970bc303fcbe4d212a,Southern,Nyaruguru,Ngera,Bitare,Gashiru
66d9c3970bc303fcbe4d213b,Southern,Nyaruguru,Ngera,Yaramba,Kirwa
66d9c3970bc303fcbe4d212b,Southern,Nyaruguru,Ngera,Bitare,Sheke
66d9c3970bc303fcbe4d2146,Southern,Nyaruguru,Ngoma,Kibangu,Kiriro
66d9c3970bc303fcbe4d214d,Southern,Nyaruguru,Ngoma,Kiyonza,Nyagahinga
66d9c3970bc303fcbe4d2133,Southern,Nyaruguru,Ngera,Nyamirama,Kinteko
66d9c3970bc303fcbe4d2138,Southern,Nyaruguru,Ngera,Nyanza,Mpinga
66d9c3970bc303fcbe4d214b,Southern,Nyaruguru,Ngoma,Kiyonza,Munini
66d9c3970bc303fcbe4d2153,Southern,Nyaruguru,Ngoma,Nyamirama,Akabuye
66d9c3970bc303fcbe4d2157,Southern,Nyaruguru,Ngoma,Nyamirama,Ryakanyamiganda
66d9c3970bc303fcbe4d2159,Southern,Nyaruguru,Ngoma,Rubona,Agatovu
66d9c3970bc303fcbe4d215a,Southern,Nyaruguru,Ngoma,Rubona,Akarambo
66d9c3970bc303fcbe4d215e,Southern,Nyaruguru,Nyabimata,Gihemvu,Bihembe
66d9c3970bc303fcbe4d215f,Southern,Nyaruguru,Nyabimata,Gihemvu,Bugina
66d9c3970bc303fcbe4d2163,Southern,Nyaruguru,Nyabimata,Kabere,Nyarunazi
66d9c3970bc303fcbe4d2167,Southern,Nyaruguru,Nyabimata,Mishungero,Ngarama
66d9c3970bc303fcbe4d213e,Southern,Nyaruguru,Ngoma,Fugi,Akanyaru
66d9c3970bc303fcbe4d2170,Southern,Nyaruguru,Nyabimata,Ruhinga,Ndaro
66d9c3970bc303fcbe4d2188,Southern,Nyaruguru,Ruheru,Gitita,Kibyibushye
66d9c3970bc303fcbe4d2198,Southern,Nyaruguru,Ruheru,Ruyenzi,Rukarakara
66d9c3970bc303fcbe4d218f,Southern,Nyaruguru,Ruheru,Kabere,Mukaka
66d9c3970bc303fcbe4d2195,Southern,Nyaruguru,Ruheru,Remera,Kirwa
66d9c3970bc303fcbe4d21a5,Southern,Nyaruguru,Ruramba,Gabiro,Nyamirambo
66d9c3970bc303fcbe4d216d,Southern,Nyaruguru,Nyabimata,Nyabimata,Rwerere
66d9c3970bc303fcbe4d217c,Southern,Nyaruguru,Nyagisozi,Nkakwa,Bihembe
66d9c3970bc303fcbe4d217d,Southern,Nyaruguru,Nyagisozi,Nkakwa,Kaduha
66d9c3970bc303fcbe4d217e,Southern,Nyaruguru,Nyagisozi,Nkakwa,Nkakwa
66d9c3970bc303fcbe4d2181,Southern,Nyaruguru,Nyagisozi,Nkakwa,Rubuga
66d9c3970bc303fcbe4d2190,Southern,Nyaruguru,Ruheru,Kabere,Murambi
66d9c3970bc303fcbe4d2196,Southern,Nyaruguru,Ruheru,Remera,Mutumba
66d9c3970bc303fcbe4d219b,Southern,Nyaruguru,Ruheru,Ruyenzi,Tambananga
66d9c3970bc303fcbe4d21a1,Southern,Nyaruguru,Ruheru,Uwumusebeya,Yanza
66d9c3970bc303fcbe4d21a9,Southern,Nyaruguru,Ruramba,Giseke,Kidogo
66d9c3970bc303fcbe4d21c9,Southern,Nyaruguru,Rusenge,Raranzige,Karimba
66d9c3970bc303fcbe4d21ce,Southern,Nyaruguru,Rusenge,Rusenge,Kavumu
66d9c3970bc303fcbe4d21d5,Southern,Huye,Gishamvu,Nyumba,Busoro
66d9c3970bc303fcbe4d21e6,Southern,Huye,Gishamvu,Shori,Rebero
66d9c3970bc303fcbe4d21b0,Southern,Nyaruguru,Ruramba,Rugogwe,Rugogwe
66d9c3970bc303fcbe4d21dd,Southern,Huye,Gishamvu,Ryakibogo,Impinga
66d9c3970bc303fcbe4d21e3,Southern,Huye,Gishamvu,Shori,Kabeza
66d9c3970bc303fcbe4d21b6,Southern,Nyaruguru,Ruramba,Ruramba,Ruramba
66d9c3970bc303fcbe4d21cd,Southern,Nyaruguru,Rusenge,Rusenge,Kamusindi
66d9c3970bc303fcbe4d21d8,Southern,Huye,Gishamvu,Nyumba,Mirambi
66d9c3970bc303fcbe4d21eb,Southern,Huye,Huye,Muyogoro,Akagarama
66d9c3970bc303fcbe4d21fc,Southern,Huye,Huye,Nyakagezi,Mbuba
66d9c3970bc303fcbe4d21ee,Southern,Huye,Huye,Muyogoro,Munini
66d9c3970bc303fcbe4d21f8,Southern,Huye,Huye,Nyakagezi,Karuhinda
66d9c3970bc303fcbe4d2207,Southern,Huye,Huye,Rukira,Kubutare
66d9c3970bc303fcbe4d220d,Southern,Huye,Huye,Sovu,Gako
66d9c3970bc303fcbe4d21f3,Southern,Huye,Huye,Muyogoro,Rwankoni
66d9c3970bc303fcbe4d21fa,Southern,Huye,Huye,Nyakagezi,Kinyana
66d9c3970bc303fcbe4d221c,Southern,Huye,Karama,Bunazi,Akarehe
66d9c3970bc303fcbe4d21f1,Southern,Huye,Huye,Muyogoro,Nyarwumba
66d9c3970bc303fcbe4d21ff,Southern,Huye,Huye,Nyakagezi,Rugarama
66d9c3970bc303fcbe4d220e,Southern,Huye,Huye,Sovu,Gasongati
66d9c3970bc303fcbe4d2210,Southern,Huye,Huye,Sovu,Kabagendera
66d9c3970bc303fcbe4d2212,Southern,Huye,Huye,Sovu,Karuhayi
66d9c3970bc303fcbe4d221b,Southern,Huye,Karama,Bunazi,Agatenderi
66d9c3970bc303fcbe4d221f,Southern,Huye,Karama,Bunazi,Rwezamenyo
66d9c3970bc303fcbe4d2225,Southern,Huye,Karama,Gahororo,Umuyange
66d9c3970bc303fcbe4d2226,Southern,Huye,Karama,Gahororo,Uwarugondo
66d9c3970bc303fcbe4d222a,Southern,Huye,Karama,Kibingo,Nkoto
66d9c3970bc303fcbe4d223b,Southern,Huye,Kigoma,Kabatwa,Buremera
66d9c3970bc303fcbe4d224c,Southern,Huye,Kigoma,Karambi,Kagarama
66d9c3970bc303fcbe4d2229,Southern,Huye,Karama,Kibingo,Mukimba
66d9c3970bc303fcbe4d2233,Southern,Huye,Kigoma,Gishihe,Gihanda
66d9c3970bc303fcbe4d2237,Southern,Huye,Kigoma,Gishihe,Kamyuga
66d9c3970bc303fcbe4d2239,Southern,Huye,Kigoma,Gishihe,Kavumu
66d9c3970bc303fcbe4d2230,Southern,Huye,Karama,Muhembe,Rugege
66d9c3970bc303fcbe4d2235,Southern,Huye,Kigoma,Gishihe,Kababaji
66d9c3970bc303fcbe4d2242,Southern,Huye,Kigoma,Kabuga,Kabingo
66d9c3970bc303fcbe4d224d,Southern,Huye,Kigoma,Karambi,Kigarama
66d9c3970bc303fcbe4d2228,Southern,Huye,Karama,Kibingo,Agatovu
66d9c3970bc303fcbe4d222b,Southern,Huye,Karama,Kibingo,Nyesonga
66d9c3970bc303fcbe4d2236,Southern,Huye,Kigoma,Gishihe,Kabingo
66d9c3970bc303fcbe4d223c,Southern,Huye,Kigoma,Kabatwa,Kamihuro
66d9c3970bc303fcbe4d2243,Southern,Huye,Kigoma,Kabuga,Kagina
66d9c3970bc303fcbe4d224e,Southern,Huye,Kigoma,Karambi,Nyarunyinya
66d9c3970bc303fcbe4d20f0,Southern,Nyaruguru,Mata,Ramba,Gasasa
66d9c3970bc303fcbe4d20f1,Southern,Nyaruguru,Mata,Ramba,Ramba
66d9c3970bc303fcbe4d210b,Southern,Nyaruguru,Muganza,Uwacyiza,Murambya
66d9c3970bc303fcbe4d2115,Southern,Nyaruguru,Munini,Ngarurira,Gisizi
66d9c3970bc303fcbe4d20c9,Southern,Nyaruguru,Kibeho,Mubuga,Nyarwumba
66d9c3970bc303fcbe4d20da,Southern,Nyaruguru,Kivu,Kimina,Kimina
66d9c3970bc303fcbe4d20e8,Southern,Nyaruguru,Mata,Murambi,Mata
66d9c3970bc303fcbe4d2126,Southern,Nyaruguru,Munini,Nyarure,Munanira
66d9c3970bc303fcbe4d2028,Southern,Gisagara,Ndora,Gisagara,Gisagara
66d9c3970bc303fcbe4d202b,Southern,Gisagara,Ndora,Gisagara,Ndora
66d9c3970bc303fcbe4d2032,Southern,Gisagara,Ndora,Mukande,Kidwange
66d9c3970bc303fcbe4d2034,Southern,Gisagara,Ndora,Mukande,Nkinda Ii
66d9c3970bc303fcbe4d204d,Southern,Gisagara,Nyanza,Nyaruteja,Intuntu
66d9c3970bc303fcbe4d2050,Southern,Gisagara,Nyanza,Umubanga,Akamabuye
66d9c3970bc303fcbe4d2055,Southern,Gisagara,Nyanza,Umubanga,Remera
66d9c3970bc303fcbe4d205c,Southern,Gisagara,Save,Gatoki,Kavumu
66d9c3970bc303fcbe4d2060,Southern,Gisagara,Save,Munazi,Gakombe
66d9c3970bc303fcbe4d2069,Southern,Gisagara,Save,Rwanza,Bitabire
66d9c3970bc303fcbe4d2071,Southern,Gisagara,Save,Rwanza,Nyagacyamu
66d9c3970bc303fcbe4d2076,Southern,Gisagara,Save,Shyanda,Kirira
66d9c3970bc303fcbe4d207a,Southern,Gisagara,Save,Shyanda,Ryakabuye
66d9c3970bc303fcbe4d207d,Southern,Gisagara,Save,Zivu,Kinyonzwe
66d9c3970bc303fcbe4d2080,Southern,Gisagara,Save,Zivu,Rugogwe
66d9c3970bc303fcbe4d2083,Southern,Gisagara,Save,Zivu,Ryarubayi
66d9c3970bc303fcbe4d2085,Southern,Nyaruguru,Busanze,Kirarangombe,Gisenyi
66d9c3970bc303fcbe4d2094,Southern,Nyaruguru,Busanze,Nteko,Nyarusange
66d9c3970bc303fcbe4d20a2,Southern,Nyaruguru,Cyahinda,Coko,Coko
66d9c3970bc303fcbe4d20a3,Southern,Nyaruguru,Cyahinda,Coko,Gitara
66d9c3970bc303fcbe4d20bd,Southern,Nyaruguru,Kibeho,Kibeho,Agateko
66d9c3970bc303fcbe4d20cd,Southern,Nyaruguru,Kibeho,Nyange,Kigona
66d9c3970bc303fcbe4d20e1,Southern,Nyaruguru,Kivu,Rugerero,Kivumu
66d9c3970bc303fcbe4d20e2,Southern,Nyaruguru,Kivu,Rugerero,Misundwe
66d9c3970bc303fcbe4d20e5,Southern,Nyaruguru,Mata,Gorwe,Mataba
66d9c3970bc303fcbe4d20ea,Southern,Nyaruguru,Mata,Murambi,Nyamyumba
66d9c3970bc303fcbe4d20ee,Southern,Nyaruguru,Mata,Nyamabuye,Tububuru
66d9c3970bc303fcbe4d20f3,Southern,Nyaruguru,Mata,Rwamiko,Rwamiko
66d9c3970bc303fcbe4d2109,Southern,Nyaruguru,Muganza,Uwacyiza,Migendo
66d9c3970bc303fcbe4d210d,Southern,Nyaruguru,Muganza,Uwacyiza,Sekera
66d9c3970bc303fcbe4d2114,Southern,Nyaruguru,Munini,Ngarurira,Akarehe
66d9c3970bc303fcbe4d2118,Southern,Nyaruguru,Munini,Ngeri,Akagera
66d9c3970bc303fcbe4d211a,Southern,Nyaruguru,Munini,Ngeri,Ndago
66d9c3970bc303fcbe4d2038,Southern,Gisagara,Nyanza,Higiro,Akabakene
66d9c3970bc303fcbe4d203d,Southern,Gisagara,Nyanza,Higiro,Ruvugizo
66d9c3970bc303fcbe4d2042,Southern,Gisagara,Nyanza,Nyamugari,Kigali
66d9c3970bc303fcbe4d2084,Southern,Nyaruguru,Busanze,Kirarangombe,Bukinanyana
66d9c3970bc303fcbe4d20b1,Southern,Nyaruguru,Cyahinda,Muhambara,Kubitiro
66d9c3970bc303fcbe4d20b7,Southern,Nyaruguru,Cyahinda,Rutobwe,Rubona
66d9c3970bc303fcbe4d20b8,Southern,Nyaruguru,Cyahinda,Rutobwe,Rugarama
66d9c3970bc303fcbe4d20ce,Southern,Nyaruguru,Kibeho,Nyange,Mpatswe
66d9c3970bc303fcbe4d20d4,Southern,Nyaruguru,Kivu,Gahurizo,Gasezo
66d9c3970bc303fcbe4d20f5,Southern,Nyaruguru,Muganza,Muganza,Gashinge
66d9c3970bc303fcbe4d2112,Southern,Nyaruguru,Munini,Giheta,Mashya
66d9c3970bc303fcbe4d211e,Southern,Nyaruguru,Munini,Ntwali,Kabirizi
66d9c3970bc303fcbe4d2123,Southern,Nyaruguru,Munini,Nyarure,Kamana
66d9c3970bc303fcbe4d2132,Southern,Nyaruguru,Ngera,Murama,Runyami
66d9c3970bc303fcbe4d2141,Southern,Nyaruguru,Ngoma,Fugi,Nteko
66d9c3970bc303fcbe4d212c,Southern,Nyaruguru,Ngera,Mukuge,Cyamutumba
66d9c3970bc303fcbe4d2134,Southern,Nyaruguru,Ngera,Nyamirama,Mubuga
66d9c3970bc303fcbe4d2135,Southern,Nyaruguru,Ngera,Nyamirama,Nyamirama
66d9c3970bc303fcbe4d2136,Southern,Nyaruguru,Ngera,Nyanza,Gisozi
66d9c3970bc303fcbe4d2137,Southern,Nyaruguru,Ngera,Nyanza,Kibingo
66d9c3970bc303fcbe4d213f,Southern,Nyaruguru,Ngoma,Fugi,Gasha
66d9c3970bc303fcbe4d214a,Southern,Nyaruguru,Ngoma,Kiyonza,Maraba
66d9c3970bc303fcbe4d214c,Southern,Nyaruguru,Ngoma,Kiyonza,Mwumba
66d9c3970bc303fcbe4d20f2,Southern,Nyaruguru,Mata,Rwamiko,Matyazo
66d9c3970bc303fcbe4d20ff,Southern,Nyaruguru,Muganza,Rukore,Rwishywa
66d9c3970bc303fcbe4d2101,Southern,Nyaruguru,Muganza,Samiyonga,Bigugu
66d9c3970bc303fcbe4d2106,Southern,Nyaruguru,Muganza,Samiyonga,Murambi
66d9c3970bc303fcbe4d2116,Southern,Nyaruguru,Munini,Ngarurira,Gitega
66d9c3970bc303fcbe4d211b,Southern,Nyaruguru,Munini,Ngeri,Rubona
66d9c3970bc303fcbe4d2033,Southern,Gisagara,Ndora,Mukande,Nkinda I
66d9c3970bc303fcbe4d2035,Southern,Gisagara,Ndora,Mukande,Nyarunyinya
66d9c3970bc303fcbe4d2044,Southern,Gisagara,Nyanza,Nyamugari,Sare
66d9c3970bc303fcbe4d2046,Southern,Gisagara,Nyanza,Nyamugari,Urutoyi
66d9c3970bc303fcbe4d2051,Southern,Gisagara,Nyanza,Umubanga,Akarwishyura
66d9c3970bc303fcbe4d205a,Southern,Gisagara,Save,Gatoki,Kampuro
66d9c3970bc303fcbe4d2088,Southern,Nyaruguru,Busanze,Kirarangombe,Masiga
66d9c3970bc303fcbe4d208d,Southern,Nyaruguru,Busanze,Nkanda,Nkanda
66d9c3970bc303fcbe4d208e,Southern,Nyaruguru,Busanze,Nkanda,Uwamakumba
66d9c3970bc303fcbe4d209d,Southern,Nyaruguru,Busanze,Shororo,Murambi
66d9c3970bc303fcbe4d20a9,Southern,Nyaruguru,Cyahinda,Cyahinda,Urutega
66d9c3970bc303fcbe4d20aa,Southern,Nyaruguru,Cyahinda,Gasasa,Gasasa
66d9c3970bc303fcbe4d20bf,Southern,Nyaruguru,Kibeho,Kibeho,Sinayi
66d9c3970bc303fcbe4d20d1,Southern,Nyaruguru,Kivu,Cyanyirankora,Cyanyirankora
66d9c3970bc303fcbe4d20db,Southern,Nyaruguru,Kivu,Kimina,Uwisaga
66d9c3970bc303fcbe4d20e0,Southern,Nyaruguru,Kivu,Kivu,Rusuzumiro
66d9c3970bc303fcbe4d20e6,Southern,Nyaruguru,Mata,Gorwe,Rimbanya
66d9c3970bc303fcbe4d20fc,Southern,Nyaruguru,Muganza,Rukore,Karanka
66d9c3970bc303fcbe4d20fd,Southern,Nyaruguru,Muganza,Rukore,Nyagisenyi
66d9c3970bc303fcbe4d2104,Southern,Nyaruguru,Muganza,Samiyonga,Kigwene
66d9c3970bc303fcbe4d211f,Southern,Nyaruguru,Munini,Ntwali,Ntwari
66d9c3970bc303fcbe4d2121,Southern,Nyaruguru,Munini,Ntwali,Rwinanka
66d9c3970bc303fcbe4d2120,Southern,Nyaruguru,Munini,Ntwali,Nyambaragasa
66d9c3970bc303fcbe4d202c,Southern,Gisagara,Ndora,Gisagara,Nyabitare
66d9c3970bc303fcbe4d203e,Southern,Gisagara,Nyanza,Higiro,Uruvumvuti
66d9c3970bc303fcbe4d204e,Southern,Gisagara,Nyanza,Nyaruteja,Rugayantete
66d9c3970bc303fcbe4d2052,Southern,Gisagara,Nyanza,Umubanga,Akinyana
66d9c3970bc303fcbe4d2063,Southern,Gisagara,Save,Munazi,Kigwa
66d9c3970bc303fcbe4d208f,Southern,Nyaruguru,Busanze,Nteko,Gisoro
66d9c3970bc303fcbe4d2091,Southern,Nyaruguru,Busanze,Nteko,Ndatemwa
66d9c3970bc303fcbe4d20a7,Southern,Nyaruguru,Cyahinda,Cyahinda,Kinyaga
66d9c3970bc303fcbe4d20df,Southern,Nyaruguru,Kivu,Kivu,Rubumburi
66d9c3970bc303fcbe4d20e3,Southern,Nyaruguru,Kivu,Rugerero,Nyarwotsi
66d9c3970bc303fcbe4d20f9,Southern,Nyaruguru,Muganza,Muganza,Nyabirondo
66d9c3970bc303fcbe4d2102,Southern,Nyaruguru,Muganza,Samiyonga,Cyurukore
66d9c3970bc303fcbe4d210e,Southern,Nyaruguru,Munini,Giheta,Gacumu
66d9c3970bc303fcbe4d2077,Southern,Gisagara,Save,Shyanda,Mpinga
66d9c3970bc303fcbe4d20c1,Southern,Nyaruguru,Kibeho,Mbasa,Migina
66d9c3970bc303fcbe4d20f7,Southern,Nyaruguru,Muganza,Muganza,Muganza
66d9c3970bc303fcbe4d20f8,Southern,Nyaruguru,Muganza,Muganza,Ngara
66d9c3970bc303fcbe4d2139,Southern,Nyaruguru,Ngera,Nyanza,Nyanza
66d9c3970bc303fcbe4d2150,Southern,Nyaruguru,Ngoma,Mbuye,Mugobe
66d9c3970bc303fcbe4d2162,Southern,Nyaruguru,Nyabimata,Kabere,Kabere
66d9c3970bc303fcbe4d2165,Southern,Nyaruguru,Nyabimata,Mishungero,Mishungero
66d9c3970bc303fcbe4d212e,Southern,Nyaruguru,Ngera,Mukuge,Mukuge
66d9c3970bc303fcbe4d2130,Southern,Nyaruguru,Ngera,Murama,Mbogo
66d9c3970bc303fcbe4d2142,Southern,Nyaruguru,Ngoma,Fugi,Ruli
66d9c3970bc303fcbe4d2148,Southern,Nyaruguru,Ngoma,Kiyonza,Akagano
66d9c3970bc303fcbe4d213c,Southern,Nyaruguru,Ngera,Yaramba,Musumba
66d9c3970bc303fcbe4d2164,Southern,Nyaruguru,Nyabimata,Kabere,Uwurusugi
66d9c3970bc303fcbe4d217a,Southern,Nyaruguru,Nyagisozi,Mwoya,Nkomero
66d9c3970bc303fcbe4d2189,Southern,Nyaruguru,Ruheru,Gitita,Nyacyonga
66d9c3970bc303fcbe4d216a,Southern,Nyaruguru,Nyabimata,Nyabimata,Murambi
66d9c3970bc303fcbe4d216c,Southern,Nyaruguru,Nyabimata,Nyabimata,Nyabimata
66d9c3970bc303fcbe4d2178,Southern,Nyaruguru,Nyagisozi,Mwoya,Muhombo
66d9c3970bc303fcbe4d217b,Southern,Nyaruguru,Nyagisozi,Mwoya,Nyagashubi
66d9c3970bc303fcbe4d2184,Southern,Nyaruguru,Nyagisozi,Nyagisozi,Nyamiyaga
66d9c3970bc303fcbe4d2187,Southern,Nyaruguru,Ruheru,Gitita,Gahotora
66d9c3970bc303fcbe4d214e,Southern,Nyaruguru,Ngoma,Mbuye,Gihishabwenge
66d9c3970bc303fcbe4d2154,Southern,Nyaruguru,Ngoma,Nyamirama,Bihembe
66d9c3970bc303fcbe4d2155,Southern,Nyaruguru,Ngoma,Nyamirama,Nyagasozi
66d9c3970bc303fcbe4d2156,Southern,Nyaruguru,Ngoma,Nyamirama,Rushubi
66d9c3970bc303fcbe4d2158,Southern,Nyaruguru,Ngoma,Rubona,Agasaka
66d9c3970bc303fcbe4d215c,Southern,Nyaruguru,Ngoma,Rubona,Ryarugarama
66d9c3970bc303fcbe4d215d,Southern,Nyaruguru,Ngoma,Rubona,Shyoko
66d9c3970bc303fcbe4d2161,Southern,Nyaruguru,Nyabimata,Gihemvu,Rugarama
66d9c3970bc303fcbe4d212f,Southern,Nyaruguru,Ngera,Murama,Kaganda
66d9c3970bc303fcbe4d2143,Southern,Nyaruguru,Ngoma,Fugi,Urugeyo
66d9c3970bc303fcbe4d2149,Southern,Nyaruguru,Ngoma,Kiyonza,Gacumbi
66d9c3970bc303fcbe4d215b,Southern,Nyaruguru,Ngoma,Rubona,Nyamirama
66d9c3970bc303fcbe4d2147,Southern,Nyaruguru,Ngoma,Kibangu,Nyarukeri
66d9c3970bc303fcbe4d214f,Southern,Nyaruguru,Ngoma,Mbuye,Kigarama
66d9c3970bc303fcbe4d2168,Southern,Nyaruguru,Nyabimata,Mishungero,Rubindi
66d9c3970bc303fcbe4d2176,Southern,Nyaruguru,Nyagisozi,Mwoya,Agatovu
66d9c3970bc303fcbe4d2169,Southern,Nyaruguru,Nyabimata,Mishungero,Uwaruhigi
66d9c3970bc303fcbe4d219a,Southern,Nyaruguru,Ruheru,Ruyenzi,Ruyenzi
66d9c3970bc303fcbe4d21a0,Southern,Nyaruguru,Ruheru,Uwumusebeya,Uwimbogo
66d9c3970bc303fcbe4d2180,Southern,Nyaruguru,Nyagisozi,Nkakwa,Rarire
66d9c3970bc303fcbe4d218b,Southern,Nyaruguru,Ruheru,Gitita,Rusagara
66d9c3970bc303fcbe4d218c,Southern,Nyaruguru,Ruheru,Gitita,Ryanyaruja
66d9c3970bc303fcbe4d2194,Southern,Nyaruguru,Ruheru,Remera,Gitwa
66d9c3970bc303fcbe4d219f,Southern,Nyaruguru,Ruheru,Uwumusebeya,Rugote
66d9c3970bc303fcbe4d21a2,Southern,Nyaruguru,Ruramba,Gabiro,Bukoro
66d9c3970bc303fcbe4d21a6,Southern,Nyaruguru,Ruramba,Gabiro,Ryamuhumbi
66d9c3970bc303fcbe4d219d,Southern,Nyaruguru,Ruheru,Uwumusebeya,Gakaranka
66d9c3970bc303fcbe4d219e,Southern,Nyaruguru,Ruheru,Uwumusebeya,Mubuga
66d9c3970bc303fcbe4d21a4,Southern,Nyaruguru,Ruramba,Gabiro,Kansi
66d9c3970bc303fcbe4d21aa,Southern,Nyaruguru,Ruramba,Giseke,Matyazo
66d9c3970bc303fcbe4d21c8,Southern,Nyaruguru,Rusenge,Raranzige,Gasave
66d9c3970bc303fcbe4d21cb,Southern,Nyaruguru,Rusenge,Raranzige,Nyamugari
66d9c3970bc303fcbe4d21d7,Southern,Huye,Gishamvu,Nyumba,Gishamvu
66d9c3970bc303fcbe4d21e2,Southern,Huye,Gishamvu,Shori,Cyambwe
66d9c3970bc303fcbe4d21b1,Southern,Nyaruguru,Ruramba,Rugogwe,Rugusa
66d9c3970bc303fcbe4d21b5,Southern,Nyaruguru,Ruramba,Ruramba,Karambi
66d9c3970bc303fcbe4d21bb,Southern,Nyaruguru,Rusenge,Cyuna,Cyuna
66d9c3970bc303fcbe4d21c2,Southern,Nyaruguru,Rusenge,Gikunzi,Rwabujagi
66d9c3970bc303fcbe4d21cf,Southern,Nyaruguru,Rusenge,Rusenge,Runyinya
66d9c3970bc303fcbe4d21d0,Southern,Huye,Gishamvu,Nyakibanda,Byimana
66d9c3970bc303fcbe4d21d9,Southern,Huye,Gishamvu,Nyumba,Nyagatama
66d9c3970bc303fcbe4d21db,Southern,Huye,Gishamvu,Ryakibogo,Agasekebuye
66d9c3970bc303fcbe4d21df,Southern,Huye,Gishamvu,Ryakibogo,Kidahire
66d9c3970bc303fcbe4d21e4,Southern,Huye,Gishamvu,Shori,Karubare
66d9c3970bc303fcbe4d21a8,Southern,Nyaruguru,Ruramba,Giseke,Kabari
66d9c3970bc303fcbe4d21b2,Southern,Nyaruguru,Ruramba,Rugogwe,Titi
66d9c3970bc303fcbe4d21b8,Southern,Nyaruguru,Rusenge,Bunge,Jali
66d9c3970bc303fcbe4d21e8,Southern,Huye,Gishamvu,Shori,Umunyinya
66d9c3970bc303fcbe4d21fe,Southern,Huye,Huye,Nyakagezi,Nyarunazi
66d9c3970bc303fcbe4d2205,Southern,Huye,Huye,Rukira,Kanazi
66d9c3970bc303fcbe4d2216,Southern,Huye,Karama,Buhoro,Kibingo
66d9c3970bc303fcbe4d21ed,Southern,Huye,Huye,Muyogoro,Kigarama
66d9c3970bc303fcbe4d21f2,Southern,Huye,Huye,Muyogoro,Rugerero
66d9c3970bc303fcbe4d220c,Southern,Huye,Huye,Rukira,Sabaderi
66d9c3970bc303fcbe4d2214,Southern,Huye,Huye,Sovu,Ngobagoba
66d9c3970bc303fcbe4d21ea,Southern,Huye,Huye,Muyogoro,Agasharu
66d9c3970bc303fcbe4d21f5,Southern,Huye,Huye,Muyogoro,Shuni
66d9c3970bc303fcbe4d2209,Southern,Huye,Huye,Rukira,Nyagasambu
66d9c3970bc303fcbe4d2215,Southern,Huye,Huye,Sovu,Rwezamenyo
66d9c3970bc303fcbe4d2219,Southern,Huye,Karama,Buhoro,Nyamapfunda
66d9c3970bc303fcbe4d222c,Southern,Huye,Karama,Kibingo,Zaga
66d9c3970bc303fcbe4d2234,Southern,Huye,Kigoma,Gishihe,Gishihe
66d9c3970bc303fcbe4d2238,Southern,Huye,Kigoma,Gishihe,Karambi
66d9c3970bc303fcbe4d2241,Southern,Huye,Kigoma,Kabatwa,Sekera
66d9c3970bc303fcbe4d216b,Southern,Nyaruguru,Nyabimata,Nyabimata,Mutobwe
66d9c3970bc303fcbe4d2171,Southern,Nyaruguru,Nyabimata,Ruhinga,Ruhinga
66d9c3970bc303fcbe4d2186,Southern,Nyaruguru,Nyagisozi,Nyagisozi,Uwimfizi
66d9c3970bc303fcbe4d21a3,Southern,Nyaruguru,Ruramba,Gabiro,Kageyo
66d9c3970bc303fcbe4d2185,Southern,Nyaruguru,Nyagisozi,Nyagisozi,Ryabidandi
66d9c3970bc303fcbe4d21b7,Southern,Nyaruguru,Rusenge,Bunge,Bunge
66d9c3970bc303fcbe4d21de,Southern,Huye,Gishamvu,Ryakibogo,Kadahokwa
66d9c3970bc303fcbe4d21ac,Southern,Nyaruguru,Ruramba,Nyarugano,Gisorora
66d9c3970bc303fcbe4d21ad,Southern,Nyaruguru,Ruramba,Nyarugano,Kinyonyo
66d9c3970bc303fcbe4d21ae,Southern,Nyaruguru,Ruramba,Nyarugano,Nyarugano
66d9c3970bc303fcbe4d21b4,Southern,Nyaruguru,Ruramba,Ruramba,Busasamana
66d9c3970bc303fcbe4d21bc,Southern,Nyaruguru,Rusenge,Cyuna,Kiramutse
66d9c3970bc303fcbe4d21c0,Southern,Nyaruguru,Rusenge,Gikunzi,Kibu
66d9c3970bc303fcbe4d21c7,Southern,Nyaruguru,Rusenge,Raranzige,Akabacura
66d9c3970bc303fcbe4d21ca,Southern,Nyaruguru,Rusenge,Raranzige,Ntanda
66d9c3970bc303fcbe4d21d2,Southern,Huye,Gishamvu,Nyakibanda,Karambo
66d9c3970bc303fcbe4d21e7,Southern,Huye,Gishamvu,Shori,Rusasa
66d9c3970bc303fcbe4d21b9,Southern,Nyaruguru,Rusenge,Bunge,Nyanzoga
66d9c3970bc303fcbe4d21bf,Southern,Nyaruguru,Rusenge,Gikunzi,Jali
66d9c3970bc303fcbe4d21d4,Southern,Huye,Gishamvu,Nyumba,Akagahaya
66d9c3970bc303fcbe4d21fd,Southern,Huye,Huye,Nyakagezi,Munanira
66d9c3970bc303fcbe4d2200,Southern,Huye,Huye,Rukira,Agacyamu
66d9c3970bc303fcbe4d2217,Southern,Huye,Karama,Buhoro,Mataba
66d9c3970bc303fcbe4d2227,Southern,Huye,Karama,Kibingo,Agasharu
66d9c3970bc303fcbe4d2202,Southern,Huye,Huye,Rukira,Agakombe
66d9c3970bc303fcbe4d2204,Southern,Huye,Huye,Rukira,Gitwa
66d9c3970bc303fcbe4d220b,Southern,Huye,Huye,Rukira,Rugarama
66d9c3970bc303fcbe4d2218,Southern,Huye,Karama,Buhoro,Mitsinda
66d9c3970bc303fcbe4d221d,Southern,Huye,Karama,Bunazi,Ikigarama
66d9c3970bc303fcbe4d2223,Southern,Huye,Karama,Gahororo,Nyarusange
66d9c3970bc303fcbe4d2224,Southern,Huye,Karama,Gahororo,Sangano
66d9c3970bc303fcbe4d21ec,Southern,Huye,Huye,Muyogoro,Karuzi
66d9c3970bc303fcbe4d21f7,Southern,Huye,Huye,Nyakagezi,Kamutima
66d9c3970bc303fcbe4d2203,Southern,Huye,Huye,Rukira,Agasharu
66d9c3970bc303fcbe4d2208,Southern,Huye,Huye,Rukira,Magonde
66d9c3970bc303fcbe4d2213,Southern,Huye,Huye,Sovu,Kigarama
66d9c3970bc303fcbe4d221e,Southern,Huye,Karama,Bunazi,Kinani
66d9c3970bc303fcbe4d2220,Southern,Huye,Karama,Gahororo,Akarambo
66d9c3970bc303fcbe4d222d,Southern,Huye,Karama,Muhembe,Butare
66d9c3970bc303fcbe4d223e,Southern,Huye,Kigoma,Kabatwa,Kinyata
66d9c3970bc303fcbe4d223f,Southern,Huye,Kigoma,Kabatwa,Mahwa
66d9c3970bc303fcbe4d224a,Southern,Huye,Kigoma,Karambi,Gituntu
66d9c3970bc303fcbe4d2244,Southern,Huye,Kigoma,Kabuga,Kanyamugira
66d9c3970bc303fcbe4d2248,Southern,Huye,Kigoma,Kabuga,Sanzu
66d9c3970bc303fcbe4d2245,Southern,Huye,Kigoma,Kabuga,Nyarunazi
66d9c3970bc303fcbe4d2246,Southern,Huye,Kigoma,Kabuga,Ruhungu
66d9c3970bc303fcbe4d223a,Southern,Huye,Kigoma,Kabatwa,Bande
66d9c3970bc303fcbe4d2247,Southern,Huye,Kigoma,Kabuga,Rwabuye
66d9c3970bc303fcbe4d224f,Southern,Huye,Kigoma,Karambi,Rebo
66d9c3970bc303fcbe4d2256,Southern,Huye,Kigoma,Nyabisindu,Kabugabo
66d9c3970bc303fcbe4d2261,Southern,Huye,Kigoma,Rugarama,Kabumba
66d9c3970bc303fcbe4d2274,Southern,Huye,Kinazi,Gahana,Gihana
66d9c3970bc303fcbe4d227d,Southern,Huye,Kinazi,Gitovu,Rubona
66d9c3970bc303fcbe4d227e,Southern,Huye,Kinazi,Gitovu,Ruvugizo
66d9c3970bc303fcbe4d2282,Southern,Huye,Kinazi,Kabona,Remera
66d9c3970bc303fcbe4d2284,Southern,Huye,Kinazi,Sazange,Butare
66d9c3970bc303fcbe4d229e,Southern,Huye,Maraba,Shanga,Mpinga
66d9c3970bc303fcbe4d22a0,Southern,Huye,Maraba,Shanga,Nyantende
66d9c3970bc303fcbe4d22a5,Southern,Huye,Maraba,Shyembe,Karambi
66d9c3970bc303fcbe4d22e1,Southern,Huye,Mukura,Buvumu,Akagarama
66d9c3970bc303fcbe4d22e8,Southern,Huye,Mukura,Buvumu,Nyagasambu
66d9c3970bc303fcbe4d22f7,Southern,Huye,Mukura,Rango A,Nyamata
66d9c3970bc303fcbe4d231c,Southern,Huye,Ruhashya,Gatovu,Karambo
66d9c3970bc303fcbe4d2320,Southern,Huye,Ruhashya,Karama,Gakoni
66d9c3970bc303fcbe4d2343,Southern,Huye,Rusatira,Gafumba,Mubuga
66d9c3970bc303fcbe4d2252,Southern,Huye,Kigoma,Musebeya,Kabakobwa
66d9c3970bc303fcbe4d2278,Southern,Huye,Kinazi,Gitovu,Karambo
66d9c3970bc303fcbe4d2283,Southern,Huye,Kinazi,Kabona,Rwambariro
66d9c3970bc303fcbe4d22ea,Southern,Huye,Mukura,Buvumu,Rujumbura
66d9c3970bc303fcbe4d2328,Southern,Huye,Ruhashya,Mara,Karambo
66d9c3970bc303fcbe4d2348,Southern,Huye,Rusatira,Kimirehe,Kigarama
66d9c3970bc303fcbe4d2363,Southern,Huye,Rwaniro,Gatwaro,Gatwaro
66d9c3970bc303fcbe4d236e,Southern,Huye,Rwaniro,Kibiraro,Nyarunyinya
66d9c3970bc303fcbe4d2376,Southern,Huye,Rwaniro,Nyamabuye,Nyagacyamu
66d9c3970bc303fcbe4d2384,Southern,Huye,Simbi,Cyendajuru,Bisambu
66d9c3970bc303fcbe4d238a,Southern,Huye,Simbi,Cyendajuru,Rwatsi
66d9c3970bc303fcbe4d23b6,Southern,Huye,Tumba,Cyimana,Amahoro
66d9c3970bc303fcbe4d23b7,Southern,Huye,Tumba,Cyimana,Ubumwe
66d9c3970bc303fcbe4d23dd,Southern,Nyamagabe,Buruhukiro,Kizimyamuriro,Kagano
66d9c3970bc303fcbe4d23fa,Southern,Nyamagabe,Cyanika,Karama,Karaba
66d9c3970bc303fcbe4d2413,Southern,Nyamagabe,Cyanika,Nyanza,Rugaragara
66d9c3970bc303fcbe4d2418,Southern,Nyamagabe,Cyanika,Nyanzoga,Mbeho
66d9c3970bc303fcbe4d242a,Southern,Nyamagabe,Gasaka,Nyamugari,Kabacuzi
66d9c3970bc303fcbe4d2446,Southern,Nyamagabe,Gatare,Mukongoro,Rukereko
66d9c3970bc303fcbe4d2374,Southern,Huye,Rwaniro,Nyamabuye,Kigarama
66d9c3970bc303fcbe4d23a8,Southern,Huye,Simbi,Nyangazi,Remera
66d9c3970bc303fcbe4d23bc,Southern,Huye,Tumba,Gitwa,Rebero
66d9c3970bc303fcbe4d23d2,Southern,Nyamagabe,Buruhukiro,Byimana,Gakangaga
66d9c3970bc303fcbe4d23e3,Southern,Nyamagabe,Buruhukiro,Munini,Cyinyonza
66d9c3970bc303fcbe4d23ef,Southern,Nyamagabe,Cyanika,Gitega,Butare
66d9c3970bc303fcbe4d2403,Southern,Nyamagabe,Cyanika,Kiyumba,Gikomero
66d9c3970bc303fcbe4d2449,Southern,Nyamagabe,Gatare,Ruganda,Kamamara
66d9c3970bc303fcbe4d245c,Southern,Nyamagabe,Kaduha,Murambi,Kasemanyana
66d9c3970bc303fcbe4d2466,Southern,Nyamagabe,Kaduha,Musenyi,Nyakirambi
66d9c3970bc303fcbe4d2476,Southern,Nyamagabe,Kamegeri,Bwama,Gitwa
66d9c3970bc303fcbe4d247c,Southern,Nyamagabe,Kamegeri,Kamegeri,Sovu
66d9c3970bc303fcbe4d248d,Southern,Nyamagabe,Kibirizi,Bugarama,Karandura
66d9c3970bc303fcbe4d24cb,Southern,Nyamagabe,Kitabi,Mujuga,Mujuga
66d9c3970bc303fcbe4d2482,Southern,Nyamagabe,Kamegeri,Kizi,Kinyana
66d9c3970bc303fcbe4d2498,Southern,Nyamagabe,Kibirizi,Gashiha,Muganza
66d9c3970bc303fcbe4d24a5,Southern,Nyamagabe,Kibirizi,Ruhunga,Ruhurura
66d9c3970bc303fcbe4d2254,Southern,Huye,Kigoma,Musebeya,Nyarurembo
66d9c3970bc303fcbe4d2280,Southern,Huye,Kinazi,Kabona,Mujyejuru
66d9c3970bc303fcbe4d2298,Southern,Huye,Maraba,Kanyinya,Gikomero
66d9c3970bc303fcbe4d229b,Southern,Huye,Maraba,Shanga,Gasororo
66d9c3970bc303fcbe4d22bd,Southern,Huye,Mbazi,Mwulire,Cyayove
66d9c3970bc303fcbe4d22d3,Southern,Huye,Mbazi,Tare,Kagarama
66d9c3970bc303fcbe4d22da,Southern,Huye,Mukura,Bukomeye,Gasunzwe
66d9c3970bc303fcbe4d22e4,Southern,Huye,Mukura,Buvumu,Amasanganzira
66d9c3970bc303fcbe4d22f0,Southern,Huye,Mukura,Icyeru,Nyagisenyi
66d9c3970bc303fcbe4d22f6,Southern,Huye,Mukura,Rango A,Mpazi
66d9c3970bc303fcbe4d2313,Southern,Huye,Ngoma,Ngoma,Ngoma IV
66d9c3970bc303fcbe4d2319,Southern,Huye,Ruhashya,Busheshi,Nyagatovu
66d9c3970bc303fcbe4d234e,Southern,Huye,Rusatira,Kimuna,Kimigo
66d9c3970bc303fcbe4d226f,Southern,Huye,Kinazi,Byinza,Gakoni
66d9c3970bc303fcbe4d22b8,Southern,Huye,Mbazi,Mutunda,Kimuna
66d9c3970bc303fcbe4d22ef,Southern,Huye,Mukura,Icyeru,Gakombe
66d9c3970bc303fcbe4d22f4,Southern,Huye,Mukura,Rango A,Gaseke
66d9c3970bc303fcbe4d2307,Southern,Huye,Ngoma,Kaburemera,Rugarama
66d9c3970bc303fcbe4d231a,Southern,Huye,Ruhashya,Busheshi,Umuyange
66d9c3970bc303fcbe4d231f,Southern,Huye,Ruhashya,Gatovu,Murama
66d9c3970bc303fcbe4d2329,Southern,Huye,Ruhashya,Mara,Rwamara
66d9c3970bc303fcbe4d232f,Southern,Huye,Ruhashya,Rugogwe,Agasharu
66d9c3970bc303fcbe4d233f,Southern,Huye,Rusatira,Buhimba,Rugarama
66d9c3970bc303fcbe4d2355,Southern,Huye,Rusatira,Kiruhura,Nyagasozi
66d9c3970bc303fcbe4d2379,Southern,Huye,Rwaniro,Nyaruhombo,Kibara
66d9c3970bc303fcbe4d23ae,Southern,Huye,Tumba,Cyarwa,Agateme
66d9c3970bc303fcbe4d241a,Southern,Nyamagabe,Cyanika,Nyanzoga,Nyamirama
66d9c3970bc303fcbe4d236c,Southern,Huye,Rwaniro,Kibiraro,Nyabisindu
66d9c3970bc303fcbe4d2373,Southern,Huye,Rwaniro,Nyamabuye,Bweramana
66d9c3970bc303fcbe4d238e,Southern,Huye,Simbi,Gisakura,Kirarambogo
66d9c3970bc303fcbe4d239e,Southern,Huye,Simbi,Mugobore,Nyarurembo
66d9c3970bc303fcbe4d23cc,Southern,Nyamagabe,Buruhukiro,Bushigishigi,Bushigishigi
66d9c3970bc303fcbe4d23cf,Southern,Nyamagabe,Buruhukiro,Bushigishigi,Rusekera
66d9c3970bc303fcbe4d23d0,Southern,Nyamagabe,Buruhukiro,Byimana,Bishyiga
66d9c3970bc303fcbe4d23e7,Southern,Nyamagabe,Buruhukiro,Munini,Munini
66d9c3970bc303fcbe4d23fc,Southern,Nyamagabe,Cyanika,Karama,Mugamba
66d9c3970bc303fcbe4d240a,Southern,Nyamagabe,Cyanika,Ngoma,Kavumu
66d9c3970bc303fcbe4d2410,Southern,Nyamagabe,Cyanika,Nyanza,Mirama
66d9c3970bc303fcbe4d2420,Southern,Nyamagabe,Gasaka,Ngiryi,Karambi
66d9c3970bc303fcbe4d2425,Southern,Nyamagabe,Gasaka,Ngiryi,Sumba
66d9c3970bc303fcbe4d2431,Southern,Nyamagabe,Gasaka,Nzega,Gitantu
66d9c3970bc303fcbe4d2443,Southern,Nyamagabe,Gatare,Mukongoro,Kagano
66d9c3970bc303fcbe4d245f,Southern,Nyamagabe,Kaduha,Murambi,Rebero
66d9c3970bc303fcbe4d2469,Southern,Nyamagabe,Kaduha,Nyabisindu,Kabaziro
66d9c3970bc303fcbe4d247f,Southern,Nyamagabe,Kamegeri,Kirehe,Ryanyirataba
66d9c3970bc303fcbe4d24a7,Southern,Nyamagabe,Kibirizi,Uwindekezi,Gatovu
66d9c3970bc303fcbe4d225a,Southern,Huye,Kigoma,Nyabisindu,Nkenke
66d9c3970bc303fcbe4d225d,Southern,Huye,Kigoma,Nyabisindu,Shaba
66d9c3970bc303fcbe4d2270,Southern,Huye,Kinazi,Byinza,Nyarurama
66d9c3970bc303fcbe4d227f,Southern,Huye,Kinazi,Kabona,Kibiraro
66d9c3970bc303fcbe4d228f,Southern,Huye,Maraba,Gasumba,Gitwa
66d9c3970bc303fcbe4d2293,Southern,Huye,Maraba,Kabuye,Murama
66d9c3970bc303fcbe4d22a8,Southern,Huye,Maraba,Shyembe,Kizi
66d9c3970bc303fcbe4d22a9,Southern,Huye,Mbazi,Gatobotobo,Agasharu
66d9c3970bc303fcbe4d22aa,Southern,Huye,Mbazi,Gatobotobo,Akanyinya
66d9c3970bc303fcbe4d22ab,Southern,Huye,Mbazi,Gatobotobo,Bigangara
66d9c3970bc303fcbe4d22ac,Southern,Huye,Mbazi,Gatobotobo,Kanyaruhinda
66d9c3970bc303fcbe4d22af,Southern,Huye,Mbazi,Gatobotobo,Rwabuye
66d9c3970bc303fcbe4d22b0,Southern,Huye,Mbazi,Kabuga,Gakombe
66d9c3970bc303fcbe4d22b2,Southern,Huye,Mbazi,Kabuga,Gicubuka
66d9c3970bc303fcbe4d22b5,Southern,Huye,Mbazi,Kabuga,Rwezamenyo
66d9c3970bc303fcbe4d22c2,Southern,Huye,Mbazi,Rugango,Gahanga
66d9c3970bc303fcbe4d22c3,Southern,Huye,Mbazi,Rugango,Kabakono
66d9c3970bc303fcbe4d22c6,Southern,Huye,Mbazi,Rugango,Kibiraro
66d9c3970bc303fcbe4d22ce,Southern,Huye,Mbazi,Rusagara,Kibirizi
66d9c3970bc303fcbe4d22db,Southern,Huye,Mukura,Bukomeye,Kigarama
66d9c3970bc303fcbe4d22df,Southern,Huye,Mukura,Bukomeye,Shingangabo
66d9c3970bc303fcbe4d22ec,Southern,Huye,Mukura,Buvumu,Taba
66d9c3970bc303fcbe4d22f1,Southern,Huye,Mukura,Icyeru,Nyarusambu
66d9c3970bc303fcbe4d22f3,Southern,Huye,Mukura,Rango A,Agakombe
66d9c3970bc303fcbe4d2301,Southern,Huye,Ngoma,Butare,Taba
66d9c3970bc303fcbe4d230c,Southern,Huye,Ngoma,Matyazo,Nyabitare
66d9c3970bc303fcbe4d2325,Southern,Huye,Ruhashya,Mara,Bwankusi
66d9c3970bc303fcbe4d2326,Southern,Huye,Ruhashya,Mara,Gashikiri
66d9c3970bc303fcbe4d2333,Southern,Huye,Ruhashya,Ruhashya,Kigarama
66d9c3970bc303fcbe4d233b,Southern,Huye,Rusatira,Buhimba,Kanyirankuba
66d9c3970bc303fcbe4d2250,Southern,Huye,Kigoma,Musebeya,Gatovu
66d9c3970bc303fcbe4d2251,Southern,Huye,Kigoma,Musebeya,Kabacuzi
66d9c3970bc303fcbe4d225f,Southern,Huye,Kigoma,Rugarama,Birinjo
66d9c3970bc303fcbe4d226a,Southern,Huye,Kigoma,Shanga,Kabicuki
66d9c3970bc303fcbe4d226b,Southern,Huye,Kigoma,Shanga,Ntuntu
66d9c3970bc303fcbe4d2276,Southern,Huye,Kinazi,Gahana,Sogwe
66d9c3970bc303fcbe4d227b,Southern,Huye,Kinazi,Gitovu,Nyarugunga
66d9c3970bc303fcbe4d2281,Southern,Huye,Kinazi,Kabona,Munyu
66d9c3970bc303fcbe4d2286,Southern,Huye,Kinazi,Sazange,Giseke
66d9c3970bc303fcbe4d228a,Southern,Huye,Maraba,Buremera,Buremera
66d9c3970bc303fcbe4d2290,Southern,Huye,Maraba,Gasumba,Kinombe
66d9c3970bc303fcbe4d2291,Southern,Huye,Maraba,Gasumba,Taba
66d9c3970bc303fcbe4d229f,Southern,Huye,Maraba,Shanga,Nyamiyaga
66d9c3970bc303fcbe4d22c1,Southern,Huye,Mbazi,Mwulire,Taba
66d9c3970bc303fcbe4d22c5,Southern,Huye,Mbazi,Rugango,Kanzeyi
66d9c3970bc303fcbe4d22c9,Southern,Huye,Mbazi,Rugango,Ngeri
66d9c3970bc303fcbe4d22d5,Southern,Huye,Mbazi,Tare,Kigwene
66d9c3970bc303fcbe4d22f2,Southern,Huye,Mukura,Rango A,Agakera
66d9c3970bc303fcbe4d22f5,Southern,Huye,Mukura,Rango A,Kabahora
66d9c3970bc303fcbe4d2309,Southern,Huye,Ngoma,Matyazo,Gafurwe
66d9c3970bc303fcbe4d230d,Southern,Huye,Ngoma,Matyazo,Rurenda
66d9c3970bc303fcbe4d2311,Southern,Huye,Ngoma,Ngoma,Ngoma I
66d9c3970bc303fcbe4d2312,Southern,Huye,Ngoma,Ngoma,Ngoma III
66d9c3970bc303fcbe4d2317,Southern,Huye,Ruhashya,Busheshi,Kibyagira
66d9c3970bc303fcbe4d2318,Southern,Huye,Ruhashya,Busheshi,Nyabijyo
66d9c3970bc303fcbe4d231b,Southern,Huye,Ruhashya,Gatovu,Dutare
66d9c3970bc303fcbe4d2322,Southern,Huye,Ruhashya,Karama,Nyakigezi
66d9c3970bc303fcbe4d233a,Southern,Huye,Rusatira,Buhimba,Impinga
66d9c3970bc303fcbe4d2349,Southern,Huye,Rusatira,Kimirehe,Ndyome
66d9c3970bc303fcbe4d234a,Southern,Huye,Rusatira,Kimirehe,Nyakabuye
66d9c3970bc303fcbe4d2257,Southern,Huye,Kigoma,Nyabisindu,Kabumba
66d9c3970bc303fcbe4d2263,Southern,Huye,Kigoma,Rugarama,Kanyirapfundo
66d9c3970bc303fcbe4d226d,Southern,Huye,Kigoma,Shanga,Serugenzi
66d9c3970bc303fcbe4d2279,Southern,Huye,Kinazi,Gitovu,Kinazi
66d9c3970bc303fcbe4d2295,Southern,Huye,Maraba,Kabuye,Nyarusange
66d9c3970bc303fcbe4d22ba,Southern,Huye,Mbazi,Mutunda,Rugarama
66d9c3970bc303fcbe4d22bb,Southern,Huye,Mbazi,Mutunda,Ruryango
66d9c3970bc303fcbe4d22d6,Southern,Huye,Mbazi,Tare,Rupango
66d9c3970bc303fcbe4d22e2,Southern,Huye,Mukura,Buvumu,Akayenzi
66d9c3970bc303fcbe4d22e7,Southern,Huye,Mukura,Buvumu,Mpinga
66d9c3970bc303fcbe4d22ed,Southern,Huye,Mukura,Icyeru,Akabuga
66d9c3970bc303fcbe4d22ee,Southern,Huye,Mukura,Icyeru,Akamahinda
66d9c3970bc303fcbe4d2300,Southern,Huye,Ngoma,Butare,Rusenyi
66d9c3970bc303fcbe4d2315,Southern,Huye,Ngoma,Ngoma,Ngoma II
66d9c3970bc303fcbe4d2316,Southern,Huye,Ruhashya,Busheshi,Kamuhoza
66d9c3970bc303fcbe4d2327,Southern,Huye,Ruhashya,Mara,Gitwa
66d9c3970bc303fcbe4d232d,Southern,Huye,Ruhashya,Muhororo,Shyara
66d9c3970bc303fcbe4d2332,Southern,Huye,Ruhashya,Ruhashya,Igerero
66d9c3970bc303fcbe4d2337,Southern,Huye,Ruhashya,Ruhashya,Rwamabare
66d9c3970bc303fcbe4d233c,Southern,Huye,Rusatira,Buhimba,Karubona
66d9c3970bc303fcbe4d233d,Southern,Huye,Rusatira,Buhimba,Kinkanga
66d9c3970bc303fcbe4d235e,Southern,Huye,Rusatira,Mugogwe,Kabeza
66d9c3970bc303fcbe4d2364,Southern,Huye,Rwaniro,Gatwaro,Nyakabuye
66d9c3970bc303fcbe4d236b,Southern,Huye,Rwaniro,Kibiraro,Murehe
66d9c3970bc303fcbe4d2388,Southern,Huye,Simbi,Cyendajuru,Rugarama
66d9c3970bc303fcbe4d2393,Southern,Huye,Simbi,Kabusanza,Maliza
66d9c3970bc303fcbe4d239a,Southern,Huye,Simbi,Mugobore,Mugobore
66d9c3970bc303fcbe4d239f,Southern,Huye,Simbi,Mugobore,Rugarama
66d9c3970bc303fcbe4d23a5,Southern,Huye,Simbi,Nyangazi,Kinyambo
66d9c3970bc303fcbe4d23a7,Southern,Huye,Simbi,Nyangazi,Nyarukurazo
66d9c3970bc303fcbe4d23b3,Southern,Huye,Tumba,Cyarwa,Taba
66d9c3970bc303fcbe4d23c8,Southern,Huye,Tumba,Rango B,Impuhwe
66d9c3970bc303fcbe4d23d9,Southern,Nyamagabe,Buruhukiro,Gifurwe,Ruronzi
66d9c3970bc303fcbe4d23de,Southern,Nyamagabe,Buruhukiro,Kizimyamuriro,Kinaba
66d9c3970bc303fcbe4d2340,Southern,Huye,Rusatira,Gafumba,Kabuga
66d9c3970bc303fcbe4d2341,Southern,Huye,Rusatira,Gafumba,Kigarama
66d9c3970bc303fcbe4d225c,Southern,Huye,Kigoma,Nyabisindu,Rugarama
66d9c3970bc303fcbe4d2272,Southern,Huye,Kinazi,Gahana,Cyegera
66d9c3970bc303fcbe4d2289,Southern,Huye,Kinazi,Sazange,Nyabisindu
66d9c3970bc303fcbe4d22a6,Southern,Huye,Maraba,Shyembe,Karambo
66d9c3970bc303fcbe4d22cb,Southern,Huye,Mbazi,Rugango,Nyamirundi
66d9c3970bc303fcbe4d22d2,Southern,Huye,Mbazi,Tare,Gashikiri
66d9c3970bc303fcbe4d22dd,Southern,Huye,Mukura,Bukomeye,Nyagakingi
66d9c3970bc303fcbe4d2306,Southern,Huye,Ngoma,Kaburemera,Nyagapfizi
66d9c3970bc303fcbe4d231d,Southern,Huye,Ruhashya,Gatovu,Kigoma
66d9c3970bc303fcbe4d2342,Southern,Huye,Rusatira,Gafumba,Kigari
66d9c3970bc303fcbe4d234d,Southern,Huye,Rusatira,Kimuna,Kamabuye
66d9c3970bc303fcbe4d234f,Southern,Huye,Rusatira,Kimuna,Murambi
66d9c3970bc303fcbe4d2344,Southern,Huye,Rusatira,Gafumba,Ruvugizo
66d9c3970bc303fcbe4d2353,Southern,Huye,Rusatira,Kiruhura,Agasharu
66d9c3970bc303fcbe4d2365,Southern,Huye,Rwaniro,Gatwaro,Rumana
66d9c3970bc303fcbe4d2368,Southern,Huye,Rwaniro,Kamwambi,Karambo
66d9c3970bc303fcbe4d2371,Southern,Huye,Rwaniro,Mwendo,Murango
66d9c3970bc303fcbe4d2391,Southern,Huye,Simbi,Kabusanza,Gihinga
66d9c3970bc303fcbe4d23a6,Southern,Huye,Simbi,Nyangazi,Ngororero
66d9c3970bc303fcbe4d23b0,Southern,Huye,Tumba,Cyarwa,Kabeza
66d9c3970bc303fcbe4d23b2,Southern,Huye,Tumba,Cyarwa,Mukoni
66d9c3970bc303fcbe4d23ba,Southern,Huye,Tumba,Gitwa,Berwa
66d9c3970bc303fcbe4d23bd,Southern,Huye,Tumba,Gitwa,Rimba
66d9c3970bc303fcbe4d23c5,Southern,Huye,Tumba,Rango B,Akabeza
66d9c3970bc303fcbe4d23d4,Southern,Nyamagabe,Buruhukiro,Byimana,Rukeri
66d9c3970bc303fcbe4d23f7,Southern,Nyamagabe,Cyanika,Gitega,Rusarasi
66d9c3970bc303fcbe4d23f8,Southern,Nyamagabe,Cyanika,Gitega,Rwingoma
66d9c3970bc303fcbe4d2417,Southern,Nyamagabe,Cyanika,Nyanzoga,Karuvenya
66d9c3970bc303fcbe4d241f,Southern,Nyamagabe,Gasaka,Kigeme,Nyentanga
66d9c3970bc303fcbe4d2424,Southern,Nyamagabe,Gasaka,Ngiryi,Ngiryi
66d9c3970bc303fcbe4d2253,Southern,Huye,Kigoma,Musebeya,Nyagasozi
66d9c3970bc303fcbe4d225e,Southern,Huye,Kigoma,Rugarama,Birembo
66d9c3970bc303fcbe4d2265,Southern,Huye,Kigoma,Rugarama,Ruhinga
66d9c3970bc303fcbe4d2275,Southern,Huye,Kinazi,Gahana,Rugarama
66d9c3970bc303fcbe4d227c,Southern,Huye,Kinazi,Gitovu,Nyarusange
66d9c3970bc303fcbe4d2287,Southern,Huye,Kinazi,Sazange,Kigarama
66d9c3970bc303fcbe4d228c,Southern,Huye,Maraba,Buremera,Kinazi
66d9c3970bc303fcbe4d2297,Southern,Huye,Maraba,Kanyinya,Bwegera
66d9c3970bc303fcbe4d22b3,Southern,Huye,Mbazi,Kabuga,Mpinga
66d9c3970bc303fcbe4d22b9,Southern,Huye,Mbazi,Mutunda,Kinyana
66d9c3970bc303fcbe4d22bf,Southern,Huye,Mbazi,Mwulire,Kaburuba
66d9c3970bc303fcbe4d22d9,Southern,Huye,Mukura,Bukomeye,Gahanga
66d9c3970bc303fcbe4d22eb,Southern,Huye,Mukura,Buvumu,Rusenyi
66d9c3970bc303fcbe4d2303,Southern,Huye,Ngoma,Kaburemera,Kaguhu
66d9c3970bc303fcbe4d230f,Southern,Huye,Ngoma,Matyazo,Ruvuzo
66d9c3970bc303fcbe4d2334,Southern,Huye,Ruhashya,Ruhashya,Mbagabaga
66d9c3970bc303fcbe4d2336,Southern,Huye,Ruhashya,Ruhashya,Rugarama
66d9c3970bc303fcbe4d2357,Southern,Huye,Rusatira,Kiruhura,Nyarucyamu
66d9c3970bc303fcbe4d235b,Southern,Huye,Rusatira,Kiruhura,Tumba
66d9c3970bc303fcbe4d226c,Southern,Huye,Kigoma,Shanga,Nyamirama
66d9c3970bc303fcbe4d226e,Southern,Huye,Kinazi,Byinza,Buremera
66d9c3970bc303fcbe4d229a,Southern,Huye,Maraba,Kanyinya,Kayeye
66d9c3970bc303fcbe4d229d,Southern,Huye,Maraba,Shanga,Kabirizi
66d9c3970bc303fcbe4d22a7,Southern,Huye,Maraba,Shyembe,Kigarama
66d9c3970bc303fcbe4d22b7,Southern,Huye,Mbazi,Mutunda,Kigusa
66d9c3970bc303fcbe4d22c4,Southern,Huye,Mbazi,Rugango,Kamunyinya
66d9c3970bc303fcbe4d22d0,Southern,Huye,Mbazi,Rusagara,Ruhuha
66d9c3970bc303fcbe4d22e3,Southern,Huye,Mukura,Buvumu,Akogo
66d9c3970bc303fcbe4d22e5,Southern,Huye,Mukura,Buvumu,Kabeza
66d9c3970bc303fcbe4d22e6,Southern,Huye,Mukura,Buvumu,Kabutora
66d9c3970bc303fcbe4d22f9,Southern,Huye,Ngoma,Butare,Akabuye
66d9c3970bc303fcbe4d22fc,Southern,Huye,Ngoma,Butare,Gasoro
66d9c3970bc303fcbe4d22fd,Southern,Huye,Ngoma,Butare,Kabutare
66d9c3970bc303fcbe4d22ff,Southern,Huye,Ngoma,Butare,Mamba
66d9c3970bc303fcbe4d2302,Southern,Huye,Ngoma,Kaburemera,Gatoki
66d9c3970bc303fcbe4d2308,Southern,Huye,Ngoma,Kaburemera,Runga
66d9c3970bc303fcbe4d230a,Southern,Huye,Ngoma,Matyazo,Kabeza
66d9c3970bc303fcbe4d2321,Southern,Huye,Ruhashya,Karama,Kampongo
66d9c3970bc303fcbe4d2324,Southern,Huye,Ruhashya,Karama,Umuyinza
66d9c3970bc303fcbe4d2338,Southern,Huye,Rusatira,Buhimba,Gasaka
66d9c3970bc303fcbe4d2339,Southern,Huye,Rusatira,Buhimba,Gasharu
66d9c3970bc303fcbe4d2345,Southern,Huye,Rusatira,Kimirehe,Gakomeye
66d9c3970bc303fcbe4d2367,Southern,Huye,Rwaniro,Kamwambi,Kamwambi
66d9c3970bc303fcbe4d2369,Southern,Huye,Rwaniro,Kamwambi,Remera
66d9c3970bc303fcbe4d235d,Southern,Huye,Rusatira,Mugogwe,Gicubuka
66d9c3970bc303fcbe4d2362,Southern,Huye,Rwaniro,Gatwaro,Amarongi
66d9c3970bc303fcbe4d2372,Southern,Huye,Rwaniro,Mwendo,Rugerero
66d9c3970bc303fcbe4d237d,Southern,Huye,Rwaniro,Nyaruhombo,Nyabujengwe
66d9c3970bc303fcbe4d2387,Southern,Huye,Simbi,Cyendajuru,Matyazo
66d9c3970bc303fcbe4d2389,Southern,Huye,Simbi,Cyendajuru,Ruhinga
66d9c3970bc303fcbe4d2399,Southern,Huye,Simbi,Mugobore,Kigarama
66d9c3970bc303fcbe4d23aa,Southern,Huye,Simbi,Nyangazi,Umuyange
66d9c3970bc303fcbe4d23af,Southern,Huye,Tumba,Cyarwa,Icyiri
66d9c3970bc303fcbe4d23ca,Southern,Huye,Tumba,Rango B,Ntangarugero
66d9c3970bc303fcbe4d23db,Southern,Nyamagabe,Buruhukiro,Kizimyamuriro,Gikungu
66d9c3970bc303fcbe4d23e1,Southern,Nyamagabe,Buruhukiro,Kizimyamuriro,Tantamara
66d9c3970bc303fcbe4d23ec,Southern,Nyamagabe,Buruhukiro,Rambya,Mpanga
66d9c3970bc303fcbe4d23f2,Southern,Nyamagabe,Cyanika,Gitega,Gitega
66d9c3970bc303fcbe4d23f6,Southern,Nyamagabe,Cyanika,Gitega,Musasa
66d9c3970bc303fcbe4d2409,Southern,Nyamagabe,Cyanika,Ngoma,Kamuhirwa
66d9c3970bc303fcbe4d240f,Southern,Nyamagabe,Cyanika,Nyanza,Kibingo
66d9c3970bc303fcbe4d2411,Southern,Nyamagabe,Cyanika,Nyanza,Mugombwa
66d9c3970bc303fcbe4d2427,Southern,Nyamagabe,Gasaka,Nyabivumu,Gasharu
66d9c3970bc303fcbe4d242c,Southern,Nyamagabe,Gasaka,Nyamugari,Karama
66d9c3970bc303fcbe4d23e0,Southern,Nyamagabe,Buruhukiro,Kizimyamuriro,Mujerenge
66d9c3970bc303fcbe4d23e9,Southern,Nyamagabe,Buruhukiro,Munini,Uwinzovu
66d9c3970bc303fcbe4d23f5,Southern,Nyamagabe,Cyanika,Gitega,Munyereri
66d9c3970bc303fcbe4d240c,Southern,Nyamagabe,Cyanika,Ngoma,Murama
66d9c3970bc303fcbe4d241c,Southern,Nyamagabe,Gasaka,Kigeme,Gakoma
66d9c3970bc303fcbe4d241d,Southern,Nyamagabe,Gasaka,Kigeme,Gitaba
66d9c3970bc303fcbe4d2429,Southern,Nyamagabe,Gasaka,Nyabivumu,Raro
66d9c3970bc303fcbe4d2432,Southern,Nyamagabe,Gasaka,Nzega,Kadoma
66d9c3970bc303fcbe4d2434,Southern,Nyamagabe,Gasaka,Remera,Gitwa
66d9c3970bc303fcbe4d2437,Southern,Nyamagabe,Gasaka,Remera,Muriro
66d9c3970bc303fcbe4d243a,Southern,Nyamagabe,Gatare,Bakopfu,Karumbi
66d9c3970bc303fcbe4d243b,Southern,Nyamagabe,Gatare,Bakopfu,Muhingo
66d9c3970bc303fcbe4d243c,Southern,Nyamagabe,Gatare,Bakopfu,Twiya
66d9c3970bc303fcbe4d2440,Southern,Nyamagabe,Gatare,Gatare,Rwamakara
66d9c3970bc303fcbe4d2447,Southern,Nyamagabe,Gatare,Ruganda,Gasharu
66d9c3970bc303fcbe4d238b,Southern,Huye,Simbi,Gisakura,Bambiro
66d9c3970bc303fcbe4d23b8,Southern,Huye,Tumba,Cyimana,Ubwiyunge
66d9c3970bc303fcbe4d23be,Southern,Huye,Tumba,Mpare,Agasharu
66d9c3970bc303fcbe4d23df,Southern,Nyamagabe,Buruhukiro,Kizimyamuriro,Minaga
66d9c3970bc303fcbe4d23e8,Southern,Nyamagabe,Buruhukiro,Munini,Rukwandu
66d9c3970bc303fcbe4d23f0,Southern,Nyamagabe,Cyanika,Gitega,Gaseke
66d9c3970bc303fcbe4d23fb,Southern,Nyamagabe,Cyanika,Karama,Karama
66d9c3970bc303fcbe4d23ff,Southern,Nyamagabe,Cyanika,Karama,Nyanza
66d9c3970bc303fcbe4d2419,Southern,Nyamagabe,Cyanika,Nyanzoga,Mugari
66d9c3970bc303fcbe4d242e,Southern,Nyamagabe,Gasaka,Nyamugari,Nyamugari
66d9c3970bc303fcbe4d2439,Southern,Nyamagabe,Gatare,Bakopfu,Karambo
66d9c3970bc303fcbe4d243e,Southern,Nyamagabe,Gatare,Gatare,Kiyovu
66d9c3970bc303fcbe4d2450,Southern,Nyamagabe,Gatare,Shyeru,Ruhanga
66d9c3970bc303fcbe4d2460,Southern,Nyamagabe,Kaduha,Musenyi,Burengo
66d9c3970bc303fcbe4d2461,Southern,Nyamagabe,Kaduha,Musenyi,Gasovu
66d9c3970bc303fcbe4d244a,Southern,Nyamagabe,Gatare,Ruganda,Masangano
66d9c3970bc303fcbe4d2452,Southern,Nyamagabe,Kaduha,Kavumu,Bamba
66d9c3970bc303fcbe4d2464,Southern,Nyamagabe,Kaduha,Musenyi,Munini
66d9c3970bc303fcbe4d2468,Southern,Nyamagabe,Kaduha,Nyabisindu,Gitabage
66d9c3970bc303fcbe4d246b,Southern,Nyamagabe,Kaduha,Nyabisindu,Kasemazi
66d9c3970bc303fcbe4d2475,Southern,Nyamagabe,Kaduha,Nyamiyaga,Rukeri
66d9c3970bc303fcbe4d2481,Southern,Nyamagabe,Kamegeri,Kizi,Kagarama
66d9c3970bc303fcbe4d2483,Southern,Nyamagabe,Kamegeri,Nyarusiza,Bande
66d9c3970bc303fcbe4d248f,Southern,Nyamagabe,Kibirizi,Bugarama,Munazi
66d9c3970bc303fcbe4d2494,Southern,Nyamagabe,Kibirizi,Bugarura,Nyakibyeyi
66d9c3970bc303fcbe4d2499,Southern,Nyamagabe,Kibirizi,Gashiha,Nyabubare
66d9c3970bc303fcbe4d24a8,Southern,Nyamagabe,Kibirizi,Uwindekezi,Karumbi
66d9c3970bc303fcbe4d24a9,Southern,Nyamagabe,Kibirizi,Uwindekezi,Kigarama
66d9c3970bc303fcbe4d24c9,Southern,Nyamagabe,Kitabi,Mujuga,Gahande
66d9c3970bc303fcbe4d24cc,Southern,Nyamagabe,Kitabi,Mujuga,Mukaka
66d9c3970bc303fcbe4d2477,Southern,Nyamagabe,Kamegeri,Bwama,Kamiro
66d9c3970bc303fcbe4d24a2,Southern,Nyamagabe,Kibirizi,Ruhunga,Kabuga
66d9c3970bc303fcbe4d24b3,Southern,Nyamagabe,Kibumbwe,Gakanka,Munini
66d9c3970bc303fcbe4d24c0,Southern,Nyamagabe,Kibumbwe,Nyakiza,Murambi
66d9c3970bc303fcbe4d22b1,Southern,Huye,Mbazi,Kabuga,Gasharu
66d9c3970bc303fcbe4d233e,Southern,Huye,Rusatira,Buhimba,Mucunda
66d9c3970bc303fcbe4d2255,Southern,Huye,Kigoma,Musebeya,Rusenyi
66d9c3970bc303fcbe4d2269,Southern,Huye,Kigoma,Shanga,Gaseke
66d9c3970bc303fcbe4d2285,Southern,Huye,Kinazi,Sazange,Gahondo
66d9c3970bc303fcbe4d228b,Southern,Huye,Maraba,Buremera,Gasarabuye
66d9c3970bc303fcbe4d228d,Southern,Huye,Maraba,Buremera,Nkorwe
66d9c3970bc303fcbe4d229c,Southern,Huye,Maraba,Shanga,Gatyazo
66d9c3970bc303fcbe4d22a2,Southern,Huye,Maraba,Shanga,Shyinga
66d9c3970bc303fcbe4d22c8,Southern,Huye,Mbazi,Rugango,Mpinga
66d9c3970bc303fcbe4d22ca,Southern,Huye,Mbazi,Rugango,Nyabisindu
66d9c3970bc303fcbe4d22d4,Southern,Huye,Mbazi,Tare,Kavumu
66d9c3970bc303fcbe4d22fb,Southern,Huye,Ngoma,Butare,Buye
66d9c3970bc303fcbe4d2314,Southern,Huye,Ngoma,Ngoma,Ngoma VI
66d9c3970bc303fcbe4d232a,Southern,Huye,Ruhashya,Muhororo,Agasharu
66d9c3970bc303fcbe4d2430,Southern,Nyamagabe,Gasaka,Nzega,Gasaka
66d9c3970bc303fcbe4d237c,Southern,Huye,Rwaniro,Nyaruhombo,Mwezi
66d9c3970bc303fcbe4d2385,Southern,Huye,Simbi,Cyendajuru,Cyendajuru
66d9c3970bc303fcbe4d238c,Southern,Huye,Simbi,Gisakura,Gasharu
66d9c3970bc303fcbe4d238f,Southern,Huye,Simbi,Gisakura,Nyabisindu
66d9c3970bc303fcbe4d2390,Southern,Huye,Simbi,Kabusanza,Bwiza
66d9c3970bc303fcbe4d2394,Southern,Huye,Simbi,Kabusanza,Muranda
66d9c3970bc303fcbe4d239d,Southern,Huye,Simbi,Mugobore,Nyamiyaga
66d9c3970bc303fcbe4d23a0,Southern,Huye,Simbi,Mugobore,Ryasebiganza
66d9c3970bc303fcbe4d23b9,Southern,Huye,Tumba,Gitwa,Agasenyi
66d9c3970bc303fcbe4d23c3,Southern,Huye,Tumba,Mpare,Runyinya
66d9c3970bc303fcbe4d23c6,Southern,Huye,Tumba,Rango B,Akakanyamanza
66d9c3970bc303fcbe4d23d7,Southern,Nyamagabe,Buruhukiro,Gifurwe,Nganzo
66d9c3970bc303fcbe4d23dc,Southern,Nyamagabe,Buruhukiro,Kizimyamuriro,Gishwati
66d9c3970bc303fcbe4d23eb,Southern,Nyamagabe,Buruhukiro,Rambya,Kibuburo
66d9c3970bc303fcbe4d23f3,Southern,Nyamagabe,Cyanika,Gitega,Kigarama
66d9c3970bc303fcbe4d23fe,Southern,Nyamagabe,Cyanika,Karama,Nyamisave
66d9c3970bc303fcbe4d2400,Southern,Nyamagabe,Cyanika,Karama,Rwamagana
66d9c3970bc303fcbe4d2401,Southern,Nyamagabe,Cyanika,Kiyumba,Gatare
66d9c3970bc303fcbe4d2406,Southern,Nyamagabe,Cyanika,Kiyumba,Kaviri
66d9c3970bc303fcbe4d2416,Southern,Nyamagabe,Cyanika,Nyanzoga,Kagarama
66d9c3970bc303fcbe4d2442,Southern,Nyamagabe,Gatare,Mukongoro,Gikungu
66d9c3970bc303fcbe4d2454,Southern,Nyamagabe,Kaduha,Kavumu,Gahama
66d9c3970bc303fcbe4d2459,Southern,Nyamagabe,Kaduha,Kavumu,Kamonyi
66d9c3970bc303fcbe4d245b,Southern,Nyamagabe,Kaduha,Kavumu,Kavumu
66d9c3970bc303fcbe4d2457,Southern,Nyamagabe,Kaduha,Kavumu,Joma
66d9c3970bc303fcbe4d2463,Southern,Nyamagabe,Kaduha,Musenyi,Kirwa
66d9c3970bc303fcbe4d246a,Southern,Nyamagabe,Kaduha,Nyabisindu,Kanyege
66d9c3970bc303fcbe4d2474,Southern,Nyamagabe,Kaduha,Nyamiyaga,Ruhuha
66d9c3970bc303fcbe4d2485,Southern,Nyamagabe,Kamegeri,Nyarusiza,Nyarusiza
66d9c3970bc303fcbe4d2495,Southern,Nyamagabe,Kibirizi,Bugarura,Uwinyana
66d9c3970bc303fcbe4d249f,Southern,Nyamagabe,Kibirizi,Karambo,Nyirakiraro
66d9c3970bc303fcbe4d2467,Southern,Nyamagabe,Kaduha,Musenyi,Ruganda
66d9c3970bc303fcbe4d2471,Southern,Nyamagabe,Kaduha,Nyamiyaga,Gashiru
66d9c3970bc303fcbe4d2478,Southern,Nyamagabe,Kamegeri,Bwama,Kigarama
66d9c3970bc303fcbe4d247a,Southern,Nyamagabe,Kamegeri,Kamegeri,Ntaruka
66d9c3970bc303fcbe4d247e,Southern,Nyamagabe,Kamegeri,Kirehe,Kigarama
66d9c3970bc303fcbe4d2480,Southern,Nyamagabe,Kamegeri,Kizi,Gakomeye
66d9c3970bc303fcbe4d2484,Southern,Nyamagabe,Kamegeri,Nyarusiza,Nyarusange
66d9c3970bc303fcbe4d2488,Southern,Nyamagabe,Kamegeri,Rususa,Baro
66d9c3970bc303fcbe4d2491,Southern,Nyamagabe,Kibirizi,Bugarura,Kasebuturanyi
66d9c3970bc303fcbe4d249d,Southern,Nyamagabe,Kibirizi,Karambo,Kavumu
66d9c3970bc303fcbe4d24a6,Southern,Nyamagabe,Kibirizi,Uwindekezi,Birembo
66d9c3970bc303fcbe4d24ab,Southern,Nyamagabe,Kibirizi,Uwindekezi,Uwamataba
66d9c3970bc303fcbe4d24ad,Southern,Nyamagabe,Kibumbwe,Bwenda,Murambi
66d9c3970bc303fcbe4d24b6,Southern,Nyamagabe,Kibumbwe,Gakanka,Rambya
66d9c3970bc303fcbe4d24b7,Southern,Nyamagabe,Kibumbwe,Kibibi,Gatandaganya
66d9c3970bc303fcbe4d24b8,Southern,Nyamagabe,Kibumbwe,Kibibi,Kabere
66d9c3970bc303fcbe4d24bb,Southern,Nyamagabe,Kibumbwe,Kibibi,Rwezamenyo
66d9c3970bc303fcbe4d24c1,Southern,Nyamagabe,Kibumbwe,Nyakiza,Nyakizu
66d9c3970bc303fcbe4d24c7,Southern,Nyamagabe,Kitabi,Kagano,Uwarwubatsi
66d9c3970bc303fcbe4d2268,Southern,Huye,Kigoma,Shanga,Akaderege
66d9c3970bc303fcbe4d2273,Southern,Huye,Kinazi,Gahana,Gasaka
66d9c3970bc303fcbe4d2277,Southern,Huye,Kinazi,Gitovu,Hanika
66d9c3970bc303fcbe4d228e,Southern,Huye,Maraba,Gasumba,Gitabure
66d9c3970bc303fcbe4d2299,Southern,Huye,Maraba,Kanyinya,Kabirombe
66d9c3970bc303fcbe4d22b4,Southern,Huye,Mbazi,Kabuga,Ndobogo
66d9c3970bc303fcbe4d22bc,Southern,Huye,Mbazi,Mwulire,Bumbogo
66d9c3970bc303fcbe4d22c0,Southern,Huye,Mbazi,Mwulire,Murambi
66d9c3970bc303fcbe4d22c7,Southern,Huye,Mbazi,Rugango,Kigarama
66d9c3970bc303fcbe4d22cc,Southern,Huye,Mbazi,Rusagara,Buhoro
66d9c3970bc303fcbe4d22d1,Southern,Huye,Mbazi,Tare,Cyahafi
66d9c3970bc303fcbe4d22d7,Southern,Huye,Mukura,Bukomeye,Bweramana
66d9c3970bc303fcbe4d22dc,Southern,Huye,Mukura,Bukomeye,Kizenga
66d9c3970bc303fcbe4d232b,Southern,Huye,Ruhashya,Muhororo,Kinziramuhindo
66d9c3970bc303fcbe4d2330,Southern,Huye,Ruhashya,Rugogwe,Akanyana
66d9c3970bc303fcbe4d2350,Southern,Huye,Rusatira,Kimuna,Nyabusunzu
66d9c3970bc303fcbe4d23ce,Southern,Nyamagabe,Buruhukiro,Bushigishigi,Mugote
66d9c3970bc303fcbe4d241e,Southern,Nyamagabe,Gasaka,Kigeme,Munombe
66d9c3970bc303fcbe4d2323,Southern,Huye,Ruhashya,Karama,Rukubiro
66d9c3970bc303fcbe4d232e,Southern,Huye,Ruhashya,Muhororo,Taba
66d9c3970bc303fcbe4d2335,Southern,Huye,Ruhashya,Ruhashya,Muginga
66d9c3970bc303fcbe4d2258,Southern,Huye,Kigoma,Nyabisindu,Karambi
66d9c3970bc303fcbe4d2259,Southern,Huye,Kigoma,Nyabisindu,Mubuga
66d9c3970bc303fcbe4d225b,Southern,Huye,Kigoma,Nyabisindu,Nyanzamura
66d9c3970bc303fcbe4d2260,Southern,Huye,Kigoma,Rugarama,Gasharu
66d9c3970bc303fcbe4d2262,Southern,Huye,Kigoma,Rugarama,Kakarusho
66d9c3970bc303fcbe4d2264,Southern,Huye,Kigoma,Rugarama,Nyagahinga
66d9c3970bc303fcbe4d2266,Southern,Huye,Kigoma,Rugarama,Ryaruhimbya
66d9c3970bc303fcbe4d2267,Southern,Huye,Kigoma,Shanga,Agasharu
66d9c3970bc303fcbe4d2271,Southern,Huye,Kinazi,Byinza,Rwerinka
66d9c3970bc303fcbe4d227a,Southern,Huye,Kinazi,Gitovu,Muti
66d9c3970bc303fcbe4d2288,Southern,Huye,Kinazi,Sazange,Mukuzanyana
66d9c3970bc303fcbe4d2292,Southern,Huye,Maraba,Kabuye,Gasharu
66d9c3970bc303fcbe4d2294,Southern,Huye,Maraba,Kabuye,Nyamvumba
66d9c3970bc303fcbe4d2296,Southern,Huye,Maraba,Kabuye,Rukeri
66d9c3970bc303fcbe4d22a3,Southern,Huye,Maraba,Shyembe,Gisagara
66d9c3970bc303fcbe4d22ad,Southern,Huye,Mbazi,Gatobotobo,Mpinga
66d9c3970bc303fcbe4d22ae,Southern,Huye,Mbazi,Gatobotobo,Rubona
66d9c3970bc303fcbe4d22b6,Southern,Huye,Mbazi,Mutunda,Kagera
66d9c3970bc303fcbe4d22be,Southern,Huye,Mbazi,Mwulire,Gitwa
66d9c3970bc303fcbe4d22cd,Southern,Huye,Mbazi,Rusagara,Gitwa
66d9c3970bc303fcbe4d22cf,Southern,Huye,Mbazi,Rusagara,Kingoma
66d9c3970bc303fcbe4d22de,Southern,Huye,Mukura,Bukomeye,Sata
66d9c3970bc303fcbe4d22e0,Southern,Huye,Mukura,Bukomeye,Taba
66d9c3970bc303fcbe4d22e9,Southern,Huye,Mukura,Buvumu,Remera
66d9c3970bc303fcbe4d22f8,Southern,Huye,Mukura,Rango A,Rwinuma
66d9c3970bc303fcbe4d22fa,Southern,Huye,Ngoma,Butare,Bukinanyana
66d9c3970bc303fcbe4d2304,Southern,Huye,Ngoma,Kaburemera,Karambi
66d9c3970bc303fcbe4d2305,Southern,Huye,Ngoma,Kaburemera,Nyabubare
66d9c3970bc303fcbe4d2310,Southern,Huye,Ngoma,Ngoma,Ngoma ?V
66d9c3970bc303fcbe4d231e,Southern,Huye,Ruhashya,Gatovu,Kiyanza
66d9c3970bc303fcbe4d2347,Southern,Huye,Rusatira,Kimirehe,Kavumu
66d9c3970bc303fcbe4d234b,Southern,Huye,Rusatira,Kimirehe,Nyarutovu
66d9c3970bc303fcbe4d2356,Southern,Huye,Rusatira,Kiruhura,Nyamuko
66d9c3970bc303fcbe4d2346,Southern,Huye,Rusatira,Kimirehe,Kagasa
66d9c3970bc303fcbe4d234c,Southern,Huye,Rusatira,Kimirehe,Rubanga
66d9c3970bc303fcbe4d2351,Southern,Huye,Rusatira,Kimuna,Rushikiri
66d9c3970bc303fcbe4d2360,Southern,Huye,Rusatira,Mugogwe,Mubuga
66d9c3970bc303fcbe4d2366,Southern,Huye,Rwaniro,Kamwambi,Gakomeye
66d9c3970bc303fcbe4d2377,Southern,Huye,Rwaniro,Nyamabuye,Nyamabuye
66d9c3970bc303fcbe4d2383,Southern,Huye,Rwaniro,Shyunga,Rugarama
66d9c3970bc303fcbe4d23bf,Southern,Huye,Tumba,Mpare,Akabuga
66d9c3970bc303fcbe4d23c0,Southern,Huye,Tumba,Mpare,Akarugiranka
66d9c3970bc303fcbe4d23d1,Southern,Nyamagabe,Buruhukiro,Byimana,Buhoro
66d9c3970bc303fcbe4d23d5,Southern,Nyamagabe,Buruhukiro,Gifurwe,Bitaba
66d9c3970bc303fcbe4d23d6,Southern,Nyamagabe,Buruhukiro,Gifurwe,Gifurwe
66d9c3970bc303fcbe4d23e2,Southern,Nyamagabe,Buruhukiro,Kizimyamuriro,Uwinzira
66d9c3970bc303fcbe4d23f1,Southern,Nyamagabe,Cyanika,Gitega,Gasharu
66d9c3970bc303fcbe4d2405,Southern,Nyamagabe,Cyanika,Kiyumba,Kagarama
66d9c3970bc303fcbe4d2421,Southern,Nyamagabe,Gasaka,Ngiryi,Kibanda
66d9c3970bc303fcbe4d242d,Southern,Nyamagabe,Gasaka,Nyamugari,Kigarama
66d9c3970bc303fcbe4d2436,Southern,Nyamagabe,Gasaka,Remera,Murambi
66d9c3970bc303fcbe4d22fe,Southern,Huye,Ngoma,Butare,Karubanda
66d9c3970bc303fcbe4d230b,Southern,Huye,Ngoma,Matyazo,Kamucuzi
66d9c3970bc303fcbe4d232c,Southern,Huye,Ruhashya,Muhororo,Nyakabingo
66d9c3970bc303fcbe4d2331,Southern,Huye,Ruhashya,Rugogwe,Umurambi
66d9c3970bc303fcbe4d22a1,Southern,Huye,Maraba,Shanga,Rutontwe
66d9c3970bc303fcbe4d22a4,Southern,Huye,Maraba,Shyembe,Kagoma
66d9c3970bc303fcbe4d22d8,Southern,Huye,Mukura,Bukomeye,Cyiri
66d9c3970bc303fcbe4d230e,Southern,Huye,Ngoma,Matyazo,Rusisiro
66d9c3970bc303fcbe4d2352,Southern,Huye,Rusatira,Kimuna,Rwamuganda
66d9c3970bc303fcbe4d2354,Southern,Huye,Rusatira,Kiruhura,Impinga
66d9c3970bc303fcbe4d2359,Southern,Huye,Rusatira,Kiruhura,Rubona
66d9c3970bc303fcbe4d235f,Southern,Huye,Rusatira,Mugogwe,Kibiraro
66d9c3970bc303fcbe4d2370,Southern,Huye,Rwaniro,Mwendo,Cyarera
66d9c3970bc303fcbe4d2375,Southern,Huye,Rwaniro,Nyamabuye,Munanira
66d9c3970bc303fcbe4d237a,Southern,Huye,Rwaniro,Nyaruhombo,Kigarama
66d9c3970bc303fcbe4d2396,Southern,Huye,Simbi,Kabusanza,Ntobwe
66d9c3970bc303fcbe4d2397,Southern,Huye,Simbi,Kabusanza,Rusuma
66d9c3970bc303fcbe4d23a2,Southern,Huye,Simbi,Nyangazi,Kabakobwa
66d9c3970bc303fcbe4d23c2,Southern,Huye,Tumba,Mpare,Musange
66d9c3970bc303fcbe4d23cd,Southern,Nyamagabe,Buruhukiro,Bushigishigi,Giharayumbu
66d9c3970bc303fcbe4d23e5,Southern,Nyamagabe,Buruhukiro,Munini,Magumira
66d9c3970bc303fcbe4d23ea,Southern,Nyamagabe,Buruhukiro,Rambya,Buruhukiro
66d9c3970bc303fcbe4d23ee,Southern,Nyamagabe,Buruhukiro,Rambya,Ruseke
66d9c3970bc303fcbe4d2422,Southern,Nyamagabe,Gasaka,Ngiryi,Kitazigurwa
66d9c3970bc303fcbe4d2433,Southern,Nyamagabe,Gasaka,Nzega,Nzega
66d9c3970bc303fcbe4d2358,Southern,Huye,Rusatira,Kiruhura,Nyarugenge
66d9c3970bc303fcbe4d235a,Southern,Huye,Rusatira,Kiruhura,Rugarama
66d9c3970bc303fcbe4d236a,Southern,Huye,Rwaniro,Kamwambi,Rurembo
66d9c3970bc303fcbe4d236f,Southern,Huye,Rwaniro,Mwendo,Birambo
66d9c3970bc303fcbe4d2378,Southern,Huye,Rwaniro,Nyaruhombo,Gasharu
66d9c3970bc303fcbe4d237f,Southern,Huye,Rwaniro,Shyunga,Karama
66d9c3970bc303fcbe4d2380,Southern,Huye,Rwaniro,Shyunga,Karugumya
66d9c3970bc303fcbe4d2382,Southern,Huye,Rwaniro,Shyunga,Kigarama
66d9c3970bc303fcbe4d2386,Southern,Huye,Simbi,Cyendajuru,Kigarama
66d9c3970bc303fcbe4d2395,Southern,Huye,Simbi,Kabusanza,Ndago
66d9c3970bc303fcbe4d239b,Southern,Huye,Simbi,Mugobore,Nyagasozi
66d9c3970bc303fcbe4d239c,Southern,Huye,Simbi,Mugobore,Nyamirama
66d9c3970bc303fcbe4d23a4,Southern,Huye,Simbi,Nyangazi,Karebero
66d9c3970bc303fcbe4d23ad,Southern,Huye,Tumba,Cyarwa,Agasharu
66d9c3970bc303fcbe4d23b1,Southern,Huye,Tumba,Cyarwa,Kigarama
66d9c3970bc303fcbe4d23c1,Southern,Huye,Tumba,Mpare,Kigarama
66d9c3970bc303fcbe4d23c4,Southern,Huye,Tumba,Mpare,Rwanyanza
66d9c3970bc303fcbe4d23c7,Southern,Huye,Tumba,Rango B,Byimana
66d9c3970bc303fcbe4d23cb,Southern,Huye,Tumba,Rango B,Urugwiro
66d9c3970bc303fcbe4d23d3,Southern,Nyamagabe,Buruhukiro,Byimana,Gihumo
66d9c3970bc303fcbe4d23d8,Southern,Nyamagabe,Buruhukiro,Gifurwe,Nyamaberi
66d9c3970bc303fcbe4d23da,Southern,Nyamagabe,Buruhukiro,Gifurwe,Uwankiriye
66d9c3970bc303fcbe4d23e6,Southern,Nyamagabe,Buruhukiro,Munini,Matsinda
66d9c3970bc303fcbe4d23ed,Southern,Nyamagabe,Buruhukiro,Rambya,Nkamba
66d9c3970bc303fcbe4d23f9,Southern,Nyamagabe,Cyanika,Karama,Birambo
66d9c3970bc303fcbe4d2402,Southern,Nyamagabe,Cyanika,Kiyumba,Gatentwe
66d9c3970bc303fcbe4d2404,Southern,Nyamagabe,Cyanika,Kiyumba,Gishike
66d9c3970bc303fcbe4d2407,Southern,Nyamagabe,Cyanika,Kiyumba,Nyarucyamu
66d9c3970bc303fcbe4d240b,Southern,Nyamagabe,Cyanika,Ngoma,Kinga
66d9c3970bc303fcbe4d240d,Southern,Nyamagabe,Cyanika,Ngoma,Nyamirambo
66d9c3970bc303fcbe4d240e,Southern,Nyamagabe,Cyanika,Nyanza,Buhiga
66d9c3970bc303fcbe4d2414,Southern,Nyamagabe,Cyanika,Nyanzoga,Bigazi
66d9c3970bc303fcbe4d2415,Southern,Nyamagabe,Cyanika,Nyanzoga,Gafuhisha
66d9c3970bc303fcbe4d2423,Southern,Nyamagabe,Gasaka,Ngiryi,Munyege
66d9c3970bc303fcbe4d2426,Southern,Nyamagabe,Gasaka,Nyabivumu,Dusego
66d9c3970bc303fcbe4d242b,Southern,Nyamagabe,Gasaka,Nyamugari,Kabajogo
66d9c3970bc303fcbe4d248a,Southern,Nyamagabe,Kamegeri,Rususa,Muhembe
66d9c3970bc303fcbe4d2490,Southern,Nyamagabe,Kibirizi,Bugarama,Nyabusozi
66d9c3970bc303fcbe4d24b0,Southern,Nyamagabe,Kibumbwe,Bwenda,Nyamirama
66d9c3970bc303fcbe4d24b2,Southern,Nyamagabe,Kibumbwe,Gakanka,Gikomero
66d9c3970bc303fcbe4d24bd,Southern,Nyamagabe,Kibumbwe,Nyakiza,Dusenyi
66d9c3970bc303fcbe4d243d,Southern,Nyamagabe,Gatare,Gatare,Gashasha
66d9c3970bc303fcbe4d2441,Southern,Nyamagabe,Gatare,Gatare,Uwisuri
66d9c3970bc303fcbe4d2444,Southern,Nyamagabe,Gatare,Mukongoro,Kageyo
66d9c3970bc303fcbe4d2445,Southern,Nyamagabe,Gatare,Mukongoro,Nyakabuye
66d9c3970bc303fcbe4d244b,Southern,Nyamagabe,Gatare,Ruganda,Runaba
66d9c3970bc303fcbe4d244c,Southern,Nyamagabe,Gatare,Ruganda,Rwangambibi
66d9c3970bc303fcbe4d2453,Southern,Nyamagabe,Kaduha,Kavumu,Biziguro
66d9c3970bc303fcbe4d2479,Southern,Nyamagabe,Kamegeri,Kamegeri,Kinyovu
66d9c3970bc303fcbe4d247b,Southern,Nyamagabe,Kamegeri,Kamegeri,Rweru
66d9c3970bc303fcbe4d247d,Southern,Nyamagabe,Kamegeri,Kirehe,Gasharu
66d9c3970bc303fcbe4d2486,Southern,Nyamagabe,Kamegeri,Nyarusiza,Rutuna
66d9c3970bc303fcbe4d2496,Southern,Nyamagabe,Kibirizi,Gashiha,Gasharu
66d9c3970bc303fcbe4d249a,Southern,Nyamagabe,Kibirizi,Gashiha,Rukamiro
66d9c3970bc303fcbe4d249b,Southern,Nyamagabe,Kibirizi,Karambo,Gisoro
66d9c3970bc303fcbe4d24ae,Southern,Nyamagabe,Kibumbwe,Bwenda,Murwa
66d9c3970bc303fcbe4d24b1,Southern,Nyamagabe,Kibumbwe,Gakanka,Cyeru
66d9c3970bc303fcbe4d24c3,Southern,Nyamagabe,Kitabi,Kagano,Bususuruke
66d9c3970bc303fcbe4d24ca,Southern,Nyamagabe,Kitabi,Mujuga,Gasasa
66d9c3970bc303fcbe4d24d5,Southern,Nyamagabe,Kitabi,Shaba,Bitaba
66d9c3970bc303fcbe4d24db,Southern,Nyamagabe,Kitabi,Uwingugu,Gisarenda
66d9c3970bc303fcbe4d24e0,Southern,Nyamagabe,Kitabi,Uwingugu,Uwurunazi
66d9c3970bc303fcbe4d24f1,Southern,Nyamagabe,Mbazi,Ngara,Gisiza
66d9c3970bc303fcbe4d24f2,Southern,Nyamagabe,Mbazi,Ngara,Gituntu
66d9c3970bc303fcbe4d2455,Southern,Nyamagabe,Kaduha,Kavumu,Gataba
66d9c3970bc303fcbe4d235c,Southern,Huye,Rusatira,Kiruhura,Umuremera
66d9c3970bc303fcbe4d236d,Southern,Huye,Rwaniro,Kibiraro,Nyamivumu
66d9c3970bc303fcbe4d237e,Southern,Huye,Rwaniro,Nyaruhombo,Rugarama
66d9c3970bc303fcbe4d238d,Southern,Huye,Simbi,Gisakura,Kigarama
66d9c3970bc303fcbe4d2392,Southern,Huye,Simbi,Kabusanza,Kigarama
66d9c3970bc303fcbe4d2398,Southern,Huye,Simbi,Kabusanza,Umurera
66d9c3970bc303fcbe4d23a3,Southern,Huye,Simbi,Nyangazi,Kanyiramana
66d9c3970bc303fcbe4d23a9,Southern,Huye,Simbi,Nyangazi,Shunga
66d9c3970bc303fcbe4d23b4,Southern,Huye,Tumba,Cyimana,Abizerwa
66d9c3970bc303fcbe4d23bb,Southern,Huye,Tumba,Gitwa,Nyarurembo
66d9c3970bc303fcbe4d23fd,Southern,Nyamagabe,Cyanika,Karama,Munyinya
66d9c3970bc303fcbe4d241b,Southern,Nyamagabe,Cyanika,Nyanzoga,Rusenyi
66d9c3970bc303fcbe4d2438,Southern,Nyamagabe,Gasaka,Remera,Nyamifumba
66d9c3970bc303fcbe4d249e,Southern,Nyamagabe,Kibirizi,Karambo,Nyamirama
66d9c3970bc303fcbe4d244d,Southern,Nyamagabe,Gatare,Shyeru,Baziro
66d9c3970bc303fcbe4d244e,Southern,Nyamagabe,Gatare,Shyeru,Bimba
66d9c3970bc303fcbe4d245d,Southern,Nyamagabe,Kaduha,Murambi,Kibiraro
66d9c3970bc303fcbe4d2462,Southern,Nyamagabe,Kaduha,Musenyi,Gatoki
66d9c3970bc303fcbe4d246d,Southern,Nyamagabe,Kaduha,Nyabisindu,Kivumu
66d9c3970bc303fcbe4d246e,Southern,Nyamagabe,Kaduha,Nyabisindu,Muduha
66d9c3970bc303fcbe4d249c,Southern,Nyamagabe,Kibirizi,Karambo,Gitwa
66d9c3970bc303fcbe4d24a0,Southern,Nyamagabe,Kibirizi,Ruhunga,Cyamashya
66d9c3970bc303fcbe4d24a1,Southern,Nyamagabe,Kibirizi,Ruhunga,Gakoma
66d9c3970bc303fcbe4d24ac,Southern,Nyamagabe,Kibumbwe,Bwenda,Munyinya
66d9c3970bc303fcbe4d24bc,Southern,Nyamagabe,Kibumbwe,Kibibi,Ryingarura
66d9c3970bc303fcbe4d24c6,Southern,Nyamagabe,Kitabi,Kagano,Uwabumenyi
66d9c3970bc303fcbe4d24c8,Southern,Nyamagabe,Kitabi,Kagano,Uwintyabire
66d9c3970bc303fcbe4d24d6,Southern,Nyamagabe,Kitabi,Shaba,Gakoko
66d9c3970bc303fcbe4d24d8,Southern,Nyamagabe,Kitabi,Shaba,Muyange
66d9c3970bc303fcbe4d24f0,Southern,Nyamagabe,Mbazi,Ngara,Gasharu
66d9c3970bc303fcbe4d24fb,Southern,Nyamagabe,Mugano,Gitwa,Kirenzi I
66d9c3970bc303fcbe4d24fd,Southern,Nyamagabe,Mugano,Gitwa,Nyakibingo
66d9c3970bc303fcbe4d24fe,Southern,Nyamagabe,Mugano,Gitwa,Rutabo
66d9c3970bc303fcbe4d2501,Southern,Nyamagabe,Mugano,Ruhinga,Gitarama
66d9c3970bc303fcbe4d2505,Southern,Nyamagabe,Mugano,Ruhinga,Runyinya
66d9c3970bc303fcbe4d2508,Southern,Nyamagabe,Mugano,Sovu,Rugarama I
66d9c3970bc303fcbe4d250b,Southern,Nyamagabe,Mugano,Suti,Cyabute
66d9c3970bc303fcbe4d2522,Southern,Nyamagabe,Musange,Masagara,Gituntu
66d9c3970bc303fcbe4d2538,Southern,Nyamagabe,Musebeya,Gatovu,Gitovu
66d9c3970bc303fcbe4d2549,Southern,Nyamagabe,Musebeya,Rugano,Rukungu
66d9c3970bc303fcbe4d254c,Southern,Nyamagabe,Musebeya,Runege,Gacundura
66d9c3970bc303fcbe4d24e1,Southern,Nyamagabe,Mbazi,Manwari,Karambi
66d9c3970bc303fcbe4d24e6,Southern,Nyamagabe,Mbazi,Mutiwingoma,Kabere
66d9c3970bc303fcbe4d250e,Southern,Nyamagabe,Mugano,Suti,Rwamiko
66d9c3970bc303fcbe4d250f,Southern,Nyamagabe,Mugano,Suti,Turyango
66d9c3970bc303fcbe4d2519,Southern,Nyamagabe,Musange,Gasave,Nyakabuye
66d9c3970bc303fcbe4d2521,Southern,Nyamagabe,Musange,Masagara,Cyaruvunge
66d9c3970bc303fcbe4d252a,Southern,Nyamagabe,Musange,Masangano,Nyakabuye
66d9c3970bc303fcbe4d252c,Southern,Nyamagabe,Musange,Masizi,Karama
66d9c3970bc303fcbe4d253c,Southern,Nyamagabe,Musebeya,Nyarurambi,Cyabwimba
66d9c3970bc303fcbe4d24d9,Southern,Nyamagabe,Kitabi,Shaba,Uwakagoro
66d9c3970bc303fcbe4d251c,Southern,Nyamagabe,Musange,Jenda,Kavumu
66d9c3970bc303fcbe4d2513,Southern,Nyamagabe,Mugano,Yonde,Ruhamira A
66d9c3970bc303fcbe4d2529,Southern,Nyamagabe,Musange,Masangano,Mubuga
66d9c3970bc303fcbe4d252f,Southern,Nyamagabe,Musange,Masizi,Rwankango
66d9c3970bc303fcbe4d2532,Southern,Nyamagabe,Musange,Nyagisozi,Kibaga
66d9c3970bc303fcbe4d254e,Southern,Nyamagabe,Musebeya,Runege,Ndogondwe
66d9c3970bc303fcbe4d2562,Southern,Nyamagabe,Mushubi,Buteteri,Nyakibande
66d9c3970bc303fcbe4d256a,Southern,Nyamagabe,Mushubi,Cyobe,Nyakabingo
66d9c3970bc303fcbe4d256c,Southern,Nyamagabe,Mushubi,Cyobe,Nyarushike
66d9c3970bc303fcbe4d256d,Southern,Nyamagabe,Mushubi,Cyobe,Rutoyi
66d9c3970bc303fcbe4d2589,Southern,Nyamagabe,Nkomane,Nkomane,Mugari
66d9c3970bc303fcbe4d2593,Southern,Nyamagabe,Nkomane,Twiya,Gakomeye
66d9c3970bc303fcbe4d259a,Southern,Nyamagabe,Tare,Buhoro,Kanserege
66d9c3970bc303fcbe4d259f,Southern,Nyamagabe,Tare,Gasarenda,Kagarama
66d9c3970bc303fcbe4d25a3,Southern,Nyamagabe,Tare,Gasarenda,Muse
66d9c3970bc303fcbe4d25a5,Southern,Nyamagabe,Tare,Gasarenda,Uwinkomo
66d9c3970bc303fcbe4d25a6,Southern,Nyamagabe,Tare,Gatovu,Gasenge
66d9c3970bc303fcbe4d25af,Southern,Nyamagabe,Tare,Kaganza,Ruganza
66d9c3970bc303fcbe4d25b1,Southern,Nyamagabe,Tare,Nkumbure,Bireka
66d9c3970bc303fcbe4d25b7,Southern,Nyamagabe,Tare,Nkumbure,Rukereko
66d9c3970bc303fcbe4d25bc,Southern,Nyamagabe,Tare,Nyamigina,Ngororero
66d9c3970bc303fcbe4d25c2,Southern,Nyamagabe,Uwinkingi,Bigumira,Cyumuganza
66d9c3970bc303fcbe4d25c4,Southern,Nyamagabe,Uwinkingi,Bigumira,Magumira
66d9c3970bc303fcbe4d25ce,Southern,Nyamagabe,Uwinkingi,Kibyagira,Kabuga
66d9c3970bc303fcbe4d25d0,Southern,Nyamagabe,Uwinkingi,Kibyagira,Kagano
66d9c3970bc303fcbe4d25d2,Southern,Nyamagabe,Uwinkingi,Kibyagira,Sekera
66d9c3970bc303fcbe4d25e0,Southern,Nyamagabe,Uwinkingi,Rugogwe,Mwishogwe
66d9c3970bc303fcbe4d25e2,Southern,Nyamagabe,Uwinkingi,Rugogwe,Rugeti
66d9c3970bc303fcbe4d25e3,Southern,Nyamagabe,Uwinkingi,Rugogwe,Subukiniro
66d9c3970bc303fcbe4d25e6,Southern,Ruhango,Bweramana,Buhanda,Gikarabiro
66d9c3970bc303fcbe4d25e8,Southern,Ruhango,Bweramana,Buhanda,Kamatungo
66d9c3970bc303fcbe4d25ec,Southern,Ruhango,Bweramana,Buhanda,Nyakidahe
66d9c3970bc303fcbe4d25f1,Southern,Ruhango,Bweramana,Gitisi,Nyarugenge
66d9c3970bc303fcbe4d2602,Southern,Ruhango,Bweramana,Rubona,Gasharu
66d9c3970bc303fcbe4d260a,Southern,Ruhango,Bweramana,Rubona,Nyakabanda
66d9c3970bc303fcbe4d261e,Southern,Ruhango,Byimana,Kamusenyi,Gitanga
66d9c3970bc303fcbe4d261f,Southern,Ruhango,Byimana,Kamusenyi,Kabusheshe
66d9c3970bc303fcbe4d2624,Southern,Ruhango,Byimana,Kamusenyi,Rugerero
66d9c3970bc303fcbe4d2625,Southern,Ruhango,Byimana,Kirengeri,Gahengeri
66d9c3970bc303fcbe4d2626,Southern,Ruhango,Byimana,Kirengeri,Gatoki
66d9c3970bc303fcbe4d262d,Southern,Ruhango,Byimana,Mahembe,Akabere
66d9c3970bc303fcbe4d25cd,Southern,Nyamagabe,Uwinkingi,Kibyagira,Cyumuganza
66d9c3970bc303fcbe4d261a,Southern,Ruhango,Byimana,Kamusenyi,Gakomeye
66d9c3970bc303fcbe4d2627,Southern,Ruhango,Byimana,Kirengeri,Kamonyi
66d9c3970bc303fcbe4d2550,Southern,Nyamagabe,Musebeya,Runege,Rukaranka
66d9c3970bc303fcbe4d2565,Southern,Nyamagabe,Mushubi,Buteteri,Rwamiko
66d9c3970bc303fcbe4d2566,Southern,Nyamagabe,Mushubi,Cyobe,Cyobe
66d9c3970bc303fcbe4d256f,Southern,Nyamagabe,Mushubi,Gashwati,Gashwati
66d9c3970bc303fcbe4d2586,Southern,Nyamagabe,Nkomane,Mutengeri,Tubuye
66d9c3970bc303fcbe4d25a7,Southern,Nyamagabe,Tare,Gatovu,Kigusa
66d9c3970bc303fcbe4d25ad,Southern,Nyamagabe,Tare,Kaganza,Buremera
66d9c3970bc303fcbe4d25b2,Southern,Nyamagabe,Tare,Nkumbure,Gahembe
66d9c3970bc303fcbe4d25b4,Southern,Nyamagabe,Tare,Nkumbure,Mubezi
66d9c3970bc303fcbe4d25b8,Southern,Nyamagabe,Tare,Nkumbure,Uwumugeti
66d9c3970bc303fcbe4d25be,Southern,Nyamagabe,Tare,Nyamigina,Nyarugeti
66d9c3970bc303fcbe4d25bf,Southern,Nyamagabe,Tare,Nyamigina,Rukoko
66d9c3970bc303fcbe4d25c8,Southern,Nyamagabe,Uwinkingi,Gahira,Kibugazi
66d9c3970bc303fcbe4d25cf,Southern,Nyamagabe,Uwinkingi,Kibyagira,Kabusekuru
66d9c3970bc303fcbe4d25d3,Southern,Nyamagabe,Uwinkingi,Mudasomwa,Gicaca
66d9c3970bc303fcbe4d25f5,Southern,Ruhango,Bweramana,Murama,Gasharu
66d9c3970bc303fcbe4d2608,Southern,Ruhango,Bweramana,Rubona,Ntosho
66d9c3970bc303fcbe4d262b,Southern,Ruhango,Byimana,Kirengeri,Nyamirambo
66d9c3970bc303fcbe4d2636,Southern,Ruhango,Byimana,Mpanda,Gitega
66d9c3970bc303fcbe4d2551,Southern,Nyamagabe,Musebeya,Rusekera,Karambo
66d9c3970bc303fcbe4d255c,Southern,Nyamagabe,Mushubi,Buteteri,Gorwe
66d9c3970bc303fcbe4d2568,Southern,Nyamagabe,Mushubi,Cyobe,Gitikirema
66d9c3970bc303fcbe4d2573,Southern,Nyamagabe,Mushubi,Gashwati,Rucunda
66d9c3970bc303fcbe4d2574,Southern,Nyamagabe,Mushubi,Gashwati,Ruhinga
66d9c3970bc303fcbe4d257e,Southern,Nyamagabe,Nkomane,Musaraba,Rusoyo
66d9c3970bc303fcbe4d2585,Southern,Nyamagabe,Nkomane,Mutengeri,Mutengeri
66d9c3970bc303fcbe4d258f,Southern,Nyamagabe,Nkomane,Nyarwungo,Nyaruhombo
66d9c3970bc303fcbe4d2590,Southern,Nyamagabe,Nkomane,Nyarwungo,Nyarwungo
66d9c3970bc303fcbe4d2594,Southern,Nyamagabe,Nkomane,Twiya,Gishenge
66d9c3970bc303fcbe4d25c1,Southern,Nyamagabe,Uwinkingi,Bigumira,Bigumira
66d9c3970bc303fcbe4d25f8,Southern,Ruhango,Bweramana,Murama,Karambo
66d9c3970bc303fcbe4d2616,Southern,Ruhango,Bweramana,Rwinyana,Rugogwe
66d9c3970bc303fcbe4d24f6,Southern,Nyamagabe,Mugano,Gitondorero,Gitondorero
66d9c3970bc303fcbe4d24f7,Southern,Nyamagabe,Mugano,Gitondorero,Gituntu
66d9c3970bc303fcbe4d2503,Southern,Nyamagabe,Mugano,Ruhinga,Karambi
66d9c3970bc303fcbe4d250a,Southern,Nyamagabe,Mugano,Sovu,Ruhanga
66d9c3970bc303fcbe4d2514,Southern,Nyamagabe,Mugano,Yonde,Ruhamira B
66d9c3970bc303fcbe4d2515,Southern,Nyamagabe,Musange,Gasave,Gasura
66d9c3970bc303fcbe4d2525,Southern,Nyamagabe,Musange,Masagara,Mutuntu
66d9c3970bc303fcbe4d24f3,Southern,Nyamagabe,Mbazi,Ngara,Nyagishumbu
66d9c3970bc303fcbe4d24f8,Southern,Nyamagabe,Mugano,Gitondorero,Karambi
66d9c3970bc303fcbe4d2536,Southern,Nyamagabe,Musebeya,Gatovu,Bisereganya
66d9c3970bc303fcbe4d2547,Southern,Nyamagabe,Musebeya,Rugano,Kibandirwa
66d9c3970bc303fcbe4d24d7,Southern,Nyamagabe,Kitabi,Shaba,Muganza
66d9c3970bc303fcbe4d24e8,Southern,Nyamagabe,Mbazi,Mutiwingoma,Muduha
66d9c3970bc303fcbe4d24f5,Southern,Nyamagabe,Mugano,Gitondorero,Gakomeye
66d9c3970bc303fcbe4d24f9,Southern,Nyamagabe,Mugano,Gitondorero,Maso
66d9c3970bc303fcbe4d24ff,Southern,Nyamagabe,Mugano,Gitwa,Ryamigabo
66d9c3970bc303fcbe4d2517,Southern,Nyamagabe,Musange,Gasave,Murambi
66d9c3970bc303fcbe4d2527,Southern,Nyamagabe,Musange,Masangano,Gasagara
66d9c3970bc303fcbe4d252d,Southern,Nyamagabe,Musange,Masizi,Munini
66d9c3970bc303fcbe4d253f,Southern,Nyamagabe,Musebeya,Nyarurambi,Giheta
66d9c3970bc303fcbe4d254a,Southern,Nyamagabe,Musebeya,Runege,Bigugu
66d9c3970bc303fcbe4d24df,Southern,Nyamagabe,Kitabi,Uwingugu,Uwimisigati
66d9c3970bc303fcbe4d24e3,Southern,Nyamagabe,Mbazi,Manwari,Kigarama
66d9c3970bc303fcbe4d24e5,Southern,Nyamagabe,Mbazi,Mutiwingoma,Gatwa
66d9c3970bc303fcbe4d2509,Southern,Nyamagabe,Mugano,Sovu,Rugarama Ii
66d9c3970bc303fcbe4d2524,Southern,Nyamagabe,Musange,Masagara,Mutakara
66d9c3970bc303fcbe4d252e,Southern,Nyamagabe,Musange,Masizi,Murehe
66d9c3970bc303fcbe4d2533,Southern,Nyamagabe,Musange,Nyagisozi,Remera
66d9c3970bc303fcbe4d253a,Southern,Nyamagabe,Musebeya,Gatovu,Nyarubande
66d9c3970bc303fcbe4d253d,Southern,Nyamagabe,Musebeya,Nyarurambi,Cyarwa
66d9c3970bc303fcbe4d2542,Southern,Nyamagabe,Musebeya,Nyarurambi,Nyarurambi
66d9c3970bc303fcbe4d254b,Southern,Nyamagabe,Musebeya,Runege,Bitaba
66d9c3970bc303fcbe4d2569,Southern,Nyamagabe,Mushubi,Cyobe,Nyagisumo
66d9c3970bc303fcbe4d2578,Southern,Nyamagabe,Nkomane,Bitandara,Muyange
66d9c3970bc303fcbe4d2583,Southern,Nyamagabe,Nkomane,Mutengeri,Kavumu
66d9c3970bc303fcbe4d2588,Southern,Nyamagabe,Nkomane,Nkomane,Kagano
66d9c3970bc303fcbe4d25a4,Southern,Nyamagabe,Tare,Gasarenda,Mwufe
66d9c3970bc303fcbe4d25fd,Southern,Ruhango,Bweramana,Murama,Rusororo
66d9c3970bc303fcbe4d2605,Southern,Ruhango,Bweramana,Rubona,Masambu
66d9c3970bc303fcbe4d2610,Southern,Ruhango,Bweramana,Rwinyana,Mukingi
66d9c3970bc303fcbe4d2618,Southern,Ruhango,Bweramana,Rwinyana,Samba
66d9c3970bc303fcbe4d2628,Southern,Ruhango,Byimana,Kirengeri,Kirengeri
66d9c3970bc303fcbe4d2632,Southern,Ruhango,Byimana,Mahembe,Nyabisindu
66d9c3970bc303fcbe4d2633,Southern,Ruhango,Byimana,Mahembe,Nyagisozi
66d9c3970bc303fcbe4d2575,Southern,Nyamagabe,Nkomane,Bitandara,Bitandara
66d9c3970bc303fcbe4d2576,Southern,Nyamagabe,Nkomane,Bitandara,Buhanzi
66d9c3970bc303fcbe4d257c,Southern,Nyamagabe,Nkomane,Musaraba,Kimbogo
66d9c3970bc303fcbe4d2592,Southern,Nyamagabe,Nkomane,Nyarwungo,Rutoyi
66d9c3970bc303fcbe4d259d,Southern,Nyamagabe,Tare,Buhoro,Rwufe
66d9c3970bc303fcbe4d25b3,Southern,Nyamagabe,Tare,Nkumbure,Kibwije
66d9c3970bc303fcbe4d25ca,Southern,Nyamagabe,Uwinkingi,Gahira,Rugeyo
66d9c3970bc303fcbe4d25ef,Southern,Ruhango,Bweramana,Gitisi,Kabugusu
66d9c3970bc303fcbe4d2614,Southern,Ruhango,Bweramana,Rwinyana,Nyarutovu
66d9c3970bc303fcbe4d262a,Southern,Ruhango,Byimana,Kirengeri,Nyabizenga
66d9c3970bc303fcbe4d262f,Southern,Ruhango,Byimana,Mahembe,Muhororo
66d9c3970bc303fcbe4d2553,Southern,Nyamagabe,Musebeya,Rusekera,Rebero
66d9c3970bc303fcbe4d255f,Southern,Nyamagabe,Mushubi,Buteteri,Mugunda
66d9c3970bc303fcbe4d2560,Southern,Nyamagabe,Mushubi,Buteteri,Murambi
66d9c3970bc303fcbe4d2570,Southern,Nyamagabe,Mushubi,Gashwati,Muhembe
66d9c3970bc303fcbe4d2581,Southern,Nyamagabe,Nkomane,Mutengeri,Cyurwufe
66d9c3970bc303fcbe4d2584,Southern,Nyamagabe,Nkomane,Mutengeri,Kivumu
66d9c3970bc303fcbe4d25b5,Southern,Nyamagabe,Tare,Nkumbure,Muhumo
66d9c3970bc303fcbe4d25cb,Southern,Nyamagabe,Uwinkingi,Gahira,Uwinkingi
66d9c3970bc303fcbe4d25cc,Southern,Nyamagabe,Uwinkingi,Kibyagira,Bishya
66d9c3970bc303fcbe4d2448,Southern,Nyamagabe,Gatare,Ruganda,Gituntu
66d9c3970bc303fcbe4d244f,Southern,Nyamagabe,Gatare,Shyeru,Kagusa
66d9c3970bc303fcbe4d2451,Southern,Nyamagabe,Gatare,Shyeru,Rushyarara
66d9c3970bc303fcbe4d2458,Southern,Nyamagabe,Kaduha,Kavumu,Kabuga
66d9c3970bc303fcbe4d245e,Southern,Nyamagabe,Kaduha,Murambi,Nyaruryango
66d9c3970bc303fcbe4d237b,Southern,Huye,Rwaniro,Nyaruhombo,Murambi
66d9c3970bc303fcbe4d2381,Southern,Huye,Rwaniro,Shyunga,Kiboga
66d9c3970bc303fcbe4d23a1,Southern,Huye,Simbi,Nyangazi,Igonde
66d9c3970bc303fcbe4d23ab,Southern,Huye,Tumba,Cyarwa,Agahora
66d9c3970bc303fcbe4d23ac,Southern,Huye,Tumba,Cyarwa,Agasengasenge
66d9c3970bc303fcbe4d23c9,Southern,Huye,Tumba,Rango B,Kigarama
66d9c3970bc303fcbe4d23e4,Southern,Nyamagabe,Buruhukiro,Munini,Gitovu
66d9c3970bc303fcbe4d23f4,Southern,Nyamagabe,Cyanika,Gitega,Miko
66d9c3970bc303fcbe4d2408,Southern,Nyamagabe,Cyanika,Ngoma,Kabarera
66d9c3970bc303fcbe4d2412,Southern,Nyamagabe,Cyanika,Nyanza,Nyabisindu
66d9c3970bc303fcbe4d2428,Southern,Nyamagabe,Gasaka,Nyabivumu,Nyabivumu
66d9c3970bc303fcbe4d242f,Southern,Nyamagabe,Gasaka,Nyamugari,Nyarusange
66d9c3970bc303fcbe4d2435,Southern,Nyamagabe,Gasaka,Remera,Kabeza
66d9c3970bc303fcbe4d246f,Southern,Nyamagabe,Kaduha,Nyabisindu,Mukongoro
66d9c3970bc303fcbe4d2489,Southern,Nyamagabe,Kamegeri,Rususa,Kigarama
66d9c3970bc303fcbe4d248b,Southern,Nyamagabe,Kibirizi,Bugarama,Kabarera
66d9c3970bc303fcbe4d248c,Southern,Nyamagabe,Kibirizi,Bugarama,Kamina
66d9c3970bc303fcbe4d248e,Southern,Nyamagabe,Kibirizi,Bugarama,Kivumu
66d9c3970bc303fcbe4d2497,Southern,Nyamagabe,Kibirizi,Gashiha,Muduha
66d9c3970bc303fcbe4d24c2,Southern,Nyamagabe,Kibumbwe,Nyakiza,Zigati
66d9c3970bc303fcbe4d24cd,Southern,Nyamagabe,Kitabi,Mujuga,Rwufe
66d9c3970bc303fcbe4d24ce,Southern,Nyamagabe,Kitabi,Mujuga,Uwanyakanyeri
66d9c3970bc303fcbe4d245a,Southern,Nyamagabe,Kaduha,Kavumu,Karehe
66d9c3970bc303fcbe4d2465,Southern,Nyamagabe,Kaduha,Musenyi,Nganzo
66d9c3970bc303fcbe4d2470,Southern,Nyamagabe,Kaduha,Nyamiyaga,Cyugaro
66d9c3970bc303fcbe4d2492,Southern,Nyamagabe,Kibirizi,Bugarura,Kirwa
66d9c3970bc303fcbe4d2493,Southern,Nyamagabe,Kibirizi,Bugarura,Muyange
66d9c3970bc303fcbe4d24a3,Southern,Nyamagabe,Kibirizi,Ruhunga,Munombe
66d9c3970bc303fcbe4d24a4,Southern,Nyamagabe,Kibirizi,Ruhunga,Nyagishubi
66d9c3970bc303fcbe4d24aa,Southern,Nyamagabe,Kibirizi,Uwindekezi,Mugote
66d9c3970bc303fcbe4d24af,Southern,Nyamagabe,Kibumbwe,Bwenda,Nyagatovu
66d9c3970bc303fcbe4d24b9,Southern,Nyamagabe,Kibumbwe,Kibibi,Kanyege
66d9c3970bc303fcbe4d24bf,Southern,Nyamagabe,Kibumbwe,Nyakiza,Kinyana
66d9c3970bc303fcbe4d24c4,Southern,Nyamagabe,Kitabi,Kagano,Kintobo
66d9c3970bc303fcbe4d24cf,Southern,Nyamagabe,Kitabi,Mujuga,Uwinka
66d9c3970bc303fcbe4d24dc,Southern,Nyamagabe,Kitabi,Uwingugu,Kigari
66d9c3970bc303fcbe4d24e7,Southern,Nyamagabe,Mbazi,Mutiwingoma,Kabuga
66d9c3970bc303fcbe4d250c,Southern,Nyamagabe,Mugano,Suti,Gasiza
66d9c3970bc303fcbe4d24d1,Southern,Nyamagabe,Kitabi,Mukungu,Gatare
66d9c3970bc303fcbe4d24d3,Southern,Nyamagabe,Kitabi,Mukungu,Uwicurangiro
66d9c3970bc303fcbe4d24e4,Southern,Nyamagabe,Mbazi,Manwari,Muhororo
66d9c3970bc303fcbe4d24f4,Southern,Nyamagabe,Mbazi,Ngara,Ruseke
66d9c3970bc303fcbe4d2500,Southern,Nyamagabe,Mugano,Ruhinga,Cyibande
66d9c3970bc303fcbe4d2502,Southern,Nyamagabe,Mugano,Ruhinga,Kabuye
66d9c3970bc303fcbe4d2506,Southern,Nyamagabe,Mugano,Sovu,Kigarama
66d9c3970bc303fcbe4d2507,Southern,Nyamagabe,Mugano,Sovu,Nziranziza
66d9c3970bc303fcbe4d2545,Southern,Nyamagabe,Musebeya,Rugano,Busanza
66d9c3970bc303fcbe4d24d2,Southern,Nyamagabe,Kitabi,Mukungu,Karambi
66d9c3970bc303fcbe4d24ed,Southern,Nyamagabe,Mbazi,Ngambi,Maheresho
66d9c3970bc303fcbe4d24ef,Southern,Nyamagabe,Mbazi,Ngara,Butare
66d9c3970bc303fcbe4d24fa,Southern,Nyamagabe,Mugano,Gitwa,Kabuhoro
66d9c3970bc303fcbe4d2504,Southern,Nyamagabe,Mugano,Ruhinga,Kinzira
66d9c3970bc303fcbe4d250d,Southern,Nyamagabe,Mugano,Suti,Matyazo
66d9c3970bc303fcbe4d2511,Southern,Nyamagabe,Mugano,Yonde,Kanyegenyege
66d9c3970bc303fcbe4d2518,Southern,Nyamagabe,Musange,Gasave,Nyabivumu
66d9c3970bc303fcbe4d251d,Southern,Nyamagabe,Musange,Jenda,Kayogoro
66d9c3970bc303fcbe4d251e,Southern,Nyamagabe,Musange,Jenda,Nyakibungo
66d9c3970bc303fcbe4d2528,Southern,Nyamagabe,Musange,Masangano,Kibumba
66d9c3970bc303fcbe4d2540,Southern,Nyamagabe,Musebeya,Nyarurambi,Kabere
66d9c3970bc303fcbe4d2541,Southern,Nyamagabe,Musebeya,Nyarurambi,Mujyejuru
66d9c3970bc303fcbe4d2548,Southern,Nyamagabe,Musebeya,Rugano,Rugano
66d9c3970bc303fcbe4d24d4,Southern,Nyamagabe,Kitabi,Mukungu,Uwurunazi
66d9c3970bc303fcbe4d24da,Southern,Nyamagabe,Kitabi,Shaba,Uwinka
66d9c3970bc303fcbe4d24ea,Southern,Nyamagabe,Mbazi,Ngambi,Gaseke
66d9c3970bc303fcbe4d24eb,Southern,Nyamagabe,Mbazi,Ngambi,Kabeza
66d9c3970bc303fcbe4d251b,Southern,Nyamagabe,Musange,Jenda,Kabakannyi
66d9c3970bc303fcbe4d2531,Southern,Nyamagabe,Musange,Nyagisozi,Dusenyi
66d9c3970bc303fcbe4d2537,Southern,Nyamagabe,Musebeya,Gatovu,Gatovu
66d9c3970bc303fcbe4d259e,Southern,Nyamagabe,Tare,Buhoro,Ryarubondo
66d9c3970bc303fcbe4d25ff,Southern,Ruhango,Bweramana,Murama,Rwingwe
66d9c3970bc303fcbe4d2617,Southern,Ruhango,Bweramana,Rwinyana,Rwinyana
66d9c3970bc303fcbe4d2629,Southern,Ruhango,Byimana,Kirengeri,Masaka
66d9c3970bc303fcbe4d2554,Southern,Nyamagabe,Musebeya,Rusekera,Shaki
66d9c3970bc303fcbe4d2555,Southern,Nyamagabe,Musebeya,Rusekera,Uwimituza
66d9c3970bc303fcbe4d255a,Southern,Nyamagabe,Musebeya,Sekera,Rubumburi
66d9c3970bc303fcbe4d255b,Southern,Nyamagabe,Musebeya,Sekera,Rugazi
66d9c3970bc303fcbe4d2561,Southern,Nyamagabe,Mushubi,Buteteri,Ngoma
66d9c3970bc303fcbe4d2571,Southern,Nyamagabe,Mushubi,Gashwati,Muko
66d9c3970bc303fcbe4d2577,Southern,Nyamagabe,Nkomane,Bitandara,Munanira
66d9c3970bc303fcbe4d2579,Southern,Nyamagabe,Nkomane,Bitandara,Rugeyo
66d9c3970bc303fcbe4d257a,Southern,Nyamagabe,Nkomane,Musaraba,Gatorove
66d9c3970bc303fcbe4d257f,Southern,Nyamagabe,Nkomane,Musaraba,Rutare
66d9c3970bc303fcbe4d2599,Southern,Nyamagabe,Tare,Buhoro,Gitovu
66d9c3970bc303fcbe4d259c,Southern,Nyamagabe,Tare,Buhoro,Nyabwoma
66d9c3970bc303fcbe4d25a0,Southern,Nyamagabe,Tare,Gasarenda,Kiminazi
66d9c3970bc303fcbe4d25a8,Southern,Nyamagabe,Tare,Gatovu,Kimina
66d9c3970bc303fcbe4d25d7,Southern,Nyamagabe,Uwinkingi,Mudasomwa,Uwanjyogoro
66d9c3970bc303fcbe4d25de,Southern,Nyamagabe,Uwinkingi,Rugogwe,Mabende
66d9c3970bc303fcbe4d25e7,Southern,Ruhango,Bweramana,Buhanda,Kabere
66d9c3970bc303fcbe4d25e9,Southern,Ruhango,Bweramana,Buhanda,Kavumu
66d9c3970bc303fcbe4d25f0,Southern,Ruhango,Bweramana,Gitisi,Nyamaraba
66d9c3970bc303fcbe4d25f2,Southern,Ruhango,Bweramana,Gitisi,Nyarunyinya
66d9c3970bc303fcbe4d260e,Southern,Ruhango,Bweramana,Rwinyana,Kumunyinya
66d9c3970bc303fcbe4d262e,Southern,Ruhango,Byimana,Mahembe,Kavumu
66d9c3970bc303fcbe4d2630,Southern,Ruhango,Byimana,Mahembe,Mujyejuru
66d9c3970bc303fcbe4d2552,Southern,Nyamagabe,Musebeya,Rusekera,Ngoma
66d9c3970bc303fcbe4d255d,Southern,Nyamagabe,Mushubi,Buteteri,Kagorwe
66d9c3970bc303fcbe4d2572,Southern,Nyamagabe,Mushubi,Gashwati,Mushubi
66d9c3970bc303fcbe4d25aa,Southern,Nyamagabe,Tare,Gatovu,Ruziba
66d9c3970bc303fcbe4d25ab,Southern,Nyamagabe,Tare,Kaganza,Akanyirandori
66d9c3970bc303fcbe4d25b0,Southern,Nyamagabe,Tare,Nkumbure,Biraro
66d9c3970bc303fcbe4d25bb,Southern,Nyamagabe,Tare,Nyamigina,Maryohe
66d9c3970bc303fcbe4d25c6,Southern,Nyamagabe,Uwinkingi,Gahira,Gahira
66d9c3970bc303fcbe4d25d1,Southern,Nyamagabe,Uwinkingi,Kibyagira,Sabake
66d9c3970bc303fcbe4d25d8,Southern,Nyamagabe,Uwinkingi,Munyege,Bitaba
66d9c3970bc303fcbe4d25e1,Southern,Nyamagabe,Uwinkingi,Rugogwe,Nyamugari
66d9c3970bc303fcbe4d25ed,Southern,Ruhango,Bweramana,Buhanda,Nyarubuye
66d9c3970bc303fcbe4d25f3,Southern,Ruhango,Bweramana,Gitisi,Ruvugizo
66d9c3970bc303fcbe4d25f7,Southern,Ruhango,Bweramana,Murama,Kamirishyo
66d9c3970bc303fcbe4d25f9,Southern,Ruhango,Bweramana,Murama,Karima
66d9c3970bc303fcbe4d2601,Southern,Ruhango,Bweramana,Rubona,Bugari
66d9c3970bc303fcbe4d2606,Southern,Ruhango,Bweramana,Rubona,Mataba
66d9c3970bc303fcbe4d2607,Southern,Ruhango,Bweramana,Rubona,Munyinya
66d9c3970bc303fcbe4d2611,Southern,Ruhango,Bweramana,Rwinyana,Nyagakombe
66d9c3970bc303fcbe4d2564,Southern,Nyamagabe,Mushubi,Buteteri,Rusoyo
66d9c3970bc303fcbe4d257b,Southern,Nyamagabe,Nkomane,Musaraba,Gihunga
66d9c3970bc303fcbe4d258c,Southern,Nyamagabe,Nkomane,Nyarwungo,Bisharara
66d9c3970bc303fcbe4d25a9,Southern,Nyamagabe,Tare,Gatovu,Muhati
66d9c3970bc303fcbe4d25ae,Southern,Nyamagabe,Tare,Kaganza,Cyimicanga
66d9c3970bc303fcbe4d25c9,Southern,Nyamagabe,Uwinkingi,Gahira,Kunyu
66d9c3970bc303fcbe4d25d5,Southern,Nyamagabe,Uwinkingi,Mudasomwa,Nsinduka
66d9c3970bc303fcbe4d25da,Southern,Nyamagabe,Uwinkingi,Munyege,Kanyampongo
66d9c3970bc303fcbe4d260f,Southern,Ruhango,Bweramana,Rwinyana,Mubuga
66d9c3970bc303fcbe4d2619,Southern,Ruhango,Byimana,Kamusenyi,Gahama
66d9c3970bc303fcbe4d2635,Southern,Ruhango,Byimana,Mpanda,Gatwa
66d9c3970bc303fcbe4d243f,Southern,Nyamagabe,Gatare,Gatare,Murembo
66d9c3970bc303fcbe4d2456,Southern,Nyamagabe,Kaduha,Kavumu,Gitega
66d9c3970bc303fcbe4d2361,Southern,Huye,Rusatira,Mugogwe,Murambi
66d9c3970bc303fcbe4d23b5,Southern,Huye,Tumba,Cyimana,Akamuhoza
66d9c3970bc303fcbe4d246c,Southern,Nyamagabe,Kaduha,Nyabisindu,Kirehe
66d9c3970bc303fcbe4d2472,Southern,Nyamagabe,Kaduha,Nyamiyaga,Nkomero
66d9c3970bc303fcbe4d2487,Southern,Nyamagabe,Kamegeri,Rususa,Bahina
66d9c3970bc303fcbe4d24b5,Southern,Nyamagabe,Kibumbwe,Gakanka,Nyarubuye
66d9c3970bc303fcbe4d24ba,Southern,Nyamagabe,Kibumbwe,Kibibi,Kirwa
66d9c3970bc303fcbe4d24be,Southern,Nyamagabe,Kibumbwe,Nyakiza,Karambo
66d9c3970bc303fcbe4d24c5,Southern,Nyamagabe,Kitabi,Kagano,Turonzi
66d9c3970bc303fcbe4d2473,Southern,Nyamagabe,Kaduha,Nyamiyaga,Nyakabingo
66d9c3970bc303fcbe4d24b4,Southern,Nyamagabe,Kibumbwe,Gakanka,Nkurubuye
66d9c3970bc303fcbe4d24d0,Southern,Nyamagabe,Kitabi,Mukungu,Gahira
66d9c3970bc303fcbe4d24e2,Southern,Nyamagabe,Mbazi,Manwari,Kibumba
66d9c3970bc303fcbe4d2523,Southern,Nyamagabe,Musange,Masagara,Muhororo
66d9c3970bc303fcbe4d2534,Southern,Nyamagabe,Musange,Nyagisozi,Ruhuga
66d9c3970bc303fcbe4d2539,Southern,Nyamagabe,Musebeya,Gatovu,Kanyiranzoga
66d9c3970bc303fcbe4d253e,Southern,Nyamagabe,Musebeya,Nyarurambi,Gatiti
66d9c3970bc303fcbe4d2543,Southern,Nyamagabe,Musebeya,Nyarurambi,Rwabigeyo
66d9c3970bc303fcbe4d2544,Southern,Nyamagabe,Musebeya,Rugano,Bugarama
66d9c3970bc303fcbe4d254f,Southern,Nyamagabe,Musebeya,Runege,Ruganza
66d9c3970bc303fcbe4d24dd,Southern,Nyamagabe,Kitabi,Uwingugu,Rubuye
66d9c3970bc303fcbe4d24de,Southern,Nyamagabe,Kitabi,Uwingugu,Ruhanga
66d9c3970bc303fcbe4d24e9,Southern,Nyamagabe,Mbazi,Mutiwingoma,Nyamirama
66d9c3970bc303fcbe4d24ec,Southern,Nyamagabe,Mbazi,Ngambi,Kivomo
66d9c3970bc303fcbe4d24ee,Southern,Nyamagabe,Mbazi,Ngambi,Munanira
66d9c3970bc303fcbe4d2510,Southern,Nyamagabe,Mugano,Yonde,Gisovu
66d9c3970bc303fcbe4d2512,Southern,Nyamagabe,Mugano,Yonde,Nyarusazi
66d9c3970bc303fcbe4d2520,Southern,Nyamagabe,Musange,Masagara,Cyabasana
66d9c3970bc303fcbe4d2526,Southern,Nyamagabe,Musange,Masagara,Nyagihima
66d9c3970bc303fcbe4d253b,Southern,Nyamagabe,Musebeya,Gatovu,Ryanyakayaga
66d9c3970bc303fcbe4d2546,Southern,Nyamagabe,Musebeya,Rugano,Gisiza
66d9c3970bc303fcbe4d254d,Southern,Nyamagabe,Musebeya,Runege,Gakereko
66d9c3970bc303fcbe4d24fc,Southern,Nyamagabe,Mugano,Gitwa,Krenzi Ii
66d9c3970bc303fcbe4d2516,Southern,Nyamagabe,Musange,Gasave,Kabingo
66d9c3970bc303fcbe4d251a,Southern,Nyamagabe,Musange,Jenda,Cyabagomba
66d9c3970bc303fcbe4d251f,Southern,Nyamagabe,Musange,Jenda,Nyakirambi
66d9c3970bc303fcbe4d252b,Southern,Nyamagabe,Musange,Masangano,Rutuntu
66d9c3970bc303fcbe4d2530,Southern,Nyamagabe,Musange,Masizi,Rwina
66d9c3970bc303fcbe4d2535,Southern,Nyamagabe,Musange,Nyagisozi,Uwabarashi
66d9c3970bc303fcbe4d2559,Southern,Nyamagabe,Musebeya,Sekera,Nyaruhura
66d9c3970bc303fcbe4d256b,Southern,Nyamagabe,Mushubi,Cyobe,Nyakirambi
66d9c3970bc303fcbe4d258b,Southern,Nyamagabe,Nkomane,Nkomane,Ruhinga
66d9c3970bc303fcbe4d2598,Southern,Nyamagabe,Tare,Buhoro,Gisanze
66d9c3970bc303fcbe4d25bd,Southern,Nyamagabe,Tare,Nyamigina,Nkomero
66d9c3970bc303fcbe4d25c3,Southern,Nyamagabe,Uwinkingi,Bigumira,Gakoko
66d9c3970bc303fcbe4d25c5,Southern,Nyamagabe,Uwinkingi,Gahira,Bunyunyu
66d9c3970bc303fcbe4d25e4,Southern,Ruhango,Bweramana,Buhanda,Bugufi
66d9c3970bc303fcbe4d25fa,Southern,Ruhango,Bweramana,Murama,Karutsindo
66d9c3970bc303fcbe4d2609,Southern,Ruhango,Bweramana,Rubona,Nyagasozi
66d9c3970bc303fcbe4d2615,Southern,Ruhango,Bweramana,Rwinyana,Rugarama
66d9c3970bc303fcbe4d2620,Southern,Ruhango,Byimana,Kamusenyi,Kinama
66d9c3970bc303fcbe4d2556,Southern,Nyamagabe,Musebeya,Sekera,Masinde
66d9c3970bc303fcbe4d2557,Southern,Nyamagabe,Musebeya,Sekera,Mugano
66d9c3970bc303fcbe4d2558,Southern,Nyamagabe,Musebeya,Sekera,Nkomero
66d9c3970bc303fcbe4d256e,Southern,Nyamagabe,Mushubi,Gashwati,Bweramana
66d9c3970bc303fcbe4d258e,Southern,Nyamagabe,Nkomane,Nyarwungo,Marambo
66d9c3970bc303fcbe4d259b,Southern,Nyamagabe,Tare,Buhoro,Kirwa
66d9c3970bc303fcbe4d25c0,Southern,Nyamagabe,Tare,Nyamigina,Uwinyana
66d9c3970bc303fcbe4d25f4,Southern,Ruhango,Bweramana,Murama,Duwane
66d9c3970bc303fcbe4d2600,Southern,Ruhango,Bweramana,Rubona,Birambo
66d9c3970bc303fcbe4d260b,Southern,Ruhango,Bweramana,Rubona,Nyamuko
66d9c3970bc303fcbe4d25b9,Southern,Nyamagabe,Tare,Nkumbure,Vumwe
66d9c3970bc303fcbe4d2622,Southern,Ruhango,Byimana,Kamusenyi,Nyakabungo
66d9c3970bc303fcbe4d262c,Southern,Ruhango,Byimana,Kirengeri,Rusororo
66d9c3970bc303fcbe4d25d6,Southern,Nyamagabe,Uwinkingi,Mudasomwa,Rushubi
66d9c3970bc303fcbe4d25d9,Southern,Nyamagabe,Uwinkingi,Munyege,Gahango
66d9c3970bc303fcbe4d25db,Southern,Nyamagabe,Uwinkingi,Munyege,Kimina
66d9c3970bc303fcbe4d25dd,Southern,Nyamagabe,Uwinkingi,Munyege,Nyarurambi
66d9c3970bc303fcbe4d25df,Southern,Nyamagabe,Uwinkingi,Rugogwe,Munini
66d9c3970bc303fcbe4d25ea,Southern,Ruhango,Bweramana,Buhanda,Mpunu
66d9c3970bc303fcbe4d25fb,Southern,Ruhango,Bweramana,Murama,Kigarama
66d9c3970bc303fcbe4d25fc,Southern,Ruhango,Bweramana,Murama,Kivomo
66d9c3970bc303fcbe4d2603,Southern,Ruhango,Bweramana,Rubona,Kabega
66d9c3970bc303fcbe4d2604,Southern,Ruhango,Bweramana,Rubona,Kirambo
66d9c3970bc303fcbe4d260c,Southern,Ruhango,Bweramana,Rubona,Rugogwe
66d9c3970bc303fcbe4d2613,Southern,Ruhango,Bweramana,Rwinyana,Nyarubuye
66d9c3970bc303fcbe4d261c,Southern,Ruhango,Byimana,Kamusenyi,Gasharu
66d9c3970bc303fcbe4d2623,Southern,Ruhango,Byimana,Kamusenyi,Nyarusange
66d9c3970bc303fcbe4d257d,Southern,Nyamagabe,Nkomane,Musaraba,Musaraba
66d9c3970bc303fcbe4d2580,Southern,Nyamagabe,Nkomane,Musaraba,Rwimpiri
66d9c3970bc303fcbe4d2596,Southern,Nyamagabe,Nkomane,Twiya,Kibuga
66d9c3970bc303fcbe4d2597,Southern,Nyamagabe,Nkomane,Twiya,Twiya
66d9c3970bc303fcbe4d25eb,Southern,Ruhango,Bweramana,Buhanda,Munini
66d9c3970bc303fcbe4d255e,Southern,Nyamagabe,Mushubi,Buteteri,Kizanganya
66d9c3970bc303fcbe4d2563,Southern,Nyamagabe,Mushubi,Buteteri,Remera
66d9c3970bc303fcbe4d2567,Southern,Nyamagabe,Mushubi,Cyobe,Gaseke
66d9c3970bc303fcbe4d2582,Southern,Nyamagabe,Nkomane,Mutengeri,Gihwahwa
66d9c3970bc303fcbe4d2587,Southern,Nyamagabe,Nkomane,Nkomane,Banda
66d9c3970bc303fcbe4d258a,Southern,Nyamagabe,Nkomane,Nkomane,Mutarama
66d9c3970bc303fcbe4d258d,Southern,Nyamagabe,Nkomane,Nyarwungo,Bucyero
66d9c3970bc303fcbe4d2591,Southern,Nyamagabe,Nkomane,Nyarwungo,Rangi
66d9c3970bc303fcbe4d2595,Southern,Nyamagabe,Nkomane,Twiya,Karukoma
66d9c3970bc303fcbe4d25a1,Southern,Nyamagabe,Tare,Gasarenda,Kivuruga
66d9c3970bc303fcbe4d25a2,Southern,Nyamagabe,Tare,Gasarenda,Murangara
66d9c3970bc303fcbe4d25ac,Southern,Nyamagabe,Tare,Kaganza,Bivumu
66d9c3970bc303fcbe4d25b6,Southern,Nyamagabe,Tare,Nkumbure,Rugeti
66d9c3970bc303fcbe4d25ba,Southern,Nyamagabe,Tare,Nyamigina,Gakoma
66d9c3970bc303fcbe4d25c7,Southern,Nyamagabe,Uwinkingi,Gahira,Gititi
66d9c3970bc303fcbe4d25d4,Southern,Nyamagabe,Uwinkingi,Mudasomwa,Karambo
66d9c3970bc303fcbe4d25dc,Southern,Nyamagabe,Uwinkingi,Munyege,Munyege
66d9c3970bc303fcbe4d25e5,Southern,Ruhango,Bweramana,Buhanda,Gakongoro
66d9c3970bc303fcbe4d25ee,Southern,Ruhango,Bweramana,Buhanda,Rutarabana
66d9c3970bc303fcbe4d25f6,Southern,Ruhango,Bweramana,Murama,Gisagara
66d9c3970bc303fcbe4d25fe,Southern,Ruhango,Bweramana,Murama,Rwavuningoma
66d9c3970bc303fcbe4d260d,Southern,Ruhango,Bweramana,Rwinyana,Karambi
66d9c3970bc303fcbe4d2612,Southern,Ruhango,Bweramana,Rwinyana,Nyagitongwe
66d9c3970bc303fcbe4d261b,Southern,Ruhango,Byimana,Kamusenyi,Gakurazo
66d9c3970bc303fcbe4d261d,Southern,Ruhango,Byimana,Kamusenyi,Gasiza
66d9c3970bc303fcbe4d2621,Southern,Ruhango,Byimana,Kamusenyi,Mayebe
66d9c3970bc303fcbe4d2631,Southern,Ruhango,Byimana,Mahembe,Mutobo
66d9c3970bc303fcbe4d2634,Southern,Ruhango,Byimana,Mpanda,Bisika
66d9c3970bc303fcbe4d2637,Southern,Ruhango,Byimana,Mpanda,Kanyarira
66d9c3980bc303fcbe4d2675,Southern,Ruhango,Kabagali,Remera,Rwankuba
66d9c3980bc303fcbe4d2653,Southern,Ruhango,Byimana,Nyakabuye,Kizibaziba
66d9c3980bc303fcbe4d266a,Southern,Ruhango,Kabagali,Munanira,Muremera
66d9c3980bc303fcbe4d2645,Southern,Ruhango,Byimana,Muhororo,Rukuro
66d9c3980bc303fcbe4d264c,Southern,Ruhango,Byimana,Ntenyo,Mucubi
66d9c3980bc303fcbe4d2663,Southern,Ruhango,Kabagali,Karambi,Mbuye
66d9c3980bc303fcbe4d2667,Southern,Ruhango,Kabagali,Munanira,Kagitare
66d9c3980bc303fcbe4d2639,Southern,Ruhango,Byimana,Mpanda,Kibande
66d9c3980bc303fcbe4d2646,Southern,Ruhango,Byimana,Muhororo,Rutembo
66d9c3980bc303fcbe4d2649,Southern,Ruhango,Byimana,Ntenyo,Kageyo
66d9c3980bc303fcbe4d264d,Southern,Ruhango,Byimana,Ntenyo,Ngando
66d9c3980bc303fcbe4d2651,Southern,Ruhango,Byimana,Nyakabuye,Gasasa
66d9c3980bc303fcbe4d2656,Southern,Ruhango,Byimana,Nyakabuye,Nyarubumbiro
66d9c3980bc303fcbe4d265e,Southern,Ruhango,Kabagali,Bihembe,Rusisiro
66d9c3980bc303fcbe4d266d,Southern,Ruhango,Kabagali,Munanira,Remera
66d9c3980bc303fcbe4d266e,Southern,Ruhango,Kabagali,Munanira,Ruyogoro
66d9c3980bc303fcbe4d2672,Southern,Ruhango,Kabagali,Remera,Muhororo
66d9c3980bc303fcbe4d2677,Southern,Ruhango,Kabagali,Rwesero,Mayebe
66d9c3980bc303fcbe4d2685,Southern,Ruhango,Kabagali,Rwoga,Nyarushishi
66d9c3980bc303fcbe4d268a,Southern,Ruhango,Kinazi,Burima,Nyamiyaga
66d9c3980bc303fcbe4d26b3,Southern,Ruhango,Kinazi,Rutabo,Mukoma
66d9c3980bc303fcbe4d26a3,Southern,Ruhango,Kinazi,Kinazi,Nyabisindu
66d9c3980bc303fcbe4d269e,Southern,Ruhango,Kinazi,Kinazi,Kareshya
66d9c3980bc303fcbe4d269f,Southern,Ruhango,Kinazi,Kinazi,Karuhuga
66d9c3980bc303fcbe4d26aa,Southern,Ruhango,Kinazi,Rubona,Gashike
66d9c3980bc303fcbe4d26b5,Southern,Ruhango,Kinazi,Rutabo,Nyarunazi
66d9c3980bc303fcbe4d267c,Southern,Ruhango,Kabagali,Rwoga,Cyunyu
66d9c3980bc303fcbe4d267d,Southern,Ruhango,Kabagali,Rwoga,Gasharu
66d9c3980bc303fcbe4d267e,Southern,Ruhango,Kabagali,Rwoga,Gitwa
66d9c3980bc303fcbe4d2689,Southern,Ruhango,Kinazi,Burima,Nyagahama
66d9c3980bc303fcbe4d2690,Southern,Ruhango,Kinazi,Gisali,Kakirenzi
66d9c3980bc303fcbe4d2698,Southern,Ruhango,Kinazi,Kinazi,Gasiza
66d9c3980bc303fcbe4d269d,Southern,Ruhango,Kinazi,Kinazi,Karama
66d9c3980bc303fcbe4d26ab,Southern,Ruhango,Kinazi,Rubona,Kagazi
66d9c3980bc303fcbe4d26ad,Southern,Ruhango,Kinazi,Rubona,Rubona
66d9c3980bc303fcbe4d26d3,Southern,Ruhango,Kinihira,Muyunzwe,Nyarutovu
66d9c3980bc303fcbe4d26ef,Southern,Ruhango,Mbuye,Kabuga,Kinyinya
66d9c3980bc303fcbe4d26f0,Southern,Ruhango,Mbuye,Kabuga,Kirwa
66d9c3980bc303fcbe4d26eb,Southern,Ruhango,Mbuye,Gisanga,Nyarugenge
66d9c3980bc303fcbe4d26bb,Southern,Ruhango,Kinihira,Bweramvura,Gihororo
66d9c3980bc303fcbe4d26ca,Southern,Ruhango,Kinihira,Kirwa,Muyange
66d9c3980bc303fcbe4d26cc,Southern,Ruhango,Kinihira,Kirwa,Rukeri
66d9c3980bc303fcbe4d26dc,Southern,Ruhango,Kinihira,Rukina,Kabacuzi
66d9c3980bc303fcbe4d26e2,Southern,Ruhango,Mbuye,Cyanza,Murambi
66d9c3980bc303fcbe4d26ed,Southern,Ruhango,Mbuye,Gisanga,Sahara
66d9c3980bc303fcbe4d26b9,Southern,Ruhango,Kinihira,Bweramvura,Bugarura
66d9c3980bc303fcbe4d26bd,Southern,Ruhango,Kinihira,Bweramvura,Nyabivumu
66d9c3980bc303fcbe4d26c7,Southern,Ruhango,Kinihira,Gitinda,Rugarama
66d9c3980bc303fcbe4d26cb,Southern,Ruhango,Kinihira,Kirwa,Nyarubuye
66d9c3980bc303fcbe4d26cd,Southern,Ruhango,Kinihira,Kirwa,Sunzu
66d9c3980bc303fcbe4d26e0,Southern,Ruhango,Kinihira,Rukina,Murinzi
66d9c3980bc303fcbe4d26e7,Southern,Ruhango,Mbuye,Gisanga,Gisanga
66d9c3980bc303fcbe4d26ec,Southern,Ruhango,Mbuye,Gisanga,Sabudari
66d9c3980bc303fcbe4d26f5,Southern,Ruhango,Mbuye,Kabuga,Nyamutarama
66d9c3980bc303fcbe4d26f9,Southern,Ruhango,Mbuye,Kizibere,Biraro
66d9c3980bc303fcbe4d26fa,Southern,Ruhango,Mbuye,Kizibere,Bunyeshywa
66d9c3980bc303fcbe4d272a,Southern,Ruhango,Mwendo,Gishweru,Rubona
66d9c3980bc303fcbe4d272f,Southern,Ruhango,Mwendo,Kigarama,Gisiza
66d9c3980bc303fcbe4d2700,Southern,Ruhango,Mbuye,Kizibere,Rebero
66d9c3980bc303fcbe4d270b,Southern,Ruhango,Mbuye,Mwendo,Gafunzo
66d9c3980bc303fcbe4d2731,Southern,Ruhango,Mwendo,Kigarama,Kabacuzi
66d9c3980bc303fcbe4d2701,Southern,Ruhango,Mbuye,Kizibere,Ruhuha
66d9c3980bc303fcbe4d2704,Southern,Ruhango,Mbuye,Mbuye,Cyobe
66d9c3980bc303fcbe4d270d,Southern,Ruhango,Mbuye,Mwendo,Gatare
66d9c3980bc303fcbe4d264f,Southern,Ruhango,Byimana,Ntenyo,Nyabisindu
66d9c3980bc303fcbe4d265b,Southern,Ruhango,Kabagali,Bihembe,Kirwa
66d9c3980bc303fcbe4d263b,Southern,Ruhango,Byimana,Mpanda,Nyaburondwe
66d9c3980bc303fcbe4d2647,Southern,Ruhango,Byimana,Ntenyo,Bugarura
66d9c3980bc303fcbe4d2657,Southern,Ruhango,Byimana,Nyakabuye,Nyarutovu
66d9c3980bc303fcbe4d265c,Southern,Ruhango,Kabagali,Bihembe,Misambagiro
66d9c3980bc303fcbe4d263f,Southern,Ruhango,Byimana,Muhororo,Karenge
66d9c3980bc303fcbe4d2641,Southern,Ruhango,Byimana,Muhororo,Mbuye
66d9c3980bc303fcbe4d2643,Southern,Ruhango,Byimana,Muhororo,Nyarunyinya
66d9c3980bc303fcbe4d264b,Southern,Ruhango,Byimana,Ntenyo,Kavumu
66d9c3980bc303fcbe4d2659,Southern,Ruhango,Kabagali,Bihembe,Bwama
66d9c3980bc303fcbe4d2669,Southern,Ruhango,Kabagali,Munanira,Munanira
66d9c3980bc303fcbe4d2665,Southern,Ruhango,Kabagali,Karambi,Rambyanyana
66d9c3980bc303fcbe4d2695,Southern,Ruhango,Kinazi,Gisali,Nyabusunzu
66d9c3980bc303fcbe4d2678,Southern,Ruhango,Kabagali,Rwesero,Nyabivumu
66d9c3980bc303fcbe4d2682,Southern,Ruhango,Kabagali,Rwoga,Kiyanja
66d9c3980bc303fcbe4d2680,Southern,Ruhango,Kabagali,Rwoga,Kanyinya
66d9c3980bc303fcbe4d268b,Southern,Ruhango,Kinazi,Burima,Nyarugenge
66d9c3980bc303fcbe4d2694,Southern,Ruhango,Kinazi,Gisali,Matara
66d9c3980bc303fcbe4d269c,Southern,Ruhango,Kinazi,Kinazi,Kamabuye
66d9c3980bc303fcbe4d26a5,Southern,Ruhango,Kinazi,Kinazi,Rebero
66d9c3980bc303fcbe4d26af,Southern,Ruhango,Kinazi,Rutabo,Bugiranteko
66d9c3980bc303fcbe4d267f,Southern,Ruhango,Kabagali,Rwoga,Kabakamba
66d9c3980bc303fcbe4d2696,Southern,Ruhango,Kinazi,Gisali,Nyiranduga
66d9c3980bc303fcbe4d26b2,Southern,Ruhango,Kinazi,Rutabo,Kanka
66d9c3980bc303fcbe4d26ba,Southern,Ruhango,Kinihira,Bweramvura,Gahororo
66d9c3980bc303fcbe4d26c6,Southern,Ruhango,Kinihira,Gitinda,Rubona
66d9c3980bc303fcbe4d26d0,Southern,Ruhango,Kinihira,Muyunzwe,Muyunzwe
66d9c3980bc303fcbe4d26d1,Southern,Ruhango,Kinihira,Muyunzwe,Nyamirambo
66d9c3980bc303fcbe4d26be,Southern,Ruhango,Kinihira,Bweramvura,Nyagisenyi
66d9c3980bc303fcbe4d26c9,Southern,Ruhango,Kinihira,Kirwa,Kabareshya
66d9c3980bc303fcbe4d26ce,Southern,Ruhango,Kinihira,Kirwa,Wimana
66d9c3980bc303fcbe4d26e1,Southern,Ruhango,Mbuye,Cyanza,Kabungo
66d9c3980bc303fcbe4d26e3,Southern,Ruhango,Mbuye,Cyanza,Nyamikoni
66d9c3980bc303fcbe4d26ee,Southern,Ruhango,Mbuye,Kabuga,Kabuga
66d9c3980bc303fcbe4d26c8,Southern,Ruhango,Kinihira,Kirwa,Gasharu
66d9c3980bc303fcbe4d26d4,Southern,Ruhango,Kinihira,Muyunzwe,Ruhuha
66d9c3980bc303fcbe4d26df,Southern,Ruhango,Kinihira,Rukina,Munini
66d9c3980bc303fcbe4d2725,Southern,Ruhango,Mwendo,Gafunzo,Rutagara
66d9c3980bc303fcbe4d2706,Southern,Ruhango,Mbuye,Mbuye,Kanyinya
66d9c3980bc303fcbe4d2711,Southern,Ruhango,Mbuye,Mwendo,Karama
66d9c3980bc303fcbe4d2715,Southern,Ruhango,Mbuye,Mwendo,Mataba
66d9c3980bc303fcbe4d2722,Southern,Ruhango,Mwendo,Gafunzo,Nyamigina
66d9c3980bc303fcbe4d26fc,Southern,Ruhango,Mbuye,Kizibere,Kivumu
66d9c3980bc303fcbe4d2707,Southern,Ruhango,Mbuye,Mbuye,Kinyambo
66d9c3980bc303fcbe4d2714,Southern,Ruhango,Mbuye,Mwendo,Kidoma
66d9c3980bc303fcbe4d2718,Southern,Ruhango,Mbuye,Nyakarekare,Jari
66d9c3980bc303fcbe4d2719,Southern,Ruhango,Mbuye,Nyakarekare,Kigabiro
66d9c3980bc303fcbe4d271a,Southern,Ruhango,Mbuye,Nyakarekare,Nyakarekare
66d9c3980bc303fcbe4d271b,Southern,Ruhango,Mbuye,Nyakarekare,Nyaruyonga
66d9c3980bc303fcbe4d2726,Southern,Ruhango,Mwendo,Gishweru,Kanzu
66d9c3980bc303fcbe4d2728,Southern,Ruhango,Mwendo,Gishweru,Nyakabuye
66d9c3980bc303fcbe4d2708,Southern,Ruhango,Mbuye,Mbuye,Ruyenzi
66d9c3980bc303fcbe4d2709,Southern,Ruhango,Mbuye,Mbuye,Rwimposha
66d9c3980bc303fcbe4d271f,Southern,Ruhango,Mwendo,Gafunzo,Kagarama
66d9c3980bc303fcbe4d273d,Southern,Ruhango,Mwendo,Mutara,Kakarima
66d9c3980bc303fcbe4d2748,Southern,Ruhango,Mwendo,Saruheshyi,Gaseke
66d9c3980bc303fcbe4d2753,Southern,Ruhango,Ntongwe,Kareba,Kavumu
66d9c3980bc303fcbe4d2759,Southern,Ruhango,Ntongwe,Kayenzi,Ntungamo
66d9c3980bc303fcbe4d275f,Southern,Ruhango,Ntongwe,Kebero,Nyabigunzu
66d9c3980bc303fcbe4d2739,Southern,Ruhango,Mwendo,Kubutare,Karambo
66d9c3980bc303fcbe4d2741,Southern,Ruhango,Mwendo,Nyabibugu,Kiganira
66d9c3980bc303fcbe4d2744,Southern,Ruhango,Mwendo,Nyabibugu,Nyaruvumu
66d9c3980bc303fcbe4d274f,Southern,Ruhango,Ntongwe,Gako,Kantwari
66d9c3980bc303fcbe4d270e,Southern,Ruhango,Mbuye,Mwendo,Giticyuma
66d9c3980bc303fcbe4d2717,Southern,Ruhango,Mbuye,Nyakarekare,Bereshi
66d9c3980bc303fcbe4d271c,Southern,Ruhango,Mbuye,Nyakarekare,Rubona
66d9c3980bc303fcbe4d272b,Southern,Ruhango,Mwendo,Kamujisho,Bugaramantare
66d9c3980bc303fcbe4d272d,Southern,Ruhango,Mwendo,Kamujisho,Gitwa
66d9c3980bc303fcbe4d2734,Southern,Ruhango,Mwendo,Kigarama,Kamuzimanganya
66d9c3980bc303fcbe4d2735,Southern,Ruhango,Mwendo,Kigarama,Kivumu
66d9c3980bc303fcbe4d2746,Southern,Ruhango,Mwendo,Nyabibugu,Ryakabunga
66d9c3980bc303fcbe4d2750,Southern,Ruhango,Ntongwe,Gako,Nyabuhuzu
66d9c3980bc303fcbe4d2756,Southern,Ruhango,Ntongwe,Kareba,Ruko
66d9c3980bc303fcbe4d275a,Southern,Ruhango,Ntongwe,Kayenzi,Nyagatovu
66d9c3980bc303fcbe4d2760,Southern,Ruhango,Ntongwe,Kebero,Nyabitare
66d9c3980bc303fcbe4d2766,Southern,Ruhango,Ntongwe,Nyakabungo,Byimana
66d9c3980bc303fcbe4d2775,Southern,Ruhango,Ntongwe,Nyarurama,Nyarugenge
66d9c3980bc303fcbe4d2742,Southern,Ruhango,Mwendo,Nyabibugu,Ntongwe
66d9c3980bc303fcbe4d276a,Southern,Ruhango,Ntongwe,Nyakabungo,Kigabiro
66d9c3980bc303fcbe4d2770,Southern,Ruhango,Ntongwe,Nyarurama,Kamaraba
66d9c3980bc303fcbe4d2738,Southern,Ruhango,Mwendo,Kubutare,Gasyogogo
66d9c3980bc303fcbe4d273a,Southern,Ruhango,Mwendo,Mutara,Bunyankungu
66d9c3980bc303fcbe4d2743,Southern,Ruhango,Mwendo,Nyabibugu,Nyarutovu
66d9c3980bc303fcbe4d274a,Southern,Ruhango,Mwendo,Saruheshyi,Rugasari
66d9c3980bc303fcbe4d274b,Southern,Ruhango,Mwendo,Saruheshyi,Ruhondo
66d9c3980bc303fcbe4d275c,Southern,Ruhango,Ntongwe,Kebero,Cyeru
66d9c3980bc303fcbe4d275e,Southern,Ruhango,Ntongwe,Kebero,Kaburanjwiri
66d9c3980bc303fcbe4d276c,Southern,Ruhango,Ntongwe,Nyakabungo,Mutima
66d9c3980bc303fcbe4d2774,Southern,Ruhango,Ntongwe,Nyarurama,Nyamirambo
66d9c3980bc303fcbe4d277c,Southern,Ruhango,Ruhango,Buhoro,Kabeza
66d9c3980bc303fcbe4d2781,Southern,Ruhango,Ruhango,Buhoro,Ntinyinshi
66d9c3980bc303fcbe4d27a9,Southern,Ruhango,Ruhango,Munini,Gaseke
66d9c3980bc303fcbe4d277f,Southern,Ruhango,Ruhango,Buhoro,Muhororo I
66d9c3980bc303fcbe4d2780,Southern,Ruhango,Ruhango,Buhoro,Muhororo Ii
66d9c3980bc303fcbe4d2782,Southern,Ruhango,Ruhango,Buhoro,Nyagasozi
66d9c3980bc303fcbe4d2791,Southern,Ruhango,Ruhango,Bunyogombe,Kigarama
66d9c3980bc303fcbe4d2795,Southern,Ruhango,Ruhango,Bunyogombe,Remera
66d9c3980bc303fcbe4d2796,Southern,Ruhango,Ruhango,Bunyogombe,Rubazi
66d9c3980bc303fcbe4d27a4,Southern,Ruhango,Ruhango,Munini,Bisambu
66d9c3980bc303fcbe4d27a6,Southern,Ruhango,Ruhango,Munini,Bwiza
66d9c3980bc303fcbe4d27a8,Southern,Ruhango,Ruhango,Munini,Gahama
66d9c3980bc303fcbe4d27af,Southern,Ruhango,Ruhango,Munini,Kibingo
66d9c3980bc303fcbe4d277b,Southern,Ruhango,Ruhango,Buhoro,Gako
66d9c3980bc303fcbe4d279b,Southern,Ruhango,Ruhango,Gikoma,Karama
66d9c3980bc303fcbe4d27a0,Southern,Ruhango,Ruhango,Gikoma,Rubiha
66d9c3980bc303fcbe4d27ab,Southern,Ruhango,Ruhango,Munini,Gitwa
66d9c3980bc303fcbe4d27ad,Southern,Ruhango,Ruhango,Munini,Kaburanjwiri
66d9c3980bc303fcbe4d27ba,Southern,Ruhango,Ruhango,Musamo,Gaseke
66d9c3980bc303fcbe4d27c9,Southern,Ruhango,Ruhango,Nyamagana,Bwangacumu
66d9c3980bc303fcbe4d27d6,Southern,Ruhango,Ruhango,Nyamagana,Ntungamo
66d9c3980bc303fcbe4d27bc,Southern,Ruhango,Ruhango,Musamo,Kabere
66d9c3980bc303fcbe4d27ce,Southern,Ruhango,Ruhango,Nyamagana,Kigabiro
66d9c3980bc303fcbe4d27d8,Southern,Ruhango,Ruhango,Nyamagana,Nyagasozi
66d9c3980bc303fcbe4d27ea,Southern,Ruhango,Ruhango,Rwoga,Mwezi
66d9c3980bc303fcbe4d27ee,Southern,Ruhango,Ruhango,Rwoga,Rwoga
66d9c3980bc303fcbe4d27b8,Southern,Ruhango,Ruhango,Munini,Rwezamenyo
66d9c3980bc303fcbe4d27bb,Southern,Ruhango,Ruhango,Musamo,Jokoma
66d9c3980bc303fcbe4d27bf,Southern,Ruhango,Ruhango,Musamo,Kinkene
66d9c3980bc303fcbe4d27cc,Southern,Ruhango,Ruhango,Nyamagana,Gutamba
66d9c3980bc303fcbe4d27de,Southern,Ruhango,Ruhango,Nyamagana,Ruhuha
66d9c3980bc303fcbe4d27e6,Southern,Ruhango,Ruhango,Rwoga,Kangoga
66d9c3980bc303fcbe4d27f1,Southern,Ruhango,Ruhango,Tambwe,Nyamugari I
66d9c3980bc303fcbe4d27f2,Southern,Ruhango,Ruhango,Tambwe,Nyamugari Ii
66d9c3980bc303fcbe4d27f7,Southern,Ruhango,Ruhango,Tambwe,Rugondo
66d9c3980bc303fcbe4d2800,Southern,Muhanga,Cyeza,Kigarama,Mataba
66d9c3980bc303fcbe4d2816,Southern,Muhanga,Cyeza,Shori,Gitondwe
66d9c3980bc303fcbe4d2831,Southern,Muhanga,Kabacuzi,Ngarama,Mpanga
66d9c3980bc303fcbe4d2751,Southern,Ruhango,Ntongwe,Gako,Nyabyugi
66d9c3980bc303fcbe4d2762,Southern,Ruhango,Ntongwe,Kebero,Ruko
66d9c3980bc303fcbe4d2768,Southern,Ruhango,Ntongwe,Nyakabungo,Kamaraba
66d9c3980bc303fcbe4d2769,Southern,Ruhango,Ntongwe,Nyakabungo,Karama
66d9c3980bc303fcbe4d276d,Southern,Ruhango,Ntongwe,Nyakabungo,Nyamirama
66d9c3980bc303fcbe4d2755,Southern,Ruhango,Ntongwe,Kareba,Marimba
66d9c3980bc303fcbe4d275b,Southern,Ruhango,Ntongwe,Kayenzi,Nyamigende
66d9c3980bc303fcbe4d2792,Southern,Ruhango,Ruhango,Bunyogombe,Murehe
66d9c3980bc303fcbe4d27ac,Southern,Ruhango,Ruhango,Munini,Kabaja
66d9c3980bc303fcbe4d2779,Southern,Ruhango,Ntongwe,Nyarurama,Rwintama
66d9c3980bc303fcbe4d278c,Southern,Ruhango,Ruhango,Bunyogombe,Kamugaza
66d9c3980bc303fcbe4d278e,Southern,Ruhango,Ruhango,Bunyogombe,Kasemahundo
66d9c3980bc303fcbe4d279d,Southern,Ruhango,Ruhango,Gikoma,Nangurugomo
66d9c3980bc303fcbe4d27b3,Southern,Ruhango,Ruhango,Munini,Munini
66d9c3980bc303fcbe4d27b5,Southern,Ruhango,Ruhango,Munini,Nyabinyenga
66d9c3980bc303fcbe4d277a,Southern,Ruhango,Ruhango,Buhoro,Buhoro
66d9c3980bc303fcbe4d277e,Southern,Ruhango,Ruhango,Buhoro,Karambo
66d9c3980bc303fcbe4d2783,Southern,Ruhango,Ruhango,Buhoro,Nyangandika
66d9c3980bc303fcbe4d2788,Southern,Ruhango,Ruhango,Bunyogombe,Gacoko
66d9c3980bc303fcbe4d2790,Southern,Ruhango,Ruhango,Bunyogombe,Kigabiro
66d9c3980bc303fcbe4d2793,Southern,Ruhango,Ruhango,Bunyogombe,Nyabibugu
66d9c3980bc303fcbe4d279c,Southern,Ruhango,Ruhango,Gikoma,Murambi
66d9c3980bc303fcbe4d27a5,Southern,Ruhango,Ruhango,Munini,Bugari
66d9c3980bc303fcbe4d27b1,Southern,Ruhango,Ruhango,Munini,Kirima
66d9c3980bc303fcbe4d27f6,Southern,Ruhango,Ruhango,Tambwe,Rugarama
66d9c3980bc303fcbe4d27c1,Southern,Ruhango,Ruhango,Musamo,Mwali
66d9c3980bc303fcbe4d27dd,Southern,Ruhango,Ruhango,Nyamagana,Ruhango
66d9c3980bc303fcbe4d27e2,Southern,Ruhango,Ruhango,Rwoga,Bushenyi
66d9c3980bc303fcbe4d27e9,Southern,Ruhango,Ruhango,Rwoga,Muyange
66d9c3980bc303fcbe4d27f3,Southern,Ruhango,Ruhango,Tambwe,Nyundo
66d9c3980bc303fcbe4d27bd,Southern,Ruhango,Ruhango,Musamo,Kamabare
66d9c3980bc303fcbe4d27c2,Southern,Ruhango,Ruhango,Musamo,Rwinkuba
66d9c3980bc303fcbe4d27d7,Southern,Ruhango,Ruhango,Nyamagana,Nyabihanga
66d9c3980bc303fcbe4d27e5,Southern,Ruhango,Ruhango,Rwoga,Kabambati
66d9c3980bc303fcbe4d27e8,Southern,Ruhango,Ruhango,Rwoga,Kibiraro
66d9c3980bc303fcbe4d27f4,Southern,Ruhango,Ruhango,Tambwe,Ruduha I
66d9c3980bc303fcbe4d27c4,Southern,Ruhango,Ruhango,Musamo,Ryanyiranda
66d9c3980bc303fcbe4d27c5,Southern,Ruhango,Ruhango,Musamo,Wimana
66d9c3980bc303fcbe4d27c6,Southern,Ruhango,Ruhango,Nyamagana,Bumbogo
66d9c3980bc303fcbe4d27cb,Southern,Ruhango,Ruhango,Nyamagana,Gatengezi
66d9c3980bc303fcbe4d27d5,Southern,Ruhango,Ruhango,Nyamagana,Ngurukizi
66d9c3980bc303fcbe4d27e1,Southern,Ruhango,Ruhango,Rwoga,Bunyogombe
66d9c3980bc303fcbe4d27f9,Southern,Muhanga,Cyeza,Biringaga,Gatare
66d9c3980bc303fcbe4d2812,Southern,Muhanga,Cyeza,Nyarunyinya,Buhoro
66d9c3980bc303fcbe4d280d,Southern,Muhanga,Cyeza,Makera,Kigaga
66d9c3980bc303fcbe4d2815,Southern,Muhanga,Cyeza,Nyarunyinya,Rusave
66d9c3980bc303fcbe4d281f,Southern,Muhanga,Kabacuzi,Buramba,Musasa
66d9c3980bc303fcbe4d2826,Southern,Muhanga,Kabacuzi,Kavumu,Gasave
66d9c3980bc303fcbe4d2837,Southern,Muhanga,Kabacuzi,Ngoma,Peru
66d9c3980bc303fcbe4d2638,Southern,Ruhango,Byimana,Mpanda,Karenge
66d9c3980bc303fcbe4d2650,Southern,Ruhango,Byimana,Ntenyo,Rukiriza
66d9c3980bc303fcbe4d265d,Southern,Ruhango,Kabagali,Bihembe,Nyagatovu
66d9c3980bc303fcbe4d2671,Southern,Ruhango,Kabagali,Remera,Kamuhirwa
66d9c3980bc303fcbe4d263d,Southern,Ruhango,Byimana,Muhororo,Bukomero
66d9c3980bc303fcbe4d264a,Southern,Ruhango,Byimana,Ntenyo,Kamurenzi
66d9c3980bc303fcbe4d2658,Southern,Ruhango,Kabagali,Bihembe,Bihembe
66d9c3980bc303fcbe4d2662,Southern,Ruhango,Kabagali,Karambi,Kashyamba
66d9c3980bc303fcbe4d2666,Southern,Ruhango,Kabagali,Munanira,Byimana
66d9c3980bc303fcbe4d2670,Southern,Ruhango,Kabagali,Remera,Kabacuzi
66d9c3980bc303fcbe4d2648,Southern,Ruhango,Byimana,Ntenyo,Gihinga
66d9c3980bc303fcbe4d2655,Southern,Ruhango,Byimana,Nyakabuye,Ndago
66d9c3980bc303fcbe4d265f,Southern,Ruhango,Kabagali,Karambi,Bugaramantare
66d9c3980bc303fcbe4d268f,Southern,Ruhango,Kinazi,Gisali,Kaduha
66d9c3980bc303fcbe4d2699,Southern,Ruhango,Kinazi,Kinazi,Impara
66d9c3980bc303fcbe4d26a9,Southern,Ruhango,Kinazi,Rubona,Gako
66d9c3980bc303fcbe4d26ae,Southern,Ruhango,Kinazi,Rubona,Susa
66d9c3980bc303fcbe4d26b6,Southern,Ruhango,Kinazi,Rutabo,Nyirarubayi
66d9c3980bc303fcbe4d2679,Southern,Ruhango,Kabagali,Rwesero,Remera
66d9c3980bc303fcbe4d2681,Southern,Ruhango,Kabagali,Rwoga,Kavumu
66d9c3980bc303fcbe4d2684,Southern,Ruhango,Kabagali,Rwoga,Nyagisenyi
66d9c3980bc303fcbe4d2686,Southern,Ruhango,Kabagali,Rwoga,Rusebeya
66d9c3980bc303fcbe4d2687,Southern,Ruhango,Kinazi,Burima,Burima
66d9c3980bc303fcbe4d26a2,Southern,Ruhango,Kinazi,Kinazi,Nyabinyenga
66d9c3980bc303fcbe4d26a7,Southern,Ruhango,Kinazi,Rubona,Buhanika
66d9c3980bc303fcbe4d26a8,Southern,Ruhango,Kinazi,Rubona,Gafumba
66d9c3980bc303fcbe4d26b4,Southern,Ruhango,Kinazi,Rutabo,Nyarugunga
66d9c3980bc303fcbe4d2691,Southern,Ruhango,Kinazi,Gisali,Kamuraza
66d9c3980bc303fcbe4d2692,Southern,Ruhango,Kinazi,Gisali,Kanaba
66d9c3980bc303fcbe4d269b,Southern,Ruhango,Kinazi,Kinazi,Kacyiru
66d9c3980bc303fcbe4d26a6,Southern,Ruhango,Kinazi,Kinazi,Ruhuha
66d9c3980bc303fcbe4d26d7,Southern,Ruhango,Kinihira,Nyakogo,Gashirabwoba
66d9c3980bc303fcbe4d26db,Southern,Ruhango,Kinihira,Rukina,Dusenyi
66d9c3980bc303fcbe4d26e6,Southern,Ruhango,Mbuye,Gisanga,Bienvenue
66d9c3980bc303fcbe4d26c1,Southern,Ruhango,Kinihira,Gitinda,Nyagatovu
66d9c3980bc303fcbe4d26c5,Southern,Ruhango,Kinihira,Gitinda,Remera
66d9c3980bc303fcbe4d26cf,Southern,Ruhango,Kinihira,Muyunzwe,Gasiza
66d9c3980bc303fcbe4d26d8,Southern,Ruhango,Kinihira,Nyakogo,Kibirizi
66d9c3980bc303fcbe4d26e4,Southern,Ruhango,Mbuye,Cyanza,Rwamiko
66d9c3980bc303fcbe4d26e8,Southern,Ruhango,Mbuye,Gisanga,Gishari
66d9c3980bc303fcbe4d26f7,Southern,Ruhango,Mbuye,Kabuga,Rwinkuba
66d9c3980bc303fcbe4d26c4,Southern,Ruhango,Kinihira,Gitinda,Nyarusange
66d9c3980bc303fcbe4d26d9,Southern,Ruhango,Kinihira,Nyakogo,Rusizi
66d9c3980bc303fcbe4d26da,Southern,Ruhango,Kinihira,Nyakogo,Shamba
66d9c3980bc303fcbe4d26e9,Southern,Ruhango,Mbuye,Gisanga,Karama
66d9c3980bc303fcbe4d26f1,Southern,Ruhango,Mbuye,Kabuga,Mpungwe
66d9c3980bc303fcbe4d26f8,Southern,Ruhango,Mbuye,Kizibere,Bereshi
66d9c3980bc303fcbe4d26fd,Southern,Ruhango,Mbuye,Kizibere,Kizibere
66d9c3980bc303fcbe4d26fe,Southern,Ruhango,Mbuye,Kizibere,Mayunzwe
66d9c3980bc303fcbe4d270c,Southern,Ruhango,Mbuye,Mwendo,Gasanganya
66d9c3980bc303fcbe4d2720,Southern,Ruhango,Mwendo,Gafunzo,Kajevuba
66d9c3980bc303fcbe4d2732,Southern,Ruhango,Mwendo,Kigarama,Kaburinga
66d9c3980bc303fcbe4d2736,Southern,Ruhango,Mwendo,Kubutare,Buhoro
66d9c3980bc303fcbe4d2705,Southern,Ruhango,Mbuye,Mbuye,Kamurema
66d9c3980bc303fcbe4d270a,Southern,Ruhango,Mbuye,Mwendo,Cyanika
66d9c3980bc303fcbe4d2712,Southern,Ruhango,Mbuye,Mwendo,Karusizi
66d9c3980bc303fcbe4d2713,Southern,Ruhango,Mbuye,Mwendo,Kavumu
66d9c3980bc303fcbe4d2721,Southern,Ruhango,Mwendo,Gafunzo,Kimburu
66d9c3980bc303fcbe4d2723,Southern,Ruhango,Mwendo,Gafunzo,Nyamugari
66d9c3980bc303fcbe4d272e,Southern,Ruhango,Mwendo,Kamujisho,Nyarusange
66d9c3980bc303fcbe4d2733,Southern,Ruhango,Mwendo,Kigarama,Kamuganga
66d9c3980bc303fcbe4d2737,Southern,Ruhango,Mwendo,Kubutare,Dusego
66d9c3980bc303fcbe4d2702,Southern,Ruhango,Mbuye,Mbuye,Buremera
66d9c3980bc303fcbe4d2730,Southern,Ruhango,Mwendo,Kigarama,Gitaraga
66d9c3980bc303fcbe4d2832,Southern,Muhanga,Kabacuzi,Ngarama,Nzovi
66d9c3980bc303fcbe4d2808,Southern,Muhanga,Cyeza,Kivumu,Kamonyi
66d9c3980bc303fcbe4d2810,Southern,Muhanga,Cyeza,Nyarunyinya,Bishike
66d9c3980bc303fcbe4d282a,Southern,Muhanga,Kabacuzi,Kavumu,Rukoma
66d9c3980bc303fcbe4d2806,Southern,Muhanga,Cyeza,Kivumu,Bwirika
66d9c3980bc303fcbe4d2811,Southern,Muhanga,Cyeza,Nyarunyinya,Bucyeye
66d9c3980bc303fcbe4d2824,Southern,Muhanga,Kabacuzi,Kabuye,Kabuga
66d9c3980bc303fcbe4d27fb,Southern,Muhanga,Cyeza,Biringaga,Kuwimana
66d9c3980bc303fcbe4d2640,Southern,Ruhango,Byimana,Muhororo,Kigarama
66d9c3980bc303fcbe4d2642,Southern,Ruhango,Byimana,Muhororo,Nyamiseke
66d9c3980bc303fcbe4d264e,Southern,Ruhango,Byimana,Ntenyo,Ntenyo
66d9c3980bc303fcbe4d2654,Southern,Ruhango,Byimana,Nyakabuye,Muhororo
66d9c3980bc303fcbe4d2664,Southern,Ruhango,Kabagali,Karambi,Muhoza
66d9c3980bc303fcbe4d266b,Southern,Ruhango,Kabagali,Munanira,Musekera
66d9c3980bc303fcbe4d266f,Southern,Ruhango,Kabagali,Remera,Birambo
66d9c3980bc303fcbe4d2673,Southern,Ruhango,Kabagali,Remera,Nyarusange
66d9c3980bc303fcbe4d2676,Southern,Ruhango,Kabagali,Rwesero,Bugaramantare
66d9c3980bc303fcbe4d2644,Southern,Ruhango,Byimana,Muhororo,Remera
66d9c3980bc303fcbe4d265a,Southern,Ruhango,Kabagali,Bihembe,Kanyinya
66d9c3980bc303fcbe4d2660,Southern,Ruhango,Kabagali,Karambi,Karambi
66d9c3980bc303fcbe4d2674,Southern,Ruhango,Kabagali,Remera,Ruhare
66d9c3980bc303fcbe4d263a,Southern,Ruhango,Byimana,Mpanda,Mpanda
66d9c3980bc303fcbe4d263e,Southern,Ruhango,Byimana,Muhororo,Karama
66d9c3980bc303fcbe4d263c,Southern,Ruhango,Byimana,Mpanda,Nyagahinga
66d9c3980bc303fcbe4d2652,Southern,Ruhango,Byimana,Nyakabuye,Gatobotobo
66d9c3980bc303fcbe4d2661,Southern,Ruhango,Kabagali,Karambi,Karurara
66d9c3980bc303fcbe4d2668,Southern,Ruhango,Kabagali,Munanira,Kavumu
66d9c3980bc303fcbe4d266c,Southern,Ruhango,Kabagali,Munanira,Nyabyunyu
66d9c3980bc303fcbe4d267b,Southern,Ruhango,Kabagali,Rwesero,Serugeme
66d9c3980bc303fcbe4d2688,Southern,Ruhango,Kinazi,Burima,Mirambi
66d9c3980bc303fcbe4d268c,Southern,Ruhango,Kinazi,Burima,Nyaruteja
66d9c3980bc303fcbe4d268d,Southern,Ruhango,Kinazi,Gisali,Gisari
66d9c3980bc303fcbe4d268e,Southern,Ruhango,Kinazi,Gisali,Kabeza
66d9c3980bc303fcbe4d2697,Southern,Ruhango,Kinazi,Gisali,Remera
66d9c3980bc303fcbe4d26b7,Southern,Ruhango,Kinazi,Rutabo,Runzenze
66d9c3980bc303fcbe4d26a1,Southern,Ruhango,Kinazi,Kinazi,Mpemba
66d9c3980bc303fcbe4d26ac,Southern,Ruhango,Kinazi,Rubona,Kigarama
66d9c3980bc303fcbe4d26b1,Southern,Ruhango,Kinazi,Rutabo,Gitwa
66d9c3980bc303fcbe4d267a,Southern,Ruhango,Kabagali,Rwesero,Rwesero
66d9c3980bc303fcbe4d26a0,Southern,Ruhango,Kinazi,Kinazi,Marche -commun
66d9c3980bc303fcbe4d2683,Southern,Ruhango,Kabagali,Rwoga,Nyabitare
66d9c3980bc303fcbe4d2693,Southern,Ruhango,Kinazi,Gisali,Kibanda
66d9c3980bc303fcbe4d269a,Southern,Ruhango,Kinazi,Kinazi,Kabuga
66d9c3980bc303fcbe4d26a4,Southern,Ruhango,Kinazi,Kinazi,Nyiraruhinga
66d9c3980bc303fcbe4d26b0,Southern,Ruhango,Kinazi,Rutabo,Gatonde
66d9c3980bc303fcbe4d26b8,Southern,Ruhango,Kinazi,Rutabo,Rutabo
66d9c3980bc303fcbe4d26bc,Southern,Ruhango,Kinihira,Bweramvura,Kabadende
66d9c3980bc303fcbe4d26c0,Southern,Ruhango,Kinihira,Gitinda,Muremure
66d9c3980bc303fcbe4d26c3,Southern,Ruhango,Kinihira,Gitinda,Nyarugunga
66d9c3980bc303fcbe4d26dd,Southern,Ruhango,Kinihira,Rukina,Kabirizi
66d9c3980bc303fcbe4d26de,Southern,Ruhango,Kinihira,Rukina,Kabuga
66d9c3980bc303fcbe4d26e5,Southern,Ruhango,Mbuye,Cyanza,Wimana
66d9c3980bc303fcbe4d26f2,Southern,Ruhango,Mbuye,Kabuga,Musenyi
66d9c3980bc303fcbe4d26f3,Southern,Ruhango,Mbuye,Kabuga,Nyabisindu
66d9c3980bc303fcbe4d26c2,Southern,Ruhango,Kinihira,Gitinda,Nyamagana
66d9c3980bc303fcbe4d26ea,Southern,Ruhango,Mbuye,Gisanga,Kavumu
66d9c3980bc303fcbe4d26f4,Southern,Ruhango,Mbuye,Kabuga,Nyakabanda
66d9c3980bc303fcbe4d26f6,Southern,Ruhango,Mbuye,Kabuga,Rugarama
66d9c3980bc303fcbe4d26d2,Southern,Ruhango,Kinihira,Muyunzwe,Nyarubumbiro
66d9c3980bc303fcbe4d26bf,Southern,Ruhango,Kinihira,Gitinda,Kabasanzu
66d9c3980bc303fcbe4d26d5,Southern,Ruhango,Kinihira,Nyakogo,Buhanda
66d9c3980bc303fcbe4d26d6,Southern,Ruhango,Kinihira,Nyakogo,Bweramana
66d9c3980bc303fcbe4d270f,Southern,Ruhango,Mbuye,Mwendo,Ipate
66d9c3980bc303fcbe4d2716,Southern,Ruhango,Mbuye,Mwendo,Vunga
66d9c3980bc303fcbe4d271d,Southern,Ruhango,Mbuye,Nyakarekare,Ruyenzi
66d9c3980bc303fcbe4d271e,Southern,Ruhango,Mbuye,Nyakarekare,Vugiza
66d9c3980bc303fcbe4d2724,Southern,Ruhango,Mwendo,Gafunzo,Ruhamagariro
66d9c3980bc303fcbe4d2727,Southern,Ruhango,Mwendo,Gishweru,Mabanza
66d9c3980bc303fcbe4d272c,Southern,Ruhango,Mwendo,Kamujisho,Gakomeye
66d9c3980bc303fcbe4d26fb,Southern,Ruhango,Mbuye,Kizibere,Kangoma
66d9c3980bc303fcbe4d26ff,Southern,Ruhango,Mbuye,Kizibere,Nyamiyaga
66d9c3980bc303fcbe4d2703,Southern,Ruhango,Mbuye,Mbuye,Cyeru
66d9c3980bc303fcbe4d2749,Southern,Ruhango,Mwendo,Saruheshyi,Gasharu
66d9c3980bc303fcbe4d274e,Southern,Ruhango,Ntongwe,Gako,Kamakara
66d9c3980bc303fcbe4d2758,Southern,Ruhango,Ntongwe,Kayenzi,Kirwa
66d9c3980bc303fcbe4d2764,Southern,Ruhango,Ntongwe,Nyagisozi,Nyamirama
66d9c3980bc303fcbe4d2773,Southern,Ruhango,Ntongwe,Nyarurama,Munini
66d9c3980bc303fcbe4d273e,Southern,Ruhango,Mwendo,Mutara,Mbunduye
66d9c3980bc303fcbe4d273f,Southern,Ruhango,Mwendo,Mutara,Murambi
66d9c3980bc303fcbe4d2747,Southern,Ruhango,Mwendo,Saruheshyi,Buhigiro
66d9c3980bc303fcbe4d274c,Southern,Ruhango,Ntongwe,Gako,Cyimana
66d9c3980bc303fcbe4d274d,Southern,Ruhango,Ntongwe,Gako,Gikoma
66d9c3980bc303fcbe4d2757,Southern,Ruhango,Ntongwe,Kayenzi,Kanyete
66d9c3980bc303fcbe4d275d,Southern,Ruhango,Ntongwe,Kebero,Gasuna
66d9c3980bc303fcbe4d2771,Southern,Ruhango,Ntongwe,Nyarurama,Karama
66d9c3980bc303fcbe4d2776,Southern,Ruhango,Ntongwe,Nyarurama,Nyarwahi
66d9c3980bc303fcbe4d2777,Southern,Ruhango,Ntongwe,Nyarurama,Ruhuha
66d9c3980bc303fcbe4d273b,Southern,Ruhango,Mwendo,Mutara,Gashiru
66d9c3980bc303fcbe4d2745,Southern,Ruhango,Mwendo,Nyabibugu,Rukeri
66d9c3980bc303fcbe4d2761,Southern,Ruhango,Ntongwe,Kebero,Nyacyonga
66d9c3980bc303fcbe4d2772,Southern,Ruhango,Ntongwe,Nyarurama,Mukoni
66d9c3980bc303fcbe4d2767,Southern,Ruhango,Ntongwe,Nyakabungo,Gacuriro
66d9c3980bc303fcbe4d2784,Southern,Ruhango,Ruhango,Buhoro,Nyarutovu I
66d9c3980bc303fcbe4d2786,Southern,Ruhango,Ruhango,Bunyogombe,Bugarura
66d9c3980bc303fcbe4d27a2,Southern,Ruhango,Ruhango,Gikoma,Ryabonyinka
66d9c3980bc303fcbe4d27b7,Southern,Ruhango,Ruhango,Munini,Ruhuha
66d9c3980bc303fcbe4d278b,Southern,Ruhango,Ruhango,Bunyogombe,Kamugaru
66d9c3980bc303fcbe4d278f,Southern,Ruhango,Ruhango,Bunyogombe,Kavumu
66d9c3980bc303fcbe4d27a7,Southern,Ruhango,Ruhango,Munini,Cyeshero
66d9c3980bc303fcbe4d27b2,Southern,Ruhango,Ruhango,Munini,Kiruhura
66d9c3980bc303fcbe4d27b6,Southern,Ruhango,Ruhango,Munini,Nyinya
66d9c3980bc303fcbe4d277d,Southern,Ruhango,Ruhango,Buhoro,Kantama
66d9c3980bc303fcbe4d27aa,Southern,Ruhango,Ruhango,Munini,Gataka
66d9c3980bc303fcbe4d27d9,Southern,Ruhango,Ruhango,Nyamagana,Nyamagana
66d9c3980bc303fcbe4d27e4,Southern,Ruhango,Ruhango,Rwoga,Gatebe
66d9c3980bc303fcbe4d27be,Southern,Ruhango,Ruhango,Musamo,Kinama
66d9c3980bc303fcbe4d27ca,Southern,Ruhango,Ruhango,Nyamagana,Gataka
66d9c3980bc303fcbe4d27cd,Southern,Ruhango,Ruhango,Nyamagana,Kamabano
66d9c3980bc303fcbe4d27d1,Southern,Ruhango,Ruhango,Nyamagana,Mabera
66d9c3980bc303fcbe4d27d4,Southern,Ruhango,Ruhango,Nyamagana,Murinzi
66d9c3980bc303fcbe4d27e0,Southern,Ruhango,Ruhango,Rwoga,Bugarama
66d9c3980bc303fcbe4d27e3,Southern,Ruhango,Ruhango,Rwoga,Gasharu
66d9c3980bc303fcbe4d27eb,Southern,Ruhango,Ruhango,Rwoga,Nyabisindu
66d9c3980bc303fcbe4d27ec,Southern,Ruhango,Ruhango,Rwoga,Ruhango
66d9c3980bc303fcbe4d27d3,Southern,Ruhango,Ruhango,Nyamagana,Mujyejuru Ii
66d9c3980bc303fcbe4d280e,Southern,Muhanga,Cyeza,Makera,Nyagatovu
66d9c3980bc303fcbe4d2813,Southern,Muhanga,Cyeza,Nyarunyinya,Gasovu
66d9c3980bc303fcbe4d2819,Southern,Muhanga,Cyeza,Shori,Nyarubuye
66d9c3980bc303fcbe4d282d,Southern,Muhanga,Kabacuzi,Kibyimba,Kanka
66d9c3980bc303fcbe4d2835,Southern,Muhanga,Kabacuzi,Ngoma,Nkegete
66d9c3980bc303fcbe4d27fd,Southern,Muhanga,Cyeza,Biringaga,Nyabisindu
66d9c3980bc303fcbe4d27fe,Southern,Muhanga,Cyeza,Kigarama,Cyanika
66d9c3980bc303fcbe4d27ff,Southern,Muhanga,Cyeza,Kigarama,Kajeje
66d9c3980bc303fcbe4d2801,Southern,Muhanga,Cyeza,Kigarama,Mbirizi
66d9c3980bc303fcbe4d2802,Southern,Muhanga,Cyeza,Kigarama,Nyagatovu
66d9c3980bc303fcbe4d2807,Southern,Muhanga,Cyeza,Kivumu,Bwiza
66d9c3980bc303fcbe4d281c,Southern,Muhanga,Kabacuzi,Buramba,Gahinga
66d9c3980bc303fcbe4d2820,Southern,Muhanga,Kabacuzi,Butare,Buyoga
66d9c3980bc303fcbe4d2828,Southern,Muhanga,Kabacuzi,Kavumu,Kabuga
66d9c3980bc303fcbe4d282c,Southern,Muhanga,Kabacuzi,Kibyimba,Kamiranzogera
66d9c3980bc303fcbe4d2830,Southern,Muhanga,Kabacuzi,Ngarama,Karambo
66d9c3980bc303fcbe4d27f8,Southern,Ruhango,Ruhango,Tambwe,Tambwe
66d9c3980bc303fcbe4d281b,Southern,Muhanga,Kabacuzi,Buramba,Gahembe
66d9c3980bc303fcbe4d282b,Southern,Muhanga,Kabacuzi,Kibyimba,Gasharu
66d9c3980bc303fcbe4d2729,Southern,Ruhango,Mwendo,Gishweru,Nyakizu
66d9c3980bc303fcbe4d2710,Southern,Ruhango,Mbuye,Mwendo,Kabuga
66d9c3980bc303fcbe4d2740,Southern,Ruhango,Mwendo,Mutara,Nyabisindu
66d9c3980bc303fcbe4d2754,Southern,Ruhango,Ntongwe,Kareba,Kibatsi
66d9c3980bc303fcbe4d2763,Southern,Ruhango,Ntongwe,Nyagisozi,Karama
66d9c3980bc303fcbe4d276e,Southern,Ruhango,Ntongwe,Nyarurama,Gahunga
66d9c3980bc303fcbe4d276f,Southern,Ruhango,Ntongwe,Nyarurama,Gikoni
66d9c3980bc303fcbe4d276b,Southern,Ruhango,Ntongwe,Nyakabungo,Kintore
66d9c3980bc303fcbe4d273c,Southern,Ruhango,Mwendo,Mutara,Kabiha
66d9c3980bc303fcbe4d2752,Southern,Ruhango,Ntongwe,Gako,Nyamahwa
66d9c3980bc303fcbe4d2765,Southern,Ruhango,Ntongwe,Nyagisozi,Nyarusange
66d9c3980bc303fcbe4d2778,Southern,Ruhango,Ntongwe,Nyarurama,Rwakajuju
66d9c3980bc303fcbe4d2785,Southern,Ruhango,Ruhango,Buhoro,Rwinkuba
66d9c3980bc303fcbe4d2787,Southern,Ruhango,Ruhango,Bunyogombe,Busego
66d9c3980bc303fcbe4d2789,Southern,Ruhango,Ruhango,Bunyogombe,Gishegesha
66d9c3980bc303fcbe4d2794,Southern,Ruhango,Ruhango,Bunyogombe,Nyabisindu
66d9c3980bc303fcbe4d27b0,Southern,Ruhango,Ruhango,Munini,Kigaga
66d9c3980bc303fcbe4d27b4,Southern,Ruhango,Ruhango,Munini,Muremera
66d9c3980bc303fcbe4d278d,Southern,Ruhango,Ruhango,Bunyogombe,Karehe
66d9c3980bc303fcbe4d2797,Southern,Ruhango,Ruhango,Bunyogombe,Rusebeya
66d9c3980bc303fcbe4d2799,Southern,Ruhango,Ruhango,Gikoma,Gatengeri
66d9c3980bc303fcbe4d279e,Southern,Ruhango,Ruhango,Gikoma,Nyarusange
66d9c3980bc303fcbe4d279f,Southern,Ruhango,Ruhango,Gikoma,Rebero
66d9c3980bc303fcbe4d27a3,Southern,Ruhango,Ruhango,Gikoma,Wimana
66d9c3980bc303fcbe4d27ae,Southern,Ruhango,Ruhango,Munini,Kanazi
66d9c3980bc303fcbe4d278a,Southern,Ruhango,Ruhango,Bunyogombe,Kabega
66d9c3980bc303fcbe4d279a,Southern,Ruhango,Ruhango,Gikoma,Gikumba
66d9c3980bc303fcbe4d27a1,Southern,Ruhango,Ruhango,Gikoma,Rurembo
66d9c3980bc303fcbe4d2798,Southern,Ruhango,Ruhango,Bunyogombe,Rwankuba
66d9c3980bc303fcbe4d27cf,Southern,Ruhango,Ruhango,Nyamagana,Kigimbu
66d9c3980bc303fcbe4d27d0,Southern,Ruhango,Ruhango,Nyamagana,Kinama
66d9c3980bc303fcbe4d27d2,Southern,Ruhango,Ruhango,Nyamagana,Mujyejuru I
66d9c3980bc303fcbe4d27e7,Southern,Ruhango,Ruhango,Rwoga,Kavumu
66d9c3980bc303fcbe4d27f0,Southern,Ruhango,Ruhango,Tambwe,Mubuga
66d9c3980bc303fcbe4d27b9,Southern,Ruhango,Ruhango,Musamo,Cana
66d9c3980bc303fcbe4d27c0,Southern,Ruhango,Ruhango,Musamo,Musamo
66d9c3980bc303fcbe4d27da,Southern,Ruhango,Ruhango,Nyamagana,Nyamugari
66d9c3980bc303fcbe4d27db,Southern,Ruhango,Ruhango,Nyamagana,Nyarusange I
66d9c3980bc303fcbe4d27dc,Southern,Ruhango,Ruhango,Nyamagana,Nyarusange Ii
66d9c3980bc303fcbe4d27ed,Southern,Ruhango,Ruhango,Rwoga,Rwinkuba
66d9c3980bc303fcbe4d27c3,Southern,Ruhango,Ruhango,Musamo,Rwinyege
66d9c3980bc303fcbe4d27c7,Southern,Ruhango,Ruhango,Nyamagana,Butare I
66d9c3980bc303fcbe4d27c8,Southern,Ruhango,Ruhango,Nyamagana,Butare Ii
66d9c3980bc303fcbe4d27df,Southern,Ruhango,Ruhango,Rwoga,Bihome
66d9c3980bc303fcbe4d27ef,Southern,Ruhango,Ruhango,Tambwe,Buterana
66d9c3980bc303fcbe4d27f5,Southern,Ruhango,Ruhango,Tambwe,Ruduha Ii
66d9c3980bc303fcbe4d27fc,Southern,Muhanga,Cyeza,Biringaga,Munini
66d9c3980bc303fcbe4d2809,Southern,Muhanga,Cyeza,Kivumu,Musengo
66d9c3980bc303fcbe4d280b,Southern,Muhanga,Cyeza,Makera,Binunga
66d9c3980bc303fcbe4d280c,Southern,Muhanga,Cyeza,Makera,Kanyanza
66d9c3980bc303fcbe4d280f,Southern,Muhanga,Cyeza,Makera,Rwamugoroba
66d9c3980bc303fcbe4d281d,Southern,Muhanga,Kabacuzi,Buramba,Kabayaza
66d9c3980bc303fcbe4d281e,Southern,Muhanga,Kabacuzi,Buramba,Kirambo
66d9c3980bc303fcbe4d2823,Southern,Muhanga,Kabacuzi,Butare,Nyirabwayi
66d9c3980bc303fcbe4d2836,Southern,Muhanga,Kabacuzi,Ngoma,Nyarunyinya
66d9c3980bc303fcbe4d2805,Southern,Muhanga,Cyeza,Kivumu,Busozi
66d9c3980bc303fcbe4d2821,Southern,Muhanga,Kabacuzi,Butare,Gihinga
66d9c3980bc303fcbe4d280a,Southern,Muhanga,Cyeza,Kivumu,Takwe
66d9c3980bc303fcbe4d281a,Southern,Muhanga,Cyeza,Shori,Rubimba
66d9c3980bc303fcbe4d2834,Southern,Muhanga,Kabacuzi,Ngoma,Gitwa
66d9c3980bc303fcbe4d27fa,Southern,Muhanga,Cyeza,Biringaga,Karama
66d9c3980bc303fcbe4d2817,Southern,Muhanga,Cyeza,Shori,Karehe
66d9c3980bc303fcbe4d2822,Southern,Muhanga,Kabacuzi,Butare,Karambo
66d9c3980bc303fcbe4d2833,Southern,Muhanga,Kabacuzi,Ngoma,Cyambari
66d9c3980bc303fcbe4d2855,Southern,Muhanga,Kibangu,Rubyiniro,Gakurwe
66d9c3980bc303fcbe4d285b,Southern,Muhanga,Kibangu,Ryakanimba,Mushubaguriko
66d9c3980bc303fcbe4d285f,Southern,Muhanga,Kiyumba,Budende,Muduha
66d9c3980bc303fcbe4d2862,Southern,Muhanga,Kiyumba,Ndago,Mataba
66d9c3980bc303fcbe4d2867,Southern,Muhanga,Kiyumba,Remera,Kagitaba
66d9c3980bc303fcbe4d2874,Southern,Muhanga,Kiyumba,Rukeri,Nyamirambo
66d9c3980bc303fcbe4d2877,Southern,Muhanga,Muhanga,Kanyinya,Mataba
66d9c3980bc303fcbe4d287e,Southern,Muhanga,Muhanga,Nganzo,Kamazu
66d9c3980bc303fcbe4d2883,Southern,Muhanga,Muhanga,Nyamirama,Gahabwa
66d9c3980bc303fcbe4d2888,Southern,Muhanga,Muhanga,Remera,Gisiza
66d9c3980bc303fcbe4d2889,Southern,Muhanga,Muhanga,Remera,Kiyoro
66d9c3980bc303fcbe4d2891,Southern,Muhanga,Muhanga,Tyazo,Nyahinda
66d9c3980bc303fcbe4d2898,Southern,Muhanga,Mushishiro,Munazi,Kabadaha
66d9c3980bc303fcbe4d28a1,Southern,Muhanga,Mushishiro,Nyagasozi,Kibonwa
66d9c3980bc303fcbe4d28a2,Southern,Muhanga,Mushishiro,Rukaragata,Bitsibo
66d9c3980bc303fcbe4d28a6,Southern,Muhanga,Mushishiro,Rukaragata,Rugerero
66d9c3980bc303fcbe4d28a8,Southern,Muhanga,Mushishiro,Rwasare,Kanyinya
66d9c3980bc303fcbe4d28ac,Southern,Muhanga,Mushishiro,Rwigerero,Nyanza
66d9c3980bc303fcbe4d28bb,Southern,Muhanga,Nyabinoni,Muvumba,Nyamugari
66d9c3980bc303fcbe4d28bc,Southern,Muhanga,Nyabinoni,Muvumba,Nyamure
66d9c3980bc303fcbe4d28bd,Southern,Muhanga,Nyabinoni,Muvumba,Nyanza
66d9c3980bc303fcbe4d28be,Southern,Muhanga,Nyabinoni,Nyarusozi,Gitwa
66d9c3980bc303fcbe4d28c3,Southern,Muhanga,Nyabinoni,Nyarusozi,Rusenge
66d9c3980bc303fcbe4d28ce,Southern,Muhanga,Nyamabuye,Gifumba,Gisiza
66d9c3980bc303fcbe4d28d1,Southern,Muhanga,Nyamabuye,Gifumba,Rutarabana
66d9c3980bc303fcbe4d28d4,Southern,Muhanga,Nyamabuye,Gitarama,Gitarama
66d9c3980bc303fcbe4d28d5,Southern,Muhanga,Nyamabuye,Gitarama,Kavumu
66d9c3980bc303fcbe4d28dc,Southern,Muhanga,Nyamabuye,Remera,Kinyenkanda
66d9c3980bc303fcbe4d28e2,Southern,Muhanga,Nyarusange,Mbiriri,Gasharu
66d9c3980bc303fcbe4d28e3,Southern,Muhanga,Nyarusange,Mbiriri,Gisasa
66d9c3980bc303fcbe4d28e6,Southern,Muhanga,Nyarusange,Mbiriri,Ntenderi
66d9c3980bc303fcbe4d28ea,Southern,Muhanga,Nyarusange,Musongati,Kagarama
66d9c3980bc303fcbe4d28f5,Southern,Muhanga,Nyarusange,Rusovu,Vugo
66d9c3980bc303fcbe4d2904,Southern,Muhanga,Rongi,Karambo,Nyabikenke
66d9c3980bc303fcbe4d2910,Southern,Muhanga,Rongi,Ruhango,Kondo
66d9c3980bc303fcbe4d2912,Southern,Muhanga,Rongi,Ruhango,Rukoma
66d9c3980bc303fcbe4d2934,Southern,Muhanga,Shyogwe,Mubuga,Gakomeye
66d9c3980bc303fcbe4d293a,Southern,Muhanga,Shyogwe,Mubuga,Nyarucyamu
66d9c3980bc303fcbe4d2942,Southern,Muhanga,Shyogwe,Ruli,Nyagacyamu
66d9c3980bc303fcbe4d294a,Southern,Kamonyi,Gacurabwenge,Gihira,Bugaba
66d9c3980bc303fcbe4d294d,Southern,Kamonyi,Gacurabwenge,Gihira,Migina
66d9c3980bc303fcbe4d2951,Southern,Kamonyi,Gacurabwenge,Kigembe,Kagarama
66d9c3980bc303fcbe4d2953,Southern,Kamonyi,Gacurabwenge,Kigembe,Nyakabungo
66d9c3980bc303fcbe4d295b,Southern,Kamonyi,Karama,Bitare,Gisanze
66d9c3980bc303fcbe4d295f,Southern,Kamonyi,Karama,Bitare,Kokobe
66d9c3980bc303fcbe4d2964,Southern,Kamonyi,Karama,Muganza,Bitagata
66d9c3980bc303fcbe4d296f,Southern,Kamonyi,Kayenzi,Bugarama,Munyegera
66d9c3980bc303fcbe4d2971,Southern,Kamonyi,Kayenzi,Bugarama,Remera
66d9c3980bc303fcbe4d297d,Southern,Kamonyi,Kayenzi,Kirwa,Kigunga
66d9c3980bc303fcbe4d2980,Southern,Kamonyi,Kayenzi,Mataba,Gikurubuye
66d9c3980bc303fcbe4d2987,Southern,Kamonyi,Kayumbu,Busoro,Buramba
66d9c3980bc303fcbe4d299f,Southern,Kamonyi,Mugina,Mbati,Kansoro
66d9c3980bc303fcbe4d29a3,Southern,Kamonyi,Mugina,Mbati,Murambi
66d9c3980bc303fcbe4d29a7,Southern,Kamonyi,Mugina,Mugina,Mugina
66d9c3980bc303fcbe4d29ab,Southern,Kamonyi,Mugina,Nteko,Nyagisozi
66d9c3980bc303fcbe4d29b0,Southern,Kamonyi,Musambira,Buhoro,Reramacu
66d9c3980bc303fcbe4d29b1,Southern,Kamonyi,Musambira,Cyambwe,Bimomwe
66d9c3980bc303fcbe4d29b8,Southern,Kamonyi,Musambira,Karengera,Mbari
66d9c3980bc303fcbe4d29b9,Southern,Kamonyi,Musambira,Karengera,Nyarusange
66d9c3980bc303fcbe4d29bb,Southern,Kamonyi,Musambira,Karengera,Rubanga
66d9c3980bc303fcbe4d29c1,Southern,Kamonyi,Musambira,Kivumu,Wimana
66d9c3980bc303fcbe4d2803,Southern,Muhanga,Cyeza,Kigarama,Rwinkuba
66d9c3980bc303fcbe4d2814,Southern,Muhanga,Cyeza,Nyarunyinya,Gatete
66d9c3980bc303fcbe4d2818,Southern,Muhanga,Cyeza,Shori,Kibumba
66d9c3980bc303fcbe4d2827,Southern,Muhanga,Kabacuzi,Kavumu,Gasiza
66d9c3980bc303fcbe4d2829,Southern,Muhanga,Kabacuzi,Kavumu,Rebero
66d9c3980bc303fcbe4d282e,Southern,Muhanga,Kabacuzi,Kibyimba,Kibaya
66d9c3980bc303fcbe4d283b,Southern,Muhanga,Kabacuzi,Sholi,Kinyoni
66d9c3980bc303fcbe4d2857,Southern,Muhanga,Kibangu,Rubyiniro,Mugali
66d9c3980bc303fcbe4d2859,Southern,Muhanga,Kibangu,Ryakanimba,Kinogi
66d9c3980bc303fcbe4d286d,Southern,Muhanga,Kiyumba,Ruhina,Mubuga
66d9c3980bc303fcbe4d286f,Southern,Muhanga,Kiyumba,Rukeri,Busindi
66d9c3980bc303fcbe4d287f,Southern,Muhanga,Muhanga,Nganzo,Karama
66d9c3980bc303fcbe4d289b,Southern,Muhanga,Mushishiro,Munazi,Rwinkindi
66d9c3980bc303fcbe4d28b5,Southern,Muhanga,Nyabinoni,Masangano,Ngaru
66d9c3980bc303fcbe4d28dd,Southern,Muhanga,Nyamabuye,Remera,Kirenge
66d9c3980bc303fcbe4d28e9,Southern,Muhanga,Nyarusange,Musongati,Jabiro
66d9c3980bc303fcbe4d2902,Southern,Muhanga,Rongi,Karambo,Gifurwe
66d9c3980bc303fcbe4d290c,Southern,Muhanga,Rongi,Nyamirambo,Ntarabana
66d9c3980bc303fcbe4d2923,Southern,Muhanga,Rugendabari,Nsanga,Ngando
66d9c3980bc303fcbe4d292c,Southern,Muhanga,Shyogwe,Kinini,Nyakaguhu
66d9c3980bc303fcbe4d2933,Southern,Muhanga,Shyogwe,Mbare,Vunga
66d9c3980bc303fcbe4d2966,Southern,Kamonyi,Karama,Muganza,Ngoma
66d9c3980bc303fcbe4d297b,Southern,Kamonyi,Kayenzi,Kirwa,Gisizi
66d9c3980bc303fcbe4d2990,Southern,Kamonyi,Kayumbu,Giko,Nyarusange
66d9c3980bc303fcbe4d299d,Southern,Kamonyi,Mugina,Kabugondo,Mataba Sud
66d9c3980bc303fcbe4d29bd,Southern,Kamonyi,Musambira,Kivumu,Gitega
66d9c3980bc303fcbe4d29c4,Southern,Kamonyi,Musambira,Mpushi,Kamashashi
66d9c3980bc303fcbe4d29ca,Southern,Kamonyi,Musambira,Rukambura,Nkomane
66d9c3980bc303fcbe4d29ce,Southern,Kamonyi,Ngamba,Kabuga,Musenyi
66d9c3980bc303fcbe4d29e5,Southern,Kamonyi,Nyamiyaga,Kabashumba,Bumbogo
66d9c3980bc303fcbe4d29eb,Southern,Kamonyi,Nyamiyaga,Kabashumba,Nkoto
66d9c3980bc303fcbe4d2a1a,Southern,Kamonyi,Nyarubaka,Kigusa,Rwinanka
66d9c3980bc303fcbe4d28a0,Southern,Muhanga,Mushishiro,Nyagasozi,Kanombe
66d9c3980bc303fcbe4d291b,Southern,Muhanga,Rugendabari,Kanyana,Muheta
66d9c3980bc303fcbe4d291c,Southern,Muhanga,Rugendabari,Kanyana,Ntonde
66d9c3980bc303fcbe4d2936,Southern,Muhanga,Shyogwe,Mubuga,Kigarama
66d9c3980bc303fcbe4d2963,Southern,Kamonyi,Karama,Bunyonga,Ryagashaza
66d9c3980bc303fcbe4d286b,Southern,Muhanga,Kiyumba,Ruhina,Gatwa
66d9c3980bc303fcbe4d28a4,Southern,Muhanga,Mushishiro,Rukaragata,Kamurekezi
66d9c3980bc303fcbe4d28a7,Southern,Muhanga,Mushishiro,Rwasare,Bahimba
66d9c3980bc303fcbe4d28b2,Southern,Muhanga,Nyabinoni,Gashorera,Ryakiyange
66d9c3980bc303fcbe4d28c5,Southern,Muhanga,Nyamabuye,Gahogo,Kamazuru
66d9c3980bc303fcbe4d28d0,Southern,Muhanga,Nyamabuye,Gifumba,Rugarama
66d9c3980bc303fcbe4d28e4,Southern,Muhanga,Nyarusange,Mbiriri,Karehe
66d9c3980bc303fcbe4d28f7,Southern,Muhanga,Rongi,Gasagara,Gasharu
66d9c3980bc303fcbe4d2908,Southern,Muhanga,Rongi,Nyamirambo,Kabakungu
66d9c3980bc303fcbe4d2913,Southern,Muhanga,Rugendabari,Gasave,Gakoma
66d9c3980bc303fcbe4d2915,Southern,Muhanga,Rugendabari,Gasave,Giturwa
66d9c3980bc303fcbe4d2920,Southern,Muhanga,Rugendabari,Mpinga,Buganda
66d9c3980bc303fcbe4d2935,Southern,Muhanga,Shyogwe,Mubuga,Gasharu
66d9c3980bc303fcbe4d2957,Southern,Kamonyi,Gacurabwenge,Nkingo,Mataba
66d9c3980bc303fcbe4d2962,Southern,Kamonyi,Karama,Bunyonga,Nyenyeri
66d9c3980bc303fcbe4d2968,Southern,Kamonyi,Karama,Muganza,Nyaruteja
66d9c3980bc303fcbe4d296e,Southern,Kamonyi,Kayenzi,Bugarama,Buhurura
66d9c3980bc303fcbe4d2983,Southern,Kamonyi,Kayenzi,Mataba,Rugoma
66d9c3980bc303fcbe4d2984,Southern,Kamonyi,Kayenzi,Nyamirama,Bushara
66d9c3980bc303fcbe4d2999,Southern,Kamonyi,Mugina,Jenda,Munini
66d9c3980bc303fcbe4d29e8,Southern,Kamonyi,Nyamiyaga,Kabashumba,Kigabiro
66d9c3980bc303fcbe4d29fd,Southern,Kamonyi,Nyamiyaga,Mukinga,Nyamahuru
66d9c3980bc303fcbe4d2a05,Southern,Kamonyi,Nyamiyaga,Ngoma,Kinanira
66d9c3980bc303fcbe4d2a16,Southern,Kamonyi,Nyarubaka,Kigusa,Gaserege
66d9c3980bc303fcbe4d2a1b,Southern,Kamonyi,Nyarubaka,Nyagishubi,Kabere
66d9c3980bc303fcbe4d2a1c,Southern,Kamonyi,Nyarubaka,Nyagishubi,Ngendo
66d9c3980bc303fcbe4d283c,Southern,Muhanga,Kabacuzi,Sholi,Mucyamo
66d9c3980bc303fcbe4d2845,Southern,Muhanga,Kibangu,Gitega,Muhororo
66d9c3980bc303fcbe4d284f,Southern,Muhanga,Kibangu,Mubuga,Jarama
66d9c3980bc303fcbe4d2852,Southern,Muhanga,Kibangu,Mubuga,Nyarubuye
66d9c3980bc303fcbe4d2854,Southern,Muhanga,Kibangu,Rubyiniro,Butare
66d9c3980bc303fcbe4d2866,Southern,Muhanga,Kiyumba,Remera,Kagahina
66d9c3980bc303fcbe4d286e,Southern,Muhanga,Kiyumba,Ruhina,Nundwe
66d9c3980bc303fcbe4d2873,Southern,Muhanga,Kiyumba,Rukeri,Musagara
66d9c3980bc303fcbe4d2880,Southern,Muhanga,Muhanga,Nganzo,Kumukenke
66d9c3980bc303fcbe4d288e,Southern,Muhanga,Muhanga,Tyazo,Gasaka
66d9c3980bc303fcbe4d289c,Southern,Muhanga,Mushishiro,Nyagasozi,Bandora
66d9c3980bc303fcbe4d28bf,Southern,Muhanga,Nyabinoni,Nyarusozi,Kamahoro
66d9c3980bc303fcbe4d28c8,Southern,Muhanga,Nyamabuye,Gahogo,Nyarucyamu I
66d9c3980bc303fcbe4d28cd,Southern,Muhanga,Nyamabuye,Gifumba,Gifumba
66d9c3980bc303fcbe4d28da,Southern,Muhanga,Nyamabuye,Remera,Gasenyi
66d9c3980bc303fcbe4d28ee,Southern,Muhanga,Nyarusange,Ngaru,Gitega
66d9c3980bc303fcbe4d28ef,Southern,Muhanga,Nyarusange,Ngaru,Kibirizi
66d9c3980bc303fcbe4d28f8,Southern,Muhanga,Rongi,Gasagara,Kidahwe
66d9c3980bc303fcbe4d28fd,Southern,Muhanga,Rongi,Gasharu,Gituza
66d9c3980bc303fcbe4d290f,Southern,Muhanga,Rongi,Ruhango,Burerabana
66d9c3980bc303fcbe4d2911,Southern,Muhanga,Rongi,Ruhango,Muyebe
66d9c3980bc303fcbe4d291a,Southern,Muhanga,Rugendabari,Kanyana,Kabuba
66d9c3980bc303fcbe4d2925,Southern,Muhanga,Rugendabari,Nsanga,Rugwiza
66d9c3980bc303fcbe4d292b,Southern,Muhanga,Shyogwe,Kinini,Nyakabingo
66d9c3980bc303fcbe4d292e,Southern,Muhanga,Shyogwe,Mbare,Muremberi
66d9c3980bc303fcbe4d2930,Southern,Muhanga,Shyogwe,Mbare,Rubugurizo
66d9c3980bc303fcbe4d293f,Southern,Muhanga,Shyogwe,Ruli,Kavumu
66d9c3980bc303fcbe4d2946,Southern,Kamonyi,Gacurabwenge,Gihinga,Karama
66d9c3980bc303fcbe4d2947,Southern,Kamonyi,Gacurabwenge,Gihinga,Nyagasozi
66d9c3980bc303fcbe4d2948,Southern,Kamonyi,Gacurabwenge,Gihinga,Nyarunyinya
66d9c3980bc303fcbe4d2949,Southern,Kamonyi,Gacurabwenge,Gihinga,Ryabitana
66d9c3980bc303fcbe4d294b,Southern,Kamonyi,Gacurabwenge,Gihira,Kibanza
66d9c3980bc303fcbe4d2950,Southern,Kamonyi,Gacurabwenge,Kigembe,Kabatsi
66d9c3980bc303fcbe4d2959,Southern,Kamonyi,Gacurabwenge,Nkingo,Nyamugari
66d9c3980bc303fcbe4d295e,Southern,Kamonyi,Karama,Bitare,Kinkeri
66d9c3980bc303fcbe4d296a,Southern,Kamonyi,Karama,Nyamirembe,Gasharu
66d9c3980bc303fcbe4d2989,Southern,Kamonyi,Kayumbu,Busoro,Nyabuhoro
66d9c3980bc303fcbe4d2996,Southern,Kamonyi,Mugina,Jenda,Kigarama
66d9c3980bc303fcbe4d29a0,Southern,Kamonyi,Mugina,Mbati,Kigorora
66d9c3980bc303fcbe4d29a6,Southern,Kamonyi,Mugina,Mugina,Mparo
66d9c3980bc303fcbe4d29ae,Southern,Kamonyi,Musambira,Buhoro,Gihembe
66d9c3980bc303fcbe4d29b5,Southern,Kamonyi,Musambira,Cyambwe,Ruvumura
66d9c3980bc303fcbe4d29be,Southern,Kamonyi,Musambira,Kivumu,Munazi
66d9c3980bc303fcbe4d29cc,Southern,Kamonyi,Ngamba,Kabuga,Cyimigenge
66d9c3980bc303fcbe4d29d6,Southern,Kamonyi,Ngamba,Kazirabonde,Kajevuba
66d9c3980bc303fcbe4d29da,Southern,Kamonyi,Ngamba,Marembo,Kigina
66d9c3980bc303fcbe4d29dc,Southern,Kamonyi,Ngamba,Marembo,Rugarama
66d9c3980bc303fcbe4d29de,Southern,Kamonyi,Nyamiyaga,Bibungo,Karubanda
66d9c3980bc303fcbe4d29f3,Southern,Kamonyi,Nyamiyaga,Kidahwe,Nyarubuye
66d9c3980bc303fcbe4d29e2,Southern,Kamonyi,Nyamiyaga,Bibungo,Nyamurasa
66d9c3980bc303fcbe4d29e6,Southern,Kamonyi,Nyamiyaga,Kabashumba,Buye
66d9c3980bc303fcbe4d29e7,Southern,Kamonyi,Nyamiyaga,Kabashumba,Gacumu
66d9c3980bc303fcbe4d29ef,Southern,Kamonyi,Nyamiyaga,Kidahwe,Kiranzi
66d9c3980bc303fcbe4d29f0,Southern,Kamonyi,Nyamiyaga,Kidahwe,Kirehe
66d9c3980bc303fcbe4d29f7,Southern,Kamonyi,Nyamiyaga,Kidahwe,Sabununga
66d9c3980bc303fcbe4d29fc,Southern,Kamonyi,Nyamiyaga,Mukinga,Nyabubare
66d9c3980bc303fcbe4d29fe,Southern,Kamonyi,Nyamiyaga,Mukinga,Nyarugenge
66d9c3980bc303fcbe4d285e,Southern,Muhanga,Kiyumba,Budende,Karambi
66d9c3980bc303fcbe4d2863,Southern,Muhanga,Kiyumba,Ndago,Rwezamenyo
66d9c3980bc303fcbe4d2878,Southern,Muhanga,Muhanga,Kanyinya,Nyabugwiza
66d9c3980bc303fcbe4d287a,Southern,Muhanga,Muhanga,Nganzo,Gasenyi
66d9c3980bc303fcbe4d2894,Southern,Muhanga,Mushishiro,Matyazo,Gataba
66d9c3980bc303fcbe4d2899,Southern,Muhanga,Mushishiro,Munazi,Kabare
66d9c3980bc303fcbe4d289a,Southern,Muhanga,Mushishiro,Munazi,Kiyoro
66d9c3980bc303fcbe4d289f,Southern,Muhanga,Mushishiro,Nyagasozi,Gisovu
66d9c3980bc303fcbe4d28b6,Southern,Muhanga,Nyabinoni,Mbuga,Gitaba
66d9c3980bc303fcbe4d28b7,Southern,Muhanga,Nyabinoni,Mbuga,Karengeri
66d9c3980bc303fcbe4d28ed,Southern,Muhanga,Nyarusange,Musongati,Ngororano
66d9c3980bc303fcbe4d28f2,Southern,Muhanga,Nyarusange,Rusovu,Mututu
66d9c3980bc303fcbe4d291d,Southern,Muhanga,Rugendabari,Kibaga,Kiduha
66d9c3980bc303fcbe4d2928,Southern,Muhanga,Shyogwe,Kinini,Kabungo
66d9c3980bc303fcbe4d2937,Southern,Muhanga,Shyogwe,Mubuga,Mapfundo
66d9c3980bc303fcbe4d293d,Southern,Muhanga,Shyogwe,Ruli,Kabeza
66d9c3980bc303fcbe4d2954,Southern,Kamonyi,Gacurabwenge,Kigembe,Rugobagoba
66d9c3980bc303fcbe4d296b,Southern,Kamonyi,Karama,Nyamirembe,Kavumu
66d9c3980bc303fcbe4d298c,Southern,Kamonyi,Kayumbu,Gaseke,Kigarama
66d9c3980bc303fcbe4d298d,Southern,Kamonyi,Kayumbu,Gaseke,Nyarunyinya
66d9c3980bc303fcbe4d299c,Southern,Kamonyi,Mugina,Kabugondo,Cyeru
66d9c3980bc303fcbe4d29a1,Southern,Kamonyi,Mugina,Mbati,Mbati
66d9c3980bc303fcbe4d29bf,Southern,Kamonyi,Musambira,Kivumu,Nyagisozi
66d9c3980bc303fcbe4d29c2,Southern,Kamonyi,Musambira,Mpushi,Gitwiko
66d9c3980bc303fcbe4d29cd,Southern,Kamonyi,Ngamba,Kabuga,Fukwe
66d9c3980bc303fcbe4d29cf,Southern,Kamonyi,Ngamba,Kabuga,Nyagasozi
66d9c3980bc303fcbe4d29d4,Southern,Kamonyi,Ngamba,Kazirabonde,Gatwa
66d9c3980bc303fcbe4d29df,Southern,Kamonyi,Nyamiyaga,Bibungo,Murambi
66d9c3980bc303fcbe4d29e9,Southern,Kamonyi,Nyamiyaga,Kabashumba,Mukuyo
66d9c3980bc303fcbe4d29f1,Southern,Kamonyi,Nyamiyaga,Kidahwe,Magu
66d9c3980bc303fcbe4d29f5,Southern,Kamonyi,Nyamiyaga,Kidahwe,Rugwiro
66d9c3980bc303fcbe4d2a08,Southern,Kamonyi,Nyamiyaga,Ngoma,Rwankeke
66d9c3980bc303fcbe4d2a09,Southern,Kamonyi,Nyarubaka,Gitare,Karora
66d9c3980bc303fcbe4d2a0d,Southern,Kamonyi,Nyarubaka,Gitare,Remera
66d9c3980bc303fcbe4d2a13,Southern,Kamonyi,Nyarubaka,Kambyeyi,Ruhuha
66d9c3980bc303fcbe4d2a18,Southern,Kamonyi,Nyarubaka,Kigusa,Kintama
66d9c3980bc303fcbe4d2860,Southern,Muhanga,Kiyumba,Budende,Musenyi
66d9c3980bc303fcbe4d28aa,Southern,Muhanga,Mushishiro,Rwasare,Rubona
66d9c3980bc303fcbe4d28af,Southern,Muhanga,Nyabinoni,Gashorera,Munyinya
66d9c3980bc303fcbe4d2924,Southern,Muhanga,Rugendabari,Nsanga,Nyundo
66d9c3980bc303fcbe4d292f,Southern,Muhanga,Shyogwe,Mbare,Nyabisindu
66d9c3980bc303fcbe4d2974,Southern,Kamonyi,Kayenzi,Cubi,Ntwari
66d9c3980bc303fcbe4d2838,Southern,Muhanga,Kabacuzi,Sholi,Gakondokondo
66d9c3980bc303fcbe4d2839,Southern,Muhanga,Kabacuzi,Sholi,Gitwa
66d9c3980bc303fcbe4d2844,Southern,Muhanga,Kibangu,Gitega,Kaziba
66d9c3980bc303fcbe4d2865,Southern,Muhanga,Kiyumba,Remera,Cyakabiri
66d9c3980bc303fcbe4d288c,Southern,Muhanga,Muhanga,Remera,Murama
66d9c3980bc303fcbe4d2892,Southern,Muhanga,Muhanga,Tyazo,Ruhuha
66d9c3980bc303fcbe4d2893,Southern,Muhanga,Mushishiro,Matyazo,Cyarubambire
66d9c3980bc303fcbe4d2897,Southern,Muhanga,Mushishiro,Matyazo,Nyagasozi
66d9c3980bc303fcbe4d289d,Southern,Muhanga,Mushishiro,Nyagasozi,Gasharu
66d9c3980bc303fcbe4d28ad,Southern,Muhanga,Mushishiro,Rwigerero,Rwuki
66d9c3980bc303fcbe4d28b8,Southern,Muhanga,Nyabinoni,Mbuga,Munini
66d9c3980bc303fcbe4d28e1,Southern,Muhanga,Nyarusange,Mbiriri,Gasave
66d9c3980bc303fcbe4d28ec,Southern,Muhanga,Nyarusange,Musongati,Murambi
66d9c3980bc303fcbe4d291e,Southern,Muhanga,Rugendabari,Kibaga,Mataba
66d9c3980bc303fcbe4d2945,Southern,Kamonyi,Gacurabwenge,Gihinga,Kambyeyi
66d9c3980bc303fcbe4d2961,Southern,Kamonyi,Karama,Bunyonga,Nyarurembo
66d9c3980bc303fcbe4d296d,Southern,Kamonyi,Karama,Nyamirembe,Nyakizu
66d9c3980bc303fcbe4d2973,Southern,Kamonyi,Kayenzi,Cubi,Kamabuye
66d9c3980bc303fcbe4d297e,Southern,Kamonyi,Kayenzi,Kirwa,Ruheka
66d9c3980bc303fcbe4d297f,Southern,Kamonyi,Kayenzi,Mataba,Gasasa
66d9c3980bc303fcbe4d2982,Southern,Kamonyi,Kayenzi,Mataba,Nyarubaya
66d9c3980bc303fcbe4d299a,Southern,Kamonyi,Mugina,Jenda,Nyamurenga
66d9c3980bc303fcbe4d29aa,Southern,Kamonyi,Mugina,Nteko,Ntasi
66d9c3980bc303fcbe4d29ba,Southern,Kamonyi,Musambira,Karengera,Nyarutovu
66d9c3980bc303fcbe4d29c6,Southern,Kamonyi,Musambira,Mpushi,Nyarubuye
66d9c3980bc303fcbe4d2a00,Southern,Kamonyi,Nyamiyaga,Mukinga,Wimana
66d9c3980bc303fcbe4d2a06,Southern,Kamonyi,Nyamiyaga,Ngoma,Kivugiza
66d9c3980bc303fcbe4d2a0b,Southern,Kamonyi,Nyarubaka,Gitare,Mugereke
66d9c3980bc303fcbe4d2a1d,Southern,Kamonyi,Nyarubaka,Nyagishubi,Nombe
66d9c3980bc303fcbe4d2804,Southern,Muhanga,Cyeza,Kivumu,Buruba
66d9c3980bc303fcbe4d2825,Southern,Muhanga,Kabacuzi,Kabuye,Peru
66d9c3980bc303fcbe4d292a,Southern,Muhanga,Shyogwe,Kinini,Musezero
66d9c3980bc303fcbe4d2956,Southern,Kamonyi,Gacurabwenge,Nkingo,Kamonyi
66d9c3980bc303fcbe4d29db,Southern,Kamonyi,Ngamba,Marembo,Nyabitare
66d9c3980bc303fcbe4d2a04,Southern,Kamonyi,Nyamiyaga,Ngoma,Kamabuye
66d9c3980bc303fcbe4d283e,Southern,Muhanga,Kibangu,Gisharu,Kirehe
66d9c3980bc303fcbe4d283f,Southern,Muhanga,Kibangu,Gisharu,Murandi
66d9c3980bc303fcbe4d286a,Southern,Muhanga,Kiyumba,Ruhina,Busumba
66d9c3980bc303fcbe4d286c,Southern,Muhanga,Kiyumba,Ruhina,Kabimbura
66d9c3980bc303fcbe4d2876,Southern,Muhanga,Muhanga,Kanyinya,Kanyungura
66d9c3980bc303fcbe4d2882,Southern,Muhanga,Muhanga,Nyamirama,Cyurutare
66d9c3980bc303fcbe4d2886,Southern,Muhanga,Muhanga,Nyamirama,Nyiramarangara
66d9c3980bc303fcbe4d28ae,Southern,Muhanga,Mushishiro,Rwigerero,Ryaruyange
66d9c3980bc303fcbe4d28b4,Southern,Muhanga,Nyabinoni,Masangano,Murambi
66d9c3980bc303fcbe4d28ca,Southern,Muhanga,Nyamabuye,Gahogo,Nyarucyamu Iii
66d9c3980bc303fcbe4d28cf,Southern,Muhanga,Nyamabuye,Gifumba,Kirebe
66d9c3980bc303fcbe4d290a,Southern,Muhanga,Rongi,Nyamirambo,Masizi
66d9c3980bc303fcbe4d2919,Southern,Muhanga,Rugendabari,Kanyana,Gasovu
66d9c3980bc303fcbe4d291f,Southern,Muhanga,Rugendabari,Kibaga,Njamena
66d9c3980bc303fcbe4d2952,Southern,Kamonyi,Gacurabwenge,Kigembe,Mushimba
66d9c3980bc303fcbe4d298a,Southern,Kamonyi,Kayumbu,Busoro,Nyarugenge
66d9c3980bc303fcbe4d298e,Southern,Kamonyi,Kayumbu,Giko,Gasharu
66d9c3980bc303fcbe4d2994,Southern,Kamonyi,Kayumbu,Muyange,Murambi
66d9c3980bc303fcbe4d2995,Southern,Kamonyi,Kayumbu,Muyange,Nyarurembo
66d9c3980bc303fcbe4d29b4,Southern,Kamonyi,Musambira,Cyambwe,Rugarama
66d9c3980bc303fcbe4d29c0,Southern,Kamonyi,Musambira,Kivumu,Nyerenga
66d9c3980bc303fcbe4d29d1,Southern,Kamonyi,Ngamba,Kabuga,Raro
66d9c3980bc303fcbe4d29e1,Southern,Kamonyi,Nyamiyaga,Bibungo,Nyamabere
66d9c3980bc303fcbe4d29ee,Southern,Kamonyi,Nyamiyaga,Kabashumba,Umugarama
66d9c3980bc303fcbe4d2a12,Southern,Kamonyi,Nyarubaka,Kambyeyi,Nyagihamba
66d9c3980bc303fcbe4d2a15,Southern,Kamonyi,Nyarubaka,Kigusa,Birembo
66d9c3980bc303fcbe4d2a17,Southern,Kamonyi,Nyarubaka,Kigusa,Kigarama
66d9c3980bc303fcbe4d2840,Southern,Muhanga,Kibangu,Gisharu,Musezero
66d9c3980bc303fcbe4d2847,Southern,Muhanga,Kibangu,Gitega,Musarara
66d9c3980bc303fcbe4d2848,Southern,Muhanga,Kibangu,Gitega,Nkondo
66d9c3980bc303fcbe4d2849,Southern,Muhanga,Kibangu,Jurwe,Bukiro
66d9c3980bc303fcbe4d2856,Southern,Muhanga,Kibangu,Rubyiniro,Mucyamo
66d9c3980bc303fcbe4d2858,Southern,Muhanga,Kibangu,Rubyiniro,Murehe
66d9c3980bc303fcbe4d288a,Southern,Muhanga,Muhanga,Remera,Muhanga
66d9c3980bc303fcbe4d28a3,Southern,Muhanga,Mushishiro,Rukaragata,Hanika
66d9c3980bc303fcbe4d28b9,Southern,Muhanga,Nyabinoni,Mbuga,Murama
66d9c3980bc303fcbe4d28d3,Southern,Muhanga,Nyamabuye,Gitarama,Gatika
66d9c3980bc303fcbe4d28f0,Southern,Muhanga,Nyarusange,Ngaru,Remera
66d9c3980bc303fcbe4d28f3,Southern,Muhanga,Nyarusange,Rusovu,Rukurazo
66d9c3980bc303fcbe4d28f9,Southern,Muhanga,Rongi,Gasagara,Murehe
66d9c3980bc303fcbe4d28fb,Southern,Muhanga,Rongi,Gasagara,Nyabugombe
66d9c3980bc303fcbe4d28fe,Southern,Muhanga,Rongi,Gasharu,Kabirizi
66d9c3980bc303fcbe4d28ff,Southern,Muhanga,Rongi,Gasharu,Kabuga
66d9c3980bc303fcbe4d2903,Southern,Muhanga,Rongi,Karambo,Gitwa
66d9c3980bc303fcbe4d2906,Southern,Muhanga,Rongi,Karambo,Rushenyi
66d9c3980bc303fcbe4d2909,Southern,Muhanga,Rongi,Nyamirambo,Karambi
66d9c3980bc303fcbe4d290e,Southern,Muhanga,Rongi,Nyamirambo,Rwamure
66d9c3980bc303fcbe4d2921,Southern,Muhanga,Rugendabari,Mpinga,Gisiza
66d9c3980bc303fcbe4d2931,Southern,Muhanga,Shyogwe,Mbare,Rubuye
66d9c3980bc303fcbe4d293c,Southern,Muhanga,Shyogwe,Ruli,Gakombe
66d9c3980bc303fcbe4d293e,Southern,Muhanga,Shyogwe,Ruli,Karama
66d9c3980bc303fcbe4d294c,Southern,Kamonyi,Gacurabwenge,Gihira,Kidaturwa
66d9c3980bc303fcbe4d2955,Southern,Kamonyi,Gacurabwenge,Nkingo,Juru
66d9c3980bc303fcbe4d295d,Southern,Kamonyi,Karama,Bitare,Kajevuba
66d9c3980bc303fcbe4d2972,Southern,Kamonyi,Kayenzi,Cubi,Gitwa
66d9c3980bc303fcbe4d2975,Southern,Kamonyi,Kayenzi,Cubi,Nyakigezi
66d9c3980bc303fcbe4d2979,Southern,Kamonyi,Kayenzi,Kayonza,Nyabubare
66d9c3980bc303fcbe4d298f,Southern,Kamonyi,Kayumbu,Giko,Mirehe
66d9c3980bc303fcbe4d282f,Southern,Muhanga,Kabacuzi,Ngarama,Kabuga
66d9c3980bc303fcbe4d283a,Southern,Muhanga,Kabacuzi,Sholi,Jandari
66d9c3980bc303fcbe4d2843,Southern,Muhanga,Kibangu,Gitega,Cyuzu
66d9c3980bc303fcbe4d284a,Southern,Muhanga,Kibangu,Jurwe,Kimisange
66d9c3980bc303fcbe4d2870,Southern,Muhanga,Kiyumba,Rukeri,Kabuga
66d9c3980bc303fcbe4d2872,Southern,Muhanga,Kiyumba,Rukeri,Munini
66d9c3980bc303fcbe4d287b,Southern,Muhanga,Muhanga,Nganzo,Gitongati
66d9c3980bc303fcbe4d287c,Southern,Muhanga,Muhanga,Nganzo,Kabingo
66d9c3980bc303fcbe4d2887,Southern,Muhanga,Muhanga,Nyamirama,Rwabagenzi
66d9c3980bc303fcbe4d288d,Southern,Muhanga,Muhanga,Remera,Naganiro
66d9c3980bc303fcbe4d289e,Southern,Muhanga,Mushishiro,Nyagasozi,Gihara
66d9c3980bc303fcbe4d28a9,Southern,Muhanga,Mushishiro,Rwasare,Karucura
66d9c3980bc303fcbe4d28b3,Southern,Muhanga,Nyabinoni,Masangano,Cyanika
66d9c3980bc303fcbe4d28c4,Southern,Muhanga,Nyamabuye,Gahogo,Gihuma
66d9c3980bc303fcbe4d28df,Southern,Muhanga,Nyamabuye,Remera,Nete
66d9c3980bc303fcbe4d28e5,Southern,Muhanga,Nyarusange,Mbiriri,Kintobo
66d9c3980bc303fcbe4d28f1,Southern,Muhanga,Nyarusange,Ngaru,Rukamiro
66d9c3980bc303fcbe4d2914,Southern,Muhanga,Rugendabari,Gasave,Gasharu
66d9c3980bc303fcbe4d2941,Southern,Muhanga,Shyogwe,Ruli,Murambi
66d9c3980bc303fcbe4d295c,Southern,Kamonyi,Karama,Bitare,Kabuga
66d9c3980bc303fcbe4d296c,Southern,Kamonyi,Karama,Nyamirembe,Kigabiro
66d9c3980bc303fcbe4d2978,Southern,Kamonyi,Kayenzi,Kayonza,Muza
66d9c3980bc303fcbe4d2988,Southern,Kamonyi,Kayumbu,Busoro,Manyana
66d9c3980bc303fcbe4d2993,Southern,Kamonyi,Kayumbu,Muyange,Kangenzi
66d9c3980bc303fcbe4d29af,Southern,Kamonyi,Musambira,Buhoro,Gihogwe
66d9c3980bc303fcbe4d29d2,Southern,Kamonyi,Ngamba,Kazirabonde,Bigobe
66d9c3980bc303fcbe4d29dd,Southern,Kamonyi,Nyamiyaga,Bibungo,Byenene
66d9c3980bc303fcbe4d29f8,Southern,Kamonyi,Nyamiyaga,Mukinga,Birembo
66d9c3980bc303fcbe4d2841,Southern,Muhanga,Kibangu,Gisharu,Remera
66d9c3980bc303fcbe4d284b,Southern,Muhanga,Kibangu,Jurwe,Murambi
66d9c3980bc303fcbe4d284e,Southern,Muhanga,Kibangu,Jurwe,Ruminantege
66d9c3980bc303fcbe4d2850,Southern,Muhanga,Kibangu,Mubuga,Matoshya
66d9c3980bc303fcbe4d2851,Southern,Muhanga,Kibangu,Mubuga,Mubuga
66d9c3980bc303fcbe4d2853,Southern,Muhanga,Kibangu,Mubuga,Nyaruvumu
66d9c3980bc303fcbe4d285a,Southern,Muhanga,Kibangu,Ryakanimba,Musekera
66d9c3980bc303fcbe4d2871,Southern,Muhanga,Kiyumba,Rukeri,Matovu
66d9c3980bc303fcbe4d2875,Southern,Muhanga,Muhanga,Kanyinya,Gakomeye
66d9c3980bc303fcbe4d2879,Southern,Muhanga,Muhanga,Kanyinya,Nyamitanga
66d9c3980bc303fcbe4d287d,Southern,Muhanga,Muhanga,Nganzo,Kagombero
66d9c3980bc303fcbe4d2881,Southern,Muhanga,Muhanga,Nganzo,Masumo
66d9c3980bc303fcbe4d2885,Southern,Muhanga,Muhanga,Nyamirama,Namankurwe
66d9c3980bc303fcbe4d288f,Southern,Muhanga,Muhanga,Tyazo,Gitima
66d9c3980bc303fcbe4d2896,Southern,Muhanga,Mushishiro,Matyazo,Kabeza
66d9c3980bc303fcbe4d28ba,Southern,Muhanga,Nyabinoni,Mbuga,Nyarusange
66d9c3980bc303fcbe4d28c1,Southern,Muhanga,Nyabinoni,Nyarusozi,Kanyamizo
66d9c3980bc303fcbe4d28c9,Southern,Muhanga,Nyamabuye,Gahogo,Nyarucyamu Ii
66d9c3980bc303fcbe4d28cc,Southern,Muhanga,Nyamabuye,Gahogo,Ruvumera
66d9c3980bc303fcbe4d28d2,Southern,Muhanga,Nyamabuye,Gifumba,Samuduha
66d9c3980bc303fcbe4d28d6,Southern,Muhanga,Nyamabuye,Gitarama,Nyabisindu
66d9c3980bc303fcbe4d28d9,Southern,Muhanga,Nyamabuye,Remera,Biti
66d9c3980bc303fcbe4d28db,Southern,Muhanga,Nyamabuye,Remera,Gasharu
66d9c3980bc303fcbe4d28de,Southern,Muhanga,Nyamabuye,Remera,Munini
66d9c3980bc303fcbe4d28e0,Southern,Muhanga,Nyamabuye,Remera,Nyakabingo
66d9c3980bc303fcbe4d28e7,Southern,Muhanga,Nyarusange,Mbiriri,Nyarushora
66d9c3980bc303fcbe4d28eb,Southern,Muhanga,Nyarusange,Musongati,Kamanga
66d9c3980bc303fcbe4d28f6,Southern,Muhanga,Rongi,Gasagara,Fumbwe
66d9c3980bc303fcbe4d28fa,Southern,Muhanga,Rongi,Gasagara,Musenyi
66d9c3980bc303fcbe4d28fc,Southern,Muhanga,Rongi,Gasharu,Birehe
66d9c3980bc303fcbe4d2901,Southern,Muhanga,Rongi,Gasharu,Nyamiyaga
66d9c3980bc303fcbe4d2905,Southern,Muhanga,Rongi,Karambo,Nyagasozi
66d9c3980bc303fcbe4d290b,Southern,Muhanga,Rongi,Nyamirambo,Mugwato
66d9c3980bc303fcbe4d2918,Southern,Muhanga,Rugendabari,Gasave,Nyamatete
66d9c3980bc303fcbe4d2926,Southern,Muhanga,Rugendabari,Nsanga,Twabumbogo
66d9c3980bc303fcbe4d2940,Southern,Muhanga,Shyogwe,Ruli,Munyinya
66d9c3980bc303fcbe4d2992,Southern,Kamonyi,Kayumbu,Muyange,Kaje
66d9c3980bc303fcbe4d2998,Southern,Kamonyi,Mugina,Jenda,Mataba Nord
66d9c3980bc303fcbe4d299b,Southern,Kamonyi,Mugina,Kabugondo,Bihenga
66d9c3980bc303fcbe4d29a4,Southern,Kamonyi,Mugina,Mugina,Kagasa
66d9c3980bc303fcbe4d29a9,Southern,Kamonyi,Mugina,Nteko,Kona
66d9c3980bc303fcbe4d29b7,Southern,Kamonyi,Musambira,Karengera,Kamayanja
66d9c3980bc303fcbe4d29bc,Southern,Kamonyi,Musambira,Kivumu,Gahondo
66d9c3980bc303fcbe4d29cb,Southern,Kamonyi,Musambira,Rukambura,Nyamirembe
66d9c3980bc303fcbe4d29d8,Southern,Kamonyi,Ngamba,Marembo,Gahinga
66d9c3980bc303fcbe4d29d9,Southern,Kamonyi,Ngamba,Marembo,Kabagogo
66d9c3980bc303fcbe4d29e0,Southern,Kamonyi,Nyamiyaga,Bibungo,Nkimbiri
66d9c3980bc303fcbe4d29f9,Southern,Kamonyi,Nyamiyaga,Mukinga,Kabeza
66d9c3980bc303fcbe4d2a01,Southern,Kamonyi,Nyamiyaga,Ngoma,Buhoro
66d9c3980bc303fcbe4d2a0c,Southern,Kamonyi,Nyarubaka,Gitare,Nyabitare
66d9c3980bc303fcbe4d2a10,Southern,Kamonyi,Nyarubaka,Kambyeyi,Kigwene
66d9c3980bc303fcbe4d2a11,Southern,Kamonyi,Nyarubaka,Kambyeyi,Kirwa
66d9c3980bc303fcbe4d283d,Southern,Muhanga,Kibangu,Gisharu,Buhoro
66d9c3980bc303fcbe4d2842,Southern,Muhanga,Kibangu,Gisharu,Rwesero
66d9c3980bc303fcbe4d284d,Southern,Muhanga,Kibangu,Jurwe,Rubona
66d9c3980bc303fcbe4d285d,Southern,Muhanga,Kibangu,Ryakanimba,Nyamugali
66d9c3980bc303fcbe4d2869,Southern,Muhanga,Kiyumba,Remera,Sabusaro
66d9c3980bc303fcbe4d2884,Southern,Muhanga,Muhanga,Nyamirama,Kantonganiye
66d9c3980bc303fcbe4d288b,Southern,Muhanga,Muhanga,Remera,Munzereri
66d9c3980bc303fcbe4d2890,Southern,Muhanga,Muhanga,Tyazo,Kivomo
66d9c3980bc303fcbe4d28c0,Southern,Muhanga,Nyabinoni,Nyarusozi,Kanombe
66d9c3980bc303fcbe4d28d8,Southern,Muhanga,Nyamabuye,Gitarama,Nyarutovu
66d9c3980bc303fcbe4d2900,Southern,Muhanga,Rongi,Gasharu,Karama
66d9c3980bc303fcbe4d2907,Southern,Muhanga,Rongi,Nyamirambo,Gisoro
66d9c3980bc303fcbe4d2927,Southern,Muhanga,Shyogwe,Kinini,Gatare
66d9c3980bc303fcbe4d2929,Southern,Muhanga,Shyogwe,Kinini,Kinyami
66d9c3980bc303fcbe4d2932,Southern,Muhanga,Shyogwe,Mbare,Songa
66d9c3980bc303fcbe4d2938,Southern,Muhanga,Shyogwe,Mubuga,Matsinsi
66d9c3980bc303fcbe4d2939,Southern,Muhanga,Shyogwe,Mubuga,Nyamaganda
66d9c3980bc303fcbe4d295a,Southern,Kamonyi,Gacurabwenge,Nkingo,Rubona
66d9c3980bc303fcbe4d2970,Southern,Kamonyi,Kayenzi,Bugarama,Nyarurama
66d9c3980bc303fcbe4d297a,Southern,Kamonyi,Kayenzi,Kirwa,Gasamba
66d9c3980bc303fcbe4d2981,Southern,Kamonyi,Kayenzi,Mataba,Kabana
66d9c3980bc303fcbe4d2991,Southern,Kamonyi,Kayumbu,Giko,Ryamanywa
66d9c3980bc303fcbe4d29ad,Southern,Kamonyi,Musambira,Buhoro,Busasamana
66d9c3980bc303fcbe4d29c8,Southern,Kamonyi,Musambira,Rukambura,Bitsibo
66d9c3980bc303fcbe4d29e4,Southern,Kamonyi,Nyamiyaga,Bibungo,Rwabinagu
66d9c3980bc303fcbe4d29f4,Southern,Kamonyi,Nyamiyaga,Kidahwe,Rugarama
66d9c3980bc303fcbe4d29fa,Southern,Kamonyi,Nyamiyaga,Mukinga,Kayenzi
66d9c3980bc303fcbe4d29fb,Southern,Kamonyi,Nyamiyaga,Mukinga,Mbayaya
66d9c3980bc303fcbe4d29ff,Southern,Kamonyi,Nyamiyaga,Mukinga,Nyaruhengeri
66d9c3980bc303fcbe4d2a02,Southern,Kamonyi,Nyamiyaga,Ngoma,Gitega
66d9c3980bc303fcbe4d2a03,Southern,Kamonyi,Nyamiyaga,Ngoma,Kabahazi
66d9c3980bc303fcbe4d294f,Southern,Kamonyi,Gacurabwenge,Kigembe,Buhoro
66d9c3980bc303fcbe4d2958,Southern,Kamonyi,Gacurabwenge,Nkingo,Nyamiryango
66d9c3980bc303fcbe4d2960,Southern,Kamonyi,Karama,Bunyonga,Bunyonga
66d9c3980bc303fcbe4d2965,Southern,Kamonyi,Karama,Muganza,Gatare
66d9c3980bc303fcbe4d2967,Southern,Kamonyi,Karama,Muganza,Nyamitanga
66d9c3980bc303fcbe4d2977,Southern,Kamonyi,Kayenzi,Kayonza,Kigwene
66d9c3980bc303fcbe4d297c,Southern,Kamonyi,Kayenzi,Kirwa,Gitwa
66d9c3980bc303fcbe4d2985,Southern,Kamonyi,Kayenzi,Nyamirama,Kibuye
66d9c3980bc303fcbe4d298b,Southern,Kamonyi,Kayumbu,Gaseke,Gasiza
66d9c3980bc303fcbe4d299e,Southern,Kamonyi,Mugina,Kabugondo,Runzenzi
66d9c3980bc303fcbe4d29a2,Southern,Kamonyi,Mugina,Mbati,Mikamba
66d9c3980bc303fcbe4d29a5,Southern,Kamonyi,Mugina,Mugina,Kireka
66d9c3980bc303fcbe4d29a8,Southern,Kamonyi,Mugina,Nteko,Gishari
66d9c3980bc303fcbe4d29ac,Southern,Kamonyi,Mugina,Nteko,Rusoro
66d9c3980bc303fcbe4d29c5,Southern,Kamonyi,Musambira,Mpushi,Kingoma
66d9c3980bc303fcbe4d29c7,Southern,Kamonyi,Musambira,Mpushi,Nyarurama
66d9c3980bc303fcbe4d29d0,Southern,Kamonyi,Ngamba,Kabuga,Nyamugari
66d9c3980bc303fcbe4d29d3,Southern,Kamonyi,Ngamba,Kazirabonde,Gatare
66d9c3980bc303fcbe4d29d5,Southern,Kamonyi,Ngamba,Kazirabonde,Kabande
66d9c3980bc303fcbe4d29d7,Southern,Kamonyi,Ngamba,Kazirabonde,Munoga
66d9c3980bc303fcbe4d29e3,Southern,Kamonyi,Nyamiyaga,Bibungo,Nyamweru
66d9c3980bc303fcbe4d29ec,Southern,Kamonyi,Nyamiyaga,Kabashumba,Ruvugizo
66d9c3980bc303fcbe4d29ed,Southern,Kamonyi,Nyamiyaga,Kabashumba,Ruyumba
66d9c3980bc303fcbe4d2a0a,Southern,Kamonyi,Nyarubaka,Gitare,Kibingo
66d9c3980bc303fcbe4d2a14,Southern,Kamonyi,Nyarubaka,Kambyeyi,Ruseke
66d9c3980bc303fcbe4d2a1e,Southern,Kamonyi,Nyarubaka,Nyagishubi,Nyagasozi
66d9c3980bc303fcbe4d2846,Southern,Muhanga,Kibangu,Gitega,Musambagiro
66d9c3980bc303fcbe4d284c,Southern,Muhanga,Kibangu,Jurwe,Nzarwa
66d9c3980bc303fcbe4d2864,Southern,Muhanga,Kiyumba,Ndago,Sovu
66d9c3980bc303fcbe4d2868,Southern,Muhanga,Kiyumba,Remera,Nyanza
66d9c3980bc303fcbe4d2895,Southern,Muhanga,Mushishiro,Matyazo,Gitwa
66d9c3980bc303fcbe4d28ab,Southern,Muhanga,Mushishiro,Rwigerero,Nyamasheke
66d9c3980bc303fcbe4d28b0,Southern,Muhanga,Nyabinoni,Gashorera,Muzamuzi
66d9c3980bc303fcbe4d28b1,Southern,Muhanga,Nyabinoni,Gashorera,Ndaragati
66d9c3980bc303fcbe4d28c2,Southern,Muhanga,Nyabinoni,Nyarusozi,Mugeni
66d9c3980bc303fcbe4d28c6,Southern,Muhanga,Nyamabuye,Gahogo,Kamugina
66d9c3980bc303fcbe4d28d7,Southern,Muhanga,Nyamabuye,Gitarama,Nyarusiza
66d9c3980bc303fcbe4d28e8,Southern,Muhanga,Nyarusange,Musongati,Cyiciro
66d9c3980bc303fcbe4d290d,Southern,Muhanga,Rongi,Nyamirambo,Rugogwe
66d9c3980bc303fcbe4d2916,Southern,Muhanga,Rugendabari,Gasave,Nyagasozi
66d9c3980bc303fcbe4d2922,Southern,Muhanga,Rugendabari,Nsanga,Mpongo
66d9c3980bc303fcbe4d292d,Southern,Muhanga,Shyogwe,Mbare,Buriza
66d9c3980bc303fcbe4d2943,Southern,Muhanga,Shyogwe,Ruli,Ruhina
66d9c3980bc303fcbe4d2944,Southern,Kamonyi,Gacurabwenge,Gihinga,Kagarama
66d9c3980bc303fcbe4d294e,Southern,Kamonyi,Gacurabwenge,Gihira,Nyabitare
66d9c3980bc303fcbe4d2969,Southern,Kamonyi,Karama,Nyamirembe,Gaji
66d9c3980bc303fcbe4d2976,Southern,Kamonyi,Kayenzi,Cubi,Rwishywa
66d9c3980bc303fcbe4d29b2,Southern,Kamonyi,Musambira,Cyambwe,Gacaca
66d9c3980bc303fcbe4d29b3,Southern,Kamonyi,Musambira,Cyambwe,Giheta
66d9c3980bc303fcbe4d29c3,Southern,Kamonyi,Musambira,Mpushi,Kabere
66d9c3980bc303fcbe4d29c9,Southern,Kamonyi,Musambira,Rukambura,Ngoma
66d9c3980bc303fcbe4d29ea,Southern,Kamonyi,Nyamiyaga,Kabashumba,Murehe
66d9c3980bc303fcbe4d29f6,Southern,Kamonyi,Nyamiyaga,Kidahwe,Rwezamenyo
66d9c3980bc303fcbe4d2a07,Southern,Kamonyi,Nyamiyaga,Ngoma,Munyinya
66d9c3980bc303fcbe4d2a0e,Southern,Kamonyi,Nyarubaka,Gitare,Rwigerero
66d9c3980bc303fcbe4d2a0f,Southern,Kamonyi,Nyarubaka,Kambyeyi,Kabungo
66d9c3980bc303fcbe4d2a19,Southern,Kamonyi,Nyarubaka,Kigusa,Rugarama
66d9c3980bc303fcbe4d285c,Southern,Muhanga,Kibangu,Ryakanimba,Mwumba
66d9c3980bc303fcbe4d2861,Southern,Muhanga,Kiyumba,Budende,Ruramba
66d9c3980bc303fcbe4d28a5,Southern,Muhanga,Mushishiro,Rukaragata,Kivumu
66d9c3980bc303fcbe4d28c7,Southern,Muhanga,Nyamabuye,Gahogo,Kavumu
66d9c3980bc303fcbe4d28cb,Southern,Muhanga,Nyamabuye,Gahogo,Rutenga
66d9c3980bc303fcbe4d28f4,Southern,Muhanga,Nyarusange,Rusovu,Rwambariro
66d9c3980bc303fcbe4d2917,Southern,Muhanga,Rugendabari,Gasave,Nyakibuye
66d9c3980bc303fcbe4d293b,Southern,Muhanga,Shyogwe,Mubuga,Rwamaraba
66d9c3980bc303fcbe4d2986,Southern,Kamonyi,Kayenzi,Nyamirama,Rugaragara
66d9c3980bc303fcbe4d2997,Southern,Kamonyi,Mugina,Jenda,Kiyonza
66d9c3980bc303fcbe4d29b6,Southern,Kamonyi,Musambira,Cyambwe,Shaka
66d9c3980bc303fcbe4d29f2,Southern,Kamonyi,Nyamiyaga,Kidahwe,Nyamiyaga
66d9c3980bc303fcbe4d2a1f,Southern,Kamonyi,Nyarubaka,Nyagishubi,Tare
66d9c3990bc303fcbe4d2a26,Southern,Kamonyi,Rugarika,Bihembe,Gitwa
66d9c3990bc303fcbe4d2a29,Southern,Kamonyi,Rugarika,Bihembe,Rubona
66d9c3990bc303fcbe4d2a30,Southern,Kamonyi,Rugarika,Kigese,Rugarama
66d9c3990bc303fcbe4d2a47,Southern,Kamonyi,Rukoma,Buguri,Buguri
66d9c3990bc303fcbe4d2a4e,Southern,Kamonyi,Rukoma,Gishyeshye,Gishyeshye
66d9c3990bc303fcbe4d2a37,Southern,Kamonyi,Rugarika,Nyarubuye,Musave
66d9c3990bc303fcbe4d2a45,Southern,Kamonyi,Rukoma,Bugoba,Nyarurama
66d9c3990bc303fcbe4d2a52,Southern,Kamonyi,Rukoma,Murehe,Kabagabo
66d9c3990bc303fcbe4d2a54,Southern,Kamonyi,Rukoma,Murehe,Mubuga
66d9c3990bc303fcbe4d2a2e,Southern,Kamonyi,Rugarika,Kigese,Kirega
66d9c3990bc303fcbe4d2a36,Southern,Kamonyi,Rugarika,Nyarubuye,Kabarama
66d9c3990bc303fcbe4d2a39,Southern,Kamonyi,Rugarika,Nyarubuye,Remera
66d9c3990bc303fcbe4d2a51,Southern,Kamonyi,Rukoma,Gishyeshye,Rubare
66d9c3990bc303fcbe4d2a67,Southern,Kamonyi,Runda,Gihara,Bikimba
66d9c3990bc303fcbe4d2a83,Northern,Rulindo,BASE,Cyohoha,Gihemba
66d9c3990bc303fcbe4d2a9a,Northern,Rulindo,BASE,Rwamahwa,Karambi
66d9c3990bc303fcbe4d2a9f,Northern,Rulindo,BUREGA,Butangampundu,Karambi
66d9c3990bc303fcbe4d2a6f,Southern,Kamonyi,Runda,Kabagesera,Muhambara
66d9c3990bc303fcbe4d2a7b,Southern,Kamonyi,Runda,Muganza,Rubona
66d9c3990bc303fcbe4d2a8c,Northern,Rulindo,BASE,Gitare,Gatete
66d9c3990bc303fcbe4d2a61,Southern,Kamonyi,Rukoma,Remera,Remera
66d9c3990bc303fcbe4d2a70,Southern,Kamonyi,Runda,Kabagesera,Rubuye
66d9c3990bc303fcbe4d2a73,Southern,Kamonyi,Runda,Kagina,Kagina
66d9c3990bc303fcbe4d2a76,Southern,Kamonyi,Runda,Kagina,Rugarama
66d9c3990bc303fcbe4d2a7f,Southern,Kamonyi,Runda,Ruyenzi,Rubumba
66d9c3990bc303fcbe4d2a8e,Northern,Rulindo,BASE,Gitare,Gisiza
66d9c3990bc303fcbe4d2a9c,Northern,Rulindo,BASE,Rwamahwa,Mutima
66d9c3990bc303fcbe4d2a9d,Northern,Rulindo,BUREGA,Butangampundu,Gacyamo
66d9c3990bc303fcbe4d2abf,Northern,Rulindo,BUREGA,Taba,Mwite
66d9c3990bc303fcbe4d2ac0,Northern,Rulindo,BUREGA,Taba,Ngange
66d9c3990bc303fcbe4d2ac1,Northern,Rulindo,BUREGA,Taba,Nyagisozi
66d9c3990bc303fcbe4d2adc,Northern,Rulindo,BUSHOKI,Mukoto,Marembo
66d9c3990bc303fcbe4d2aa0,Northern,Rulindo,BUREGA,Butangampundu,Karugaju
66d9c3990bc303fcbe4d2aa6,Northern,Rulindo,BUREGA,Butangampundu,Mayaga
66d9c3990bc303fcbe4d2aaf,Northern,Rulindo,BUREGA,Karengeri,Gashinge
66d9c3990bc303fcbe4d2ab1,Northern,Rulindo,BUREGA,Karengeri,Kantabo
66d9c3990bc303fcbe4d2abb,Northern,Rulindo,BUREGA,Taba,Gasango
66d9c3990bc303fcbe4d2ac6,Northern,Rulindo,BUSHOKI,Gasiza,Buhande
66d9c3990bc303fcbe4d2ac9,Northern,Rulindo,BUSHOKI,Gasiza,Remera
66d9c3990bc303fcbe4d2acd,Northern,Rulindo,BUSHOKI,Giko,Cyiri
66d9c3990bc303fcbe4d2add,Northern,Rulindo,BUSHOKI,Mukoto,Muko
66d9c3990bc303fcbe4d2ad2,Northern,Rulindo,BUSHOKI,Giko,Ngarama
66d9c3990bc303fcbe4d2ad3,Northern,Rulindo,BUSHOKI,Giko,Rugote
66d9c3990bc303fcbe4d2ade,Northern,Rulindo,BUSHOKI,Mukoto,Mukoto
66d9c3990bc303fcbe4d2b7a,Northern,Rulindo,MASORO,Kabuga,Nyakibande
66d9c3990bc303fcbe4d2ae7,Northern,Rulindo,BUSHOKI,Nyirangarama,Remera
66d9c3990bc303fcbe4d2af3,Northern,Rulindo,BUYOGA,Butare,Ryanyirakayobe
66d9c3990bc303fcbe4d2afe,Northern,Rulindo,BUYOGA,Gitumba,Rutabo
66d9c3990bc303fcbe4d2b00,Northern,Rulindo,BUYOGA,Karama,Kajeneni
66d9c3990bc303fcbe4d2b05,Northern,Rulindo,BUYOGA,Mwumba,Gakoma
66d9c3990bc303fcbe4d2b3b,Northern,Rulindo,CYUNGO,Rwili,Nyabisasa
66d9c3990bc303fcbe4d2b3c,Northern,Rulindo,CYUNGO,Rwili,Sakara
66d9c3990bc303fcbe4d2b3d,Northern,Rulindo,KINIHIRA,Butunzi,Akamiyove
66d9c3990bc303fcbe4d2b43,Northern,Rulindo,KINIHIRA,Karegamazi,Buhita
66d9c3990bc303fcbe4d2b68,Northern,Rulindo,KISARO,Mubuga,Nyakarekare
66d9c3990bc303fcbe4d2b6e,Northern,Rulindo,KISARO,Murama,Mugomero
66d9c3990bc303fcbe4d2b80,Northern,Rulindo,MASORO,Kigarama,Rukurazo
66d9c3990bc303fcbe4d2b8b,Northern,Rulindo,MASORO,Shengampuli,Amataba
66d9c3990bc303fcbe4d2b9a,Northern,Rulindo,MBOGO,Mushari,Bukongi
66d9c3990bc303fcbe4d2b9b,Northern,Rulindo,MBOGO,Mushari,Buraro
66d9c3990bc303fcbe4d2b9c,Northern,Rulindo,MBOGO,Mushari,Buyanja
66d9c3990bc303fcbe4d2aee,Northern,Rulindo,BUYOGA,Busoro,Rugarama
66d9c3990bc303fcbe4d2af9,Northern,Rulindo,BUYOGA,Gahororo,Shagasha
66d9c3990bc303fcbe4d2b1f,Northern,Rulindo,CYINZUZI,Rudogo,Gasekabuye
66d9c3990bc303fcbe4d2a31,Southern,Kamonyi,Rugarika,Masaka,Masaka
66d9c3990bc303fcbe4d2a34,Southern,Kamonyi,Rugarika,Masaka,Rwimondo
66d9c3990bc303fcbe4d2a3b,Southern,Kamonyi,Rugarika,Nyarubuye,Samuduha
66d9c3990bc303fcbe4d2a3d,Southern,Kamonyi,Rugarika,Sheli,Gatovu
66d9c3990bc303fcbe4d2a48,Southern,Kamonyi,Rukoma,Buguri,Nyabuvomo
66d9c3990bc303fcbe4d2a2f,Southern,Kamonyi,Rugarika,Kigese,Mibirizi
66d9c3990bc303fcbe4d2a35,Southern,Kamonyi,Rugarika,Masaka,Taba
66d9c3990bc303fcbe4d2a4b,Southern,Kamonyi,Rukoma,Buguri,Ruzege
66d9c3990bc303fcbe4d2a5b,Southern,Kamonyi,Rukoma,Mwirute,Rugarama
66d9c3990bc303fcbe4d2a7c,Southern,Kamonyi,Runda,Ruyenzi,Kibaya
66d9c3990bc303fcbe4d2a63,Southern,Kamonyi,Rukoma,Taba,Karuri
66d9c3990bc303fcbe4d2a6a,Southern,Kamonyi,Runda,Gihara,Nyagatare
66d9c3990bc303fcbe4d2a69,Southern,Kamonyi,Runda,Gihara,Kabasanza
66d9c3990bc303fcbe4d2a6b,Southern,Kamonyi,Runda,Gihara,Rukaragata
66d9c3990bc303fcbe4d2a6e,Southern,Kamonyi,Runda,Kabagesera,Kabagesera
66d9c3990bc303fcbe4d2a78,Southern,Kamonyi,Runda,Muganza,Musebeya
66d9c3990bc303fcbe4d2a84,Northern,Rulindo,BASE,Cyohoha,Gitwa
66d9c3990bc303fcbe4d2a87,Northern,Rulindo,BASE,Cyohoha,Musenyi
66d9c3990bc303fcbe4d2a89,Northern,Rulindo,BASE,Cyohoha,Nyangoyi
66d9c3990bc303fcbe4d2a91,Northern,Rulindo,BASE,Gitare,Mugenda Ii
66d9c3990bc303fcbe4d2a66,Southern,Kamonyi,Rukoma,Taba,Taba
66d9c3990bc303fcbe4d2a6c,Southern,Kamonyi,Runda,Gihara,Ruyigi
66d9c3990bc303fcbe4d2a6d,Southern,Kamonyi,Runda,Kabagesera,Bwirabo
66d9c3990bc303fcbe4d2a77,Southern,Kamonyi,Runda,Muganza,Kigabiro
66d9c3990bc303fcbe4d2a93,Northern,Rulindo,BASE,Gitare,Rugaragara
66d9c3990bc303fcbe4d2a99,Northern,Rulindo,BASE,Rwamahwa,Kabeza
66d9c3990bc303fcbe4d2aa9,Northern,Rulindo,BUREGA,Butangampundu,Nyamiyaga
66d9c3990bc303fcbe4d2aaa,Northern,Rulindo,BUREGA,Butangampundu,Runyinya
66d9c3990bc303fcbe4d2aab,Northern,Rulindo,BUREGA,Karengeri,Bugoboka
66d9c3990bc303fcbe4d2ab7,Northern,Rulindo,BUREGA,Karengeri,Mukarange
66d9c3990bc303fcbe4d2acf,Northern,Rulindo,BUSHOKI,Giko,Karambo
66d9c3990bc303fcbe4d2ad1,Northern,Rulindo,BUSHOKI,Giko,Kivomo
66d9c3990bc303fcbe4d2ad4,Northern,Rulindo,BUSHOKI,Kayenzi,Gitaba
66d9c3990bc303fcbe4d2adf,Northern,Rulindo,BUSHOKI,Mukoto,Rusave
66d9c3990bc303fcbe4d2aac,Northern,Rulindo,BUREGA,Karengeri,Byerwa
66d9c3990bc303fcbe4d2abc,Northern,Rulindo,BUREGA,Taba,Kiboha
66d9c3990bc303fcbe4d2abd,Northern,Rulindo,BUREGA,Taba,Kivomo
66d9c3990bc303fcbe4d2ac7,Northern,Rulindo,BUSHOKI,Gasiza,Gitwa
66d9c3990bc303fcbe4d2b02,Northern,Rulindo,BUYOGA,Karama,Karambo
66d9c3990bc303fcbe4d2b1d,Northern,Rulindo,CYINZUZI,Migendezo,Remera
66d9c3990bc303fcbe4d2b29,Northern,Rulindo,CYUNGO,Burehe,Karengeri
66d9c3990bc303fcbe4d2b2f,Northern,Rulindo,CYUNGO,Marembo,Gahinga
66d9c3990bc303fcbe4d2b4f,Northern,Rulindo,KINIHIRA,Rebero,Karambi
66d9c3990bc303fcbe4d2b5b,Northern,Rulindo,KISARO,Kamushenyi,Kabeza
66d9c3990bc303fcbe4d2b7b,Northern,Rulindo,MASORO,Kabuga,Nyakizu
66d9c3990bc303fcbe4d2b83,Northern,Rulindo,MASORO,Kivugiza,Nyarurembo
66d9c3990bc303fcbe4d2b86,Northern,Rulindo,MASORO,Nyamyumba,Kabuga
66d9c3990bc303fcbe4d2b87,Northern,Rulindo,MASORO,Nyamyumba,Kigomwa
66d9c3990bc303fcbe4d2b88,Northern,Rulindo,MASORO,Nyamyumba,Marembo
66d9c3990bc303fcbe4d2b97,Northern,Rulindo,MBOGO,Bukoro,Kinini Ya Mbogo
66d9c3990bc303fcbe4d2b0c,Northern,Rulindo,BUYOGA,Ndarage,Kagozi
66d9c3990bc303fcbe4d2b18,Northern,Rulindo,CYINZUZI,Migendezo,Gitabage
66d9c3990bc303fcbe4d2b3f,Northern,Rulindo,KINIHIRA,Butunzi,Bunahi
66d9c3990bc303fcbe4d2b69,Northern,Rulindo,KISARO,Mubuga,Rutabo
66d9c3990bc303fcbe4d2b74,Northern,Rulindo,KISARO,Sayo,Rusongati
66d9c3990bc303fcbe4d2ae5,Northern,Rulindo,BUSHOKI,Nyirangarama,Nyenyeri
66d9c3990bc303fcbe4d2aeb,Northern,Rulindo,BUYOGA,Busoro,Gatwa
66d9c3990bc303fcbe4d2af5,Northern,Rulindo,BUYOGA,Gahororo,Gatare
66d9c3990bc303fcbe4d2af7,Northern,Rulindo,BUYOGA,Gahororo,Gipfundo
66d9c3990bc303fcbe4d2afa,Northern,Rulindo,BUYOGA,Gitumba,Gitaba
66d9c3990bc303fcbe4d2afc,Northern,Rulindo,BUYOGA,Gitumba,Nyarubuye
66d9c3990bc303fcbe4d2b1a,Northern,Rulindo,CYINZUZI,Migendezo,Marembo
66d9c3990bc303fcbe4d2b21,Northern,Rulindo,CYINZUZI,Rudogo,Gasizi
66d9c3990bc303fcbe4d2b3a,Northern,Rulindo,CYUNGO,Rwili,Nturo
66d9c3990bc303fcbe4d2b3e,Northern,Rulindo,KINIHIRA,Butunzi,Barayi
66d9c3990bc303fcbe4d2b40,Northern,Rulindo,KINIHIRA,Butunzi,Gisekuru
66d9c3990bc303fcbe4d2b45,Northern,Rulindo,KINIHIRA,Karegamazi,Gatembe
66d9c3990bc303fcbe4d2b51,Northern,Rulindo,KINIHIRA,Rebero,Ndusu
66d9c3990bc303fcbe4d2b5c,Northern,Rulindo,KISARO,Kamushenyi,Karambi
66d9c3990bc303fcbe4d2b77,Northern,Rulindo,MASORO,Kabuga,Kanunga
66d9c3990bc303fcbe4d2b81,Northern,Rulindo,MASORO,Kivugiza,Gasenga
66d9c3990bc303fcbe4d2b93,Northern,Rulindo,MBOGO,Bukoro,Gihonga
66d9c3990bc303fcbe4d2ae1,Northern,Rulindo,BUSHOKI,Nyirangarama,Byimana
66d9c3990bc303fcbe4d2ae3,Northern,Rulindo,BUSHOKI,Nyirangarama,Gifuba
66d9c3990bc303fcbe4d2aec,Northern,Rulindo,BUYOGA,Busoro,Karambo
66d9c3990bc303fcbe4d2af6,Northern,Rulindo,BUYOGA,Gahororo,Gatenderi
66d9c3990bc303fcbe4d2af8,Northern,Rulindo,BUYOGA,Gahororo,Gitabura
66d9c3990bc303fcbe4d2afb,Northern,Rulindo,BUYOGA,Gitumba,Munini
66d9c3990bc303fcbe4d2aff,Northern,Rulindo,BUYOGA,Karama,Cyasenge
66d9c3990bc303fcbe4d2b01,Northern,Rulindo,BUYOGA,Karama,Karambi
66d9c3990bc303fcbe4d2b03,Northern,Rulindo,BUYOGA,Karama,Kavumo
66d9c3990bc303fcbe4d2b04,Northern,Rulindo,BUYOGA,Karama,Kigarama
66d9c3990bc303fcbe4d2b07,Northern,Rulindo,BUYOGA,Mwumba,Murambo
66d9c3990bc303fcbe4d2b08,Northern,Rulindo,BUYOGA,Mwumba,Nyamwiza
66d9c3990bc303fcbe4d2b09,Northern,Rulindo,BUYOGA,Mwumba,Nyarubuye
66d9c3990bc303fcbe4d2b0b,Northern,Rulindo,BUYOGA,Ndarage,Gikingo
66d9c3990bc303fcbe4d2b11,Northern,Rulindo,CYINZUZI,Budakiranya,Kamatongo
66d9c3990bc303fcbe4d2b19,Northern,Rulindo,CYINZUZI,Migendezo,Karambo
66d9c3990bc303fcbe4d2b1e,Northern,Rulindo,CYINZUZI,Migendezo,Rusagara
66d9c3990bc303fcbe4d2b24,Northern,Rulindo,CYINZUZI,Rudogo,Munini
66d9c3990bc303fcbe4d2b2a,Northern,Rulindo,CYUNGO,Burehe,Kibande
66d9c3990bc303fcbe4d2b2d,Northern,Rulindo,CYUNGO,Burehe,Sove
66d9c3990bc303fcbe4d2b2e,Northern,Rulindo,CYUNGO,Marembo,Buyaga
66d9c3990bc303fcbe4d2b34,Northern,Rulindo,CYUNGO,Marembo,Rugaragara
66d9c3990bc303fcbe4d2b44,Northern,Rulindo,KINIHIRA,Karegamazi,Bwishya
66d9c3990bc303fcbe4d2b47,Northern,Rulindo,KINIHIRA,Karegamazi,Mutoyi
66d9c3990bc303fcbe4d2b4d,Northern,Rulindo,KINIHIRA,Marembo,Kiyebe
66d9c3990bc303fcbe4d2b59,Northern,Rulindo,KISARO,Kamushenyi,Gatete
66d9c3990bc303fcbe4d2b62,Northern,Rulindo,KISARO,Kigarama,Runyinya
66d9c3990bc303fcbe4d2b66,Northern,Rulindo,KISARO,Mubuga,Kirenge
66d9c3990bc303fcbe4d2b6d,Northern,Rulindo,KISARO,Murama,Kibingwe
66d9c3990bc303fcbe4d2b89,Northern,Rulindo,MASORO,Nyamyumba,Rusenyi
66d9c3990bc303fcbe4d2b8d,Northern,Rulindo,MASORO,Shengampuli,Rusine
66d9c3990bc303fcbe4d2b96,Northern,Rulindo,MBOGO,Bukoro,Kibaya
66d9c3990bc303fcbe4d2b98,Northern,Rulindo,MBOGO,Bukoro,Ruhanya
66d9c3990bc303fcbe4d2b9d,Northern,Rulindo,MBOGO,Mushari,Gitaba
66d9c3990bc303fcbe4d2bb9,Northern,Rulindo,MURAMBI,Gatwa,Akarambi
66d9c3990bc303fcbe4d2bba,Northern,Rulindo,MURAMBI,Gatwa,Amataba
66d9c3990bc303fcbe4d2bc0,Northern,Rulindo,MURAMBI,Mugambazi,Buliza
66d9c3990bc303fcbe4d2bd0,Northern,Rulindo,NGOMA,Kabuga,Kiruli
66d9c3990bc303fcbe4d2bda,Northern,Rulindo,NGOMA,Mugote,Kiboha
66d9c3990bc303fcbe4d2bdc,Northern,Rulindo,NGOMA,Mugote,Mwishya
66d9c3990bc303fcbe4d2bdf,Northern,Rulindo,NGOMA,Mugote,Rukoma
66d9c3990bc303fcbe4d2bac,Northern,Rulindo,MBOGO,Rurenge,Munini
66d9c3990bc303fcbe4d2bbc,Northern,Rulindo,MURAMBI,Gatwa,Kabeza
66d9c3990bc303fcbe4d2bc8,Northern,Rulindo,MURAMBI,Mvuzo,Kabuga
66d9c3990bc303fcbe4d2bd9,Northern,Rulindo,NGOMA,Mugote,Cyabasigi
66d9c3990bc303fcbe4d2bbd,Northern,Rulindo,MURAMBI,Gatwa,Karambo
66d9c3990bc303fcbe4d2bd1,Northern,Rulindo,NGOMA,Kabuga,Nyabuko
66d9c3990bc303fcbe4d2bd8,Northern,Rulindo,NGOMA,Karambo,Nyakagezi
66d9c3990bc303fcbe4d2bdd,Northern,Rulindo,NGOMA,Mugote,Nyakibyeyi
66d9c3990bc303fcbe4d2bf3,Northern,Rulindo,NTARABANA,Kiyanza,Kivubwe
66d9c3990bc303fcbe4d2bf5,Northern,Rulindo,NTARABANA,Kiyanza,Nombe
66d9c3990bc303fcbe4d2c12,Northern,Rulindo,RUKOZO,Mberuka,Mataba
66d9c3990bc303fcbe4d2c1e,Northern,Rulindo,RUSIGA,Gako,Rwintare
66d9c3990bc303fcbe4d2be6,Northern,Rulindo,NGOMA,Munyarwanda,Nyaruvumu
66d9c3990bc303fcbe4d2c0b,Northern,Rulindo,RUKOZO,Bwimo,Gatwa
66d9c3990bc303fcbe4d2c19,Northern,Rulindo,RUSIGA,Gako,Gifumba
66d9c3990bc303fcbe4d2b4a,Northern,Rulindo,KINIHIRA,Marembo,Cyogo
66d9c3990bc303fcbe4d2b50,Northern,Rulindo,KINIHIRA,Rebero,Kirwa
66d9c3990bc303fcbe4d2b52,Northern,Rulindo,KINIHIRA,Rebero,Rugundu
66d9c3990bc303fcbe4d2b5e,Northern,Rulindo,KISARO,Kamushenyi,Wamahoro
66d9c3990bc303fcbe4d2b5f,Northern,Rulindo,KISARO,Kigarama,Gaseke
66d9c3990bc303fcbe4d2b6f,Northern,Rulindo,KISARO,Murama,Ryarubuguza
66d9c3990bc303fcbe4d2b70,Northern,Rulindo,KISARO,Sayo,Cyasuri
66d9c3990bc303fcbe4d2b8f,Northern,Rulindo,MASORO,Shengampuli,Umutagata
66d9c3990bc303fcbe4d2b92,Northern,Rulindo,MBOGO,Bukoro,Gasama
66d9c3990bc303fcbe4d2ae2,Northern,Rulindo,BUSHOKI,Nyirangarama,Gatenga
66d9c3990bc303fcbe4d2afd,Northern,Rulindo,BUYOGA,Gitumba,Remera
66d9c3990bc303fcbe4d2b06,Northern,Rulindo,BUYOGA,Mwumba,Mataba
66d9c3990bc303fcbe4d2b0f,Northern,Rulindo,CYINZUZI,Budakiranya,Gatagara
66d9c3990bc303fcbe4d2b1b,Northern,Rulindo,CYINZUZI,Migendezo,Ngabitsinze
66d9c3990bc303fcbe4d2b2b,Northern,Rulindo,CYUNGO,Burehe,Kibogora
66d9c3990bc303fcbe4d2b84,Northern,Rulindo,MASORO,Kivugiza,Rebero
66d9c3990bc303fcbe4d2ba3,Northern,Rulindo,MBOGO,Ngiramazi,Gisha
66d9c3990bc303fcbe4d2bad,Northern,Rulindo,MBOGO,Rurenge,Ruhondo
66d9c3990bc303fcbe4d2bb8,Northern,Rulindo,MURAMBI,Gatwa,Agatare
66d9c3990bc303fcbe4d2ba2,Northern,Rulindo,MBOGO,Ngiramazi,Gikombe
66d9c3990bc303fcbe4d2bb3,Northern,Rulindo,MURAMBI,Bubangu,Mayange
66d9c3990bc303fcbe4d2bbf,Northern,Rulindo,MURAMBI,Mugambazi,Amahoro
66d9c3990bc303fcbe4d2bc1,Northern,Rulindo,MURAMBI,Mugambazi,Gahama
66d9c3990bc303fcbe4d2bc7,Northern,Rulindo,MURAMBI,Mvuzo,Kabeza
66d9c3990bc303fcbe4d2bcd,Northern,Rulindo,NGOMA,Kabuga,Gatete
66d9c3990bc303fcbe4d2bd4,Northern,Rulindo,NGOMA,Karambo,Jyambere
66d9c3990bc303fcbe4d2ba6,Northern,Rulindo,MBOGO,Ngiramazi,Nyakabembe
66d9c3990bc303fcbe4d2bb6,Northern,Rulindo,MURAMBI,Bubangu,Ruhunga
66d9c3990bc303fcbe4d2bc2,Northern,Rulindo,MURAMBI,Mugambazi,Gashinge
66d9c3990bc303fcbe4d2bc6,Northern,Rulindo,MURAMBI,Mvuzo,Iraro
66d9c3990bc303fcbe4d2bd7,Northern,Rulindo,NGOMA,Karambo,Marebe
66d9c3990bc303fcbe4d2bd3,Northern,Rulindo,NGOMA,Karambo,Butare
66d9c3990bc303fcbe4d2c14,Northern,Rulindo,RUKOZO,Mbuye,Kibare
66d9c3990bc303fcbe4d2be1,Northern,Rulindo,NGOMA,Munyarwanda,Busizi
66d9c3990bc303fcbe4d2bea,Northern,Rulindo,NTARABANA,Kajevuba,Cyamutara
66d9c3990bc303fcbe4d2bf7,Northern,Rulindo,NTARABANA,Kiyanza,Nyamurema
66d9c3990bc303fcbe4d2c0e,Northern,Rulindo,RUKOZO,Bwimo,Mwana
66d9c3990bc303fcbe4d2c1b,Northern,Rulindo,RUSIGA,Gako,Kabuye
66d9c3990bc303fcbe4d2be4,Northern,Rulindo,NGOMA,Munyarwanda,Muyange
66d9c3990bc303fcbe4d2bf1,Northern,Rulindo,NTARABANA,Kiyanza,Gatobotobo
66d9c3990bc303fcbe4d2bf6,Northern,Rulindo,NTARABANA,Kiyanza,Nyagisozi
66d9c3990bc303fcbe4d2bf8,Northern,Rulindo,NTARABANA,Kiyanza,Nyarurama
66d9c3990bc303fcbe4d2c03,Northern,Rulindo,RUKOZO,Buraro,Kamiyove
66d9c3990bc303fcbe4d2c07,Northern,Rulindo,RUKOZO,Buraro,Rukingu
66d9c3990bc303fcbe4d2c10,Northern,Rulindo,RUKOZO,Mberuka,Gakubo
66d9c3990bc303fcbe4d2be2,Northern,Rulindo,NGOMA,Munyarwanda,Gaseke
66d9c3990bc303fcbe4d2be8,Northern,Rulindo,NGOMA,Munyarwanda,Rushubi
66d9c3990bc303fcbe4d2bf4,Northern,Rulindo,NTARABANA,Kiyanza,Kiyanza I
66d9c3990bc303fcbe4d2bf9,Northern,Rulindo,NTARABANA,Mahaza,Burambi
66d9c3990bc303fcbe4d2c16,Northern,Rulindo,RUKOZO,Mbuye,Musave
66d9c3990bc303fcbe4d2be3,Northern,Rulindo,NGOMA,Munyarwanda,Kirungu
66d9c3990bc303fcbe4d2be5,Northern,Rulindo,NGOMA,Munyarwanda,Ngaru
66d9c3990bc303fcbe4d2be9,Northern,Rulindo,NTARABANA,Kajevuba,Bikamba
66d9c3990bc303fcbe4d2bee,Northern,Rulindo,NTARABANA,Kajevuba,Nyarubuye
66d9c3990bc303fcbe4d2a22,Southern,Kamonyi,Nyarubaka,Ruyanza,Gitega
66d9c3990bc303fcbe4d2a24,Southern,Kamonyi,Nyarubaka,Ruyanza,Kavumu
66d9c3990bc303fcbe4d2a2b,Southern,Kamonyi,Rugarika,Bihembe,Rwabayanga
66d9c3990bc303fcbe4d2a2d,Southern,Kamonyi,Rugarika,Kigese,Kigese
66d9c3990bc303fcbe4d2a32,Southern,Kamonyi,Rugarika,Masaka,Mpungwe
66d9c3990bc303fcbe4d2a43,Southern,Kamonyi,Rukoma,Bugoba,Gatare
66d9c3990bc303fcbe4d2a44,Southern,Kamonyi,Rukoma,Bugoba,Kabuga
66d9c3990bc303fcbe4d2a46,Southern,Kamonyi,Rukoma,Bugoba,Nyenge
66d9c3990bc303fcbe4d2a4a,Southern,Kamonyi,Rukoma,Buguri,Nyakabande
66d9c3990bc303fcbe4d2a4d,Southern,Kamonyi,Rukoma,Gishyeshye,Gahungeri
66d9c3990bc303fcbe4d2a53,Southern,Kamonyi,Rukoma,Murehe,Kamuzi
66d9c3990bc303fcbe4d2a5a,Southern,Kamonyi,Rukoma,Mwirute,Rubuye
66d9c3990bc303fcbe4d2a5c,Southern,Kamonyi,Rukoma,Remera,Gisenyi
66d9c3990bc303fcbe4d2a5f,Southern,Kamonyi,Rukoma,Remera,Kigarama
66d9c3990bc303fcbe4d2a25,Southern,Kamonyi,Nyarubaka,Ruyanza,Ngarama
66d9c3990bc303fcbe4d2a3f,Southern,Kamonyi,Rugarika,Sheli,Karehe
66d9c3990bc303fcbe4d2a57,Southern,Kamonyi,Rukoma,Mwirute,Gafonogo
66d9c3990bc303fcbe4d2a49,Southern,Kamonyi,Rukoma,Buguri,Nyagasozi
66d9c3990bc303fcbe4d2a62,Southern,Kamonyi,Rukoma,Taba,Bukokora
66d9c3990bc303fcbe4d2a64,Southern,Kamonyi,Rukoma,Taba,Nyarusange
66d9c3990bc303fcbe4d2a74,Southern,Kamonyi,Runda,Kagina,Kamuhoza
66d9c3990bc303fcbe4d2a81,Northern,Rulindo,BASE,Cyohoha,Bukangano
66d9c3990bc303fcbe4d2a82,Northern,Rulindo,BASE,Cyohoha,Buramba
66d9c3990bc303fcbe4d2a85,Northern,Rulindo,BASE,Cyohoha,Kabingo
66d9c3990bc303fcbe4d2a92,Northern,Rulindo,BASE,Gitare,Nyamugali
66d9c3990bc303fcbe4d2a98,Northern,Rulindo,BASE,Rwamahwa,Kabahama
66d9c3990bc303fcbe4d2a9e,Northern,Rulindo,BUREGA,Butangampundu,Gashinge
66d9c3990bc303fcbe4d2a68,Southern,Kamonyi,Runda,Gihara,Bimba
66d9c3990bc303fcbe4d2a71,Southern,Kamonyi,Runda,Kabagesera,Rugogwe
66d9c3990bc303fcbe4d2a7d,Southern,Kamonyi,Runda,Ruyenzi,Nyabitare
66d9c3990bc303fcbe4d2a88,Northern,Rulindo,BASE,Cyohoha,Mushongi
66d9c3990bc303fcbe4d2a8d,Northern,Rulindo,BASE,Gitare,Gihora
66d9c3990bc303fcbe4d2aa2,Northern,Rulindo,BUREGA,Butangampundu,Kibiraro
66d9c3990bc303fcbe4d2ad9,Northern,Rulindo,BUSHOKI,Mukoto,Buvumo
66d9c3990bc303fcbe4d2aa7,Northern,Rulindo,BUREGA,Butangampundu,Muduha
66d9c3990bc303fcbe4d2aa5,Northern,Rulindo,BUREGA,Butangampundu,Kisigiro
66d9c3990bc303fcbe4d2ab9,Northern,Rulindo,BUREGA,Taba,Bugarama
66d9c3990bc303fcbe4d2ac4,Northern,Rulindo,BUREGA,Taba,Ryinzovu
66d9c3990bc303fcbe4d2acb,Northern,Rulindo,BUSHOKI,Gasiza,Rulindo
66d9c3990bc303fcbe4d2ab0,Northern,Rulindo,BUREGA,Karengeri,Gatete
66d9c3990bc303fcbe4d2ab3,Northern,Rulindo,BUREGA,Karengeri,Kizenga
66d9c3990bc303fcbe4d2ab8,Northern,Rulindo,BUREGA,Karengeri,Rwamiko
66d9c3990bc303fcbe4d2ac2,Northern,Rulindo,BUREGA,Taba,Rubara
66d9c3990bc303fcbe4d2ac3,Northern,Rulindo,BUREGA,Taba,Rusine
66d9c3990bc303fcbe4d2ac5,Northern,Rulindo,BUSHOKI,Gasiza,Budaha
66d9c3990bc303fcbe4d2aca,Northern,Rulindo,BUSHOKI,Gasiza,Ruhanga
66d9c3990bc303fcbe4d2ad6,Northern,Rulindo,BUSHOKI,Kayenzi,Murambo
66d9c3990bc303fcbe4d2ad8,Northern,Rulindo,BUSHOKI,Kayenzi,Rwanzu
66d9c3990bc303fcbe4d2ada,Northern,Rulindo,BUSHOKI,Mukoto,Buyogoma
66d9c3990bc303fcbe4d2ae4,Northern,Rulindo,BUSHOKI,Nyirangarama,Karambi
66d9c3990bc303fcbe4d2ae8,Northern,Rulindo,BUSHOKI,Nyirangarama,Tare
66d9c3990bc303fcbe4d2aef,Northern,Rulindo,BUYOGA,Butare,Gasave
66d9c3990bc303fcbe4d2af2,Northern,Rulindo,BUYOGA,Butare,Karambi
66d9c3990bc303fcbe4d2b14,Northern,Rulindo,CYINZUZI,Budakiranya,Kigarama
66d9c3990bc303fcbe4d2b32,Northern,Rulindo,CYUNGO,Marembo,Murambo
66d9c3990bc303fcbe4d2b42,Northern,Rulindo,KINIHIRA,Butunzi,Ndorandi
66d9c3990bc303fcbe4d2b53,Northern,Rulindo,KINIHIRA,Rebero,Taba
66d9c3990bc303fcbe4d2b5d,Northern,Rulindo,KISARO,Kamushenyi,Songa
66d9c3990bc303fcbe4d2b60,Northern,Rulindo,KISARO,Kigarama,Gasharu
66d9c3990bc303fcbe4d2b6c,Northern,Rulindo,KISARO,Murama,Karambi
66d9c3990bc303fcbe4d2b73,Northern,Rulindo,KISARO,Sayo,Rugarama
66d9c3990bc303fcbe4d2b78,Northern,Rulindo,MASORO,Kabuga,Karambi
66d9c3990bc303fcbe4d2b7c,Northern,Rulindo,MASORO,Kabuga,Rubaya
66d9c3990bc303fcbe4d2b94,Northern,Rulindo,MBOGO,Bukoro,Kalindi
66d9c3990bc303fcbe4d2b9e,Northern,Rulindo,MBOGO,Mushari,Nkurura
66d9c3990bc303fcbe4d2af4,Northern,Rulindo,BUYOGA,Gahororo,Bunyana
66d9c3990bc303fcbe4d2b13,Northern,Rulindo,CYINZUZI,Budakiranya,Kavumu
66d9c3990bc303fcbe4d2b22,Northern,Rulindo,CYINZUZI,Rudogo,Gihuke
66d9c3990bc303fcbe4d2b23,Northern,Rulindo,CYINZUZI,Rudogo,Kirambo
66d9c3990bc303fcbe4d2b33,Northern,Rulindo,CYUNGO,Marembo,Nganzo
66d9c3990bc303fcbe4d2b35,Northern,Rulindo,CYUNGO,Marembo,Rusayu
66d9c3990bc303fcbe4d2b39,Northern,Rulindo,CYUNGO,Rwili,Kivumu
66d9c3990bc303fcbe4d2b49,Northern,Rulindo,KINIHIRA,Marembo,Buhunde
66d9c3990bc303fcbe4d2b4b,Northern,Rulindo,KINIHIRA,Marembo,Gatare
66d9c3990bc303fcbe4d2b55,Northern,Rulindo,KISARO,Gitatsa,Ndago
66d9c3990bc303fcbe4d2b61,Northern,Rulindo,KISARO,Kigarama,Nyantabo
66d9c3990bc303fcbe4d2b67,Northern,Rulindo,KISARO,Mubuga,Murambi
66d9c3990bc303fcbe4d2b76,Northern,Rulindo,MASORO,Kabuga,Gisiza
66d9c3990bc303fcbe4d2b82,Northern,Rulindo,MASORO,Kivugiza,Musega
66d9c3990bc303fcbe4d2ae0,Northern,Rulindo,BUSHOKI,Nyirangarama,Bubiro
66d9c3990bc303fcbe4d2ae6,Northern,Rulindo,BUSHOKI,Nyirangarama,Nyirangarama
66d9c3990bc303fcbe4d2aed,Northern,Rulindo,BUYOGA,Busoro,Kibanda
66d9c3990bc303fcbe4d2af1,Northern,Rulindo,BUYOGA,Butare,Kankanga
66d9c3990bc303fcbe4d2b10,Northern,Rulindo,CYINZUZI,Budakiranya,Gihinga
66d9c3990bc303fcbe4d2b15,Northern,Rulindo,CYINZUZI,Budakiranya,Nyakabanga
66d9c3990bc303fcbe4d2b16,Northern,Rulindo,CYINZUZI,Budakiranya,Rugaragara
66d9c3990bc303fcbe4d2b2c,Northern,Rulindo,CYUNGO,Burehe,Nyagatovu
66d9c3990bc303fcbe4d2b38,Northern,Rulindo,CYUNGO,Rwili,Kirwa
66d9c3990bc303fcbe4d2b48,Northern,Rulindo,KINIHIRA,Karegamazi,Ntunguru
66d9c3990bc303fcbe4d2b58,Northern,Rulindo,KISARO,Kamushenyi,Gakenke
66d9c3990bc303fcbe4d2b75,Northern,Rulindo,KISARO,Sayo,Rusumo
66d9c3990bc303fcbe4d2b8a,Northern,Rulindo,MASORO,Shengampuli,Agasharu
66d9c3990bc303fcbe4d2b26,Northern,Rulindo,CYINZUZI,Rudogo,Musenyi
66d9c3990bc303fcbe4d2b30,Northern,Rulindo,CYUNGO,Marembo,Kibuye
66d9c3990bc303fcbe4d2ba1,Northern,Rulindo,MBOGO,Ngiramazi,Gasovu
66d9c3990bc303fcbe4d2baa,Northern,Rulindo,MBOGO,Rurenge,Gitaba
66d9c3990bc303fcbe4d2bb1,Northern,Rulindo,MURAMBI,Bubangu,Karambo
66d9c3990bc303fcbe4d2bbe,Northern,Rulindo,MURAMBI,Gatwa,Kigarama
66d9c3990bc303fcbe4d2bd5,Northern,Rulindo,NGOMA,Karambo,Kagwa
66d9c3990bc303fcbe4d2bab,Northern,Rulindo,MBOGO,Rurenge,Karehe
66d9c3990bc303fcbe4d2bbb,Northern,Rulindo,MURAMBI,Gatwa,Gisiza
66d9c3990bc303fcbe4d2bce,Northern,Rulindo,NGOMA,Kabuga,Kagarama
66d9c3990bc303fcbe4d2bb5,Northern,Rulindo,MURAMBI,Bubangu,Rebero
66d9c3990bc303fcbe4d2bae,Northern,Rulindo,MBOGO,Rurenge,Rurenge
66d9c3990bc303fcbe4d2baf,Northern,Rulindo,MBOGO,Rurenge,Rutonde
66d9c3990bc303fcbe4d2bca,Northern,Rulindo,MURAMBI,Mvuzo,Mutabo
66d9c3990bc303fcbe4d2be0,Northern,Rulindo,NGOMA,Mugote,Sakara
66d9c3990bc303fcbe4d2c1a,Northern,Rulindo,RUSIGA,Gako,Kabunigu
66d9c3990bc303fcbe4d2bf0,Northern,Rulindo,NTARABANA,Kajevuba,Rusasa
66d9c3990bc303fcbe4d2c09,Northern,Rulindo,RUKOZO,Bwimo,Bushyana
66d9c3990bc303fcbe4d2c0a,Northern,Rulindo,RUKOZO,Bwimo,Gatiba
66d9c3990bc303fcbe4d2c1c,Northern,Rulindo,RUSIGA,Gako,Nkanga
66d9c3990bc303fcbe4d2bed,Northern,Rulindo,NTARABANA,Kajevuba,Nyakambu
66d9c3990bc303fcbe4d2c02,Northern,Rulindo,RUKOZO,Buraro,Kabingo
66d9c3990bc303fcbe4d2bec,Northern,Rulindo,NTARABANA,Kajevuba,Kazi
66d9c3990bc303fcbe4d2bfc,Northern,Rulindo,NTARABANA,Mahaza,Karera
66d9c3990bc303fcbe4d2a2a,Southern,Kamonyi,Rugarika,Bihembe,Rutovu
66d9c3990bc303fcbe4d2a23,Southern,Kamonyi,Nyarubaka,Ruyanza,Kanombe
66d9c3990bc303fcbe4d2a3a,Southern,Kamonyi,Rugarika,Nyarubuye,Ruhogo
66d9c3990bc303fcbe4d2a40,Southern,Kamonyi,Rugarika,Sheli,Kigarama
66d9c3990bc303fcbe4d2a4c,Southern,Kamonyi,Rukoma,Buguri,Tunza
66d9c3990bc303fcbe4d2a55,Southern,Kamonyi,Rukoma,Murehe,Rushikiri
66d9c3990bc303fcbe4d2a5d,Southern,Kamonyi,Rukoma,Remera,Kabande
66d9c3990bc303fcbe4d2a42,Southern,Kamonyi,Rukoma,Bugoba,Bugoba
66d9c3990bc303fcbe4d2a5e,Southern,Kamonyi,Rukoma,Remera,Kanyinya
66d9c3990bc303fcbe4d2a20,Southern,Kamonyi,Nyarubaka,Ruyanza,Buhunga
66d9c3990bc303fcbe4d2a21,Southern,Kamonyi,Nyarubaka,Ruyanza,Gatagara
66d9c3990bc303fcbe4d2a27,Southern,Kamonyi,Rugarika,Bihembe,Kadasaya
66d9c3990bc303fcbe4d2a28,Southern,Kamonyi,Rugarika,Bihembe,Karama
66d9c3990bc303fcbe4d2a2c,Southern,Kamonyi,Rugarika,Kigese,Bikamba
66d9c3990bc303fcbe4d2a33,Southern,Kamonyi,Rugarika,Masaka,Ruramba
66d9c3990bc303fcbe4d2a4f,Southern,Kamonyi,Rukoma,Gishyeshye,Murambi
66d9c3990bc303fcbe4d2a38,Southern,Kamonyi,Rugarika,Nyarubuye,Nzagwa
66d9c3990bc303fcbe4d2a3c,Southern,Kamonyi,Rugarika,Sheli,Butera
66d9c3990bc303fcbe4d2a3e,Southern,Kamonyi,Rugarika,Sheli,Kagangayire
66d9c3990bc303fcbe4d2a41,Southern,Kamonyi,Rugarika,Sheli,Ntebe
66d9c3990bc303fcbe4d2a50,Southern,Kamonyi,Rukoma,Gishyeshye,Nyamabuye
66d9c3990bc303fcbe4d2a56,Southern,Kamonyi,Rukoma,Murehe,Uwingando
66d9c3990bc303fcbe4d2a58,Southern,Kamonyi,Rukoma,Mwirute,Mwirute
66d9c3990bc303fcbe4d2a59,Southern,Kamonyi,Rukoma,Mwirute,Nyarusave
66d9c3990bc303fcbe4d2a72,Southern,Kamonyi,Runda,Kagina,Gasharara
66d9c3990bc303fcbe4d2a7a,Southern,Kamonyi,Runda,Muganza,Nyaruhoko
66d9c3990bc303fcbe4d2a7e,Southern,Kamonyi,Runda,Ruyenzi,Nyagacaca
66d9c3990bc303fcbe4d2a80,Southern,Kamonyi,Runda,Ruyenzi,Rugazi
66d9c3990bc303fcbe4d2a8a,Northern,Rulindo,BASE,Cyohoha,Rubanda
66d9c3990bc303fcbe4d2a94,Northern,Rulindo,BASE,Gitare,Rugerero
66d9c3990bc303fcbe4d2a97,Northern,Rulindo,BASE,Rwamahwa,Gitovu
66d9c3990bc303fcbe4d2a60,Southern,Kamonyi,Rukoma,Remera,Mbizi
66d9c3990bc303fcbe4d2a8f,Northern,Rulindo,BASE,Gitare,Kirwa
66d9c3990bc303fcbe4d2a65,Southern,Kamonyi,Rukoma,Taba,Nyirabihanya
66d9c3990bc303fcbe4d2a75,Southern,Kamonyi,Runda,Kagina,Kigusa
66d9c3990bc303fcbe4d2a79,Southern,Kamonyi,Runda,Muganza,Nyagacyamu
66d9c3990bc303fcbe4d2a86,Northern,Rulindo,BASE,Cyohoha,Kabuga
66d9c3990bc303fcbe4d2a8b,Northern,Rulindo,BASE,Gitare,Bushyiga
66d9c3990bc303fcbe4d2a90,Northern,Rulindo,BASE,Gitare,Mugenda I
66d9c3990bc303fcbe4d2a95,Northern,Rulindo,BASE,Rwamahwa,Base
66d9c3990bc303fcbe4d2a96,Northern,Rulindo,BASE,Rwamahwa,Cyondo
66d9c3990bc303fcbe4d2a9b,Northern,Rulindo,BASE,Rwamahwa,Kiruli
66d9c3990bc303fcbe4d2aa4,Northern,Rulindo,BUREGA,Butangampundu,Kigarama
66d9c3990bc303fcbe4d2aa1,Northern,Rulindo,BUREGA,Butangampundu,Kerera
66d9c3990bc303fcbe4d2aa3,Northern,Rulindo,BUREGA,Butangampundu,Kigabiro
66d9c3990bc303fcbe4d2aa8,Northern,Rulindo,BUREGA,Butangampundu,Muhondo
66d9c3990bc303fcbe4d2ab4,Northern,Rulindo,BUREGA,Karengeri,Kiziba
66d9c3990bc303fcbe4d2ab6,Northern,Rulindo,BUREGA,Karengeri,Mitabi
66d9c3990bc303fcbe4d2aba,Northern,Rulindo,BUREGA,Taba,Cyinzuzi
66d9c3990bc303fcbe4d2acc,Northern,Rulindo,BUSHOKI,Giko,Buramira
66d9c3990bc303fcbe4d2ace,Northern,Rulindo,BUSHOKI,Giko,Gashiru
66d9c3990bc303fcbe4d2aad,Northern,Rulindo,BUREGA,Karengeri,Gasare
66d9c3990bc303fcbe4d2abe,Northern,Rulindo,BUREGA,Taba,Mwenene
66d9c3990bc303fcbe4d2ac8,Northern,Rulindo,BUSHOKI,Gasiza,Karambi
66d9c3990bc303fcbe4d2ab2,Northern,Rulindo,BUREGA,Karengeri,Kanunga
66d9c3990bc303fcbe4d2aae,Northern,Rulindo,BUREGA,Karengeri,Gasharu
66d9c3990bc303fcbe4d2ab5,Northern,Rulindo,BUREGA,Karengeri,Mataba
66d9c3990bc303fcbe4d2ad0,Northern,Rulindo,BUSHOKI,Giko,Kigamba
66d9c3990bc303fcbe4d2ad5,Northern,Rulindo,BUSHOKI,Kayenzi,Muduha
66d9c3990bc303fcbe4d2ad7,Northern,Rulindo,BUSHOKI,Kayenzi,Rebero
66d9c3990bc303fcbe4d2adb,Northern,Rulindo,BUSHOKI,Mukoto,Gatare
66d9c3990bc303fcbe4d2b0a,Northern,Rulindo,BUYOGA,Ndarage,Gahondo
66d9c3990bc303fcbe4d2b1c,Northern,Rulindo,CYINZUZI,Migendezo,Nyamugali
66d9c3990bc303fcbe4d2b27,Northern,Rulindo,CYUNGO,Burehe,Gitandi
66d9c3990bc303fcbe4d2b31,Northern,Rulindo,CYUNGO,Marembo,Kidomo
66d9c3990bc303fcbe4d2b63,Northern,Rulindo,KISARO,Kigarama,Rwintare
66d9c3990bc303fcbe4d2b64,Northern,Rulindo,KISARO,Mubuga,Gako
66d9c3990bc303fcbe4d2b79,Northern,Rulindo,MASORO,Kabuga,Kigarama
66d9c3990bc303fcbe4d2b7e,Northern,Rulindo,MASORO,Kigarama,Marenge
66d9c3990bc303fcbe4d2b7f,Northern,Rulindo,MASORO,Kigarama,Nyakabungo
66d9c3990bc303fcbe4d2b85,Northern,Rulindo,MASORO,Nyamyumba,Kabeza
66d9c3990bc303fcbe4d2b91,Northern,Rulindo,MBOGO,Bukoro,Bukoro
66d9c3990bc303fcbe4d2b95,Northern,Rulindo,MBOGO,Bukoro,Kibamba
66d9c3990bc303fcbe4d2b9f,Northern,Rulindo,MBOGO,Mushari,Nyakabuye
66d9c3990bc303fcbe4d2ae9,Northern,Rulindo,BUSHOKI,Nyirangarama,Terambere
66d9c3990bc303fcbe4d2b12,Northern,Rulindo,CYINZUZI,Budakiranya,Kanyoni
66d9c3990bc303fcbe4d2b17,Northern,Rulindo,CYINZUZI,Migendezo,Cyanya
66d9c3990bc303fcbe4d2b20,Northern,Rulindo,CYINZUZI,Rudogo,Gaseke
66d9c3990bc303fcbe4d2b25,Northern,Rulindo,CYINZUZI,Rudogo,Munoga
66d9c3990bc303fcbe4d2b28,Northern,Rulindo,CYUNGO,Burehe,Karambo
66d9c3990bc303fcbe4d2b36,Northern,Rulindo,CYUNGO,Rwili,Kabanda
66d9c3990bc303fcbe4d2b37,Northern,Rulindo,CYUNGO,Rwili,Karambi
66d9c3990bc303fcbe4d2b41,Northern,Rulindo,KINIHIRA,Butunzi,Kinihira
66d9c3990bc303fcbe4d2b46,Northern,Rulindo,KINIHIRA,Karegamazi,Magezi
66d9c3990bc303fcbe4d2b4c,Northern,Rulindo,KINIHIRA,Marembo,Kigali
66d9c3990bc303fcbe4d2b4e,Northern,Rulindo,KINIHIRA,Rebero,Kabuga
66d9c3990bc303fcbe4d2b54,Northern,Rulindo,KISARO,Gitatsa,Kabere
66d9c3990bc303fcbe4d2b56,Northern,Rulindo,KISARO,Gitatsa,Ruberano
66d9c3990bc303fcbe4d2b57,Northern,Rulindo,KISARO,Gitatsa,Rwili
66d9c3990bc303fcbe4d2b6a,Northern,Rulindo,KISARO,Murama,Akamanama
66d9c3990bc303fcbe4d2b6b,Northern,Rulindo,KISARO,Murama,Gishinge
66d9c3990bc303fcbe4d2b7d,Northern,Rulindo,MASORO,Kigarama,Gacyamo
66d9c3990bc303fcbe4d2b8c,Northern,Rulindo,MASORO,Shengampuli,Nyabinyana
66d9c3990bc303fcbe4d2b8e,Northern,Rulindo,MASORO,Shengampuli,Umubuga
66d9c3990bc303fcbe4d2b90,Northern,Rulindo,MBOGO,Bukoro,Buhira
66d9c3990bc303fcbe4d2b99,Northern,Rulindo,MBOGO,Bukoro,Rwambogo
66d9c3990bc303fcbe4d2aea,Northern,Rulindo,BUYOGA,Busoro,Gashana
66d9c3990bc303fcbe4d2b71,Northern,Rulindo,KISARO,Sayo,Kibanda
66d9c3990bc303fcbe4d2af0,Northern,Rulindo,BUYOGA,Butare,Giko
66d9c3990bc303fcbe4d2b0d,Northern,Rulindo,BUYOGA,Ndarage,Karambi
66d9c3990bc303fcbe4d2b0e,Northern,Rulindo,BUYOGA,Ndarage,Kimagali
66d9c3990bc303fcbe4d2b5a,Northern,Rulindo,KISARO,Kamushenyi,Gatovu
66d9c3990bc303fcbe4d2b65,Northern,Rulindo,KISARO,Mubuga,Kibuye
66d9c3990bc303fcbe4d2b72,Northern,Rulindo,KISARO,Sayo,Nyamiyaga
66d9c3990bc303fcbe4d2ba7,Northern,Rulindo,MBOGO,Ngiramazi,Yaramba
66d9c3990bc303fcbe4d2ba0,Northern,Rulindo,MBOGO,Mushari,Rwambogo
66d9c3990bc303fcbe4d2ba5,Northern,Rulindo,MBOGO,Ngiramazi,Muhora
66d9c3990bc303fcbe4d2bb2,Northern,Rulindo,MURAMBI,Bubangu,Karwa
66d9c3990bc303fcbe4d2bcc,Northern,Rulindo,MURAMBI,Mvuzo,Rurama
66d9c3990bc303fcbe4d2bd2,Northern,Rulindo,NGOMA,Kabuga,Rubona
66d9c3990bc303fcbe4d2bde,Northern,Rulindo,NGOMA,Mugote,Riryi
66d9c3990bc303fcbe4d2bc9,Northern,Rulindo,MURAMBI,Mvuzo,Munyinya
66d9c3990bc303fcbe4d2bcb,Northern,Rulindo,MURAMBI,Mvuzo,Ntyaba
66d9c3990bc303fcbe4d2ba4,Northern,Rulindo,MBOGO,Ngiramazi,Kibungo
66d9c3990bc303fcbe4d2ba8,Northern,Rulindo,MBOGO,Rurenge,Gakoma
66d9c3990bc303fcbe4d2bb4,Northern,Rulindo,MURAMBI,Bubangu,Nyagisozi
66d9c3990bc303fcbe4d2bc4,Northern,Rulindo,MURAMBI,Mugambazi,Nyarurembo
66d9c3990bc303fcbe4d2bc5,Northern,Rulindo,MURAMBI,Mugambazi,Ruri
66d9c3990bc303fcbe4d2bcf,Northern,Rulindo,NGOMA,Kabuga,Kirambo
66d9c3990bc303fcbe4d2ba9,Northern,Rulindo,MBOGO,Rurenge,Gicumbi
66d9c3990bc303fcbe4d2bb0,Northern,Rulindo,MURAMBI,Bubangu,Gashubi
66d9c3990bc303fcbe4d2bb7,Northern,Rulindo,MURAMBI,Bubangu,Taba
66d9c3990bc303fcbe4d2bc3,Northern,Rulindo,MURAMBI,Mugambazi,Kigarama
66d9c3990bc303fcbe4d2bd6,Northern,Rulindo,NGOMA,Karambo,Karambi
66d9c3990bc303fcbe4d2bdb,Northern,Rulindo,NGOMA,Mugote,Kigina
66d9c3990bc303fcbe4d2be7,Northern,Rulindo,NGOMA,Munyarwanda,Rushayu
66d9c3990bc303fcbe4d2bef,Northern,Rulindo,NTARABANA,Kajevuba,Rukore
66d9c3990bc303fcbe4d2bfb,Northern,Rulindo,NTARABANA,Mahaza,Kamuhororo
66d9c3990bc303fcbe4d2bfe,Northern,Rulindo,NTARABANA,Mahaza,Kibeho
66d9c3990bc303fcbe4d2bff,Northern,Rulindo,NTARABANA,Mahaza,Rugogwe
66d9c3990bc303fcbe4d2c00,Northern,Rulindo,NTARABANA,Mahaza,Rusekabuye
66d9c3990bc303fcbe4d2c05,Northern,Rulindo,RUKOZO,Buraro,Murwa
66d9c3990bc303fcbe4d2c18,Northern,Rulindo,RUKOZO,Mbuye,Ruhanga
66d9c3990bc303fcbe4d2c1f,Northern,Rulindo,RUSIGA,Kirenge,Kigarama
66d9c3990bc303fcbe4d2bfa,Northern,Rulindo,NTARABANA,Mahaza,Gitwa
66d9c3990bc303fcbe4d2beb,Northern,Rulindo,NTARABANA,Kajevuba,Gitambi
66d9c3990bc303fcbe4d2bf2,Northern,Rulindo,NTARABANA,Kiyanza,Kabirizi
66d9c3990bc303fcbe4d2bfd,Northern,Rulindo,NTARABANA,Mahaza,Kayenzi
66d9c3990bc303fcbe4d2c04,Northern,Rulindo,RUKOZO,Buraro,Kiv0mo
66d9c3990bc303fcbe4d2c0f,Northern,Rulindo,RUKOZO,Mberuka,Gahwazi
66d9c3990bc303fcbe4d2c15,Northern,Rulindo,RUKOZO,Mbuye,Mujebe
66d9c3990bc303fcbe4d2c28,Northern,Rulindo,RUSIGA,Taba,Nyakarama
66d9c3990bc303fcbe4d2c30,Northern,Rulindo,SHYORONGI,Bugaragara,Nyarushinya
66d9c3990bc303fcbe4d2c33,Northern,Rulindo,SHYORONGI,Kijabagwe,Kabakene
66d9c3990bc303fcbe4d2c3b,Northern,Rulindo,SHYORONGI,Muvumu,Kirurumo
66d9c3990bc303fcbe4d2c45,Northern,Rulindo,SHYORONGI,Rubona,Nyabitare
66d9c3990bc303fcbe4d2c4d,Northern,Rulindo,SHYORONGI,Rutonde,Nyabyondo
66d9c3990bc303fcbe4d2c4f,Northern,Rulindo,SHYORONGI,Rutonde,Rutonde
66d9c3990bc303fcbe4d2c51,Northern,Rulindo,TUMBA,Barari,Gaseke
66d9c3990bc303fcbe4d2c5d,Northern,Rulindo,TUMBA,Misezero,Kavumu
66d9c3990bc303fcbe4d2c5e,Northern,Rulindo,TUMBA,Misezero,Marembo
66d9c3990bc303fcbe4d2c23,Northern,Rulindo,RUSIGA,Taba,Bitare
66d9c3990bc303fcbe4d2c32,Northern,Rulindo,SHYORONGI,Kijabagwe,Kabagabaga
66d9c3990bc303fcbe4d2c3a,Northern,Rulindo,SHYORONGI,Muvumu,Kavoma
66d9c3990bc303fcbe4d2c3f,Northern,Rulindo,SHYORONGI,Muvumu,Nyabubare
66d9c3990bc303fcbe4d2c43,Northern,Rulindo,SHYORONGI,Rubona,Kigali
66d9c3990bc303fcbe4d2c2b,Northern,Rulindo,SHYORONGI,Bugaragara,Gisiza
66d9c3990bc303fcbe4d2c8d,Northern,Gakenke,Busengo,Mwumba,Karaba
66d9c3990bc303fcbe4d2c9e,Northern,Gakenke,Coko,Mbirima,Burengo
66d9c3990bc303fcbe4d2cb2,Northern,Gakenke,Cyabingo,Muhaza,Busoga
66d9c3990bc303fcbe4d2cbd,Northern,Gakenke,Cyabingo,Muhororo,Muhororo
66d9c3990bc303fcbe4d2cd0,Northern,Gakenke,Cyabingo,Rukore,Nyamugali
66d9c3990bc303fcbe4d2cda,Northern,Gakenke,Gakenke,Buheta,Murambi
66d9c3990bc303fcbe4d2c87,Northern,Gakenke,Busengo,Kirabo,Munyinya
66d9c3990bc303fcbe4d2c9a,Northern,Gakenke,Coko,Kiruku,Ntarabana
66d9c3990bc303fcbe4d2cbc,Northern,Gakenke,Cyabingo,Muhororo,Karenge
66d9c3990bc303fcbe4d2c73,Northern,Gakenke,Busengo,Butereri,Buhuga
66d9c3990bc303fcbe4d2c74,Northern,Gakenke,Busengo,Butereri,Butereri
66d9c3990bc303fcbe4d2c79,Northern,Gakenke,Busengo,Butereri,Rwinkuba
66d9c3990bc303fcbe4d2c83,Northern,Gakenke,Busengo,Kamina,Nyarubuye
66d9c3990bc303fcbe4d2c85,Northern,Gakenke,Busengo,Kirabo,Gasaso
66d9c3990bc303fcbe4d2c89,Northern,Gakenke,Busengo,Kirabo,Rusebeya
66d9c3990bc303fcbe4d2c94,Northern,Gakenke,Busengo,Ruhanga,Rurangara
66d9c3990bc303fcbe4d2c95,Northern,Gakenke,Coko,Kiruku,Buhuri
66d9c3990bc303fcbe4d2cb7,Northern,Gakenke,Cyabingo,Muhaza,Rutaramiro
66d9c3990bc303fcbe4d2cd1,Northern,Gakenke,Cyabingo,Rukore,Rugendabare
66d9c3990bc303fcbe4d2c61,Northern,Rulindo,TUMBA,Misezero,Taba
66d9c3990bc303fcbe4d2c66,Northern,Rulindo,TUMBA,Nyirabirori,Murambi
66d9c3990bc303fcbe4d2c67,Northern,Rulindo,TUMBA,Nyirabirori,Rugando
66d9c3990bc303fcbe4d2c80,Northern,Gakenke,Busengo,Kamina,Kajereri
66d9c3990bc303fcbe4d2c81,Northern,Gakenke,Busengo,Kamina,Kamina
66d9c3990bc303fcbe4d2c8a,Northern,Gakenke,Busengo,Kirabo,Wimfizi
66d9c3990bc303fcbe4d2c8c,Northern,Gakenke,Busengo,Mwumba,Kamonyi
66d9c3990bc303fcbe4d2cb0,Northern,Gakenke,Coko,Nyanza,Tumba
66d9c3990bc303fcbe4d2cc6,Northern,Gakenke,Cyabingo,Mutanda,Cyabingo
66d9c3990bc303fcbe4d2cca,Northern,Gakenke,Cyabingo,Mutanda,Mucaca
66d9c3990bc303fcbe4d2ce8,Northern,Gakenke,Gakenke,Nganzo,Gahondo
66d9c3990bc303fcbe4d2ce9,Northern,Gakenke,Gakenke,Nganzo,Gashigwe
66d9c3990bc303fcbe4d2cef,Northern,Gakenke,Gakenke,Nganzo,Karuganda
66d9c3990bc303fcbe4d2cf4,Northern,Gakenke,Gakenke,Rusagara,Akarugamba
66d9c3990bc303fcbe4d2d05,Northern,Gakenke,Gashenyi,Nyacyina,Mukira
66d9c3990bc303fcbe4d2d06,Northern,Gakenke,Gashenyi,Nyacyina,Nyamure
66d9c3990bc303fcbe4d2d08,Northern,Gakenke,Gashenyi,Nyacyina,Rugendabari
66d9c3990bc303fcbe4d2d12,Northern,Gakenke,Gashenyi,Rutabo,Gasanzwe
66d9c3990bc303fcbe4d2d18,Northern,Gakenke,Gashenyi,Rutenderi,Gatwa
66d9c3990bc303fcbe4d2d19,Northern,Gakenke,Gashenyi,Rutenderi,Gitaba
66d9c3990bc303fcbe4d2d1e,Northern,Gakenke,Gashenyi,Taba,Busaro
66d9c3990bc303fcbe4d2d23,Northern,Gakenke,Gashenyi,Taba,Kanteko
66d9c3990bc303fcbe4d2d28,Northern,Gakenke,Janja,Gakindo,Bunyironko
66d9c3990bc303fcbe4d2d29,Northern,Gakenke,Janja,Gakindo,Kabusoro
66d9c3990bc303fcbe4d2d32,Northern,Gakenke,Janja,Gatwa,Buhanga
66d9c3990bc303fcbe4d2d3a,Northern,Gakenke,Janja,Karukungu,Cyifuzo
66d9c3990bc303fcbe4d2c06,Northern,Rulindo,RUKOZO,Buraro,Nyenyeri
66d9c3990bc303fcbe4d2c08,Northern,Rulindo,RUKOZO,Buraro,Shyondwe
66d9c3990bc303fcbe4d2c0c,Northern,Rulindo,RUKOZO,Bwimo,Kadendegeri
66d9c3990bc303fcbe4d2c13,Northern,Rulindo,RUKOZO,Mberuka,Mutungo
66d9c3990bc303fcbe4d2c17,Northern,Rulindo,RUKOZO,Mbuye,Nyarusebeya
66d9c3990bc303fcbe4d2c3d,Northern,Rulindo,SHYORONGI,Muvumu,Mukumba
66d9c3990bc303fcbe4d2c4a,Northern,Rulindo,SHYORONGI,Rutonde,Mwagiro
66d9c3990bc303fcbe4d2c2d,Northern,Rulindo,SHYORONGI,Bugaragara,Kigarama
66d9c3990bc303fcbe4d2c25,Northern,Rulindo,RUSIGA,Taba,Karambi
66d9c3990bc303fcbe4d2c31,Northern,Rulindo,SHYORONGI,Kijabagwe,Gaseke
66d9c3990bc303fcbe4d2c37,Northern,Rulindo,SHYORONGI,Muvumu,Cyikera
66d9c3990bc303fcbe4d2c46,Northern,Rulindo,SHYORONGI,Rubona,Nyarunyinya
66d9c3990bc303fcbe4d2c22,Northern,Rulindo,RUSIGA,Kirenge,Rebero
66d9c3990bc303fcbe4d2c2a,Northern,Rulindo,SHYORONGI,Bugaragara,Gatwa
66d9c3990bc303fcbe4d2c2e,Northern,Rulindo,SHYORONGI,Bugaragara,Kiziranyenzi
66d9c3990bc303fcbe4d2c39,Northern,Rulindo,SHYORONGI,Muvumu,Karama
66d9c3990bc303fcbe4d2c41,Northern,Rulindo,SHYORONGI,Rubona,Bwimo
66d9c3990bc303fcbe4d2c54,Northern,Rulindo,TUMBA,Barari,Kigarama
66d9c3990bc303fcbe4d2c59,Northern,Rulindo,TUMBA,Gahabwa,Munyinya
66d9c3990bc303fcbe4d2c5c,Northern,Rulindo,TUMBA,Misezero,Karambi
66d9c3990bc303fcbe4d2c7a,Northern,Gakenke,Busengo,Byibuhiro,Gatoke
66d9c3990bc303fcbe4d2ca6,Northern,Gakenke,Coko,Nyange,Gaseke
66d9c3990bc303fcbe4d2ccb,Northern,Gakenke,Cyabingo,Mutanda,Mutanda
66d9c3990bc303fcbe4d2c68,Northern,Rulindo,TUMBA,Nyirabirori,Rusura
66d9c3990bc303fcbe4d2c6e,Northern,Rulindo,TUMBA,Taba,Ruvumba
66d9c3990bc303fcbe4d2c7d,Northern,Gakenke,Busengo,Byibuhiro,Nyagasozi
66d9c3990bc303fcbe4d2c7e,Northern,Gakenke,Busengo,Byibuhiro,Ruboza
66d9c3990bc303fcbe4d2c7f,Northern,Gakenke,Busengo,Kamina,Bunyangezi
66d9c3990bc303fcbe4d2c9b,Northern,Gakenke,Coko,Kiruku,Nyamasuka
66d9c3990bc303fcbe4d2cb6,Northern,Gakenke,Cyabingo,Muhaza,Ntaraga
66d9c3990bc303fcbe4d2cc7,Northern,Gakenke,Cyabingo,Mutanda,Gishubi
66d9c3990bc303fcbe4d2cdc,Northern,Gakenke,Gakenke,Buheta,Rusebeya
66d9c3990bc303fcbe4d2cde,Northern,Gakenke,Gakenke,Kagoma,Cyandago
66d9c3990bc303fcbe4d2c65,Northern,Rulindo,TUMBA,Nyirabirori,Gihanga
66d9c3990bc303fcbe4d2c6c,Northern,Rulindo,TUMBA,Taba,Nyirambuga
66d9c3990bc303fcbe4d2c7c,Northern,Gakenke,Busengo,Byibuhiro,Karambi
66d9c3990bc303fcbe4d2c86,Northern,Gakenke,Busengo,Kirabo,Kirabo
66d9c3990bc303fcbe4d2c8f,Northern,Gakenke,Busengo,Mwumba,Rutenga
66d9c3990bc303fcbe4d2c92,Northern,Gakenke,Busengo,Ruhanga,Kabaya
66d9c3990bc303fcbe4d2c93,Northern,Gakenke,Busengo,Ruhanga,Kabugiri
66d9c3990bc303fcbe4d2c97,Northern,Gakenke,Coko,Kiruku,Bushagashi
66d9c3990bc303fcbe4d2ca0,Northern,Gakenke,Coko,Mbirima,Matovu
66d9c3990bc303fcbe4d2ca9,Northern,Gakenke,Coko,Nyange,Musasa
66d9c3990bc303fcbe4d2cab,Northern,Gakenke,Coko,Nyange,Vumandi
66d9c3990bc303fcbe4d2cac,Northern,Gakenke,Coko,Nyanza,Baramba
66d9c3990bc303fcbe4d2caf,Northern,Gakenke,Coko,Nyanza,Kavumu
66d9c3990bc303fcbe4d2cb9,Northern,Gakenke,Cyabingo,Muhororo,Gatoki
66d9c3990bc303fcbe4d2cbe,Northern,Gakenke,Cyabingo,Muhororo,Musebeya
66d9c3990bc303fcbe4d2cc1,Northern,Gakenke,Cyabingo,Muramba,Gahama
66d9c3990bc303fcbe4d2cc3,Northern,Gakenke,Cyabingo,Muramba,Musebeya
66d9c3990bc303fcbe4d2cc5,Northern,Gakenke,Cyabingo,Muramba,Rwobe
66d9c3990bc303fcbe4d2cc9,Northern,Gakenke,Cyabingo,Mutanda,Kanyamukenke
66d9c3990bc303fcbe4d2c6a,Northern,Rulindo,TUMBA,Taba,Mwili
66d9c3990bc303fcbe4d2c70,Northern,Gakenke,Busengo,Birambo,Gitwa
66d9c3990bc303fcbe4d2c77,Northern,Gakenke,Busengo,Butereri,Rubaga
66d9c3990bc303fcbe4d2c96,Northern,Gakenke,Coko,Kiruku,Bukamba
66d9c3990bc303fcbe4d2ca7,Northern,Gakenke,Coko,Nyange,Karambo
66d9c3990bc303fcbe4d2cc4,Northern,Gakenke,Cyabingo,Muramba,Rugaragara
66d9c3990bc303fcbe4d2ccf,Northern,Gakenke,Cyabingo,Rukore,Nyabisika
66d9c3990bc303fcbe4d2cdb,Northern,Gakenke,Gakenke,Buheta,Ndora
66d9c3990bc303fcbe4d2cf1,Northern,Gakenke,Gakenke,Nganzo,Mbogo
66d9c3990bc303fcbe4d2d0e,Northern,Gakenke,Gashenyi,Rukura,Murandi
66d9c3990bc303fcbe4d2d1a,Northern,Gakenke,Gashenyi,Rutenderi,Kabere
66d9c3990bc303fcbe4d2d2b,Northern,Gakenke,Janja,Gakindo,Rubona
66d9c3990bc303fcbe4d2d4a,Northern,Gakenke,Kamubuga,Kamubuga,Rugari
66d9c3990bc303fcbe4d2d4d,Northern,Gakenke,Kamubuga,Kidomo,Bucyaba
66d9c3990bc303fcbe4d2d54,Northern,Gakenke,Kamubuga,Kidomo,Rutagara
66d9c3990bc303fcbe4d2d58,Northern,Gakenke,Kamubuga,Mbatabata,Kabyaza
66d9c3990bc303fcbe4d2ce6,Northern,Gakenke,Gakenke,Kagoma,Rusuri
66d9c3990bc303fcbe4d2cea,Northern,Gakenke,Gakenke,Nganzo,Gishyinguro
66d9c3990bc303fcbe4d2cfc,Northern,Gakenke,Gakenke,Rusagara,Museke
66d9c3990bc303fcbe4d2d04,Northern,Gakenke,Gashenyi,Nyacyina,Masoro
66d9c3990bc303fcbe4d2d09,Northern,Gakenke,Gashenyi,Nyacyina,Ruhore
66d9c3990bc303fcbe4d2d0f,Northern,Gakenke,Gashenyi,Rukura,Nyamataha
66d9c3990bc303fcbe4d2d35,Northern,Gakenke,Janja,Gatwa,Murambi
66d9c3990bc303fcbe4d2d4c,Northern,Gakenke,Kamubuga,Kamubuga,Runeka
66d9c3990bc303fcbe4d2d56,Northern,Gakenke,Kamubuga,Mbatabata,Gatare
66d9c3990bc303fcbe4d2d5b,Northern,Gakenke,Kamubuga,Mbatabata,Mwasha
66d9c3990bc303fcbe4d2d01,Northern,Gakenke,Gashenyi,Nyacyina,Bwiyando
66d9c3990bc303fcbe4d2ce1,Northern,Gakenke,Gakenke,Kagoma,Murama
66d9c3990bc303fcbe4d2ce3,Northern,Gakenke,Gakenke,Kagoma,Musave
66d9c3990bc303fcbe4d2ce7,Northern,Gakenke,Gakenke,Nganzo,Bwimba
66d9c3990bc303fcbe4d2cee,Northern,Gakenke,Gakenke,Nganzo,Karehe
66d9c3990bc303fcbe4d2d26,Northern,Gakenke,Gashenyi,Taba,Rutenderi
66d9c3990bc303fcbe4d2d27,Northern,Gakenke,Janja,Gakindo,Bukerera
66d9c3990bc303fcbe4d2d43,Northern,Gakenke,Kamubuga,Kamubuga,Gitwe
66d9c3990bc303fcbe4d2d55,Northern,Gakenke,Kamubuga,Mbatabata,Buhinda
66d9c3990bc303fcbe4d2d60,Northern,Gakenke,Kamubuga,Rukore,Rungu
66d9c3990bc303fcbe4d2d68,Northern,Gakenke,Karambo,Kanyanza,Karambi
66d9c3990bc303fcbe4d2d6a,Northern,Gakenke,Karambo,Kanyanza,Marembo
66d9c3990bc303fcbe4d2d6b,Northern,Gakenke,Karambo,Kanyanza,Nyiramisabike
66d9c3990bc303fcbe4d2d70,Northern,Gakenke,Karambo,Karambo,Gasovu
66d9c3990bc303fcbe4d2d7b,Northern,Gakenke,Karambo,Kirebe,Bukweto
66d9c3990bc303fcbe4d2d8a,Northern,Gakenke,Kivuruga,Rugimbu,Gasave
66d9c3990bc303fcbe4d2d8c,Northern,Gakenke,Kivuruga,Rugimbu,Mugali
66d9c3990bc303fcbe4d2d97,Northern,Gakenke,Kivuruga,Sereri,Buhayo
66d9c3990bc303fcbe4d2d9b,Northern,Gakenke,Kivuruga,Sereri,Musekera
66d9c3990bc303fcbe4d2d9d,Northern,Gakenke,Mataba,Buyange,Gabiro
66d9c3990bc303fcbe4d2da0,Northern,Gakenke,Mataba,Buyange,Kanamo
66d9c3990bc303fcbe4d2da4,Northern,Gakenke,Mataba,Buyange,Rugendabari
66d9c3990bc303fcbe4d2daa,Northern,Gakenke,Mataba,Gikombe,Muhororo
66d9c3990bc303fcbe4d2dac,Northern,Gakenke,Mataba,Gikombe,Muyaga
66d9c3990bc303fcbe4d2dc1,Northern,Gakenke,Minazi,Munyana,Kanka
66d9c3990bc303fcbe4d2dc5,Northern,Gakenke,Minazi,Murambi,Kabuga
66d9c3990bc303fcbe4d2dc8,Northern,Gakenke,Minazi,Murambi,Nyarubuye
66d9c3990bc303fcbe4d2dca,Northern,Gakenke,Minazi,Raba,Gaharo
66d9c3990bc303fcbe4d2dcf,Northern,Gakenke,Minazi,Raba,Sarabuye
66d9c3990bc303fcbe4d2dd1,Northern,Gakenke,Mugunga,Gahinga,Giheta
66d9c3990bc303fcbe4d2dd2,Northern,Gakenke,Mugunga,Gahinga,Nyagahondo
66d9c3990bc303fcbe4d2dd6,Northern,Gakenke,Mugunga,Munyana,Karambi
66d9c3990bc303fcbe4d2d6e,Northern,Gakenke,Karambo,Karambo,Bushuba
66d9c3990bc303fcbe4d2d7d,Northern,Gakenke,Karambo,Kirebe,Kavumu
66d9c3990bc303fcbe4d2d82,Northern,Gakenke,Kivuruga,Cyintare,Buhuga
66d9c3990bc303fcbe4d2d83,Northern,Gakenke,Kivuruga,Cyintare,Cyintare
66d9c3990bc303fcbe4d2d89,Northern,Gakenke,Kivuruga,Gasiza,Nyarungu
66d9c3990bc303fcbe4d2d9f,Northern,Gakenke,Mataba,Buyange,Kabeza
66d9c3990bc303fcbe4d2dba,Northern,Gakenke,Minazi,Gasiho,Gasangwa
66d9c3990bc303fcbe4d2dc6,Northern,Gakenke,Minazi,Murambi,Musave
66d9c3990bc303fcbe4d2d91,Northern,Gakenke,Kivuruga,Ruhinga,Kamomo
66d9c3990bc303fcbe4d2da2,Northern,Gakenke,Mataba,Buyange,Mubuga
66d9c3990bc303fcbe4d2db3,Northern,Gakenke,Mataba,Nyundo,Kagando
66d9c3990bc303fcbe4d2db7,Northern,Gakenke,Mataba,Nyundo,Nkurazo
66d9c3990bc303fcbe4d2dda,Northern,Gakenke,Mugunga,Mutego,Kamasanze
66d9c3990bc303fcbe4d2de0,Northern,Gakenke,Mugunga,Nkomane,Kanaba
66d9c3990bc303fcbe4d2de1,Northern,Gakenke,Mugunga,Nkomane,Nemba
66d9c3990bc303fcbe4d2de5,Northern,Gakenke,Mugunga,Rutabo,Gasovu
66d9c3990bc303fcbe4d2df5,Northern,Gakenke,Muhondo,Busake,Nyakabanda
66d9c3990bc303fcbe4d2df8,Northern,Gakenke,Muhondo,Bwenda,Gitaba
66d9c3990bc303fcbe4d2d3c,Northern,Gakenke,Janja,Karukungu,Karama
66d9c3990bc303fcbe4d2d41,Northern,Gakenke,Kamubuga,Kamubuga,Gasebeya
66d9c3990bc303fcbe4d2d46,Northern,Gakenke,Kamubuga,Kamubuga,Kanyirantege
66d9c3990bc303fcbe4d2d0b,Northern,Gakenke,Gashenyi,Rukura,Gikoro
66d9c3990bc303fcbe4d2d25,Northern,Gakenke,Gashenyi,Taba,Mwisha
66d9c3990bc303fcbe4d2d38,Northern,Gakenke,Janja,Gatwa,Nyagisozi
66d9c3990bc303fcbe4d2d5d,Northern,Gakenke,Kamubuga,Rukore,Kabutwa
66d9c3990bc303fcbe4d2cfd,Northern,Gakenke,Gakenke,Rusagara,Nyamabuye
66d9c3990bc303fcbe4d2d17,Northern,Gakenke,Gashenyi,Rutenderi,Gaseke
66d9c3990bc303fcbe4d2d1b,Northern,Gakenke,Gashenyi,Rutenderi,Kabugomba
66d9c3990bc303fcbe4d2d2c,Northern,Gakenke,Janja,Gakindo,Rurumbya
66d9c3990bc303fcbe4d2d2d,Northern,Gakenke,Janja,Gashyamba,Burega
66d9c3990bc303fcbe4d2d44,Northern,Gakenke,Kamubuga,Kamubuga,Kabuye
66d9c3990bc303fcbe4d2d4e,Northern,Gakenke,Kamubuga,Kidomo,Bugogo
66d9c3990bc303fcbe4d2d5a,Northern,Gakenke,Kamubuga,Mbatabata,Mbatabata
66d9c3990bc303fcbe4d2ceb,Northern,Gakenke,Gakenke,Nganzo,Kaniga
66d9c3990bc303fcbe4d2cff,Northern,Gakenke,Gakenke,Rusagara,Sitwe
66d9c3990bc303fcbe4d2d07,Northern,Gakenke,Gashenyi,Nyacyina,Rugarama
66d9c3990bc303fcbe4d2d0a,Northern,Gakenke,Gashenyi,Rukura,Gahihi
66d9c3990bc303fcbe4d2d0c,Northern,Gakenke,Gashenyi,Rukura,Kara
66d9c3990bc303fcbe4d2d16,Northern,Gakenke,Gashenyi,Rutabo,Rubuga
66d9c3990bc303fcbe4d2d1d,Northern,Gakenke,Gashenyi,Rutenderi,Murambo
66d9c3990bc303fcbe4d2d2f,Northern,Gakenke,Janja,Gashyamba,Gitovu
66d9c3990bc303fcbe4d2d33,Northern,Gakenke,Janja,Gatwa,Gitega
66d9c3990bc303fcbe4d2d50,Northern,Gakenke,Kamubuga,Kidomo,Kintobo
66d9c3990bc303fcbe4d2d59,Northern,Gakenke,Kamubuga,Mbatabata,Karingorera
66d9c3990bc303fcbe4d2d5c,Northern,Gakenke,Kamubuga,Mbatabata,Ryabirere
66d9c3990bc303fcbe4d2d5e,Northern,Gakenke,Kamubuga,Rukore,Karangara
66d9c3990bc303fcbe4d2d84,Northern,Gakenke,Kivuruga,Cyintare,Nyarubuye
66d9c3990bc303fcbe4d2d88,Northern,Gakenke,Kivuruga,Gasiza,Nturo
66d9c3990bc303fcbe4d2d8e,Northern,Gakenke,Kivuruga,Rugimbu,Rutamba
66d9c3990bc303fcbe4d2d99,Northern,Gakenke,Kivuruga,Sereri,Kivuruga
66d9c3990bc303fcbe4d2da3,Northern,Gakenke,Mataba,Buyange,Nyamiyaga
66d9c3990bc303fcbe4d2dbb,Northern,Gakenke,Minazi,Gasiho,Gihinga
66d9c3990bc303fcbe4d2dcb,Northern,Gakenke,Minazi,Raba,Gitaragwe
66d9c3990bc303fcbe4d2d74,Northern,Gakenke,Karambo,Karambo,Kigarama
66d9c3990bc303fcbe4d2d87,Northern,Gakenke,Kivuruga,Gasiza,Kamwumba
66d9c3990bc303fcbe4d2dd5,Northern,Gakenke,Mugunga,Munyana,Cyarubayi
66d9c3990bc303fcbe4d2d7a,Northern,Gakenke,Karambo,Kirebe,Bukunga
66d9c3990bc303fcbe4d2d81,Northern,Gakenke,Kivuruga,Cyintare,Bigogwe
66d9c3990bc303fcbe4d2da7,Northern,Gakenke,Mataba,Gikombe,Bweramana
66d9c3990bc303fcbe4d2db9,Northern,Gakenke,Minazi,Gasiho,Gahunda
66d9c3990bc303fcbe4d2dbc,Northern,Gakenke,Minazi,Gasiho,Kabarima
66d9c3990bc303fcbe4d2dbd,Northern,Gakenke,Minazi,Gasiho,Kigeyo
66d9c3990bc303fcbe4d2dc3,Northern,Gakenke,Minazi,Munyana,Nyabitare
66d9c3990bc303fcbe4d2d64,Northern,Gakenke,Kamubuga,Rukore,Taba
66d9c3990bc303fcbe4d2d6c,Northern,Gakenke,Karambo,Karambo,Bataga
66d9c3990bc303fcbe4d2d80,Northern,Gakenke,Karambo,Kirebe,Nyabigugu
66d9c3990bc303fcbe4d2d86,Northern,Gakenke,Kivuruga,Gasiza,Kabuhoma
66d9c3990bc303fcbe4d2d94,Northern,Gakenke,Kivuruga,Ruhinga,Munyege
66d9c3990bc303fcbe4d2d96,Northern,Gakenke,Kivuruga,Ruhinga,Rwakirari
66d9c3990bc303fcbe4d2d9c,Northern,Gakenke,Kivuruga,Sereri,Ngarama
66d9c3990bc303fcbe4d2da8,Northern,Gakenke,Mataba,Gikombe,Gashyushya
66d9c3990bc303fcbe4d2daf,Northern,Gakenke,Mataba,Gikombe,Ruhanga
66d9c3990bc303fcbe4d2db0,Northern,Gakenke,Mataba,Nyundo,Gihita
66d9c3990bc303fcbe4d2db1,Northern,Gakenke,Mataba,Nyundo,Gitaba
66d9c3990bc303fcbe4d2db8,Northern,Gakenke,Minazi,Gasiho,Gahombo
66d9c3990bc303fcbe4d2dc0,Northern,Gakenke,Minazi,Munyana,Gitwa
66d9c3990bc303fcbe4d2ddf,Northern,Gakenke,Mugunga,Nkomane,Kabuga
66d9c3990bc303fcbe4d2de6,Northern,Gakenke,Mugunga,Rutabo,Gatonde
66d9c3990bc303fcbe4d2df2,Northern,Gakenke,Muhondo,Busake,Busake
66d9c3990bc303fcbe4d2df3,Northern,Gakenke,Muhondo,Busake,Gikikira
66d9c3990bc303fcbe4d2e05,Northern,Gakenke,Muhondo,Huro,Cura
66d9c3990bc303fcbe4d2de4,Northern,Gakenke,Mugunga,Rutabo,Gacemeri
66d9c3990bc303fcbe4d2de8,Northern,Gakenke,Mugunga,Rutabo,Muhororo
66d9c3990bc303fcbe4d2df4,Northern,Gakenke,Muhondo,Busake,Kibirizi
66d9c3990bc303fcbe4d2df6,Northern,Gakenke,Muhondo,Bwenda,Gahama
66d9c3990bc303fcbe4d2dfe,Northern,Gakenke,Muhondo,Gasiza,Gasiza
66d9c3990bc303fcbe4d2e00,Northern,Gakenke,Muhondo,Gihinga,Base
66d9c3990bc303fcbe4d2dfa,Northern,Gakenke,Muhondo,Bwenda,Nketsi
66d9c3990bc303fcbe4d2de2,Northern,Gakenke,Mugunga,Nkomane,Nyagasozi
66d9c3990bc303fcbe4d2de7,Northern,Gakenke,Mugunga,Rutabo,Kabuhoro
66d9c3990bc303fcbe4d2dee,Northern,Gakenke,Mugunga,Rwamambe,Bushoka
66d9c3990bc303fcbe4d2dfb,Northern,Gakenke,Muhondo,Gasiza,Gahabwa
66d9c3990bc303fcbe4d2c0d,Northern,Rulindo,RUKOZO,Bwimo,Kavumo
66d9c3990bc303fcbe4d2c11,Northern,Rulindo,RUKOZO,Mberuka,Kabera
66d9c3990bc303fcbe4d2c1d,Northern,Rulindo,RUSIGA,Gako,Ntakara
66d9c3990bc303fcbe4d2c21,Northern,Rulindo,RUSIGA,Kirenge,Ntaruka
66d9c3990bc303fcbe4d2c38,Northern,Rulindo,SHYORONGI,Muvumu,Kagunda
66d9c3990bc303fcbe4d2c36,Northern,Rulindo,SHYORONGI,Kijabagwe,Rugendabari
66d9c3990bc303fcbe4d2c53,Northern,Rulindo,TUMBA,Barari,Karambi
66d9c3990bc303fcbe4d2c58,Northern,Rulindo,TUMBA,Gahabwa,Mafene
66d9c3990bc303fcbe4d2c24,Northern,Rulindo,RUSIGA,Taba,Gahondo
66d9c3990bc303fcbe4d2c2f,Northern,Rulindo,SHYORONGI,Bugaragara,Nyakaruri
66d9c3990bc303fcbe4d2c35,Northern,Rulindo,SHYORONGI,Kijabagwe,Rimwe
66d9c3990bc303fcbe4d2c3c,Northern,Rulindo,SHYORONGI,Muvumu,Kivili
66d9c3990bc303fcbe4d2c40,Northern,Rulindo,SHYORONGI,Muvumu,Ruhanga
66d9c3990bc303fcbe4d2c47,Northern,Rulindo,SHYORONGI,Rubona,Nyarusange
66d9c3990bc303fcbe4d2c48,Northern,Rulindo,SHYORONGI,Rubona,Rwahi
66d9c3990bc303fcbe4d2c4c,Northern,Rulindo,SHYORONGI,Rutonde,Nyabisindu
66d9c3990bc303fcbe4d2c52,Northern,Rulindo,TUMBA,Barari,Gashoro
66d9c3990bc303fcbe4d2c57,Northern,Rulindo,TUMBA,Gahabwa,Kagusa
66d9c3990bc303fcbe4d2c49,Northern,Rulindo,SHYORONGI,Rutonde,Bugarura
66d9c3990bc303fcbe4d2c50,Northern,Rulindo,SHYORONGI,Rutonde,Rweya
66d9c3990bc303fcbe4d2c5b,Northern,Rulindo,TUMBA,Misezero,Kanaba
66d9c3990bc303fcbe4d2c5f,Northern,Rulindo,TUMBA,Misezero,Misezero
66d9c3990bc303fcbe4d2c69,Northern,Rulindo,TUMBA,Taba,Kamuragi
66d9c3990bc303fcbe4d2c72,Northern,Gakenke,Busengo,Birambo,Nyarubande
66d9c3990bc303fcbe4d2c90,Northern,Gakenke,Busengo,Ruhanga,Bukinga
66d9c3990bc303fcbe4d2c9f,Northern,Gakenke,Coko,Mbirima,Bushyama
66d9c3990bc303fcbe4d2cba,Northern,Gakenke,Cyabingo,Muhororo,Gatorero
66d9c3990bc303fcbe4d2cd2,Northern,Gakenke,Cyabingo,Rukore,Rukore
66d9c3990bc303fcbe4d2cd7,Northern,Gakenke,Gakenke,Buheta,Karambi
66d9c3990bc303fcbe4d2cd8,Northern,Gakenke,Gakenke,Buheta,Karorero
66d9c3990bc303fcbe4d2c62,Northern,Rulindo,TUMBA,Nyirabirori,Bukinga
66d9c3990bc303fcbe4d2c63,Northern,Rulindo,TUMBA,Nyirabirori,Gatare
66d9c3990bc303fcbe4d2c76,Northern,Gakenke,Busengo,Butereri,Kirwa
66d9c3990bc303fcbe4d2c7b,Northern,Gakenke,Busengo,Byibuhiro,Kamina
66d9c3990bc303fcbe4d2c82,Northern,Gakenke,Busengo,Kamina,Mwendo
66d9c3990bc303fcbe4d2c8b,Northern,Gakenke,Busengo,Mwumba,Kabuga
66d9c3990bc303fcbe4d2c91,Northern,Gakenke,Busengo,Ruhanga,Gashirwe
66d9c3990bc303fcbe4d2c99,Northern,Gakenke,Coko,Kiruku,Mucumazo
66d9c3990bc303fcbe4d2cb4,Northern,Gakenke,Cyabingo,Muhaza,Muhaza
66d9c3990bc303fcbe4d2cb5,Northern,Gakenke,Cyabingo,Muhaza,Mushirarungu
66d9c3990bc303fcbe4d2ccd,Northern,Gakenke,Cyabingo,Rukore,Muramba
66d9c3990bc303fcbe4d2cd3,Northern,Gakenke,Gakenke,Buheta,Buyagiro
66d9c3990bc303fcbe4d2cd5,Northern,Gakenke,Gakenke,Buheta,Gihemba
66d9c3990bc303fcbe4d2cd6,Northern,Gakenke,Gakenke,Buheta,Gikerera
66d9c3990bc303fcbe4d2cd9,Northern,Gakenke,Gakenke,Buheta,Mucuro
66d9c3990bc303fcbe4d2c75,Northern,Gakenke,Busengo,Butereri,Gasakuza
66d9c3990bc303fcbe4d2c9c,Northern,Gakenke,Coko,Kiruku,Rubuguma
66d9c3990bc303fcbe4d2ca1,Northern,Gakenke,Coko,Mbirima,Mbogo
66d9c3990bc303fcbe4d2ca8,Northern,Gakenke,Coko,Nyange,Karoli
66d9c3990bc303fcbe4d2cad,Northern,Gakenke,Coko,Nyanza,Gikamba
66d9c3990bc303fcbe4d2cae,Northern,Gakenke,Coko,Nyanza,Gitaba
66d9c3990bc303fcbe4d2cbf,Northern,Gakenke,Cyabingo,Muhororo,Tongoburo
66d9c3990bc303fcbe4d2cce,Northern,Gakenke,Cyabingo,Rukore,Murehe
66d9c3990bc303fcbe4d2cd4,Northern,Gakenke,Gakenke,Buheta,Gatwa
66d9c3990bc303fcbe4d2c6b,Northern,Rulindo,TUMBA,Taba,Nkinda
66d9c3990bc303fcbe4d2c78,Northern,Gakenke,Busengo,Butereri,Rugendabari
66d9c3990bc303fcbe4d2cec,Northern,Gakenke,Gakenke,Nganzo,Kanyiramanyana
66d9c3990bc303fcbe4d2cf8,Northern,Gakenke,Gakenke,Rusagara,Kakinungu
66d9c3990bc303fcbe4d2cfe,Northern,Gakenke,Gakenke,Rusagara,Ruberano
66d9c3990bc303fcbe4d2d11,Northern,Gakenke,Gashenyi,Rutabo,Buturuba
66d9c3990bc303fcbe4d2d39,Northern,Gakenke,Janja,Karukungu,Buhimbi
66d9c3990bc303fcbe4d2d3e,Northern,Gakenke,Janja,Karukungu,Rugeshi
66d9c3990bc303fcbe4d2d48,Northern,Gakenke,Kamubuga,Kamubuga,Nyarungu
66d9c3990bc303fcbe4d2d4f,Northern,Gakenke,Kamubuga,Kidomo,Kidomo
66d9c3990bc303fcbe4d2c01,Northern,Rulindo,RUKOZO,Buraro,Kabgayi
66d9c3990bc303fcbe4d2c20,Northern,Rulindo,RUSIGA,Kirenge,Kinini-rusiga
66d9c3990bc303fcbe4d2c26,Northern,Rulindo,RUSIGA,Taba,Karenge
66d9c3990bc303fcbe4d2c2c,Northern,Rulindo,SHYORONGI,Bugaragara,Kabaraza
66d9c3990bc303fcbe4d2c4b,Northern,Rulindo,SHYORONGI,Rutonde,Ngendo
66d9c3990bc303fcbe4d2c34,Northern,Rulindo,SHYORONGI,Kijabagwe,Nyamugari
66d9c3990bc303fcbe4d2c42,Northern,Rulindo,SHYORONGI,Rubona,Gishyita
66d9c3990bc303fcbe4d2c4e,Northern,Rulindo,SHYORONGI,Rutonde,Nyamirembe
66d9c3990bc303fcbe4d2c55,Northern,Rulindo,TUMBA,Barari,Rukore
66d9c3990bc303fcbe4d2c56,Northern,Rulindo,TUMBA,Gahabwa,Kabuga
66d9c3990bc303fcbe4d2c5a,Northern,Rulindo,TUMBA,Gahabwa,Rushaki
66d9c3990bc303fcbe4d2c27,Northern,Rulindo,RUSIGA,Taba,Kingazi
66d9c3990bc303fcbe4d2c29,Northern,Rulindo,SHYORONGI,Bugaragara,Gatimba
66d9c3990bc303fcbe4d2c3e,Northern,Rulindo,SHYORONGI,Muvumu,Muvumu
66d9c3990bc303fcbe4d2c44,Northern,Rulindo,SHYORONGI,Rubona,Ngona
66d9c3990bc303fcbe4d2c64,Northern,Rulindo,TUMBA,Nyirabirori,Gatsinde
66d9c3990bc303fcbe4d2c60,Northern,Rulindo,TUMBA,Misezero,Rurambo
66d9c3990bc303fcbe4d2c71,Northern,Gakenke,Busengo,Birambo,Kirwa
66d9c3990bc303fcbe4d2c84,Northern,Gakenke,Busengo,Kamina,Rwankuba
66d9c3990bc303fcbe4d2c8e,Northern,Gakenke,Busengo,Mwumba,Mugunga
66d9c3990bc303fcbe4d2c98,Northern,Gakenke,Coko,Kiruku,Gatare
66d9c3990bc303fcbe4d2c9d,Northern,Gakenke,Coko,Mbirima,Akanduga
66d9c3990bc303fcbe4d2caa,Northern,Gakenke,Coko,Nyange,Ntobwe
66d9c3990bc303fcbe4d2cc0,Northern,Gakenke,Cyabingo,Muramba,Bukuba
66d9c3990bc303fcbe4d2cc2,Northern,Gakenke,Cyabingo,Muramba,Gatare
66d9c3990bc303fcbe4d2cc8,Northern,Gakenke,Cyabingo,Mutanda,Kambare
66d9c3990bc303fcbe4d2c6f,Northern,Gakenke,Busengo,Birambo,Birambo
66d9c3990bc303fcbe4d2ca2,Northern,Gakenke,Coko,Mbirima,Murambi
66d9c3990bc303fcbe4d2ca3,Northern,Gakenke,Coko,Mbirima,Rwahi
66d9c3990bc303fcbe4d2cb3,Northern,Gakenke,Cyabingo,Muhaza,Karombero
66d9c3990bc303fcbe4d2cb8,Northern,Gakenke,Cyabingo,Muhororo,Butaraga
66d9c3990bc303fcbe4d2cdf,Northern,Gakenke,Gakenke,Kagoma,Gitenga
66d9c3990bc303fcbe4d2c6d,Northern,Rulindo,TUMBA,Taba,Nyirataba
66d9c3990bc303fcbe4d2c88,Northern,Gakenke,Busengo,Kirabo,Ngezi
66d9c3990bc303fcbe4d2ca4,Northern,Gakenke,Coko,Mbirima,Shyunga
66d9c3990bc303fcbe4d2ca5,Northern,Gakenke,Coko,Nyange,Buhara
66d9c3990bc303fcbe4d2cb1,Northern,Gakenke,Cyabingo,Muhaza,Buraza
66d9c3990bc303fcbe4d2cbb,Northern,Gakenke,Cyabingo,Muhororo,Kabungwe
66d9c3990bc303fcbe4d2ccc,Northern,Gakenke,Cyabingo,Rukore,Kigote
66d9c3990bc303fcbe4d2cdd,Northern,Gakenke,Gakenke,Kagoma,Bukanka
66d9c3990bc303fcbe4d2ce2,Northern,Gakenke,Gakenke,Kagoma,Murambi
66d9c3990bc303fcbe4d2cf9,Northern,Gakenke,Gakenke,Rusagara,Kivumu
66d9c3990bc303fcbe4d2d00,Northern,Gakenke,Gakenke,Rusagara,Umujyi Wa Gakenke
66d9c3990bc303fcbe4d2d22,Northern,Gakenke,Gashenyi,Taba,Kangomba
66d9c3990bc303fcbe4d2ce0,Northern,Gakenke,Gakenke,Kagoma,Kamatare
66d9c3990bc303fcbe4d2ce4,Northern,Gakenke,Gakenke,Kagoma,Ntobwe
66d9c3990bc303fcbe4d2ce5,Northern,Gakenke,Gakenke,Kagoma,Rurambi
66d9c3990bc303fcbe4d2ced,Northern,Gakenke,Gakenke,Nganzo,Karambi
66d9c3990bc303fcbe4d2cf2,Northern,Gakenke,Gakenke,Nganzo,Muyira
66d9c3990bc303fcbe4d2cf7,Northern,Gakenke,Gakenke,Rusagara,Kageyo
66d9c3990bc303fcbe4d2d10,Northern,Gakenke,Gashenyi,Rutabo,Buhira
66d9c3990bc303fcbe4d2d13,Northern,Gakenke,Gashenyi,Rutabo,Kabwika
66d9c3990bc303fcbe4d2d14,Northern,Gakenke,Gashenyi,Rutabo,Kamurambo
66d9c3990bc303fcbe4d2d1c,Northern,Gakenke,Gashenyi,Rutenderi,Kibara
66d9c3990bc303fcbe4d2d21,Northern,Gakenke,Gashenyi,Taba,Gihanga
66d9c3990bc303fcbe4d2d24,Northern,Gakenke,Gashenyi,Taba,Murambi
66d9c3990bc303fcbe4d2d2a,Northern,Gakenke,Janja,Gakindo,Kibonwa
66d9c3990bc303fcbe4d2d2e,Northern,Gakenke,Janja,Gashyamba,Gatongo
66d9c3990bc303fcbe4d2d42,Northern,Gakenke,Kamubuga,Kamubuga,Gashishi
66d9c3990bc303fcbe4d2d57,Northern,Gakenke,Kamubuga,Mbatabata,Horero
66d9c3990bc303fcbe4d2d5f,Northern,Gakenke,Kamubuga,Rukore,Kinyababa
66d9c3990bc303fcbe4d2cf0,Northern,Gakenke,Gakenke,Nganzo,Mbizi
66d9c3990bc303fcbe4d2cf5,Northern,Gakenke,Gakenke,Rusagara,Busingiryi
66d9c3990bc303fcbe4d2d02,Northern,Gakenke,Gashenyi,Nyacyina,Gashinge
66d9c3990bc303fcbe4d2d53,Northern,Gakenke,Kamubuga,Kidomo,Rugeshi
66d9c3990bc303fcbe4d2cf3,Northern,Gakenke,Gakenke,Nganzo,Ryabazungu
66d9c3990bc303fcbe4d2cfb,Northern,Gakenke,Gakenke,Rusagara,Murambi
66d9c3990bc303fcbe4d2d36,Northern,Gakenke,Janja,Gatwa,Mwanza
66d9c3990bc303fcbe4d2d37,Northern,Gakenke,Janja,Gatwa,Nyabushishiri
66d9c3990bc303fcbe4d2d3d,Northern,Gakenke,Janja,Karukungu,Mugandu
66d9c3990bc303fcbe4d2d47,Northern,Gakenke,Kamubuga,Kamubuga,Marira
66d9c3990bc303fcbe4d2d49,Northern,Gakenke,Kamubuga,Kamubuga,Raro
66d9c3990bc303fcbe4d2cf6,Northern,Gakenke,Gakenke,Rusagara,Kabaya
66d9c3990bc303fcbe4d2cfa,Northern,Gakenke,Gakenke,Rusagara,Mazinga
66d9c3990bc303fcbe4d2d0d,Northern,Gakenke,Gashenyi,Rukura,Kirambo
66d9c3990bc303fcbe4d2d30,Northern,Gakenke,Janja,Gashyamba,Nyabikenke
66d9c3990bc303fcbe4d2d34,Northern,Gakenke,Janja,Gatwa,Kinoko
66d9c3990bc303fcbe4d2d40,Northern,Gakenke,Janja,Karukungu,Rutake
66d9c3990bc303fcbe4d2d45,Northern,Gakenke,Kamubuga,Kamubuga,Kanshenge
66d9c3990bc303fcbe4d2d85,Northern,Gakenke,Kivuruga,Gasiza,Bushoka
66d9c3990bc303fcbe4d2d95,Northern,Gakenke,Kivuruga,Ruhinga,Rugeshi
66d9c3990bc303fcbe4d2dde,Northern,Gakenke,Mugunga,Mutego,Rutaraga
66d9c3990bc303fcbe4d2d69,Northern,Gakenke,Karambo,Kanyanza,Karenge
66d9c3990bc303fcbe4d2d6f,Northern,Gakenke,Karambo,Karambo,Cyumba
66d9c3990bc303fcbe4d2d76,Northern,Gakenke,Karambo,Karambo,Nyiramuhimba
66d9c3990bc303fcbe4d2d7c,Northern,Gakenke,Karambo,Kirebe,Kabuye
66d9c3990bc303fcbe4d2d90,Northern,Gakenke,Kivuruga,Ruhinga,Buranga
66d9c3990bc303fcbe4d2db2,Northern,Gakenke,Mataba,Nyundo,Kabuyora
66d9c3990bc303fcbe4d2dbe,Northern,Gakenke,Minazi,Gasiho,Mbogo
66d9c3990bc303fcbe4d2dc2,Northern,Gakenke,Minazi,Munyana,Kivuba
66d9c3990bc303fcbe4d2dce,Northern,Gakenke,Minazi,Raba,Ndegamire
66d9c3990bc303fcbe4d2dd4,Northern,Gakenke,Mugunga,Gahinga,Rwimpiri
66d9c3990bc303fcbe4d2d61,Northern,Gakenke,Kamubuga,Rukore,Rusasa
66d9c3990bc303fcbe4d2d67,Northern,Gakenke,Karambo,Kanyanza,Kabutare
66d9c3990bc303fcbe4d2d71,Northern,Gakenke,Karambo,Karambo,Gatare
66d9c3990bc303fcbe4d2d75,Northern,Gakenke,Karambo,Karambo,Mugamba
66d9c3990bc303fcbe4d2d8b,Northern,Gakenke,Kivuruga,Rugimbu,Karuhunge
66d9c3990bc303fcbe4d2da1,Northern,Gakenke,Mataba,Buyange,Karambi
66d9c3990bc303fcbe4d2dae,Northern,Gakenke,Mataba,Gikombe,Ruganda
66d9c3990bc303fcbe4d2db4,Northern,Gakenke,Mataba,Nyundo,Karambi
66d9c3990bc303fcbe4d2db5,Northern,Gakenke,Mataba,Nyundo,Mataba
66d9c3990bc303fcbe4d2dc9,Northern,Gakenke,Minazi,Raba,Bukonde
66d9c3990bc303fcbe4d2dd3,Northern,Gakenke,Mugunga,Gahinga,Nyakagezi
66d9c3990bc303fcbe4d2dd7,Northern,Gakenke,Mugunga,Munyana,Muhororo
66d9c3990bc303fcbe4d2d6d,Northern,Gakenke,Karambo,Karambo,Bumbeja
66d9c3990bc303fcbe4d2d73,Northern,Gakenke,Karambo,Karambo,Gishingo
66d9c3990bc303fcbe4d2d77,Northern,Gakenke,Karambo,Karambo,Rwamiko
66d9c3990bc303fcbe4d2d78,Northern,Gakenke,Karambo,Karambo,Ryarurimbura
66d9c3990bc303fcbe4d2d79,Northern,Gakenke,Karambo,Kirebe,Bukondo
66d9c3990bc303fcbe4d2d93,Northern,Gakenke,Kivuruga,Ruhinga,Kintarure
66d9c3990bc303fcbe4d2d9a,Northern,Gakenke,Kivuruga,Sereri,Masoro
66d9c3990bc303fcbe4d2d9e,Northern,Gakenke,Mataba,Buyange,Gashingiro
66d9c3990bc303fcbe4d2dea,Northern,Gakenke,Mugunga,Rutenderi,Nyakazenga
66d9c3990bc303fcbe4d2df9,Northern,Gakenke,Muhondo,Bwenda,Kimanama
66d9c3990bc303fcbe4d2dfd,Northern,Gakenke,Muhondo,Gasiza,Gahondo
66d9c3990bc303fcbe4d2dff,Northern,Gakenke,Muhondo,Gasiza,Kabeza
66d9c3990bc303fcbe4d2e01,Northern,Gakenke,Muhondo,Gihinga,Gihinga
66d9c3990bc303fcbe4d2e03,Northern,Gakenke,Muhondo,Gihinga,Samuduha
66d9c3990bc303fcbe4d2e06,Northern,Gakenke,Muhondo,Huro,Gitwa
66d9c3990bc303fcbe4d2d03,Northern,Gakenke,Gashenyi,Nyacyina,Kadehero
66d9c3990bc303fcbe4d2d15,Northern,Gakenke,Gashenyi,Rutabo,Kanwa
66d9c3990bc303fcbe4d2d1f,Northern,Gakenke,Gashenyi,Taba,Bushita
66d9c3990bc303fcbe4d2d20,Northern,Gakenke,Gashenyi,Taba,Gasharu
66d9c3990bc303fcbe4d2d31,Northern,Gakenke,Janja,Gashyamba,Rwampali
66d9c3990bc303fcbe4d2d3b,Northern,Gakenke,Janja,Karukungu,Gitaba
66d9c3990bc303fcbe4d2d3f,Northern,Gakenke,Janja,Karukungu,Rusasa
66d9c3990bc303fcbe4d2d4b,Northern,Gakenke,Kamubuga,Kamubuga,Ruhehe
66d9c3990bc303fcbe4d2d51,Northern,Gakenke,Kamubuga,Kidomo,Njugi
66d9c3990bc303fcbe4d2d52,Northern,Gakenke,Kamubuga,Kidomo,Nyamusongati
66d9c3990bc303fcbe4d2d7f,Northern,Gakenke,Karambo,Kirebe,Mwiyanike
66d9c3990bc303fcbe4d2d92,Northern,Gakenke,Kivuruga,Ruhinga,Kavumu
66d9c3990bc303fcbe4d2da6,Northern,Gakenke,Mataba,Gikombe,Bugari
66d9c3990bc303fcbe4d2dd8,Northern,Gakenke,Mugunga,Munyana,Nturo
66d9c3990bc303fcbe4d2dd9,Northern,Gakenke,Mugunga,Munyana,Rwezamenyo
66d9c3990bc303fcbe4d2d98,Northern,Gakenke,Kivuruga,Sereri,Kabara
66d9c3990bc303fcbe4d2dab,Northern,Gakenke,Mataba,Gikombe,Munini
66d9c3990bc303fcbe4d2dad,Northern,Gakenke,Mataba,Gikombe,Nyangoma
66d9c3990bc303fcbe4d2db6,Northern,Gakenke,Mataba,Nyundo,Mwanza
66d9c3990bc303fcbe4d2dc4,Northern,Gakenke,Minazi,Murambi,Gisovu
66d9c3990bc303fcbe4d2dc7,Northern,Gakenke,Minazi,Murambi,Nyanza
66d9c3990bc303fcbe4d2dcd,Northern,Gakenke,Minazi,Raba,Mutara
66d9c3990bc303fcbe4d2dd0,Northern,Gakenke,Mugunga,Gahinga,Cyinama
66d9c3990bc303fcbe4d2ddb,Northern,Gakenke,Mugunga,Mutego,Kamunyana
66d9c3990bc303fcbe4d2ddd,Northern,Gakenke,Mugunga,Mutego,Nganzo
66d9c3990bc303fcbe4d2d62,Northern,Gakenke,Kamubuga,Rukore,Rusumo
66d9c3990bc303fcbe4d2d63,Northern,Gakenke,Kamubuga,Rukore,Rwata
66d9c3990bc303fcbe4d2d66,Northern,Gakenke,Karambo,Kanyanza,Kabuhunu
66d9c3990bc303fcbe4d2d72,Northern,Gakenke,Karambo,Karambo,Gatorero
66d9c3990bc303fcbe4d2d7e,Northern,Gakenke,Karambo,Kirebe,Mubuga
66d9c3990bc303fcbe4d2d8d,Northern,Gakenke,Kivuruga,Rugimbu,Rurambo
66d9c3990bc303fcbe4d2da5,Northern,Gakenke,Mataba,Buyange,Ryarugema
66d9c3990bc303fcbe4d2da9,Northern,Gakenke,Mataba,Gikombe,Gatovu
66d9c3990bc303fcbe4d2dcc,Northern,Gakenke,Minazi,Raba,Munihi
66d9c3990bc303fcbe4d2ddc,Northern,Gakenke,Mugunga,Mutego,Karambo
66d9c3990bc303fcbe4d2d65,Northern,Gakenke,Karambo,Kanyanza,Gatembe
66d9c3990bc303fcbe4d2d8f,Northern,Gakenke,Kivuruga,Rugimbu,Rwamabare
66d9c3990bc303fcbe4d2dbf,Northern,Gakenke,Minazi,Munyana,Gihororo
66d9c3990bc303fcbe4d2de9,Northern,Gakenke,Mugunga,Rutenderi,Kiraro
66d9c3990bc303fcbe4d2e02,Northern,Gakenke,Muhondo,Gihinga,Karehe
66d9c3990bc303fcbe4d2deb,Northern,Gakenke,Mugunga,Rutenderi,Nyundo
66d9c3990bc303fcbe4d2dec,Northern,Gakenke,Mugunga,Rutenderi,Rubona
66d9c3990bc303fcbe4d2def,Northern,Gakenke,Mugunga,Rwamambe,Gashubi
66d9c3990bc303fcbe4d2df0,Northern,Gakenke,Mugunga,Rwamambe,Kabiganda
66d9c3990bc303fcbe4d2df1,Northern,Gakenke,Mugunga,Rwamambe,Kanyinya
66d9c3990bc303fcbe4d2df7,Northern,Gakenke,Muhondo,Bwenda,Gatare
66d9c3990bc303fcbe4d2dfc,Northern,Gakenke,Muhondo,Gasiza,Gahinga
66d9c3990bc303fcbe4d2ded,Northern,Gakenke,Mugunga,Rwamambe,Biraro
66d9c3990bc303fcbe4d2e04,Northern,Gakenke,Muhondo,Gihinga,Taba
66d9c3990bc303fcbe4d2de3,Northern,Gakenke,Mugunga,Nkomane,Rusebeya
66d9c3990bc303fcbe4d2e07,Northern,Gakenke,Muhondo,Huro,Huro
66d9c3990bc303fcbe4d2e10,Northern,Gakenke,Muhondo,Musenyi,Kigali
66d9c3990bc303fcbe4d2e11,Northern,Gakenke,Muhondo,Musenyi,Musenyi
66d9c3990bc303fcbe4d2e17,Northern,Gakenke,Muhondo,Rwinkuba,Cyimbogo
66d9c3990bc303fcbe4d2e31,Northern,Gakenke,Muyongwe,Va,Businde
66d9c3990bc303fcbe4d2e3d,Northern,Gakenke,Muzo,Kiryamo,Gahondo
66d9c3990bc303fcbe4d2e49,Northern,Gakenke,Muzo,Mwiyando,Gitabi
66d9c3990bc303fcbe4d2e4e,Northern,Gakenke,Muzo,Mwiyando,Rubayo
66d9c3990bc303fcbe4d2e5e,Northern,Gakenke,Nemba,Buranga,Rukoji
66d9c3990bc303fcbe4d2e69,Northern,Gakenke,Nemba,Gisozi,Karukara
66d9c3990bc303fcbe4d2e6e,Northern,Gakenke,Nemba,Mucaca,Gatare
66d9c3990bc303fcbe4d2e91,Northern,Gakenke,Ruli,Rwesero,Gatare
66d9c3990bc303fcbe4d2e95,Northern,Gakenke,Ruli,Rwesero,Nyarunyinya
66d9c3990bc303fcbe4d2ea7,Northern,Gakenke,Rusasa,Nyundo,Bumonyo B
66d9c3990bc303fcbe4d2eb6,Northern,Gakenke,Rushashi,Burimba,Kivumu
66d9c3990bc303fcbe4d2ebc,Northern,Gakenke,Rushashi,Joma,Mataba
66d9c3990bc303fcbe4d2ece,Northern,Gakenke,Rushashi,Razi,Nyangoyi
66d9c3990bc303fcbe4d2ed3,Northern,Gakenke,Rushashi,Rwankuba,Rwamabega
66d9c3990bc303fcbe4d2ed8,Northern,Musanze,Busogo,Gisesero,Gahanga
66d9c3990bc303fcbe4d2ed9,Northern,Musanze,Busogo,Gisesero,Jabiro
66d9c3990bc303fcbe4d2ee8,Northern,Musanze,Busogo,Sahara,Rubaya
66d9c3990bc303fcbe4d2e2d,Northern,Gakenke,Muyongwe,Nganzo,Ngoma
66d9c3990bc303fcbe4d2e43,Northern,Gakenke,Muzo,Mubuga,Butambwe
66d9c3990bc303fcbe4d2e6d,Northern,Gakenke,Nemba,Mucaca,Cyahafi
66d9c3990bc303fcbe4d2eb4,Northern,Gakenke,Rushashi,Burimba,Kabuye
66d9c3990bc303fcbe4d2ebe,Northern,Gakenke,Rushashi,Joma,Nyagasozi
66d9c3990bc303fcbe4d2eea,Northern,Musanze,Cyuve,Bukinanyana,Bubandu
66d9c3990bc303fcbe4d2ef9,Northern,Musanze,Cyuve,Cyanya,Kibande
66d9c3990bc303fcbe4d2f02,Northern,Musanze,Cyuve,Kabeza,Karinzi
66d9c3990bc303fcbe4d2e12,Northern,Gakenke,Muhondo,Ruganda,Gisozi
66d9c3990bc303fcbe4d2e1a,Northern,Gakenke,Muyongwe,Bumba,Bumba
66d9c3990bc303fcbe4d2e34,Northern,Gakenke,Muyongwe,Va,Ranzi
66d9c3990bc303fcbe4d2e3a,Northern,Gakenke,Muzo,Kabatezi,Runyinya
66d9c3990bc303fcbe4d2e40,Northern,Gakenke,Muzo,Kiryamo,Rugarama
66d9c3990bc303fcbe4d2e45,Northern,Gakenke,Muzo,Mubuga,Kavuza
66d9c3990bc303fcbe4d2e46,Northern,Gakenke,Muzo,Mubuga,Mubuga
66d9c3990bc303fcbe4d2e92,Northern,Gakenke,Ruli,Rwesero,Gisizi
66d9c3990bc303fcbe4d2e99,Northern,Gakenke,Rusasa,Gataba,Kebero
66d9c3990bc303fcbe4d2ec0,Northern,Gakenke,Rushashi,Kageyo,Kabeza
66d9c3990bc303fcbe4d2ed5,Northern,Gakenke,Rushashi,Shyombwe,Gatwa
66d9c3990bc303fcbe4d2edb,Northern,Musanze,Busogo,Gisesero,Nengo
66d9c3990bc303fcbe4d2ee1,Northern,Musanze,Busogo,Nyagisozi,Cyasure
66d9c3990bc303fcbe4d2ee2,Northern,Musanze,Busogo,Nyagisozi,Gora
66d9c3990bc303fcbe4d2eeb,Northern,Musanze,Cyuve,Bukinanyana,Mubwiza
66d9c3990bc303fcbe4d2ef8,Northern,Musanze,Cyuve,Cyanya,Kayange
66d9c3990bc303fcbe4d2f05,Northern,Musanze,Cyuve,Migeshi,Buremu
66d9c3990bc303fcbe4d2e1c,Northern,Gakenke,Muyongwe,Bumba,Gikoro
66d9c3990bc303fcbe4d2e1e,Northern,Gakenke,Muyongwe,Bumba,Gitwe
66d9c3990bc303fcbe4d2e23,Northern,Gakenke,Muyongwe,Gisiza,Kiyebe
66d9c3990bc303fcbe4d2e25,Northern,Gakenke,Muyongwe,Gisiza,Ruhoko
66d9c3990bc303fcbe4d2e26,Northern,Gakenke,Muyongwe,Gisiza,Sanzare
66d9c3990bc303fcbe4d2e35,Northern,Gakenke,Muzo,Kabatezi,Curugusi
66d9c3990bc303fcbe4d2e39,Northern,Gakenke,Muzo,Kabatezi,Kasheshe
66d9c3990bc303fcbe4d2e44,Northern,Gakenke,Muzo,Mubuga,Kanini
66d9c3990bc303fcbe4d2e4d,Northern,Gakenke,Muzo,Mwiyando,Nyagasozi
66d9c3990bc303fcbe4d2e50,Northern,Gakenke,Muzo,Rwa,Bitaba
66d9c3990bc303fcbe4d2e61,Northern,Gakenke,Nemba,Gahinga,Kabaya
66d9c3990bc303fcbe4d2e62,Northern,Gakenke,Nemba,Gahinga,Kilimbi
66d9c3990bc303fcbe4d2e64,Northern,Gakenke,Nemba,Gisozi,Kabushara
66d9c3990bc303fcbe4d2e6b,Northern,Gakenke,Nemba,Gisozi,Mushubi
66d9c3990bc303fcbe4d2e6f,Northern,Gakenke,Nemba,Mucaca,Kabingo
66d9c3990bc303fcbe4d2e71,Northern,Gakenke,Nemba,Mucaca,Kamuvunyi
66d9c3990bc303fcbe4d2e77,Northern,Gakenke,Nemba,Mucaca,Nyamiyaga
66d9c3990bc303fcbe4d2e79,Northern,Gakenke,Ruli,Busoro,Cyoganyoni
66d9c3990bc303fcbe4d2e7b,Northern,Gakenke,Ruli,Busoro,Kabare
66d9c3990bc303fcbe4d2e0a,Northern,Gakenke,Muhondo,Musagara,Akara
66d9c3990bc303fcbe4d2e0b,Northern,Gakenke,Muhondo,Musagara,Cyenda
66d9c3990bc303fcbe4d2e13,Northern,Gakenke,Muhondo,Ruganda,Kinyonzo
66d9c3990bc303fcbe4d2e15,Northern,Gakenke,Muhondo,Ruganda,Ranzi
66d9c3990bc303fcbe4d2e1f,Northern,Gakenke,Muyongwe,Bumba,Mataba
66d9c3990bc303fcbe4d2e20,Northern,Gakenke,Muyongwe,Bumba,Shiru
66d9c3990bc303fcbe4d2e2c,Northern,Gakenke,Muyongwe,Nganzo,Nganzo
66d9c3990bc303fcbe4d2e30,Northern,Gakenke,Muyongwe,Va,Bukwera
66d9c3990bc303fcbe4d2e3e,Northern,Gakenke,Muzo,Kiryamo,Munyinya
66d9c3990bc303fcbe4d2e4b,Northern,Gakenke,Muzo,Mwiyando,Kagano
66d9c3990bc303fcbe4d2e51,Northern,Gakenke,Muzo,Rwa,Cyinturo
66d9c3990bc303fcbe4d2e5a,Northern,Gakenke,Nemba,Buranga,Butare
66d9c3990bc303fcbe4d2e5c,Northern,Gakenke,Nemba,Buranga,Muganwa
66d9c3990bc303fcbe4d2e5d,Northern,Gakenke,Nemba,Buranga,Mukaka
66d9c3990bc303fcbe4d2e67,Northern,Gakenke,Nemba,Gisozi,Kanunga
66d9c3990bc303fcbe4d2e70,Northern,Gakenke,Nemba,Mucaca,Kabuye
66d9c3990bc303fcbe4d2e76,Northern,Gakenke,Nemba,Mucaca,Ntakabavu
66d9c3990bc303fcbe4d2e7c,Northern,Gakenke,Ruli,Busoro,Kibirizi
66d9c3990bc303fcbe4d2e83,Northern,Gakenke,Ruli,Gikingo,Nyamugari
66d9c3990bc303fcbe4d2e86,Northern,Gakenke,Ruli,Jango,Gihura
66d9c3990bc303fcbe4d2e8c,Northern,Gakenke,Ruli,Ruli,Gahondo
66d9c3990bc303fcbe4d2e93,Northern,Gakenke,Ruli,Rwesero,Mabago
66d9c3990bc303fcbe4d2e9b,Northern,Gakenke,Rusasa,Kamonyi,Burinda
66d9c3990bc303fcbe4d2e9d,Northern,Gakenke,Rusasa,Kamonyi,Gapfura
66d9c3990bc303fcbe4d2eb1,Northern,Gakenke,Rusasa,Rurembo,Murori
66d9c3990bc303fcbe4d2eb5,Northern,Gakenke,Rushashi,Burimba,Kara
66d9c3990bc303fcbe4d2eb8,Northern,Gakenke,Rushashi,Busanane,Gisiza
66d9c3990bc303fcbe4d2ecd,Northern,Gakenke,Rushashi,Razi,Nkoto
66d9c3990bc303fcbe4d2edf,Northern,Musanze,Busogo,Kavumu,Mutaboneka
66d9c3990bc303fcbe4d2ee0,Northern,Musanze,Busogo,Kavumu,Rugeshi
66d9c3990bc303fcbe4d2ee9,Northern,Musanze,Busogo,Sahara,Ryamukutsi
66d9c3990bc303fcbe4d2e1b,Northern,Gakenke,Muyongwe,Bumba,Buzu
66d9c3990bc303fcbe4d2e21,Northern,Gakenke,Muyongwe,Gisiza,Gitanda
66d9c3990bc303fcbe4d2e3c,Northern,Gakenke,Muzo,Kiryamo,Akamagaju
66d9c3990bc303fcbe4d2e54,Northern,Gakenke,Muzo,Rwa,Kabere
66d9c3990bc303fcbe4d2e5f,Northern,Gakenke,Nemba,Gahinga,Bitare
66d9c3990bc303fcbe4d2e65,Northern,Gakenke,Nemba,Gisozi,Kamatete
66d9c3990bc303fcbe4d2e73,Northern,Gakenke,Nemba,Mucaca,Kiryamo
66d9c3990bc303fcbe4d2e74,Northern,Gakenke,Nemba,Mucaca,Munyege
66d9c3990bc303fcbe4d2e75,Northern,Gakenke,Nemba,Mucaca,Musange
66d9c3990bc303fcbe4d2e8f,Northern,Gakenke,Ruli,Ruli,Ngayake
66d9c3990bc303fcbe4d2e97,Northern,Gakenke,Rusasa,Gataba,Gahama
66d9c3990bc303fcbe4d2e9c,Northern,Gakenke,Rusasa,Kamonyi,Gakindo
66d9c3990bc303fcbe4d2eb2,Northern,Gakenke,Rusasa,Rurembo,Nyakabungo
66d9c3990bc303fcbe4d2ec9,Northern,Gakenke,Rushashi,Mbogo,Nyabitare
66d9c3990bc303fcbe4d2f03,Northern,Musanze,Cyuve,Kabeza,Karunyura
66d9c3990bc303fcbe4d2eef,Northern,Musanze,Cyuve,Bukinanyana,Rugeshi
66d9c3990bc303fcbe4d2ef1,Northern,Musanze,Cyuve,Buruba,Kabahama
66d9c3990bc303fcbe4d2ef7,Northern,Musanze,Cyuve,Cyanya,Karugabanya
66d9c3990bc303fcbe4d2f07,Northern,Musanze,Cyuve,Migeshi,Kabaya
66d9c3990bc303fcbe4d2e16,Northern,Gakenke,Muhondo,Ruganda,Ruganda
66d9c3990bc303fcbe4d2e42,Northern,Gakenke,Muzo,Kiryamo,Sezuku
66d9c3990bc303fcbe4d2e48,Northern,Gakenke,Muzo,Mubuga,Mwurire
66d9c3990bc303fcbe4d2e72,Northern,Gakenke,Nemba,Mucaca,Kiruhura
66d9c3990bc303fcbe4d2e9a,Northern,Gakenke,Rusasa,Gataba,Kibaya
66d9c3990bc303fcbe4d2ea4,Northern,Gakenke,Rusasa,Murambi,Kirehe
66d9c3990bc303fcbe4d2eda,Northern,Musanze,Busogo,Gisesero,Kabaya
66d9c3990bc303fcbe4d2e18,Northern,Gakenke,Muhondo,Rwinkuba,Kanyana
66d9c3990bc303fcbe4d2e24,Northern,Gakenke,Muyongwe,Gisiza,Muramba
66d9c3990bc303fcbe4d2e2e,Northern,Gakenke,Muyongwe,Nganzo,Nyarubuye
66d9c3990bc303fcbe4d2e3b,Northern,Gakenke,Muzo,Kabatezi,Rusororo
66d9c3990bc303fcbe4d2e4f,Northern,Gakenke,Muzo,Mwiyando,Ruhondo
66d9c3990bc303fcbe4d2e66,Northern,Gakenke,Nemba,Gisozi,Kanama
66d9c3990bc303fcbe4d2e6c,Northern,Gakenke,Nemba,Gisozi,Nyamyumba
66d9c3990bc303fcbe4d2e89,Northern,Gakenke,Ruli,Jango,Mubuga
66d9c3990bc303fcbe4d2e8b,Northern,Gakenke,Ruli,Ruli,Bariza
66d9c3990bc303fcbe4d2e90,Northern,Gakenke,Ruli,Ruli,Nyakarambi
66d9c3990bc303fcbe4d2e98,Northern,Gakenke,Rusasa,Gataba,Gataba
66d9c3990bc303fcbe4d2ea1,Northern,Gakenke,Rusasa,Kamonyi,Rurambi
66d9c3990bc303fcbe4d2ea5,Northern,Gakenke,Rusasa,Murambi,Nyange
66d9c3990bc303fcbe4d2eab,Northern,Gakenke,Rusasa,Rumbi,Bukiza
66d9c3990bc303fcbe4d2ebb,Northern,Gakenke,Rushashi,Joma,Kineza
66d9c3990bc303fcbe4d2ec3,Northern,Gakenke,Rushashi,Kageyo,Murambi
66d9c3990bc303fcbe4d2ec8,Northern,Gakenke,Rushashi,Mbogo,Gitongo
66d9c3990bc303fcbe4d2ed7,Northern,Gakenke,Rushashi,Shyombwe,Murara
66d9c3990bc303fcbe4d2ef2,Northern,Musanze,Cyuve,Buruba,Kamenantare
66d9c3990bc303fcbe4d2efc,Northern,Musanze,Cyuve,Cyanya,Mugarama
66d9c3990bc303fcbe4d2efd,Northern,Musanze,Cyuve,Cyanya,Rebero
66d9c3990bc303fcbe4d2f0e,Northern,Musanze,Cyuve,Rwebeya,Mubuga
66d9c3990bc303fcbe4d2f28,Northern,Musanze,Gacaca,Karwasa,Kavumu
66d9c3990bc303fcbe4d2f2f,Northern,Musanze,Gashaki,Kigabiro,Shanga
66d9c3990bc303fcbe4d2f33,Northern,Musanze,Gashaki,Kivumu,Nyakariba
66d9c3990bc303fcbe4d2f14,Northern,Musanze,Gacaca,Gakoro,Gahama
66d9c3990bc303fcbe4d2f1b,Northern,Musanze,Gacaca,Gasakuza,Nyamugari
66d9c3990bc303fcbe4d2f21,Northern,Musanze,Gacaca,Kabirizi,Karama
66d9c3990bc303fcbe4d2f26,Northern,Musanze,Gacaca,Karwasa,Kabukende
66d9c3990bc303fcbe4d2f2c,Northern,Musanze,Gashaki,Kigabiro,Buzoza
66d9c3990bc303fcbe4d2f30,Northern,Musanze,Gashaki,Kivumu,Burango
66d9c3990bc303fcbe4d2f0f,Northern,Musanze,Cyuve,Rwebeya,Nganzo
66d9c3990bc303fcbe4d2f11,Northern,Musanze,Cyuve,Rwebeya,Nyiraruhengeri
66d9c3990bc303fcbe4d2f19,Northern,Musanze,Gacaca,Gasakuza,Gataba
66d9c3990bc303fcbe4d2f24,Northern,Musanze,Gacaca,Kabirizi,Rungu
66d9c3990bc303fcbe4d2f3e,Northern,Musanze,Gashaki,Muharuro,Mucaca
66d9c3990bc303fcbe4d2f10,Northern,Musanze,Cyuve,Rwebeya,Nyarubande
66d9c3990bc303fcbe4d2f50,Northern,Musanze,Gataraga,Rungu,Gatondori
66d9c3990bc303fcbe4d2f71,Northern,Musanze,Kinigi,Kaguhu,Musingi
66d9c3990bc303fcbe4d2f86,Northern,Musanze,Kinigi,Nyabigoma,Nyakigina
66d9c3990bc303fcbe4d2f88,Northern,Musanze,Kinigi,Nyonirima,Bazizana
66d9c3990bc303fcbe4d2f9d,Northern,Musanze,Muhoza,Kigombe,Rukereza
66d9c3990bc303fcbe4d2fa8,Northern,Musanze,Muhoza,Ruhengeri,Muhe
66d9c3990bc303fcbe4d2fa7,Northern,Musanze,Muhoza,Ruhengeri,Kabaya
66d9c3990bc303fcbe4d2f5d,Northern,Musanze,Kimonyi,Buramira,Ruhinga
66d9c3990bc303fcbe4d2f63,Northern,Musanze,Kimonyi,Mbizi,Buhuma
66d9c3990bc303fcbe4d2f84,Northern,Musanze,Kinigi,Nyabigoma,Mitobo
66d9c3990bc303fcbe4d2f90,Northern,Musanze,Muhoza,Cyabararika,Buhuye
66d9c3990bc303fcbe4d2fa6,Northern,Musanze,Muhoza,Ruhengeri,Byimana
66d9c3990bc303fcbe4d2fab,Northern,Musanze,Muko,Cyivugiza,Kabudundu
66d9c3990bc303fcbe4d2fb0,Northern,Musanze,Muko,Cyivugiza,Nyakanama
66d9c3990bc303fcbe4d2fb5,Northern,Musanze,Muko,Cyogo,Kadahenda
66d9c3990bc303fcbe4d2fc7,Northern,Musanze,Muko,Songa,Mubago
66d9c3990bc303fcbe4d2f49,Northern,Musanze,Gataraga,Murago,Rwinzovu
66d9c3990bc303fcbe4d2f4d,Northern,Musanze,Gataraga,Rubindi,Kabaya
66d9c3990bc303fcbe4d2f58,Northern,Musanze,Kimonyi,Birira,Rurembo
66d9c3990bc303fcbe4d2f5e,Northern,Musanze,Kimonyi,Kivumu,Masoro
66d9c3990bc303fcbe4d2f66,Northern,Musanze,Kimonyi,Mbizi,Rugondo
66d9c3990bc303fcbe4d2f6a,Northern,Musanze,Kinigi,Bisoke,Kazi
66d9c3990bc303fcbe4d2f6c,Northern,Musanze,Kinigi,Bisoke,Shonero
66d9c3990bc303fcbe4d2f6d,Northern,Musanze,Kinigi,Bisoke,Susa
66d9c3990bc303fcbe4d2f7e,Northern,Musanze,Kinigi,Kampanga,Rutindo
66d9c3990bc303fcbe4d2f81,Northern,Musanze,Kinigi,Nyabigoma,Gasizi
66d9c3990bc303fcbe4d2f8d,Northern,Musanze,Kinigi,Nyonirima,Kansoro
66d9c3990bc303fcbe4d2f9b,Northern,Musanze,Muhoza,Kigombe,Nyamagumba
66d9c3990bc303fcbe4d2fa2,Northern,Musanze,Muhoza,Mpenge,Rusagara
66d9c3990bc303fcbe4d2fa9,Northern,Musanze,Muhoza,Ruhengeri,Susa
66d9c3990bc303fcbe4d2faa,Northern,Musanze,Muko,Cyivugiza,Gakoro
66d9c3990bc303fcbe4d2fb9,Northern,Musanze,Muko,Cyogo,Rubanga
66d9c3990bc303fcbe4d2fbb,Northern,Musanze,Muko,Mburabuturo,Kabindi
66d9c3990bc303fcbe4d2fbe,Northern,Musanze,Muko,Mburabuturo,Mwanganzara
66d9c3990bc303fcbe4d2ea8,Northern,Gakenke,Rusasa,Nyundo,Gisovu
66d9c3990bc303fcbe4d2ebf,Northern,Gakenke,Rushashi,Joma,Rugarama
66d9c3990bc303fcbe4d2ec6,Northern,Gakenke,Rushashi,Mbogo,Buzoza
66d9c3990bc303fcbe4d2ed0,Northern,Gakenke,Rushashi,Rwankuba,Karushashi
66d9c3990bc303fcbe4d2ee6,Northern,Musanze,Busogo,Sahara,Nyarubuye
66d9c3990bc303fcbe4d2eed,Northern,Musanze,Cyuve,Bukinanyana,Mwidagaduro
66d9c3990bc303fcbe4d2f12,Northern,Musanze,Gacaca,Gakoro,Butunda
66d9c3990bc303fcbe4d2f13,Northern,Musanze,Gacaca,Gakoro,Cyiri
66d9c3990bc303fcbe4d2f16,Northern,Musanze,Gacaca,Gakoro,Murundo
66d9c3990bc303fcbe4d2f1a,Northern,Musanze,Gacaca,Gasakuza,Karushenyi
66d9c3990bc303fcbe4d2f1d,Northern,Musanze,Gacaca,Gasakuza,Rurambo
66d9c3990bc303fcbe4d2f27,Northern,Musanze,Gacaca,Karwasa,Karambi
66d9c3990bc303fcbe4d2f2d,Northern,Musanze,Gashaki,Kigabiro,Kavumu
66d9c3990bc303fcbe4d2f2e,Northern,Musanze,Gashaki,Kigabiro,Musekera
66d9c3990bc303fcbe4d2f3a,Northern,Musanze,Gashaki,Mbwe,Raro
66d9c3990bc303fcbe4d2f40,Northern,Musanze,Gataraga,Mudakama,Gakuku
66d9c3990bc303fcbe4d2f47,Northern,Musanze,Gataraga,Murago,Rukingo
66d9c3990bc303fcbe4d2f1f,Northern,Musanze,Gacaca,Kabirizi,Kabushanda
66d9c3990bc303fcbe4d2f09,Northern,Musanze,Cyuve,Migeshi,Kiviriza
66d9c3990bc303fcbe4d2f0a,Northern,Musanze,Cyuve,Migeshi,Mugari
66d9c3990bc303fcbe4d2f20,Northern,Musanze,Gacaca,Kabirizi,Kanama
66d9c3990bc303fcbe4d2f25,Northern,Musanze,Gacaca,Karwasa,Burengo
66d9c3990bc303fcbe4d2f36,Northern,Musanze,Gashaki,Mbwe,Gatete
66d9c3990bc303fcbe4d2f3c,Northern,Musanze,Gashaki,Muharuro,Karuganda
66d9c3990bc303fcbe4d2f23,Northern,Musanze,Gacaca,Kabirizi,Mukungwa
66d9c3990bc303fcbe4d2f45,Northern,Musanze,Gataraga,Murago,Karurambi
66d9c3990bc303fcbe4d2f64,Northern,Musanze,Kimonyi,Mbizi,Bushubi
66d9c3990bc303fcbe4d2f69,Northern,Musanze,Kinigi,Bisoke,Karambi
66d9c3990bc303fcbe4d2f7d,Northern,Musanze,Kinigi,Kampanga,Rugi
66d9c3990bc303fcbe4d2f9e,Northern,Musanze,Muhoza,Mpenge,Gikwege
66d9c3990bc303fcbe4d2f9f,Northern,Musanze,Muhoza,Mpenge,Giramahoro
66d9c3990bc303fcbe4d2fa0,Northern,Musanze,Muhoza,Mpenge,Mpenge
66d9c3990bc303fcbe4d2fa5,Northern,Musanze,Muhoza,Ruhengeri,Bushozi
66d9c3990bc303fcbe4d2fb1,Northern,Musanze,Muko,Cyivugiza,Nyiramuko
66d9c3990bc303fcbe4d2fb3,Northern,Musanze,Muko,Cyivugiza,Susa
66d9c3990bc303fcbe4d2fb7,Northern,Musanze,Muko,Cyogo,Karuyege
66d9c3990bc303fcbe4d2fb8,Northern,Musanze,Muko,Cyogo,Nyagasambu
66d9c3990bc303fcbe4d2fbc,Northern,Musanze,Muko,Mburabuturo,Kigasa
66d9c3990bc303fcbe4d2f4f,Northern,Musanze,Gataraga,Rungu,Gahira
66d9c3990bc303fcbe4d2f61,Northern,Musanze,Kimonyi,Kivumu,Ndorahe
66d9c3990bc303fcbe4d2f67,Northern,Musanze,Kinigi,Bisoke,Bunyenyeri
66d9c3990bc303fcbe4d2f75,Northern,Musanze,Kinigi,Kaguhu,Rugeshi
66d9c3990bc303fcbe4d2f97,Northern,Musanze,Muhoza,Kigombe,Kavumu
66d9c3990bc303fcbe4d2f99,Northern,Musanze,Muhoza,Kigombe,Mugara
66d9c3990bc303fcbe4d2fa3,Northern,Musanze,Muhoza,Ruhengeri,Buhoro
66d9c3990bc303fcbe4d2faf,Northern,Musanze,Muko,Cyivugiza,Nyagahondo
66d9c3990bc303fcbe4d2fc4,Northern,Musanze,Muko,Songa,Karambo
66d9c3990bc303fcbe4d2f4c,Northern,Musanze,Gataraga,Rubindi,Gataraga
66d9c3990bc303fcbe4d2f4e,Northern,Musanze,Gataraga,Rubindi,Kaberege
66d9c3990bc303fcbe4d2f57,Northern,Musanze,Kimonyi,Birira,Mbugayera
66d9c3990bc303fcbe4d2f73,Northern,Musanze,Kinigi,Kaguhu,Nyarusizi
66d9c3990bc303fcbe4d2f8e,Northern,Musanze,Kinigi,Nyonirima,Kanyampereri
66d9c3990bc303fcbe4d2f8f,Northern,Musanze,Kinigi,Nyonirima,Nyagisenyi
66d9c3990bc303fcbe4d2fa1,Northern,Musanze,Muhoza,Mpenge,Rukoro
66d9c3990bc303fcbe4d2fc1,Northern,Musanze,Muko,Songa,Buhano
66d9c3990bc303fcbe4d2fee,Northern,Musanze,Nkotsi,Bikara,Kiruhura
66d9c3990bc303fcbe4d2ff5,Northern,Musanze,Nkotsi,Mubago,Bugugu
66d9c3990bc303fcbe4d2ff8,Northern,Musanze,Nkotsi,Mubago,Nyagahondo
66d9c3990bc303fcbe4d2ffd,Northern,Musanze,Nkotsi,Rugeshi,Karambo
66d9c3990bc303fcbe4d2fff,Northern,Musanze,Nkotsi,Rugeshi,Mutuzo
66d9c3990bc303fcbe4d2fd4,Northern,Musanze,Musanze,Garuka,Gapfuro
66d9c3990bc303fcbe4d2fd9,Northern,Musanze,Musanze,Kabazungu,Mufukuro
66d9c3990bc303fcbe4d2fdb,Northern,Musanze,Musanze,Kabazungu,Rucumu
66d9c3990bc303fcbe4d2fdf,Northern,Musanze,Musanze,Nyarubuye,Kavumbu
66d9c3990bc303fcbe4d2ff6,Northern,Musanze,Nkotsi,Mubago,Buhamo
66d9c3990bc303fcbe4d2fc6,Northern,Musanze,Muko,Songa,Kibuye
66d9c3990bc303fcbe4d2fc9,Northern,Musanze,Musanze,Cyabagarura,Bukane
66d9c3990bc303fcbe4d2fd0,Northern,Musanze,Musanze,Cyabagarura,Rugeyo
66d9c3990bc303fcbe4d2fea,Northern,Musanze,Nkotsi,Bikara,Kabaya
66d9c3990bc303fcbe4d2ff7,Northern,Musanze,Nkotsi,Mubago,Musembe
66d9c3990bc303fcbe4d2ffb,Northern,Musanze,Nkotsi,Rugeshi,Gahanga
66d9c3990bc303fcbe4d2fda,Northern,Musanze,Musanze,Kabazungu,Nyabageni
66d9c3990bc303fcbe4d2fc8,Northern,Musanze,Musanze,Cyabagarura,Bitare
66d9c3990bc303fcbe4d2fca,Northern,Musanze,Musanze,Cyabagarura,Gaturo
66d9c3990bc303fcbe4d2e53,Northern,Gakenke,Muzo,Rwa,Gihororo
66d9c3990bc303fcbe4d2e3f,Northern,Gakenke,Muzo,Kiryamo,Murambi
66d9c3990bc303fcbe4d2e55,Northern,Gakenke,Muzo,Rwa,Mafubo
66d9c3990bc303fcbe4d2e7e,Northern,Gakenke,Ruli,Busoro,Rugaragara
66d9c3990bc303fcbe4d2e82,Northern,Gakenke,Ruli,Gikingo,Karango
66d9c3990bc303fcbe4d2e9e,Northern,Gakenke,Rusasa,Kamonyi,Gitwe
66d9c3990bc303fcbe4d2ea3,Northern,Gakenke,Rusasa,Murambi,Karuhunge
66d9c3990bc303fcbe4d2eaf,Northern,Gakenke,Rusasa,Rurembo,Bushoka
66d9c3990bc303fcbe4d2eb3,Northern,Gakenke,Rusasa,Rurembo,Rugamba
66d9c3990bc303fcbe4d2eca,Northern,Gakenke,Rushashi,Razi,Gahinga
66d9c3990bc303fcbe4d2ecb,Northern,Gakenke,Rushashi,Razi,Gikongoro
66d9c3990bc303fcbe4d2ed1,Northern,Gakenke,Rushashi,Rwankuba,Ngambi
66d9c3990bc303fcbe4d2ed6,Northern,Gakenke,Rushashi,Shyombwe,Gihororo
66d9c3990bc303fcbe4d2edc,Northern,Musanze,Busogo,Kavumu,Gatovu
66d9c3990bc303fcbe4d2eec,Northern,Musanze,Cyuve,Bukinanyana,Murambi
66d9c3990bc303fcbe4d2ef6,Northern,Musanze,Cyuve,Cyanya,Kabaya
66d9c3990bc303fcbe4d2f00,Northern,Musanze,Cyuve,Kabeza,Gashangiro
66d9c3990bc303fcbe4d2e09,Northern,Gakenke,Muhondo,Huro,Rubona
66d9c3990bc303fcbe4d2ef5,Northern,Musanze,Cyuve,Buruba,Ruvumu
66d9c3990bc303fcbe4d2e1d,Northern,Gakenke,Muyongwe,Bumba,Gitovu
66d9c3990bc303fcbe4d2e2a,Northern,Gakenke,Muyongwe,Karyango,Mugera
66d9c3990bc303fcbe4d2e2f,Northern,Gakenke,Muyongwe,Nganzo,Vugangoma
66d9c3990bc303fcbe4d2e38,Northern,Gakenke,Muzo,Kabatezi,Kabatezi
66d9c3990bc303fcbe4d2e57,Northern,Gakenke,Muzo,Rwa,Nyarubande
66d9c3990bc303fcbe4d2e59,Northern,Gakenke,Nemba,Buranga,Burego
66d9c3990bc303fcbe4d2e6a,Northern,Gakenke,Nemba,Gisozi,Kirehe
66d9c3990bc303fcbe4d2e7f,Northern,Gakenke,Ruli,Gikingo,Bushoka
66d9c3990bc303fcbe4d2e81,Northern,Gakenke,Ruli,Gikingo,Kabingo
66d9c3990bc303fcbe4d2e88,Northern,Gakenke,Ruli,Jango,Kinyonzo
66d9c3990bc303fcbe4d2e8a,Northern,Gakenke,Ruli,Jango,Murehe
66d9c3990bc303fcbe4d2e8d,Northern,Gakenke,Ruli,Ruli,Gataba
66d9c3990bc303fcbe4d2e94,Northern,Gakenke,Ruli,Rwesero,Mugwato
66d9c3990bc303fcbe4d2ec5,Northern,Gakenke,Rushashi,Mbogo,Bushoka
66d9c3990bc303fcbe4d2ec7,Northern,Gakenke,Rushashi,Mbogo,Gisanze
66d9c3990bc303fcbe4d2edd,Northern,Musanze,Busogo,Kavumu,Karema
66d9c3990bc303fcbe4d2ede,Northern,Musanze,Busogo,Kavumu,Karuriza
66d9c3990bc303fcbe4d2ee5,Northern,Musanze,Busogo,Nyagisozi,Rurembo
66d9c3990bc303fcbe4d2ee7,Northern,Musanze,Busogo,Sahara,Nyiragaju
66d9c3990bc303fcbe4d2ef3,Northern,Musanze,Cyuve,Buruba,Ruhindinka
66d9c3990bc303fcbe4d2efe,Northern,Musanze,Cyuve,Cyanya,Ruhehe
66d9c3990bc303fcbe4d2f01,Northern,Musanze,Cyuve,Kabeza,Kareba
66d9c3990bc303fcbe4d2f04,Northern,Musanze,Cyuve,Kabeza,Kungo
66d9c3990bc303fcbe4d2e22,Northern,Gakenke,Muyongwe,Gisiza,Kabingo
66d9c3990bc303fcbe4d2e36,Northern,Gakenke,Muzo,Kabatezi,Gasave
66d9c3990bc303fcbe4d2e58,Northern,Gakenke,Nemba,Buranga,Buranga
66d9c3990bc303fcbe4d2e68,Northern,Gakenke,Nemba,Gisozi,Kanzoka
66d9c3990bc303fcbe4d2e80,Northern,Gakenke,Ruli,Gikingo,Gatwa
66d9c3990bc303fcbe4d2e96,Northern,Gakenke,Rusasa,Gataba,Bumonyo A
66d9c3990bc303fcbe4d2eac,Northern,Gakenke,Rusasa,Rumbi,Buyora
66d9c3990bc303fcbe4d2ec1,Northern,Gakenke,Rushashi,Kageyo,Kabona
66d9c3990bc303fcbe4d2ee3,Northern,Musanze,Busogo,Nyagisozi,Kabwenge
66d9c3990bc303fcbe4d2f0b,Northern,Musanze,Cyuve,Migeshi,Nyaruyaga
66d9c3990bc303fcbe4d2f35,Northern,Musanze,Gashaki,Mbwe,Budiho
66d9c3990bc303fcbe4d2f41,Northern,Musanze,Gataraga,Mudakama,Kagongo
66d9c3990bc303fcbe4d2f18,Northern,Musanze,Gacaca,Gasakuza,Gasenyi
66d9c3990bc303fcbe4d2f3f,Northern,Musanze,Gashaki,Muharuro,Murandi
66d9c3990bc303fcbe4d2f08,Northern,Musanze,Cyuve,Migeshi,Kamanga
66d9c3990bc303fcbe4d2f1e,Northern,Musanze,Gacaca,Kabirizi,Gitovu
66d9c3990bc303fcbe4d2f34,Northern,Musanze,Gashaki,Kivumu,Ruhehe
66d9c3990bc303fcbe4d2f39,Northern,Musanze,Gashaki,Mbwe,Ngambi
66d9c3990bc303fcbe4d2f15,Northern,Musanze,Gacaca,Gakoro,Murora
66d9c3990bc303fcbe4d2f31,Northern,Musanze,Gashaki,Kivumu,Kamatete
66d9c3990bc303fcbe4d2f91,Northern,Musanze,Muhoza,Cyabararika,Bwuzuri
66d9c3990bc303fcbe4d2f48,Northern,Musanze,Gataraga,Murago,Rusambu
66d9c3990bc303fcbe4d2e08,Northern,Gakenke,Muhondo,Huro,Kabuga
66d9c3990bc303fcbe4d2e0e,Northern,Gakenke,Muhondo,Musenyi,Buhinya
66d9c3990bc303fcbe4d2e14,Northern,Gakenke,Muhondo,Ruganda,Mubuga
66d9c3990bc303fcbe4d2e19,Northern,Gakenke,Muhondo,Rwinkuba,Ruhorobero
66d9c3990bc303fcbe4d2e29,Northern,Gakenke,Muyongwe,Karyango,Mahaha
66d9c3990bc303fcbe4d2e4c,Northern,Gakenke,Muzo,Mwiyando,Muguguri
66d9c3990bc303fcbe4d2e56,Northern,Gakenke,Muzo,Rwa,Nyagahondo
66d9c3990bc303fcbe4d2e78,Northern,Gakenke,Ruli,Busoro,Congoli
66d9c3990bc303fcbe4d2e87,Northern,Gakenke,Ruli,Jango,Gitonde
66d9c3990bc303fcbe4d2e8e,Northern,Gakenke,Ruli,Ruli,Mugambazi
66d9c3990bc303fcbe4d2e9f,Northern,Gakenke,Rusasa,Kamonyi,Kidomo
66d9c3990bc303fcbe4d2eae,Northern,Gakenke,Rusasa,Rumbi,Ninda
66d9c3990bc303fcbe4d2eb9,Northern,Gakenke,Rushashi,Busanane,Kanzuki
66d9c3990bc303fcbe4d2ec4,Northern,Gakenke,Rushashi,Kageyo,Nganzo
66d9c3990bc303fcbe4d2e0d,Northern,Gakenke,Muhondo,Musagara,Karobagire
66d9c3990bc303fcbe4d2e27,Northern,Gakenke,Muyongwe,Karyango,Gikombe
66d9c3990bc303fcbe4d2e28,Northern,Gakenke,Muyongwe,Karyango,Kibingo
66d9c3990bc303fcbe4d2e32,Northern,Gakenke,Muyongwe,Va,Gikombe
66d9c3990bc303fcbe4d2e41,Northern,Gakenke,Muzo,Kiryamo,Rugege
66d9c3990bc303fcbe4d2e47,Northern,Gakenke,Muzo,Mubuga,Mwirika
66d9c3990bc303fcbe4d2e5b,Northern,Gakenke,Nemba,Buranga,Kanyansyo
66d9c3990bc303fcbe4d2e60,Northern,Gakenke,Nemba,Gahinga,Bukurura
66d9c3990bc303fcbe4d2e63,Northern,Gakenke,Nemba,Gisozi,Gisagara
66d9c3990bc303fcbe4d2e7a,Northern,Gakenke,Ruli,Busoro,Gitaba
66d9c3990bc303fcbe4d2e7d,Northern,Gakenke,Ruli,Busoro,Nkoto
66d9c3990bc303fcbe4d2e84,Northern,Gakenke,Ruli,Gikingo,Rumasa
66d9c3990bc303fcbe4d2ea2,Northern,Gakenke,Rusasa,Murambi,Buharabuye
66d9c3990bc303fcbe4d2ea9,Northern,Gakenke,Rusasa,Nyundo,Nyundo
66d9c3990bc303fcbe4d2eaa,Northern,Gakenke,Rusasa,Nyundo,Tane
66d9c3990bc303fcbe4d2eb0,Northern,Gakenke,Rusasa,Rurembo,Mazinga
66d9c3990bc303fcbe4d2eb7,Northern,Gakenke,Rushashi,Busanane,Gisenyi
66d9c3990bc303fcbe4d2eba,Northern,Gakenke,Rushashi,Busanane,Nyakagezi
66d9c3990bc303fcbe4d2ec2,Northern,Gakenke,Rushashi,Kageyo,Karambi
66d9c3990bc303fcbe4d2ecf,Northern,Gakenke,Rushashi,Rwankuba,Giheta
66d9c3990bc303fcbe4d2eee,Northern,Musanze,Cyuve,Bukinanyana,Mwirongi
66d9c3990bc303fcbe4d2ef0,Northern,Musanze,Cyuve,Buruba,Bazizana
66d9c3990bc303fcbe4d2efa,Northern,Musanze,Cyuve,Cyanya,Mubari
66d9c3990bc303fcbe4d2eff,Northern,Musanze,Cyuve,Kabeza,Bucuzi
66d9c3990bc303fcbe4d2f06,Northern,Musanze,Cyuve,Migeshi,Gakenke
66d9c3990bc303fcbe4d2e0c,Northern,Gakenke,Muhondo,Musagara,Giteme
66d9c3990bc303fcbe4d2e0f,Northern,Gakenke,Muhondo,Musenyi,Gakuyu
66d9c3990bc303fcbe4d2e2b,Northern,Gakenke,Muyongwe,Nganzo,Muhororo
66d9c3990bc303fcbe4d2e33,Northern,Gakenke,Muyongwe,Va,Mutoyi
66d9c3990bc303fcbe4d2e37,Northern,Gakenke,Muzo,Kabatezi,Gitabi
66d9c3990bc303fcbe4d2e52,Northern,Gakenke,Muzo,Rwa,Gacaca
66d9c3990bc303fcbe4d2e85,Northern,Gakenke,Ruli,Jango,Gatagara
66d9c3990bc303fcbe4d2ea0,Northern,Gakenke,Rusasa,Kamonyi,Nyagahama
66d9c3990bc303fcbe4d2ea6,Northern,Gakenke,Rusasa,Nyundo,Bukingo
66d9c3990bc303fcbe4d2ead,Northern,Gakenke,Rusasa,Rumbi,Bwanamo
66d9c3990bc303fcbe4d2ebd,Northern,Gakenke,Rushashi,Joma,Mwifuzo
66d9c3990bc303fcbe4d2ecc,Northern,Gakenke,Rushashi,Razi,Kirwa
66d9c3990bc303fcbe4d2ed2,Northern,Gakenke,Rushashi,Rwankuba,Ruganda
66d9c3990bc303fcbe4d2ed4,Northern,Gakenke,Rushashi,Shyombwe,Gatare
66d9c3990bc303fcbe4d2ee4,Northern,Musanze,Busogo,Nyagisozi,Kirezi
66d9c3990bc303fcbe4d2ef4,Northern,Musanze,Cyuve,Buruba,Rutemba
66d9c3990bc303fcbe4d2efb,Northern,Musanze,Cyuve,Cyanya,Mubuga
66d9c3990bc303fcbe4d2e4a,Northern,Gakenke,Muzo,Mwiyando,Gitoke
66d9c3990bc303fcbe4d2f1c,Northern,Musanze,Gacaca,Gasakuza,Ruhasa
66d9c3990bc303fcbe4d2f2a,Northern,Musanze,Gashaki,Kigabiro,Birwa
66d9c3990bc303fcbe4d2f32,Northern,Musanze,Gashaki,Kivumu,Makara
66d9c3990bc303fcbe4d2f0d,Northern,Musanze,Cyuve,Rwebeya,Marantima
66d9c3990bc303fcbe4d2f17,Northern,Musanze,Gacaca,Gakoro,Nkomero
66d9c3990bc303fcbe4d2f29,Northern,Musanze,Gacaca,Karwasa,Sarazi
66d9c3990bc303fcbe4d2f42,Northern,Musanze,Gataraga,Mudakama,Kararo
66d9c3990bc303fcbe4d2f52,Northern,Musanze,Gataraga,Rungu,Kampande
66d9c3990bc303fcbe4d2f5c,Northern,Musanze,Kimonyi,Buramira,Nyiramuyenzi
66d9c3990bc303fcbe4d2f6f,Northern,Musanze,Kinigi,Kaguhu,Kaniga
66d9c3990bc303fcbe4d2f74,Northern,Musanze,Kinigi,Kaguhu,Nyundo
66d9c3990bc303fcbe4d2f79,Northern,Musanze,Kinigi,Kampanga,Muhe
66d9c3990bc303fcbe4d2f89,Northern,Musanze,Kinigi,Nyonirima,Butorwa I
66d9c3990bc303fcbe4d2f8b,Northern,Musanze,Kinigi,Nyonirima,Gahisi
66d9c3990bc303fcbe4d2f94,Northern,Musanze,Muhoza,Cyabararika,Gatorwa
66d9c3990bc303fcbe4d2f9a,Northern,Musanze,Muhoza,Kigombe,Nduruma
66d9c3990bc303fcbe4d2fc2,Northern,Musanze,Muko,Songa,Butare
66d9c3990bc303fcbe4d2f51,Northern,Musanze,Gataraga,Rungu,Gatovu
66d9c3990bc303fcbe4d2f56,Northern,Musanze,Kimonyi,Birira,Kadahenda
66d9c3990bc303fcbe4d2f5a,Northern,Musanze,Kimonyi,Buramira,Kagwene
66d9c3990bc303fcbe4d2f65,Northern,Musanze,Kimonyi,Mbizi,Gatumo
66d9c3990bc303fcbe4d2f6e,Northern,Musanze,Kinigi,Kaguhu,Kabeza
66d9c3990bc303fcbe4d2f7a,Northern,Musanze,Kinigi,Kampanga,Nyarubande
66d9c3990bc303fcbe4d2f7b,Northern,Musanze,Kinigi,Kampanga,Nyejoro
66d9c3990bc303fcbe4d2f7f,Northern,Musanze,Kinigi,Nyabigoma,Cyabirego
66d9c3990bc303fcbe4d2f82,Northern,Musanze,Kinigi,Nyabigoma,Kabatwa
66d9c3990bc303fcbe4d2f95,Northern,Musanze,Muhoza,Cyabararika,Kabogobogo
66d9c3990bc303fcbe4d2f96,Northern,Musanze,Muhoza,Cyabararika,Yorodani
66d9c3990bc303fcbe4d2f54,Northern,Musanze,Kimonyi,Birira,Gakoro
66d9c3990bc303fcbe4d2f5f,Northern,Musanze,Kimonyi,Kivumu,Muregeya
66d9c3990bc303fcbe4d2f6b,Northern,Musanze,Kinigi,Bisoke,Kumazi
66d9c3990bc303fcbe4d2f77,Northern,Musanze,Kinigi,Kaguhu,Rurembo
66d9c3990bc303fcbe4d2f8c,Northern,Musanze,Kinigi,Nyonirima,Gasura
66d9c3990bc303fcbe4d2f98,Northern,Musanze,Muhoza,Kigombe,Kiryi
66d9c3990bc303fcbe4d2f9c,Northern,Musanze,Muhoza,Kigombe,Nyamuremure
66d9c3990bc303fcbe4d2fad,Northern,Musanze,Muko,Cyivugiza,Karebero
66d9c3990bc303fcbe4d2fae,Northern,Musanze,Muko,Cyivugiza,Karwabigwi
66d9c3990bc303fcbe4d2fba,Northern,Musanze,Muko,Mburabuturo,Bugese
66d9c3990bc303fcbe4d2fc5,Northern,Musanze,Muko,Songa,Kavumu
66d9c3990bc303fcbe4d2fd7,Northern,Musanze,Musanze,Kabazungu,Bihinga
66d9c3990bc303fcbe4d2fd8,Northern,Musanze,Musanze,Kabazungu,Kidendezi
66d9c3990bc303fcbe4d2fef,Northern,Musanze,Nkotsi,Bikara,Nyakinama
66d9c3990bc303fcbe4d2ff3,Northern,Musanze,Nkotsi,Gashinga,Kabasaza
66d9c3990bc303fcbe4d3007,Northern,Musanze,Nyange,Cyivugiza,Kageshi
66d9c3990bc303fcbe4d2fcf,Northern,Musanze,Musanze,Cyabagarura,Kiroba
66d9c3990bc303fcbe4d2fd6,Northern,Musanze,Musanze,Garuka,Kanyaminaba
66d9c3990bc303fcbe4d2fdc,Northern,Musanze,Musanze,Kabazungu,Rwunga
66d9c3990bc303fcbe4d2fdd,Northern,Musanze,Musanze,Nyarubuye,Bannyisuka
66d9c3990bc303fcbe4d2fe0,Northern,Musanze,Musanze,Nyarubuye,Murenzi
66d9c3990bc303fcbe4d2feb,Northern,Musanze,Nkotsi,Bikara,Karambi
66d9c3990bc303fcbe4d2fed,Northern,Musanze,Nkotsi,Bikara,Kinkrware
66d9c3990bc303fcbe4d2ffa,Northern,Musanze,Nkotsi,Rugeshi,Bigabiro
66d9c3990bc303fcbe4d2ffe,Northern,Musanze,Nkotsi,Rugeshi,Mucamo
66d9c3990bc303fcbe4d3005,Northern,Musanze,Nyange,Cyivugiza,Gasoroza
66d9c3990bc303fcbe4d3006,Northern,Musanze,Nyange,Cyivugiza,Kagano
66d9c3990bc303fcbe4d2f0c,Northern,Musanze,Cyuve,Migeshi,Rabika
66d9c3990bc303fcbe4d2f22,Northern,Musanze,Gacaca,Kabirizi,Mata
66d9c3990bc303fcbe4d2f2b,Northern,Musanze,Gashaki,Kigabiro,Butate
66d9c3990bc303fcbe4d2f37,Northern,Musanze,Gashaki,Mbwe,Kamato
66d9c3990bc303fcbe4d2f38,Northern,Musanze,Gashaki,Mbwe,Kanzo
66d9c3990bc303fcbe4d2f3b,Northern,Musanze,Gashaki,Muharuro,Bugabo
66d9c3990bc303fcbe4d2f3d,Northern,Musanze,Gashaki,Muharuro,Kibinyogote
66d9c3990bc303fcbe4d2f43,Northern,Musanze,Gataraga,Mudakama,Mikingo
66d9c3990bc303fcbe4d2f44,Northern,Musanze,Gataraga,Mudakama,Rubaka
66d9c3990bc303fcbe4d2f46,Northern,Musanze,Gataraga,Murago,Manjari
66d9c3990bc303fcbe4d2f53,Northern,Musanze,Gataraga,Rungu,Nyarubande
66d9c3990bc303fcbe4d2f78,Northern,Musanze,Kinigi,Kampanga,Kamakara
66d9c3990bc303fcbe4d2f85,Northern,Musanze,Kinigi,Nyabigoma,Nyakagezi
66d9c3990bc303fcbe4d2f59,Northern,Musanze,Kimonyi,Buramira,Kabaya
66d9c3990bc303fcbe4d2f5b,Northern,Musanze,Kimonyi,Buramira,Kamugeni
66d9c3990bc303fcbe4d2f60,Northern,Musanze,Kimonyi,Kivumu,Musezero
66d9c3990bc303fcbe4d2f68,Northern,Musanze,Kinigi,Bisoke,Kamata
66d9c3990bc303fcbe4d2f70,Northern,Musanze,Kinigi,Kaguhu,Mpano
66d9c3990bc303fcbe4d2f80,Northern,Musanze,Kinigi,Nyabigoma,Gahura
66d9c3990bc303fcbe4d2f83,Northern,Musanze,Kinigi,Nyabigoma,Karyasenge
66d9c3990bc303fcbe4d2f8a,Northern,Musanze,Kinigi,Nyonirima,Butorwa Ii
66d9c3990bc303fcbe4d2f93,Northern,Musanze,Muhoza,Cyabararika,Gatare
66d9c3990bc303fcbe4d2fac,Northern,Musanze,Muko,Cyivugiza,Kamutara
66d9c3990bc303fcbe4d2fb6,Northern,Musanze,Muko,Cyogo,Karabiro
66d9c3990bc303fcbe4d2fbd,Northern,Musanze,Muko,Mburabuturo,Musenyi
66d9c3990bc303fcbe4d2fbf,Northern,Musanze,Muko,Mburabuturo,Ngabane
66d9c3990bc303fcbe4d2fc0,Northern,Musanze,Muko,Mburabuturo,Ntindo
66d9c3990bc303fcbe4d2fc3,Northern,Musanze,Muko,Songa,Kamaheke
66d9c3990bc303fcbe4d2f4a,Northern,Musanze,Gataraga,Rubindi,Butakanyundo
66d9c3990bc303fcbe4d2f4b,Northern,Musanze,Gataraga,Rubindi,Gacondo
66d9c3990bc303fcbe4d2f55,Northern,Musanze,Kimonyi,Birira,Kabagoyi
66d9c3990bc303fcbe4d2f72,Northern,Musanze,Kinigi,Kaguhu,Myase
66d9c3990bc303fcbe4d2f76,Northern,Musanze,Kinigi,Kaguhu,Ruginga
66d9c3990bc303fcbe4d2f7c,Northern,Musanze,Kinigi,Kampanga,Rubara
66d9c3990bc303fcbe4d2f87,Northern,Musanze,Kinigi,Nyabigoma,Rebero
66d9c3990bc303fcbe4d2fa4,Northern,Musanze,Muhoza,Ruhengeri,Burera
66d9c3990bc303fcbe4d2fb4,Northern,Musanze,Muko,Cyogo,Kabere
66d9c3990bc303fcbe4d2f62,Northern,Musanze,Kimonyi,Kivumu,Nyamugari
66d9c3990bc303fcbe4d2f92,Northern,Musanze,Muhoza,Cyabararika,Gasanze
66d9c3990bc303fcbe4d2fb2,Northern,Musanze,Muko,Cyivugiza,Sangano
66d9c3990bc303fcbe4d2fcc,Northern,Musanze,Musanze,Cyabagarura,Kabaya
66d9c3990bc303fcbe4d2fd1,Northern,Musanze,Musanze,Cyabagarura,Ruvumu
66d9c3990bc303fcbe4d2fd2,Northern,Musanze,Musanze,Garuka,Cyanturo
66d9c3990bc303fcbe4d2fde,Northern,Musanze,Musanze,Nyarubuye,Kareba
66d9c3990bc303fcbe4d2fe3,Northern,Musanze,Musanze,Rwambogo,Buhunge
66d9c3990bc303fcbe4d2fe4,Northern,Musanze,Musanze,Rwambogo,Gakoro
66d9c3990bc303fcbe4d2ff9,Northern,Musanze,Nkotsi,Mubago,Nyarubingo
66d9c3990bc303fcbe4d2fcb,Northern,Musanze,Musanze,Cyabagarura,Gikeri
66d9c3990bc303fcbe4d2fce,Northern,Musanze,Musanze,Cyabagarura,Kanyabirayi
66d9c3990bc303fcbe4d2fd3,Northern,Musanze,Musanze,Garuka,Gacinyiro
66d9c3990bc303fcbe4d2fe6,Northern,Musanze,Musanze,Rwambogo,Nyarubande
66d9c3990bc303fcbe4d2fe9,Northern,Musanze,Nkotsi,Bikara,Barizo
66d9c3990bc303fcbe4d2ff0,Northern,Musanze,Nkotsi,Bikara,Rubindi
66d9c3990bc303fcbe4d3000,Northern,Musanze,Nkotsi,Ruyumba,Cyivugiza
66d9c3990bc303fcbe4d3001,Northern,Musanze,Nkotsi,Ruyumba,Gasiza
66d9c3990bc303fcbe4d3002,Northern,Musanze,Nkotsi,Ruyumba,Kamusheshe
66d9c3990bc303fcbe4d2fe1,Northern,Musanze,Musanze,Nyarubuye,Nturo
66d9c3990bc303fcbe4d2ff1,Northern,Musanze,Nkotsi,Gashinga,Buhanga
66d9c3990bc303fcbe4d2fcd,Northern,Musanze,Musanze,Cyabagarura,Kageyo
66d9c3990bc303fcbe4d2fe8,Northern,Musanze,Musanze,Rwambogo,Rwunga
66d9c3990bc303fcbe4d2ff4,Northern,Musanze,Nkotsi,Gashinga,Musebeya
66d9c3990bc303fcbe4d300f,Northern,Musanze,Nyange,Kabeza,Kansoro
66d9c3990bc303fcbe4d3013,Northern,Musanze,Nyange,Kabeza,Riboneye
66d9c3990bc303fcbe4d3017,Northern,Musanze,Nyange,Kamwumba,Kamicaca
66d9c3990bc303fcbe4d3028,Northern,Musanze,Nyange,Ninda,Kabara
66d9c3990bc303fcbe4d302a,Northern,Musanze,Nyange,Ninda,Kareba
66d9c3990bc303fcbe4d3030,Northern,Musanze,Remera,Gasongero,Bukara
66d9c3990bc303fcbe4d3041,Northern,Musanze,Remera,Murwa,Giseke
66d9c3990bc303fcbe4d3044,Northern,Musanze,Remera,Murwa,Kamanga
66d9c3990bc303fcbe4d3048,Northern,Musanze,Remera,Rurambo,Gatare
66d9c3990bc303fcbe4d304d,Northern,Musanze,Rwaza,Bumara,Gisorora
66d9c3990bc303fcbe4d3057,Northern,Musanze,Rwaza,Kabushinge,Nyarugando
66d9c3990bc303fcbe4d3067,Northern,Musanze,Rwaza,Nyarubuye,Buhama
66d9c3990bc303fcbe4d3070,Northern,Musanze,Shingiro,Gakingo,Gasura
66d9c3990bc303fcbe4d3073,Northern,Musanze,Shingiro,Gakingo,Karwesero
66d9c3990bc303fcbe4d307c,Northern,Musanze,Shingiro,Mudende,Budasubira
66d9c3990bc303fcbe4d3025,Northern,Musanze,Nyange,Ninda,Garuka
66d9c3990bc303fcbe4d302b,Northern,Musanze,Nyange,Ninda,Nkiriza
66d9c3990bc303fcbe4d302f,Northern,Musanze,Nyange,Ninda,Nyarubande
66d9c3990bc303fcbe4d3046,Northern,Musanze,Remera,Murwa,Ngenzi
66d9c3990bc303fcbe4d3054,Northern,Musanze,Rwaza,Kabushinge,Kabuga
66d9c3990bc303fcbe4d300c,Northern,Musanze,Nyange,Cyivugiza,Rusenge
66d9c3990bc303fcbe4d303d,Northern,Musanze,Remera,Murandi,Karuruma
66d9c3990bc303fcbe4d3053,Northern,Musanze,Rwaza,Kabushinge,Gihango
66d9c3990bc303fcbe4d3064,Northern,Musanze,Rwaza,Nturo,Rugari
66d9c3990bc303fcbe4d3071,Northern,Musanze,Shingiro,Gakingo,Kabeza
66d9c3990bc303fcbe4d3075,Northern,Musanze,Shingiro,Gakingo,Ryambungira
66d9c3990bc303fcbe4d3082,Northern,Musanze,Shingiro,Mugari,Kabagabo
66d9c3990bc303fcbe4d3089,Northern,Burera,Bungwe,Bungwe,Gakeri
66d9c3990bc303fcbe4d308f,Northern,Burera,Bungwe,Bushenya,Buhinga
66d9c3990bc303fcbe4d309f,Northern,Burera,Bungwe,Tumba,Nama
66d9c3990bc303fcbe4d30ac,Northern,Burera,Butaro,Gatsibo,Murambi
66d9c3990bc303fcbe4d30ae,Northern,Burera,Butaro,Gatsibo,Rwabutama
66d9c3990bc303fcbe4d30af,Northern,Burera,Butaro,Gatsibo,Rweru
66d9c3990bc303fcbe4d30b6,Northern,Burera,Butaro,Mubuga,Musenyi
66d9c3990bc303fcbe4d30b9,Northern,Burera,Butaro,Mubuga,Ryakagundu
66d9c3990bc303fcbe4d30bd,Northern,Burera,Butaro,Muhotora,Gahunge
66d9c3990bc303fcbe4d30c3,Northern,Burera,Butaro,Muhotora,Murwa
66d9c3990bc303fcbe4d30ba,Northern,Burera,Butaro,Mubuga,Ryanturege
66d9c3990bc303fcbe4d308d,Northern,Burera,Bungwe,Bungwe,Rweru
66d9c3990bc303fcbe4d3098,Northern,Burera,Bungwe,Mudugari,Sangabuzi
66d9c3990bc303fcbe4d309c,Northern,Burera,Bungwe,Tumba,Mubuga
66d9c3990bc303fcbe4d30a1,Northern,Burera,Bungwe,Tumba,Tumba
66d9c3990bc303fcbe4d30be,Northern,Burera,Butaro,Muhotora,Kabere
66d9c3990bc303fcbe4d30bf,Northern,Burera,Butaro,Muhotora,Karambi
66d9c3990bc303fcbe4d30c8,Northern,Burera,Butaro,Nyamicucu,Gahira
66d9c3990bc303fcbe4d30d7,Northern,Burera,Butaro,Rusumo,Butaro
66d9c3990bc303fcbe4d30db,Northern,Burera,Butaro,Rusumo,Kabahura
66d9c3990bc303fcbe4d30dc,Northern,Burera,Butaro,Rusumo,Kabaya
66d9c3990bc303fcbe4d30ed,Northern,Burera,Cyanika,Gasiza,Rwankongi
66d9c3990bc303fcbe4d30f7,Northern,Burera,Cyanika,Kabyiniro,Kabadari
66d9c3990bc303fcbe4d30fd,Northern,Burera,Cyanika,Kabyiniro,Zindiro
66d9c3990bc303fcbe4d310c,Northern,Burera,Cyanika,Kamanyana,Nyarutosho
66d9c3990bc303fcbe4d3111,Northern,Burera,Cyanika,Nyagahinga,Gahonga
66d9c3990bc303fcbe4d311a,Northern,Burera,Cyeru,Butare,Butare
66d9c3990bc303fcbe4d3122,Northern,Burera,Cyeru,Ndongozi,Ntazi
66d9c3990bc303fcbe4d3128,Northern,Burera,Cyeru,Ruyange,Bitagara
66d9c3990bc303fcbe4d312d,Northern,Burera,Cyeru,Ruyange,Rihiro
66d9c3990bc303fcbe4d3147,Northern,Burera,Gahunga,Kidakama,Rusenyi
66d9c3990bc303fcbe4d315b,Northern,Burera,Gatebe,Gabiro,Kagano
66d9c3990bc303fcbe4d315d,Northern,Burera,Gatebe,Gabiro,Nyakabungo
66d9c3990bc303fcbe4d3162,Northern,Burera,Gatebe,Musenda,Cyankaranka
66d9c3990bc303fcbe4d2fd5,Northern,Musanze,Musanze,Garuka,Kanganwa
66d9c3990bc303fcbe4d2fe2,Northern,Musanze,Musanze,Nyarubuye,Tero
66d9c3990bc303fcbe4d2fe5,Northern,Musanze,Musanze,Rwambogo,Kirerema
66d9c3990bc303fcbe4d2fe7,Northern,Musanze,Musanze,Rwambogo,Runyangwe
66d9c3990bc303fcbe4d2ff2,Northern,Musanze,Nkotsi,Gashinga,Gitaraga
66d9c3990bc303fcbe4d2ffc,Northern,Musanze,Nkotsi,Rugeshi,Gasebeya
66d9c3990bc303fcbe4d3003,Northern,Musanze,Nkotsi,Ruyumba,Murindi
66d9c3990bc303fcbe4d3004,Northern,Musanze,Nkotsi,Ruyumba,Nyakigezi
66d9c3990bc303fcbe4d300e,Northern,Musanze,Nyange,Kabeza,Gahama
66d9c3990bc303fcbe4d3008,Northern,Musanze,Nyange,Cyivugiza,Mugwati
66d9c3990bc303fcbe4d3015,Northern,Musanze,Nyange,Kamwumba,Kabaya
66d9c3990bc303fcbe4d301a,Northern,Musanze,Nyange,Kamwumba,Rugari
66d9c3990bc303fcbe4d3051,Northern,Musanze,Rwaza,Bumara,Nyakarambi
66d9c3990bc303fcbe4d305d,Northern,Musanze,Rwaza,Musezero,Kiganda
66d9c3990bc303fcbe4d3072,Northern,Musanze,Shingiro,Gakingo,Kadahenda
66d9c3990bc303fcbe4d3077,Northern,Musanze,Shingiro,Kibuguzo,Byimana
66d9c3990bc303fcbe4d301d,Northern,Musanze,Nyange,Muhabura,Bukingo
66d9c3990bc303fcbe4d302d,Northern,Musanze,Nyange,Ninda,Nyakagezi
66d9c3990bc303fcbe4d3059,Northern,Musanze,Rwaza,Kabushinge,Rwamigimbu
66d9c3990bc303fcbe4d3066,Northern,Musanze,Rwaza,Nturo,Ruvumu
66d9c3990bc303fcbe4d307b,Northern,Musanze,Shingiro,Kibuguzo,Rwinuma
66d9c3990bc303fcbe4d3080,Northern,Musanze,Shingiro,Mudende,Rutagara
66d9c3990bc303fcbe4d3009,Northern,Musanze,Nyange,Cyivugiza,Muhe
66d9c3990bc303fcbe4d300b,Northern,Musanze,Nyange,Cyivugiza,Rugarama
66d9c3990bc303fcbe4d300d,Northern,Musanze,Nyange,Cyivugiza,Terimbere
66d9c3990bc303fcbe4d3016,Northern,Musanze,Nyange,Kamwumba,Kamajaga
66d9c3990bc303fcbe4d301c,Northern,Musanze,Nyange,Muhabura,Bihinga
66d9c3990bc303fcbe4d302c,Northern,Musanze,Nyange,Ninda,Nyabutaka
66d9c3990bc303fcbe4d3031,Northern,Musanze,Remera,Gasongero,Gitega
66d9c3990bc303fcbe4d3033,Northern,Musanze,Remera,Gasongero,Nyakibande
66d9c3990bc303fcbe4d3037,Northern,Musanze,Remera,Kamisave,Mikamo
66d9c3990bc303fcbe4d3039,Northern,Musanze,Remera,Kamisave,Rugari
66d9c3990bc303fcbe4d303e,Northern,Musanze,Remera,Murandi,Muganda
66d9c3990bc303fcbe4d3040,Northern,Musanze,Remera,Murandi,Nyundo
66d9c3990bc303fcbe4d3047,Northern,Musanze,Remera,Rurambo,Bitsibo
66d9c3990bc303fcbe4d3049,Northern,Musanze,Remera,Rurambo,Kabusozo
66d9c3990bc303fcbe4d304b,Northern,Musanze,Remera,Rurambo,Mugeshi
66d9c3990bc303fcbe4d304c,Northern,Musanze,Remera,Rurambo,Nyanza
66d9c3990bc303fcbe4d304f,Northern,Musanze,Rwaza,Bumara,Kavumu
66d9c3990bc303fcbe4d3055,Northern,Musanze,Rwaza,Kabushinge,Murambi
66d9c3990bc303fcbe4d305b,Northern,Musanze,Rwaza,Musezero,Kansenda
66d9c3990bc303fcbe4d305e,Northern,Musanze,Rwaza,Musezero,Mataba
66d9c3990bc303fcbe4d3062,Northern,Musanze,Rwaza,Nturo,Mugogo
66d9c3990bc303fcbe4d3074,Northern,Musanze,Shingiro,Gakingo,Mutuzo
66d9c3990bc303fcbe4d3081,Northern,Musanze,Shingiro,Mudende,Vubiro
66d9c3990bc303fcbe4d3084,Northern,Musanze,Shingiro,Mugari,Kimanzi
66d9c3990bc303fcbe4d3086,Northern,Musanze,Shingiro,Mugari,Rebero
66d9c3990bc303fcbe4d30ab,Northern,Burera,Butaro,Gatsibo,Kindoyi
66d9c3990bc303fcbe4d3096,Northern,Burera,Bungwe,Mudugari,Mubuga
66d9c3990bc303fcbe4d309d,Northern,Burera,Bungwe,Tumba,Murambo
66d9c3990bc303fcbe4d30a2,Northern,Burera,Butaro,Gatsibo,Gafumba
66d9c3990bc303fcbe4d30b8,Northern,Burera,Butaro,Mubuga,Rupangu
66d9c3990bc303fcbe4d3092,Northern,Burera,Bungwe,Bushenya,Mbuga
66d9c3990bc303fcbe4d30a0,Northern,Burera,Bungwe,Tumba,Nyarukore
66d9c3990bc303fcbe4d30a4,Northern,Burera,Butaro,Gatsibo,Gasebeya
66d9c3990bc303fcbe4d30a5,Northern,Burera,Butaro,Gatsibo,Gatare
66d9c3990bc303fcbe4d30a9,Northern,Burera,Butaro,Gatsibo,Kaniga
66d9c3990bc303fcbe4d30c0,Northern,Burera,Butaro,Muhotora,Kibande
66d9c3990bc303fcbe4d30c2,Northern,Burera,Butaro,Muhotora,Murambo
66d9c3990bc303fcbe4d30c6,Northern,Burera,Butaro,Nyamicucu,Burambira
66d9c3990bc303fcbe4d30d6,Northern,Burera,Butaro,Rusumo,Budogoro
66d9c3990bc303fcbe4d30d8,Northern,Burera,Butaro,Rusumo,Buyanga
66d9c3990bc303fcbe4d30e2,Northern,Burera,Butaro,Rusumo,Mukeri
66d9c3990bc303fcbe4d30e8,Northern,Burera,Cyanika,Gasiza,Gashunguru
66d9c3990bc303fcbe4d317c,Northern,Burera,Gitovu,Mariba,Rusuzuma
66d9c3990bc303fcbe4d317e,Northern,Burera,Gitovu,Musasa,Gashiru
66d9c3990bc303fcbe4d3181,Northern,Burera,Gitovu,Musasa,Kibumbiro
66d9c3990bc303fcbe4d3189,Northern,Burera,Gitovu,Runoga,Mubuga
66d9c3990bc303fcbe4d3193,Northern,Burera,Kagogo,Kayenzi,Kaguriro
66d9c3990bc303fcbe4d31a8,Northern,Burera,Kagogo,Nyamabuye,Kikubo
66d9c3990bc303fcbe4d31c4,Northern,Burera,Kinoni,Ntaruka,Karuganda
66d9c3990bc303fcbe4d31c5,Northern,Burera,Kinoni,Ntaruka,Nyabagenzi
66d9c3990bc303fcbe4d31d4,Northern,Burera,Kinyababa,Kaganda,Kiraro
66d9c3990bc303fcbe4d31d7,Northern,Burera,Kinyababa,Kaganda,Ruhinga
66d9c3990bc303fcbe4d31d9,Northern,Burera,Kinyababa,Kaganda,Rwahondo
66d9c3990bc303fcbe4d31da,Northern,Burera,Kinyababa,Musasa,Gitoma
66d9c3990bc303fcbe4d31e5,Northern,Burera,Kinyababa,Rutovu,Nyabizi Ii
66d9c3990bc303fcbe4d30cb,Northern,Burera,Butaro,Nyamicucu,Gitovu
66d9c3990bc303fcbe4d31e8,Northern,Burera,Kinyababa,Rutovu,Ryatamba
66d9c3990bc303fcbe4d31e9,Northern,Burera,Kinyababa,Rutovu,Shaga
66d9c3990bc303fcbe4d30cd,Northern,Burera,Butaro,Nyamicucu,Kibingo
66d9c3990bc303fcbe4d30d0,Northern,Burera,Butaro,Nyamicucu,Musama
66d9c3990bc303fcbe4d30ec,Northern,Burera,Cyanika,Gasiza,Nyamiyaga
66d9c3990bc303fcbe4d30f9,Northern,Burera,Cyanika,Kabyiniro,Mugarama
66d9c3990bc303fcbe4d3100,Northern,Burera,Cyanika,Kagitega,Kagerero
66d9c3990bc303fcbe4d3101,Northern,Burera,Cyanika,Kagitega,Karambo
66d9c3990bc303fcbe4d311b,Northern,Burera,Cyeru,Butare,Gatare
66d9c3990bc303fcbe4d3121,Northern,Burera,Cyeru,Ndongozi,Kabagenza
66d9c3990bc303fcbe4d3127,Northern,Burera,Cyeru,Ndongozi,Ryaruhirima
66d9c3990bc303fcbe4d313d,Northern,Burera,Gahunga,Gisizi,Ruri
66d9c3990bc303fcbe4d3148,Northern,Burera,Gahunga,Kidakama,Songa
66d9c3990bc303fcbe4d315f,Northern,Burera,Gatebe,Gabiro,Ryaruyumbu
66d9c3990bc303fcbe4d316b,Northern,Burera,Gatebe,Rwambogo,Mubuga
66d9c3990bc303fcbe4d316e,Northern,Burera,Gatebe,Rwambogo,Rutete
66d9c3990bc303fcbe4d31ab,Northern,Burera,Kagogo,Nyamabuye,Nyamabuye
66d9c3990bc303fcbe4d30e3,Northern,Burera,Butaro,Rusumo,Musongati
66d9c3990bc303fcbe4d30ef,Northern,Burera,Cyanika,Gisovu,Hanika
66d9c3990bc303fcbe4d30fe,Northern,Burera,Cyanika,Kagitega,Gasebeya
66d9c3990bc303fcbe4d3155,Northern,Burera,Gahunga,Rwasa,Mirigari
66d9c3990bc303fcbe4d3157,Northern,Burera,Gahunga,Rwasa,Nyangezi
66d9c3990bc303fcbe4d317b,Northern,Burera,Gitovu,Mariba,Mwungura
66d9c3990bc303fcbe4d3186,Northern,Burera,Gitovu,Musasa,Sina
66d9c3990bc303fcbe4d31b5,Northern,Burera,Kinoni,Nkenke,Birwa
66d9c3990bc303fcbe4d31ce,Northern,Burera,Kinyababa,Bugamba,Kabingo
66d9c3990bc303fcbe4d31cf,Northern,Burera,Kinyababa,Bugamba,Kirwa
66d9c3990bc303fcbe4d31ea,Northern,Burera,Kivuye,Bukwashuri,Buhita
66d9c3990bc303fcbe4d30e9,Northern,Burera,Cyanika,Gasiza,Kabona
66d9c3990bc303fcbe4d30f4,Northern,Burera,Cyanika,Gisovu,Rutango
66d9c3990bc303fcbe4d3109,Northern,Burera,Cyanika,Kamanyana,Kavunda
66d9c3990bc303fcbe4d310f,Northern,Burera,Cyanika,Nyagahinga,Bisura
66d9c3990bc303fcbe4d3120,Northern,Burera,Cyeru,Butare,Ryandahagaze
66d9c3990bc303fcbe4d312f,Northern,Burera,Cyeru,Ruyange,Runyenyeri
66d9c3990bc303fcbe4d3134,Northern,Burera,Gahunga,Buramba,Kagoma
66d9c3990bc303fcbe4d3135,Northern,Burera,Gahunga,Buramba,Karuheshyi
66d9c3990bc303fcbe4d3136,Northern,Burera,Gahunga,Buramba,Murambi
66d9c3990bc303fcbe4d3145,Northern,Burera,Gahunga,Kidakama,Mubuga
66d9c3990bc303fcbe4d315c,Northern,Burera,Gatebe,Gabiro,Kajerijeri
66d9c3990bc303fcbe4d3161,Northern,Burera,Gatebe,Musenda,Bikumba
66d9c3990bc303fcbe4d3168,Northern,Burera,Gatebe,Musenda,Sabukima
66d9c3990bc303fcbe4d3177,Northern,Burera,Gitovu,Mariba,Cyogo
66d9c3990bc303fcbe4d317d,Northern,Burera,Gitovu,Musasa,Butanga
66d9c3990bc303fcbe4d3187,Northern,Burera,Gitovu,Runoga,Gitwe
66d9c3990bc303fcbe4d3192,Northern,Burera,Kagogo,Kayenzi,Gatare
66d9c3990bc303fcbe4d3198,Northern,Burera,Kagogo,Kayenzi,Rusisiro
66d9c3990bc303fcbe4d3199,Northern,Burera,Kagogo,Kayenzi,Rwitongo
66d9c3990bc303fcbe4d31a3,Northern,Burera,Kagogo,Kiringa,Rwabageni
66d9c3990bc303fcbe4d31ae,Northern,Burera,Kinoni,Gafuka,Basumba
66d9c3990bc303fcbe4d31af,Northern,Burera,Kinoni,Gafuka,Bugeyo
66d9c3990bc303fcbe4d3105,Northern,Burera,Cyanika,Kagitega,Sirwa
66d9c3990bc303fcbe4d3112,Northern,Burera,Cyanika,Nyagahinga,Gakenke
66d9c3990bc303fcbe4d311c,Northern,Burera,Cyeru,Butare,Kamata
66d9c3990bc303fcbe4d3126,Northern,Burera,Cyeru,Ndongozi,Rujanja
66d9c3990bc303fcbe4d3138,Northern,Burera,Gahunga,Gisizi,Gisizi
66d9c3990bc303fcbe4d3143,Northern,Burera,Gahunga,Kidakama,Kanyendara
66d9c3990bc303fcbe4d316a,Northern,Burera,Gatebe,Rwambogo,Cyili
66d9c3990bc303fcbe4d316f,Northern,Burera,Gatebe,Rwambogo,Taba
66d9c3990bc303fcbe4d3170,Northern,Burera,Gatebe,Rwasa,Karambi
66d9c3990bc303fcbe4d3175,Northern,Burera,Gatebe,Rwasa,Rutovu
66d9c3990bc303fcbe4d317f,Northern,Burera,Gitovu,Musasa,Gicura
66d9c3990bc303fcbe4d3180,Northern,Burera,Gitovu,Musasa,Kamusaba
66d9c3990bc303fcbe4d318c,Northern,Burera,Gitovu,Runoga,Siganiro
66d9c3990bc303fcbe4d31dd,Northern,Burera,Kinyababa,Musasa,Murambo
66d9c3990bc303fcbe4d31df,Northern,Burera,Kinyababa,Rutovu,Gisiriri
66d9c3990bc303fcbe4d30e0,Northern,Burera,Butaro,Rusumo,Mugari
66d9c3990bc303fcbe4d30f5,Northern,Burera,Cyanika,Gisovu,Samiro
66d9c3990bc303fcbe4d3102,Northern,Burera,Cyanika,Kagitega,Kidaho
66d9c3990bc303fcbe4d310e,Northern,Burera,Cyanika,Kamanyana,Ryabiteyi
66d9c3990bc303fcbe4d313c,Northern,Burera,Gahunga,Gisizi,Nyagasozi
66d9c3990bc303fcbe4d3195,Northern,Burera,Kagogo,Kayenzi,Mubaya
66d9c3990bc303fcbe4d31a0,Northern,Burera,Kagogo,Kiringa,Musangabo
66d9c3990bc303fcbe4d31aa,Northern,Burera,Kagogo,Nyamabuye,Musarara
66d9c3990bc303fcbe4d31bc,Northern,Burera,Kinoni,Nkumba,Kabaguma
66d9c3990bc303fcbe4d30ca,Northern,Burera,Butaro,Nyamicucu,Gasiza
66d9c3990bc303fcbe4d30d5,Northern,Burera,Butaro,Nyamicucu,Rwemikore
66d9c3990bc303fcbe4d30eb,Northern,Burera,Cyanika,Gasiza,Kaziguro
66d9c3990bc303fcbe4d30fc,Northern,Burera,Cyanika,Kabyiniro,Nyagisenyi
66d9c3990bc303fcbe4d3104,Northern,Burera,Cyanika,Kagitega,Ntarama
66d9c3990bc303fcbe4d311f,Northern,Burera,Cyeru,Butare,Nyaruyove
66d9c3990bc303fcbe4d313a,Northern,Burera,Gahunga,Gisizi,Kanaba
66d9c3990bc303fcbe4d3141,Northern,Burera,Gahunga,Kidakama,Kajevuba
66d9c3990bc303fcbe4d314a,Northern,Burera,Gahunga,Nyangwe,Gasagara
66d9c3990bc303fcbe4d3150,Northern,Burera,Gahunga,Nyangwe,Remera
66d9c3990bc303fcbe4d316d,Northern,Burera,Gatebe,Rwambogo,Ruhinga
66d9c3990bc303fcbe4d3171,Northern,Burera,Gatebe,Rwasa,Kiyogera
66d9c3990bc303fcbe4d3188,Northern,Burera,Gitovu,Runoga,Kiraro
66d9c3990bc303fcbe4d318d,Northern,Burera,Kagogo,Kabaya,Bihanga
66d9c3990bc303fcbe4d318e,Northern,Burera,Kagogo,Kabaya,Butare
66d9c3990bc303fcbe4d318f,Northern,Burera,Kagogo,Kabaya,Kanaba
66d9c3990bc303fcbe4d319e,Northern,Burera,Kagogo,Kiringa,Kigote
66d9c3990bc303fcbe4d31dc,Northern,Burera,Kinyababa,Musasa,Kanyaminyinya
66d9c3990bc303fcbe4d31e2,Northern,Burera,Kinyababa,Rutovu,Kavumu
66d9c3990bc303fcbe4d30c9,Northern,Burera,Butaro,Nyamicucu,Gari
66d9c3990bc303fcbe4d30d4,Northern,Burera,Butaro,Nyamicucu,Rugeshi
66d9c3990bc303fcbe4d30d9,Northern,Burera,Butaro,Rusumo,Cyasenge
66d9c3990bc303fcbe4d30da,Northern,Burera,Butaro,Rusumo,Gitanda
66d9c3990bc303fcbe4d30dd,Northern,Burera,Butaro,Rusumo,Kabingo
66d9c3990bc303fcbe4d30ff,Northern,Burera,Cyanika,Kagitega,Kabaya
66d9c3990bc303fcbe4d3110,Northern,Burera,Cyanika,Nyagahinga,Gahama
66d9c3990bc303fcbe4d3117,Northern,Burera,Cyanika,Nyagahinga,Mashango
66d9c3990bc303fcbe4d3118,Northern,Burera,Cyanika,Nyagahinga,Musave
66d9c3990bc303fcbe4d3119,Northern,Burera,Cyanika,Nyagahinga,Ruko
66d9c3990bc303fcbe4d3123,Northern,Burera,Cyeru,Ndongozi,Nterura
66d9c3990bc303fcbe4d313e,Northern,Burera,Gahunga,Kidakama,Bahenga
66d9c3990bc303fcbe4d313f,Northern,Burera,Gahunga,Kidakama,Kabarima
66d9c3990bc303fcbe4d3140,Northern,Burera,Gahunga,Kidakama,Kabindi
66d9c3990bc303fcbe4d3146,Northern,Burera,Gahunga,Kidakama,Nangimbibi
66d9c3990bc303fcbe4d314d,Northern,Burera,Gahunga,Nyangwe,Mubibi
66d9c3990bc303fcbe4d314e,Northern,Burera,Gahunga,Nyangwe,Ntenyo
66d9c3990bc303fcbe4d3152,Northern,Burera,Gahunga,Rwasa,Kabanga
66d9c3990bc303fcbe4d3153,Northern,Burera,Gahunga,Rwasa,Kangoboka
66d9c3990bc303fcbe4d3164,Northern,Burera,Gatebe,Musenda,Kabuga
66d9c3990bc303fcbe4d3166,Northern,Burera,Gatebe,Musenda,Nyamahunge
66d9c3990bc303fcbe4d2fec,Northern,Musanze,Nkotsi,Bikara,Kindiki
66d9c3990bc303fcbe4d3012,Northern,Musanze,Nyange,Kabeza,Nyarubuye
66d9c3990bc303fcbe4d301e,Northern,Musanze,Nyange,Muhabura,Buramba
66d9c3990bc303fcbe4d3022,Northern,Musanze,Nyange,Muhabura,Ntarama
66d9c3990bc303fcbe4d302e,Northern,Musanze,Nyange,Ninda,Nyamiyaga
66d9c3990bc303fcbe4d304e,Northern,Musanze,Rwaza,Bumara,Kabuye
66d9c3990bc303fcbe4d3050,Northern,Musanze,Rwaza,Bumara,Muheta
66d9c3990bc303fcbe4d305a,Northern,Musanze,Rwaza,Musezero,Kamabuye
66d9c3990bc303fcbe4d3060,Northern,Musanze,Rwaza,Musezero,Nyakarambi
66d9c3990bc303fcbe4d306b,Northern,Musanze,Rwaza,Nyarubuye,Ngege
66d9c3990bc303fcbe4d307a,Northern,Musanze,Shingiro,Kibuguzo,Nyundo
66d9c3990bc303fcbe4d3010,Northern,Musanze,Nyange,Kabeza,Kibingo
66d9c3990bc303fcbe4d3019,Northern,Musanze,Nyange,Kamwumba,Ntarama
66d9c3990bc303fcbe4d3026,Northern,Musanze,Nyange,Ninda,Gisigwa
66d9c3990bc303fcbe4d3027,Northern,Musanze,Nyange,Ninda,Kabagorozi
66d9c3990bc303fcbe4d3034,Northern,Musanze,Remera,Gasongero,Rususa
66d9c3990bc303fcbe4d3038,Northern,Musanze,Remera,Kamisave,Mukinga
66d9c3990bc303fcbe4d303f,Northern,Musanze,Remera,Murandi,Nyirabisekuro
66d9c3990bc303fcbe4d305c,Northern,Musanze,Rwaza,Musezero,Kibingo
66d9c3990bc303fcbe4d305f,Northern,Musanze,Rwaza,Musezero,Mutara
66d9c3990bc303fcbe4d306c,Northern,Musanze,Rwaza,Nyarubuye,Rusaki
66d9c3990bc303fcbe4d306d,Northern,Musanze,Rwaza,Nyarubuye,Sayo
66d9c3990bc303fcbe4d306e,Northern,Musanze,Shingiro,Gakingo,Burengo
66d9c3990bc303fcbe4d3078,Northern,Musanze,Shingiro,Kibuguzo,Cyimbazi
66d9c3990bc303fcbe4d307e,Northern,Musanze,Shingiro,Mudende,Nyarutembe
66d9c3990bc303fcbe4d303a,Northern,Musanze,Remera,Kamisave,Ryampunga
66d9c3990bc303fcbe4d303b,Northern,Musanze,Remera,Murandi,Buhogo
66d9c3990bc303fcbe4d3045,Northern,Musanze,Remera,Murwa,Mwiyandiro
66d9c3990bc303fcbe4d3052,Northern,Musanze,Rwaza,Kabushinge,Busana
66d9c3990bc303fcbe4d3061,Northern,Musanze,Rwaza,Nturo,Gakenke
66d9c3990bc303fcbe4d3068,Northern,Musanze,Rwaza,Nyarubuye,Bukoro
66d9c3990bc303fcbe4d3069,Northern,Musanze,Rwaza,Nyarubuye,Kanama
66d9c3990bc303fcbe4d307f,Northern,Musanze,Shingiro,Mudende,Rubagara
66d9c3990bc303fcbe4d3097,Northern,Burera,Bungwe,Mudugari,Rubayo
66d9c3990bc303fcbe4d30b4,Northern,Burera,Butaro,Mubuga,Mulindi
66d9c3990bc303fcbe4d3088,Northern,Burera,Bungwe,Bungwe,Bungwe
66d9c3990bc303fcbe4d308e,Northern,Burera,Bungwe,Bungwe,Zaneza
66d9c3990bc303fcbe4d3090,Northern,Burera,Bungwe,Bushenya,Bushenya
66d9c3990bc303fcbe4d3091,Northern,Burera,Bungwe,Bushenya,Gifumba
66d9c3990bc303fcbe4d3093,Northern,Burera,Bungwe,Bushenya,Ryamayaya
66d9c3990bc303fcbe4d3094,Northern,Burera,Bungwe,Mudugari,Buzaniro
66d9c3990bc303fcbe4d30a7,Northern,Burera,Butaro,Gatsibo,Kadehero
66d9c3990bc303fcbe4d30a8,Northern,Burera,Butaro,Gatsibo,Kagano
66d9c3990bc303fcbe4d30ad,Northern,Burera,Butaro,Gatsibo,Rubonobono
66d9c3990bc303fcbe4d30b0,Northern,Burera,Butaro,Mubuga,Biyove
66d9c3990bc303fcbe4d30c1,Northern,Burera,Butaro,Muhotora,Kindege
66d9c3990bc303fcbe4d3095,Northern,Burera,Bungwe,Mudugari,Kivumo
66d9c3990bc303fcbe4d30b1,Northern,Burera,Butaro,Mubuga,Bugeme
66d9c3990bc303fcbe4d30bb,Northern,Burera,Butaro,Muhotora,Bukaragata
66d9c3990bc303fcbe4d30e4,Northern,Burera,Butaro,Rusumo,Nyamiyaga
66d9c3990bc303fcbe4d3107,Northern,Burera,Cyanika,Kamanyana,Gasovu
66d9c3990bc303fcbe4d30de,Northern,Burera,Butaro,Rusumo,Kamonyi
66d9c3990bc303fcbe4d30f0,Northern,Burera,Cyanika,Gisovu,Kamegeri
66d9c3990bc303fcbe4d30f6,Northern,Burera,Cyanika,Kabyiniro,Butete
66d9c3990bc303fcbe4d3108,Northern,Burera,Cyanika,Kamanyana,Kabira
66d9c3990bc303fcbe4d3113,Northern,Burera,Cyanika,Nyagahinga,Kabande
66d9c3990bc303fcbe4d3129,Northern,Burera,Cyeru,Ruyange,Burabwa
66d9c3990bc303fcbe4d3151,Northern,Burera,Gahunga,Rwasa,Gitagata
66d9c3990bc303fcbe4d3173,Northern,Burera,Gatebe,Rwasa,Nganzo
66d9c3990bc303fcbe4d3182,Northern,Burera,Gitovu,Musasa,Murore
66d9c3990bc303fcbe4d31a4,Northern,Burera,Kagogo,Kiringa,Ryangarama
66d9c3990bc303fcbe4d31ba,Northern,Burera,Kinoni,Nkumba,Cyanya
66d9c3990bc303fcbe4d31cc,Northern,Burera,Kinyababa,Bugamba,Gako
66d9c3990bc303fcbe4d30d3,Northern,Burera,Butaro,Nyamicucu,Rubaya
66d9c3990bc303fcbe4d3172,Northern,Burera,Gatebe,Rwasa,Murambo
66d9c3990bc303fcbe4d317a,Northern,Burera,Gitovu,Mariba,Musekera
66d9c3990bc303fcbe4d3183,Northern,Burera,Gitovu,Musasa,Mutara
66d9c3990bc303fcbe4d3196,Northern,Burera,Kagogo,Kayenzi,Ngobori
66d9c3990bc303fcbe4d3197,Northern,Burera,Kagogo,Kayenzi,Rukoro
66d9c3990bc303fcbe4d319d,Northern,Burera,Kagogo,Kiringa,Karombero
66d9c3990bc303fcbe4d319f,Northern,Burera,Kagogo,Kiringa,Kirigari
66d9c3990bc303fcbe4d31a5,Northern,Burera,Kagogo,Nyamabuye,Gitare
66d9c3990bc303fcbe4d31ac,Northern,Burera,Kagogo,Nyamabuye,Nyarubuye
66d9c3990bc303fcbe4d31ad,Northern,Burera,Kagogo,Nyamabuye,Nyarugina
66d9c3990bc303fcbe4d31b3,Northern,Burera,Kinoni,Gafuka,Ntwana
66d9c3990bc303fcbe4d31b6,Northern,Burera,Kinoni,Nkenke,Kigina
66d9c3990bc303fcbe4d31b8,Northern,Burera,Kinoni,Nkenke,Nyagatoki
66d9c3990bc303fcbe4d31b9,Northern,Burera,Kinoni,Nkenke,Sunzu
66d9c3990bc303fcbe4d31bd,Northern,Burera,Kinoni,Nkumba,Karambo
66d9c3990bc303fcbe4d31c7,Northern,Burera,Kinoni,Ntaruka,Nyarurembo
66d9c3990bc303fcbe4d31db,Northern,Burera,Kinyababa,Musasa,Kabarore
66d9c3990bc303fcbe4d30e1,Northern,Burera,Butaro,Rusumo,Mugera
66d9c3990bc303fcbe4d30e6,Northern,Burera,Cyanika,Gasiza,Bahimba
66d9c3990bc303fcbe4d30e7,Northern,Burera,Cyanika,Gasiza,Gahirikiro
66d9c3990bc303fcbe4d30f8,Northern,Burera,Cyanika,Kabyiniro,Mbonabose
66d9c3990bc303fcbe4d30fa,Northern,Burera,Cyanika,Kabyiniro,Mugeshi
66d9c3990bc303fcbe4d3103,Northern,Burera,Cyanika,Kagitega,Munini
66d9c3990bc303fcbe4d310a,Northern,Burera,Cyanika,Kamanyana,Kibaya
66d9c3990bc303fcbe4d310b,Northern,Burera,Cyanika,Kamanyana,Majyambere
66d9c3990bc303fcbe4d310d,Northern,Burera,Cyanika,Kamanyana,Runyenkanda
66d9c3990bc303fcbe4d3114,Northern,Burera,Cyanika,Nyagahinga,Kabyimana
66d9c3990bc303fcbe4d311d,Northern,Burera,Cyeru,Butare,Kamonyi
66d9c3990bc303fcbe4d311e,Northern,Burera,Cyeru,Butare,Musama
66d9c3990bc303fcbe4d312a,Northern,Burera,Cyeru,Ruyange,Gatagara-jite
66d9c3990bc303fcbe4d3133,Northern,Burera,Gahunga,Buramba,Gasenyi
66d9c3990bc303fcbe4d3139,Northern,Burera,Gahunga,Gisizi,Kabagabo
66d9c3990bc303fcbe4d3142,Northern,Burera,Gahunga,Kidakama,Kangoma
66d9c3990bc303fcbe4d3144,Northern,Burera,Gahunga,Kidakama,Kidakama
66d9c3990bc303fcbe4d314b,Northern,Burera,Gahunga,Nyangwe,Gikoro
66d9c3990bc303fcbe4d314c,Northern,Burera,Gahunga,Nyangwe,Kamatanda
66d9c3990bc303fcbe4d3159,Northern,Burera,Gatebe,Gabiro,Ginga
66d9c3990bc303fcbe4d3174,Northern,Burera,Gatebe,Rwasa,Rugarama
66d9c3990bc303fcbe4d3176,Northern,Burera,Gitovu,Mariba,Buhembe
66d9c3990bc303fcbe4d3185,Northern,Burera,Gitovu,Musasa,Shyamba
66d9c3990bc303fcbe4d318b,Northern,Burera,Gitovu,Runoga,Mutungu
66d9c3990bc303fcbe4d3190,Northern,Burera,Kagogo,Kabaya,Murambi
66d9c3990bc303fcbe4d31bb,Northern,Burera,Kinoni,Nkumba,Cyivugiza
66d9c3990bc303fcbe4d31be,Northern,Burera,Kinoni,Nkumba,Mbaya
66d9c3990bc303fcbe4d31c1,Northern,Burera,Kinoni,Ntaruka,Cyamabuye
66d9c3990bc303fcbe4d31c3,Northern,Burera,Kinoni,Ntaruka,Kabaya
66d9c3990bc303fcbe4d31c9,Northern,Burera,Kinoni,Ntaruka,Shenyi
66d9c3990bc303fcbe4d31d2,Northern,Burera,Kinyababa,Bugamba,Rukore
66d9c3990bc303fcbe4d31d8,Northern,Burera,Kinyababa,Kaganda,Rusebeya
66d9c3990bc303fcbe4d31e0,Northern,Burera,Kinyababa,Rutovu,Gitenge
66d9c3990bc303fcbe4d30d1,Northern,Burera,Butaro,Nyamicucu,Nkururo
66d9c3990bc303fcbe4d30ee,Northern,Burera,Cyanika,Gisovu,Gisovu
66d9c3990bc303fcbe4d30f2,Northern,Burera,Cyanika,Gisovu,Ruhimbi
66d9c3990bc303fcbe4d30f3,Northern,Burera,Cyanika,Gisovu,Rusenyi
66d9c3990bc303fcbe4d3106,Northern,Burera,Cyanika,Kamanyana,Gasiza
66d9c3990bc303fcbe4d3115,Northern,Burera,Cyanika,Nyagahinga,Kanyabaranzi
66d9c3990bc303fcbe4d312c,Northern,Burera,Cyeru,Ruyange,Ngambi
66d9c3990bc303fcbe4d3131,Northern,Burera,Gahunga,Buramba,Buramba
66d9c3990bc303fcbe4d3132,Northern,Burera,Gahunga,Buramba,Gafatangwe
66d9c3990bc303fcbe4d3149,Northern,Burera,Gahunga,Nyangwe,Bihanga
66d9c3990bc303fcbe4d3165,Northern,Burera,Gatebe,Musenda,Muremure
66d9c3990bc303fcbe4d3191,Northern,Burera,Kagogo,Kabaya,Rukenke
66d9c3990bc303fcbe4d319b,Northern,Burera,Kagogo,Kiringa,Karambi
66d9c3990bc303fcbe4d31a1,Northern,Burera,Kagogo,Kiringa,Nyamuha
66d9c3990bc303fcbe4d31a2,Northern,Burera,Kagogo,Kiringa,Rusenyi
66d9c3990bc303fcbe4d31b1,Northern,Burera,Kinoni,Gafuka,Kabeza
66d9c3990bc303fcbe4d31b7,Northern,Burera,Kinoni,Nkenke,Kigugu
66d9c3990bc303fcbe4d31d3,Northern,Burera,Kinyababa,Kaganda,Gisirwe
66d9c3990bc303fcbe4d31e3,Northern,Burera,Kinyababa,Rutovu,Musaga
66d9c3990bc303fcbe4d3011,Northern,Musanze,Nyange,Kabeza,Ntamiziro
66d9c3990bc303fcbe4d3021,Northern,Musanze,Nyange,Muhabura,Nkogote
66d9c3990bc303fcbe4d3023,Northern,Musanze,Nyange,Muhabura,Ntebe
66d9c3990bc303fcbe4d3029,Northern,Musanze,Nyange,Ninda,Kabari
66d9c3990bc303fcbe4d3032,Northern,Musanze,Remera,Gasongero,Mugogo
66d9c3990bc303fcbe4d304a,Northern,Musanze,Remera,Rurambo,Kintashya
66d9c3990bc303fcbe4d306a,Northern,Musanze,Rwaza,Nyarubuye,Murambi
66d9c3990bc303fcbe4d3087,Northern,Musanze,Shingiro,Mugari,Terimbere
66d9c3990bc303fcbe4d3018,Northern,Musanze,Nyange,Kamwumba,Musenyi
66d9c3990bc303fcbe4d301f,Northern,Musanze,Nyange,Muhabura,Jite
66d9c3990bc303fcbe4d3020,Northern,Musanze,Nyange,Muhabura,Micaca
66d9c3990bc303fcbe4d3035,Northern,Musanze,Remera,Kamisave,Kabara
66d9c3990bc303fcbe4d3036,Northern,Musanze,Remera,Kamisave,Kamurera
66d9c3990bc303fcbe4d303c,Northern,Musanze,Remera,Murandi,Kabagora
66d9c3990bc303fcbe4d3042,Northern,Musanze,Remera,Murwa,Gitwa.
66d9c3990bc303fcbe4d3043,Northern,Musanze,Remera,Murwa,Kabashima
66d9c3990bc303fcbe4d3056,Northern,Musanze,Rwaza,Kabushinge,Nyagisozi
66d9c3990bc303fcbe4d3058,Northern,Musanze,Rwaza,Kabushinge,Ramba
66d9c3990bc303fcbe4d3065,Northern,Musanze,Rwaza,Nturo,Rugogwe
66d9c3990bc303fcbe4d306f,Northern,Musanze,Shingiro,Gakingo,Bwamazi
66d9c3990bc303fcbe4d3076,Northern,Musanze,Shingiro,Kibuguzo,Bikereri
66d9c3990bc303fcbe4d3079,Northern,Musanze,Shingiro,Kibuguzo,Mutuzo
66d9c3990bc303fcbe4d3085,Northern,Musanze,Shingiro,Mugari,Nyakagezi
66d9c3990bc303fcbe4d300a,Northern,Musanze,Nyange,Cyivugiza,Nyabitare
66d9c3990bc303fcbe4d3014,Northern,Musanze,Nyange,Kabeza,Rwebeya
66d9c3990bc303fcbe4d301b,Northern,Musanze,Nyange,Muhabura,Bazizana
66d9c3990bc303fcbe4d3024,Northern,Musanze,Nyange,Muhabura,Rugwiro
66d9c3990bc303fcbe4d3063,Northern,Musanze,Rwaza,Nturo,Rubabi
66d9c3990bc303fcbe4d307d,Northern,Musanze,Shingiro,Mudende,Nyamiyaga
66d9c3990bc303fcbe4d3083,Northern,Musanze,Shingiro,Mugari,Kabeza
66d9c3990bc303fcbe4d30a3,Northern,Burera,Butaro,Gatsibo,Gahuye
66d9c3990bc303fcbe4d30b7,Northern,Burera,Butaro,Mubuga,Nyanamo
66d9c3990bc303fcbe4d30c4,Northern,Burera,Butaro,Muhotora,Rugandu
66d9c3990bc303fcbe4d308a,Northern,Burera,Bungwe,Bungwe,Gatenga
66d9c3990bc303fcbe4d308b,Northern,Burera,Bungwe,Bungwe,Kinihira
66d9c3990bc303fcbe4d308c,Northern,Burera,Bungwe,Bungwe,Nyabyondo
66d9c3990bc303fcbe4d309b,Northern,Burera,Bungwe,Tumba,Karwema
66d9c3990bc303fcbe4d309e,Northern,Burera,Bungwe,Tumba,Mutungo
66d9c3990bc303fcbe4d30a6,Northern,Burera,Butaro,Gatsibo,Gatovu
66d9c3990bc303fcbe4d30aa,Northern,Burera,Butaro,Gatsibo,Kanyoni
66d9c3990bc303fcbe4d30b2,Northern,Burera,Butaro,Mubuga,Gacyamo
66d9c3990bc303fcbe4d30b3,Northern,Burera,Butaro,Mubuga,Kirwa
66d9c3990bc303fcbe4d30c5,Northern,Burera,Butaro,Muhotora,Taba
66d9c3990bc303fcbe4d3099,Northern,Burera,Bungwe,Mudugari,Vunga
66d9c3990bc303fcbe4d30bc,Northern,Burera,Butaro,Muhotora,Cyahera
66d9c3990bc303fcbe4d30c7,Northern,Burera,Butaro,Nyamicucu,Gaceceri
66d9c3990bc303fcbe4d309a,Northern,Burera,Bungwe,Tumba,Byorera
66d9c3990bc303fcbe4d30b5,Northern,Burera,Butaro,Mubuga,Murambi
66d9c3990bc303fcbe4d30ce,Northern,Burera,Butaro,Nyamicucu,Kiringa
66d9c3990bc303fcbe4d30ea,Northern,Burera,Cyanika,Gasiza,Karisimbi
66d9c3990bc303fcbe4d30f1,Northern,Burera,Cyanika,Gisovu,Mataba
66d9c3990bc303fcbe4d312e,Northern,Burera,Cyeru,Ruyange,Rugarama
66d9c3990bc303fcbe4d3130,Northern,Burera,Cyeru,Ruyange,Susa
66d9c3990bc303fcbe4d3156,Northern,Burera,Gahunga,Rwasa,Mutara
66d9c3990bc303fcbe4d3167,Northern,Burera,Gatebe,Musenda,Rushaki
66d9c3990bc303fcbe4d31a9,Northern,Burera,Kagogo,Nyamabuye,Mfashe
66d9c3990bc303fcbe4d31b4,Northern,Burera,Kinoni,Gafuka,Nyagafunzo
66d9c3990bc303fcbe4d31c6,Northern,Burera,Kinoni,Ntaruka,Nyarubuye
66d9c3990bc303fcbe4d31ca,Northern,Burera,Kinyababa,Bugamba,Cyogo
66d9c3990bc303fcbe4d31d0,Northern,Burera,Kinyababa,Bugamba,Matyazo
66d9c3990bc303fcbe4d31d6,Northern,Burera,Kinyababa,Kaganda,Murambo
66d9c3990bc303fcbe4d31e7,Northern,Burera,Kinyababa,Rutovu,Rubayu
66d9c3990bc303fcbe4d31ec,Northern,Burera,Kivuye,Bukwashuri,Murambo
66d9c3990bc303fcbe4d31ed,Northern,Burera,Kivuye,Bukwashuri,Nyakira
66d9c3990bc303fcbe4d31b0,Northern,Burera,Kinoni,Gafuka,Buharo
66d9c3990bc303fcbe4d31bf,Northern,Burera,Kinoni,Nkumba,Mubuga
66d9c3990bc303fcbe4d31c0,Northern,Burera,Kinoni,Nkumba,Mutabo
66d9c3990bc303fcbe4d31e1,Northern,Burera,Kinyababa,Rutovu,Karambo
66d9c3990bc303fcbe4d31eb,Northern,Burera,Kivuye,Bukwashuri,Gitovu
66d9c3990bc303fcbe4d30cc,Northern,Burera,Butaro,Nyamicucu,Karingorera
66d9c3990bc303fcbe4d30cf,Northern,Burera,Butaro,Nyamicucu,Murwa
66d9c3990bc303fcbe4d30d2,Northern,Burera,Butaro,Nyamicucu,Nyamiyaga
66d9c3990bc303fcbe4d30df,Northern,Burera,Butaro,Rusumo,Kanyesogo
66d9c3990bc303fcbe4d30e5,Northern,Burera,Butaro,Rusumo,Runaba
66d9c3990bc303fcbe4d3116,Northern,Burera,Cyanika,Nyagahinga,Kebero
66d9c3990bc303fcbe4d3124,Northern,Burera,Cyeru,Ndongozi,Nyagisozi
66d9c3990bc303fcbe4d3125,Northern,Burera,Cyeru,Ndongozi,Nyamusanze
66d9c3990bc303fcbe4d312b,Northern,Burera,Cyeru,Ruyange,Kabaya
66d9c3990bc303fcbe4d313b,Northern,Burera,Gahunga,Gisizi,Kigote
66d9c3990bc303fcbe4d314f,Northern,Burera,Gahunga,Nyangwe,Nyangwe
66d9c3990bc303fcbe4d3154,Northern,Burera,Gahunga,Rwasa,Kanyiramusengo
66d9c3990bc303fcbe4d3158,Northern,Burera,Gatebe,Gabiro,Gatebe
66d9c3990bc303fcbe4d315a,Northern,Burera,Gatebe,Gabiro,Kabuga
66d9c3990bc303fcbe4d3160,Northern,Burera,Gatebe,Gabiro,Zihare
66d9c3990bc303fcbe4d3163,Northern,Burera,Gatebe,Musenda,Kabayoboke
66d9c3990bc303fcbe4d3169,Northern,Burera,Gatebe,Musenda,Sunzu
66d9c3990bc303fcbe4d316c,Northern,Burera,Gatebe,Rwambogo,Murambo
66d9c3990bc303fcbe4d3178,Northern,Burera,Gitovu,Mariba,Kiboga
66d9c3990bc303fcbe4d3184,Northern,Burera,Gitovu,Musasa,Ruhombo
66d9c3990bc303fcbe4d318a,Northern,Burera,Gitovu,Runoga,Musekera
66d9c3990bc303fcbe4d3194,Northern,Burera,Kagogo,Kayenzi,Kiyira
66d9c3990bc303fcbe4d319a,Northern,Burera,Kagogo,Kiringa,Gisanze
66d9c3990bc303fcbe4d319c,Northern,Burera,Kagogo,Kiringa,Kariba
66d9c3990bc303fcbe4d31a7,Northern,Burera,Kagogo,Nyamabuye,Kabashotsi
66d9c3990bc303fcbe4d31c8,Northern,Burera,Kinoni,Ntaruka,Ryamakoro
66d9c3990bc303fcbe4d31cb,Northern,Burera,Kinyababa,Bugamba,Gacaca
66d9c3990bc303fcbe4d31cd,Northern,Burera,Kinyababa,Bugamba,Gatare
66d9c3990bc303fcbe4d3137,Northern,Burera,Gahunga,Buramba,Musanzu
66d9c3990bc303fcbe4d3179,Northern,Burera,Gitovu,Mariba,Mariba
66d9c3990bc303fcbe4d31a6,Northern,Burera,Kagogo,Nyamabuye,Kabana
66d9c3990bc303fcbe4d31b2,Northern,Burera,Kinoni,Gafuka,Kanoni
66d9c3990bc303fcbe4d31c2,Northern,Burera,Kinoni,Ntaruka,Gikoro
66d9c3990bc303fcbe4d31d5,Northern,Burera,Kinyababa,Kaganda,Mariko
66d9c3990bc303fcbe4d31de,Northern,Burera,Kinyababa,Musasa,Rukaya
66d9c3990bc303fcbe4d31e6,Northern,Burera,Kinyababa,Rutovu,Nyabizi Iii
66d9c3990bc303fcbe4d31e4,Northern,Burera,Kinyababa,Rutovu,Nyabizi I
66d9c3990bc303fcbe4d31ee,Northern,Burera,Kivuye,Bukwashuri,Nyamisare
66d9c3990bc303fcbe4d30fb,Northern,Burera,Cyanika,Kabyiniro,Nkiriza
66d9c3990bc303fcbe4d315e,Northern,Burera,Gatebe,Gabiro,Rugarama
66d9c3990bc303fcbe4d31d1,Northern,Burera,Kinyababa,Bugamba,Ndabizi
66d9c3990bc303fcbe4d31ef,Northern,Burera,Kivuye,Bukwashuri,Nyarutovu
66d9c39a0bc303fcbe4d31f2,Northern,Burera,Kivuye,Gashanje,Gafumba
66d9c39a0bc303fcbe4d3207,Northern,Burera,Nemba,Kivumu,Kigeyo
66d9c39a0bc303fcbe4d320f,Northern,Burera,Nemba,Nyamugari,Nyagahondo
66d9c39a0bc303fcbe4d3210,Northern,Burera,Nemba,Nyamugari,Nyiraruhuha
66d9c39a0bc303fcbe4d3224,Northern,Burera,Rugarama,Cyahi,Gakore
66d9c39a0bc303fcbe4d3227,Northern,Burera,Rugarama,Cyahi,Nguri
66d9c39a0bc303fcbe4d322e,Northern,Burera,Rugarama,Gafumba,Gacyogo
66d9c39a0bc303fcbe4d31f1,Northern,Burera,Kivuye,Gashanje,Burango
66d9c39a0bc303fcbe4d31f7,Northern,Burera,Kivuye,Murwa,Gasiza
66d9c39a0bc303fcbe4d31f8,Northern,Burera,Kivuye,Murwa,Gatare
66d9c39a0bc303fcbe4d3205,Northern,Burera,Kivuye,Nyirataba,Shanja
66d9c39a0bc303fcbe4d320b,Northern,Burera,Nemba,Nyamugari,Cyabami
66d9c39a0bc303fcbe4d3221,Northern,Burera,Nemba,Rushara,Mugomero
66d9c39a0bc303fcbe4d3203,Northern,Burera,Kivuye,Nyirataba,Kivumo
66d9c39a0bc303fcbe4d3238,Northern,Burera,Rugarama,Karangara,Kabaya
66d9c39a0bc303fcbe4d3241,Northern,Burera,Rugarama,Rurembo,Mpinga
66d9c39a0bc303fcbe4d3242,Northern,Burera,Rugarama,Rurembo,Nyakiriba
66d9c39a0bc303fcbe4d324f,Northern,Burera,Rugendabari,Mucaca,Karubamba
66d9c39a0bc303fcbe4d3256,Northern,Burera,Rugendabari,Nyanamo,Kabukoko
66d9c39a0bc303fcbe4d325a,Northern,Burera,Rugendabari,Nyanamo,Murambo
66d9c39a0bc303fcbe4d325c,Northern,Burera,Rugendabari,Rukandabyuma,Gatenga
66d9c39a0bc303fcbe4d3261,Northern,Burera,Rugendabari,Rukandabyuma,Nyansyo
66d9c39a0bc303fcbe4d3263,Northern,Burera,Rugendabari,Rukandabyuma,Rugandu
66d9c39a0bc303fcbe4d3265,Northern,Burera,Ruhunde,Gaseke,Gahe
66d9c39a0bc303fcbe4d3267,Northern,Burera,Ruhunde,Gaseke,Kanyoni
66d9c39a0bc303fcbe4d324d,Northern,Burera,Rugendabari,Mucaca,Gahinga
66d9c39a0bc303fcbe4d3253,Northern,Burera,Rugendabari,Mucaca,Rihiro
66d9c39a0bc303fcbe4d325e,Northern,Burera,Rugendabari,Rukandabyuma,Mubuga
66d9c39a0bc303fcbe4d3264,Northern,Burera,Rugendabari,Rukandabyuma,Seta
66d9c39a0bc303fcbe4d326e,Northern,Burera,Ruhunde,Gatare,Gashinge
66d9c39a0bc303fcbe4d324b,Northern,Burera,Rugendabari,Mucaca,Burago
66d9c39a0bc303fcbe4d3266,Northern,Burera,Ruhunde,Gaseke,Gatare
66d9c39a0bc303fcbe4d326d,Northern,Burera,Ruhunde,Gaseke,Rukwavu
66d9c39a0bc303fcbe4d323e,Northern,Burera,Rugarama,Karangara,Sasa
66d9c39a0bc303fcbe4d3240,Northern,Burera,Rugarama,Rurembo,Gashore
66d9c39a0bc303fcbe4d3243,Northern,Burera,Rugarama,Rurembo,Rwambeho
66d9c39a0bc303fcbe4d3271,Northern,Burera,Ruhunde,Gatare,Gitwe
66d9c39a0bc303fcbe4d3286,Northern,Burera,Rusarabuye,Kabona,Busutamo
66d9c39a0bc303fcbe4d3288,Northern,Burera,Rusarabuye,Kabona,Gahinga
66d9c39a0bc303fcbe4d328d,Northern,Burera,Rusarabuye,Kabona,Munanira
66d9c39a0bc303fcbe4d328e,Northern,Burera,Rusarabuye,Kabona,Murambo
66d9c39a0bc303fcbe4d329d,Northern,Burera,Rusarabuye,Ruhanga,Bumba
66d9c39a0bc303fcbe4d32a3,Northern,Burera,Rusarabuye,Ruhanga,Ruhanga
66d9c39a0bc303fcbe4d3274,Northern,Burera,Ruhunde,Gatare,Rukingu
66d9c39a0bc303fcbe4d3291,Northern,Burera,Rusarabuye,Kabona,Rutuku
66d9c39a0bc303fcbe4d3296,Northern,Burera,Rusarabuye,Ndago,Kajerijeri
66d9c39a0bc303fcbe4d3299,Northern,Burera,Rusarabuye,Ndago,Ndago
66d9c39a0bc303fcbe4d32a7,Northern,Burera,Rwerere,Gacundura,Burindwa
66d9c39a0bc303fcbe4d3278,Northern,Burera,Ruhunde,Gitovu,Kaberano
66d9c39a0bc303fcbe4d3298,Northern,Burera,Rusarabuye,Ndago,Kirambo
66d9c39a0bc303fcbe4d329e,Northern,Burera,Rusarabuye,Ruhanga,Kamukondo
66d9c39a0bc303fcbe4d32a2,Northern,Burera,Rusarabuye,Ruhanga,Ngundu
66d9c39a0bc303fcbe4d32a4,Northern,Burera,Rusarabuye,Ruhanga,Ruhurura I
66d9c39a0bc303fcbe4d32bf,Northern,Burera,Rwerere,Rugari,Mucaca
66d9c39a0bc303fcbe4d32c5,Northern,Gicumbi,Bukure,Karenge,Kagarama
66d9c39a0bc303fcbe4d32d1,Northern,Gicumbi,Bukure,Kivumu,Karushya
66d9c39a0bc303fcbe4d32d3,Northern,Gicumbi,Bukure,Kivumu,Kivumu
66d9c39a0bc303fcbe4d32df,Northern,Gicumbi,Bwisige,Bwisige,Nyarubuye
66d9c39a0bc303fcbe4d32e4,Northern,Gicumbi,Bwisige,Gihuke,Kumana
66d9c39a0bc303fcbe4d32e9,Northern,Gicumbi,Bwisige,Gihuke,Nyagakizi
66d9c39a0bc303fcbe4d32c2,Northern,Burera,Rwerere,Rugari,Tangata
66d9c39a0bc303fcbe4d32dd,Northern,Gicumbi,Bwisige,Bwisige,Ndoha
66d9c39a0bc303fcbe4d32b9,Northern,Burera,Rwerere,Ruconsho,Kinkware
66d9c39a0bc303fcbe4d32cb,Northern,Gicumbi,Bukure,Kigabiro,Kanyogote
66d9c39a0bc303fcbe4d31fc,Northern,Burera,Kivuye,Murwa,Rucyamo
66d9c39a0bc303fcbe4d31fd,Northern,Burera,Kivuye,Murwa,Rusasa
66d9c39a0bc303fcbe4d3200,Northern,Burera,Kivuye,Nyirataba,Bukumbi
66d9c39a0bc303fcbe4d322c,Northern,Burera,Rugarama,Gafumba,Bambiro
66d9c39a0bc303fcbe4d3202,Northern,Burera,Kivuye,Nyirataba,Kanyenzugi
66d9c39a0bc303fcbe4d322f,Northern,Burera,Rugarama,Gafumba,Gahunga
66d9c39a0bc303fcbe4d31fb,Northern,Burera,Kivuye,Murwa,Rubara
66d9c39a0bc303fcbe4d3208,Northern,Burera,Nemba,Kivumu,Mugano
66d9c39a0bc303fcbe4d31f0,Northern,Burera,Kivuye,Gashanje,Bitukura
66d9c39a0bc303fcbe4d31f4,Northern,Burera,Kivuye,Gashanje,Karambo
66d9c39a0bc303fcbe4d31fe,Northern,Burera,Kivuye,Murwa,Vumage
66d9c39a0bc303fcbe4d3215,Northern,Burera,Nemba,Rubona,Butunda
66d9c39a0bc303fcbe4d321f,Northern,Burera,Nemba,Rushara,Cyave
66d9c39a0bc303fcbe4d3257,Northern,Burera,Rugendabari,Nyanamo,Kabuyenge
66d9c39a0bc303fcbe4d3259,Northern,Burera,Rugendabari,Nyanamo,Kiziba
66d9c39a0bc303fcbe4d3268,Northern,Burera,Ruhunde,Gaseke,Kintobo
66d9c39a0bc303fcbe4d3247,Northern,Burera,Rugendabari,Kilibata,Murungu
66d9c39a0bc303fcbe4d3239,Northern,Burera,Rugarama,Karangara,Kanyamugezi
66d9c39a0bc303fcbe4d323b,Northern,Burera,Rugarama,Karangara,Muhabura
66d9c39a0bc303fcbe4d323c,Northern,Burera,Rugarama,Karangara,Rugwiro
66d9c39a0bc303fcbe4d323f,Northern,Burera,Rugarama,Rurembo,Birwa
66d9c39a0bc303fcbe4d3245,Northern,Burera,Rugendabari,Kilibata,Bushima
66d9c39a0bc303fcbe4d3248,Northern,Burera,Rugendabari,Kilibata,Musheke
66d9c39a0bc303fcbe4d324a,Northern,Burera,Rugendabari,Kilibata,Taba
66d9c39a0bc303fcbe4d324e,Northern,Burera,Rugendabari,Mucaca,Kamonyi
66d9c39a0bc303fcbe4d3251,Northern,Burera,Rugendabari,Mucaca,Nkoto
66d9c39a0bc303fcbe4d326a,Northern,Burera,Ruhunde,Gaseke,Murambo
66d9c39a0bc303fcbe4d326c,Northern,Burera,Ruhunde,Gaseke,Rukiniro
66d9c39a0bc303fcbe4d3255,Northern,Burera,Rugendabari,Nyanamo,Kabira
66d9c39a0bc303fcbe4d3273,Northern,Burera,Ruhunde,Gatare,Ruganda
66d9c39a0bc303fcbe4d3294,Northern,Burera,Rusarabuye,Ndago,Gaseke
66d9c39a0bc303fcbe4d329c,Northern,Burera,Rusarabuye,Ruhanga,Bisayu Ii
66d9c39a0bc303fcbe4d32ac,Northern,Burera,Rwerere,Gacundura,Rugaragara
66d9c39a0bc303fcbe4d32a1,Northern,Burera,Rusarabuye,Ruhanga,Kibuye
66d9c39a0bc303fcbe4d327d,Northern,Burera,Ruhunde,Gitovu,Tetero
66d9c39a0bc303fcbe4d3287,Northern,Burera,Rusarabuye,Kabona,Buzamuye
66d9c39a0bc303fcbe4d32aa,Northern,Burera,Rwerere,Gacundura,Karegamazi
66d9c39a0bc303fcbe4d3276,Northern,Burera,Ruhunde,Gitovu,Cyasuri
66d9c39a0bc303fcbe4d3281,Northern,Burera,Ruhunde,Rusekera,Matyazo
66d9c39a0bc303fcbe4d328a,Northern,Burera,Rusarabuye,Kabona,Gikore
66d9c39a0bc303fcbe4d3293,Northern,Burera,Rusarabuye,Ndago,Gacaca
66d9c39a0bc303fcbe4d3295,Northern,Burera,Rusarabuye,Ndago,Gitovu
66d9c39a0bc303fcbe4d32ad,Northern,Burera,Rwerere,Gacundura,Rugarambiro
66d9c39a0bc303fcbe4d32b6,Northern,Burera,Rwerere,Ruconsho,Buhore
66d9c39a0bc303fcbe4d32bc,Northern,Burera,Rwerere,Ruconsho,Ruconsho
66d9c39a0bc303fcbe4d32ce,Northern,Gicumbi,Bukure,Kigabiro,Rwarenga
66d9c39a0bc303fcbe4d32ef,Northern,Gicumbi,Bwisige,Mukono,Nyarumba
66d9c39a0bc303fcbe4d32c6,Northern,Gicumbi,Bukure,Karenge,Karenge
66d9c39a0bc303fcbe4d32cc,Northern,Gicumbi,Bukure,Kigabiro,Rugogwe
66d9c39a0bc303fcbe4d32e5,Northern,Gicumbi,Bwisige,Gihuke,Kumunini
66d9c39a0bc303fcbe4d32d0,Northern,Gicumbi,Bukure,Kivumu,Karambo
66d9c39a0bc303fcbe4d32ec,Northern,Gicumbi,Bwisige,Gihuke,Rurenge
66d9c39a0bc303fcbe4d32b2,Northern,Burera,Rwerere,Gashoro,Kibuye
66d9c39a0bc303fcbe4d32be,Northern,Burera,Rwerere,Rugari,Gatovu
66d9c39a0bc303fcbe4d32c8,Northern,Gicumbi,Bukure,Karenge,Nyarutovu
66d9c39a0bc303fcbe4d32c9,Northern,Gicumbi,Bukure,Karenge,Rebero
66d9c39a0bc303fcbe4d32d4,Northern,Gicumbi,Bukure,Kivumu,Ruyange
66d9c39a0bc303fcbe4d32d9,Northern,Gicumbi,Bukure,Rwesero,Nyarubira
66d9c39a0bc303fcbe4d32dc,Northern,Gicumbi,Bwisige,Bwisige,Kidandali
66d9c39a0bc303fcbe4d32e0,Northern,Gicumbi,Bwisige,Bwisige,Nyarwina
66d9c39a0bc303fcbe4d32e6,Northern,Gicumbi,Bwisige,Gihuke,Kuwindenge
66d9c39a0bc303fcbe4d3302,Northern,Gicumbi,Byumba,Gisuna,Gisuna
66d9c39a0bc303fcbe4d330d,Northern,Gicumbi,Byumba,Kivugiza,Karambi
66d9c39a0bc303fcbe4d3327,Northern,Gicumbi,Byumba,Nyarutarama,Nyamugali
66d9c39a0bc303fcbe4d32d6,Northern,Gicumbi,Bukure,Rwesero,Karagari
66d9c39a0bc303fcbe4d32f8,Northern,Gicumbi,Bwisige,Nyabushingitwa,Ruhuha
66d9c39a0bc303fcbe4d32fd,Northern,Gicumbi,Byumba,Gacurabwenge,Rubyiniro
66d9c39a0bc303fcbe4d3303,Northern,Gicumbi,Byumba,Gisuna,Kinihira I
66d9c39a0bc303fcbe4d330b,Northern,Gicumbi,Byumba,Kibali,Ruzo
66d9c39a0bc303fcbe4d330c,Northern,Gicumbi,Byumba,Kivugiza,Kabingo
66d9c39a0bc303fcbe4d3319,Northern,Gicumbi,Byumba,Nyakabungo,Kabuga
66d9c39a0bc303fcbe4d331d,Northern,Gicumbi,Byumba,Nyamabuye,Gatete
66d9c39a0bc303fcbe4d3326,Northern,Gicumbi,Byumba,Nyarutarama,Nyamiyaga
66d9c39a0bc303fcbe4d332b,Northern,Gicumbi,Byumba,Nyarutarama,Rugarama
66d9c39a0bc303fcbe4d332f,Northern,Gicumbi,Cyumba,Gasunzu,Ryamuromba
66d9c39a0bc303fcbe4d32f3,Northern,Gicumbi,Bwisige,Mukono,Ryakirayi
66d9c39a0bc303fcbe4d32f5,Northern,Gicumbi,Bwisige,Nyabushingitwa,Musayo
66d9c39a0bc303fcbe4d32ff,Northern,Gicumbi,Byumba,Gacurabwenge,Rwasama
66d9c39a0bc303fcbe4d3307,Northern,Gicumbi,Byumba,Gisuna,Rwiri
66d9c39a0bc303fcbe4d3308,Northern,Gicumbi,Byumba,Kibali,Gakenke
66d9c39a0bc303fcbe4d3322,Northern,Gicumbi,Byumba,Nyamabuye,Umurara
66d9c39a0bc303fcbe4d3313,Northern,Gicumbi,Byumba,Murama,Taba
66d9c39a0bc303fcbe4d32f1,Northern,Gicumbi,Bwisige,Mukono,Rwebisheke
66d9c39a0bc303fcbe4d32f6,Northern,Gicumbi,Bwisige,Nyabushingitwa,Ndayabana
66d9c39a0bc303fcbe4d3304,Northern,Gicumbi,Byumba,Gisuna,Kinihira Ii
66d9c39a0bc303fcbe4d3309,Northern,Gicumbi,Byumba,Kibali,Mugorore
66d9c39a0bc303fcbe4d330a,Northern,Gicumbi,Byumba,Kibali,Rugarama
66d9c39a0bc303fcbe4d330e,Northern,Gicumbi,Byumba,Kivugiza,Kivugiza
66d9c39a0bc303fcbe4d3314,Northern,Gicumbi,Byumba,Ngondore,Bukamba
66d9c39a0bc303fcbe4d331a,Northern,Gicumbi,Byumba,Nyakabungo,Kanunga
66d9c39a0bc303fcbe4d331b,Northern,Gicumbi,Byumba,Nyakabungo,Rugaragara
66d9c39a0bc303fcbe4d3320,Northern,Gicumbi,Byumba,Nyamabuye,Nyiragasuruba
66d9c39a0bc303fcbe4d332a,Northern,Gicumbi,Byumba,Nyarutarama,Rugandu
66d9c39a0bc303fcbe4d332c,Northern,Gicumbi,Byumba,Nyarutarama,Rwamuhuba
66d9c39a0bc303fcbe4d3333,Northern,Gicumbi,Cyumba,Muhambo,Rugerero
66d9c39a0bc303fcbe4d3331,Northern,Gicumbi,Cyumba,Muhambo,Kiliba
66d9c39a0bc303fcbe4d3346,Northern,Gicumbi,Cyumba,Rwankonjo,Keyebe
66d9c39a0bc303fcbe4d3347,Northern,Gicumbi,Cyumba,Rwankonjo,Kivuruga
66d9c39a0bc303fcbe4d334c,Northern,Gicumbi,Giti,Gatobotobo,Matyazo
66d9c39a0bc303fcbe4d3353,Northern,Gicumbi,Giti,Murehe,Gatare
66d9c39a0bc303fcbe4d335b,Northern,Gicumbi,Giti,Tanda,Tanda
66d9c39a0bc303fcbe4d335d,Northern,Gicumbi,Kageyo,Gihembe,Karihira
66d9c39a0bc303fcbe4d3369,Northern,Gicumbi,Kageyo,Kabuga,Mukenke
66d9c39a0bc303fcbe4d336e,Northern,Gicumbi,Kageyo,Muhondo,Mwange
66d9c39a0bc303fcbe4d3370,Northern,Gicumbi,Kageyo,Nyamiyaga,Gatiba
66d9c39a0bc303fcbe4d337a,Northern,Gicumbi,Kaniga,Bugomba,Nyaruhanga
66d9c39a0bc303fcbe4d338d,Northern,Gicumbi,Kaniga,Mulindi,Taba
66d9c39a0bc303fcbe4d3396,Northern,Gicumbi,Kaniga,Rukurura,Karambo
66d9c39a0bc303fcbe4d33a0,Northern,Gicumbi,Manyagiro,Nyiragifumba,Kiyovu
66d9c39a0bc303fcbe4d33a3,Northern,Gicumbi,Manyagiro,Nyiragifumba,Rwamazi
66d9c39a0bc303fcbe4d33a5,Northern,Gicumbi,Manyagiro,Nyiravugiza,Kajevuba
66d9c39a0bc303fcbe4d33cd,Northern,Gicumbi,Miyove,Miyove,Remera
66d9c39a0bc303fcbe4d33dc,Northern,Gicumbi,Mukarange,Cyamuganga,Nyakabungo
66d9c39a0bc303fcbe4d3338,Northern,Gicumbi,Cyumba,Nyakabungo,Kigombe
66d9c39a0bc303fcbe4d333a,Northern,Gicumbi,Cyumba,Nyakabungo,Ryaruhumba
66d9c39a0bc303fcbe4d3354,Northern,Gicumbi,Giti,Murehe,Kabeza
66d9c39a0bc303fcbe4d3356,Northern,Gicumbi,Giti,Tanda,Gasharu
66d9c39a0bc303fcbe4d335a,Northern,Gicumbi,Giti,Tanda,Ruzizi
66d9c39a0bc303fcbe4d335f,Northern,Gicumbi,Kageyo,Gihembe,Muyange
66d9c39a0bc303fcbe4d336a,Northern,Gicumbi,Kageyo,Kabuga,Murama
66d9c39a0bc303fcbe4d336b,Northern,Gicumbi,Kageyo,Muhondo,Kagwa
66d9c39a0bc303fcbe4d3376,Northern,Gicumbi,Kageyo,Nyamiyaga,Rukomo
66d9c39a0bc303fcbe4d337b,Northern,Gicumbi,Kaniga,Bugomba,Rugarama
66d9c39a0bc303fcbe4d3388,Northern,Gicumbi,Kaniga,Mulindi,Nyakabungo
66d9c39a0bc303fcbe4d33ae,Northern,Gicumbi,Manyagiro,Remera,Sangano
66d9c39a0bc303fcbe4d33be,Northern,Gicumbi,Miyove,Gakenke,Karwanira
66d9c39a0bc303fcbe4d333c,Northern,Gicumbi,Cyumba,Nyambare,Gipandi
66d9c39a0bc303fcbe4d3357,Northern,Gicumbi,Giti,Tanda,Mashyoza
66d9c39a0bc303fcbe4d3329,Northern,Gicumbi,Byumba,Nyarutarama,Nyarubande
66d9c39a0bc303fcbe4d332e,Northern,Gicumbi,Cyumba,Gasunzu,Mugera
66d9c39a0bc303fcbe4d32fc,Northern,Gicumbi,Byumba,Gacurabwenge,Gashirwe
66d9c39a0bc303fcbe4d330f,Northern,Gicumbi,Byumba,Kivugiza,Mugandu
66d9c39a0bc303fcbe4d3310,Northern,Gicumbi,Byumba,Murama,Gacaca
66d9c39a0bc303fcbe4d32f0,Northern,Gicumbi,Bwisige,Mukono,Nyirantungu
66d9c39a0bc303fcbe4d32f2,Northern,Gicumbi,Bwisige,Mukono,Rwondo
66d9c39a0bc303fcbe4d32f7,Northern,Gicumbi,Bwisige,Nyabushingitwa,Nyagatoma
66d9c39a0bc303fcbe4d3317,Northern,Gicumbi,Byumba,Ngondore,Kimirimo
66d9c39a0bc303fcbe4d3323,Northern,Gicumbi,Byumba,Nyarutarama,Kagarama
66d9c39a0bc303fcbe4d3324,Northern,Gicumbi,Byumba,Nyarutarama,Mukeri
66d9c39a0bc303fcbe4d3328,Northern,Gicumbi,Byumba,Nyarutarama,Nyande
66d9c39a0bc303fcbe4d332d,Northern,Gicumbi,Cyumba,Gasunzu,Mubuga
66d9c39a0bc303fcbe4d3355,Northern,Gicumbi,Giti,Murehe,Kigabiro
66d9c39a0bc303fcbe4d3361,Northern,Gicumbi,Kageyo,Gihembe,Nyirabadugu
66d9c39a0bc303fcbe4d3371,Northern,Gicumbi,Kageyo,Nyamiyaga,Kabare
66d9c39a0bc303fcbe4d3387,Northern,Gicumbi,Kaniga,Mulindi,Kigwene
66d9c39a0bc303fcbe4d339e,Northern,Gicumbi,Manyagiro,Kabuga,Rubindi
66d9c39a0bc303fcbe4d33ce,Northern,Gicumbi,Miyove,Mubuga,Gatare
66d9c39a0bc303fcbe4d33cf,Northern,Gicumbi,Miyove,Mubuga,Gitsimbura
66d9c39a0bc303fcbe4d33d0,Northern,Gicumbi,Miyove,Mubuga,Kabuga
66d9c39a0bc303fcbe4d33ea,Northern,Gicumbi,Mukarange,Mutarama,Mafumirwa
66d9c39a0bc303fcbe4d3350,Northern,Gicumbi,Giti,Murehe,Bushiranyota
66d9c39a0bc303fcbe4d3365,Northern,Gicumbi,Kageyo,Horezo,Rukongi
66d9c39a0bc303fcbe4d33b7,Northern,Gicumbi,Manyagiro,Ryaruyumba,Muturirwa
66d9c39a0bc303fcbe4d33d4,Northern,Gicumbi,Miyove,Mubuga,Kirwa
66d9c39a0bc303fcbe4d3332,Northern,Gicumbi,Cyumba,Muhambo,Nyamabare
66d9c39a0bc303fcbe4d3330,Northern,Gicumbi,Cyumba,Gasunzu,Zihare
66d9c39a0bc303fcbe4d3335,Northern,Gicumbi,Cyumba,Nyakabungo,Gashija
66d9c39a0bc303fcbe4d3336,Northern,Gicumbi,Cyumba,Nyakabungo,Gatoki
66d9c39a0bc303fcbe4d333e,Northern,Gicumbi,Cyumba,Nyambare,Rusebeya
66d9c39a0bc303fcbe4d3352,Northern,Gicumbi,Giti,Murehe,Cyamabano
66d9c39a0bc303fcbe4d3359,Northern,Gicumbi,Giti,Tanda,Nyakabungo
66d9c39a0bc303fcbe4d336c,Northern,Gicumbi,Kageyo,Muhondo,Kamanyundo
66d9c39a0bc303fcbe4d3382,Northern,Gicumbi,Kaniga,Gatoma,Nyakibande
66d9c39a0bc303fcbe4d338b,Northern,Gicumbi,Kaniga,Mulindi,Rukizi
66d9c39a0bc303fcbe4d338e,Northern,Gicumbi,Kaniga,Nyarwambu,Cyasaku
66d9c39a0bc303fcbe4d339a,Northern,Gicumbi,Manyagiro,Kabuga,Kigarama
66d9c39a0bc303fcbe4d33a8,Northern,Gicumbi,Manyagiro,Remera,Busa
66d9c39a0bc303fcbe4d33a9,Northern,Gicumbi,Manyagiro,Remera,Bushinga
66d9c39a0bc303fcbe4d33ac,Northern,Gicumbi,Manyagiro,Remera,Kabeza
66d9c39a0bc303fcbe4d33af,Northern,Gicumbi,Manyagiro,Remera,Shyigura
66d9c39a0bc303fcbe4d33b2,Northern,Gicumbi,Manyagiro,Rusekera,Kiyovu
66d9c39a0bc303fcbe4d33b3,Northern,Gicumbi,Manyagiro,Rusekera,Nyamyumba
66d9c39a0bc303fcbe4d33b9,Northern,Gicumbi,Manyagiro,Ryaruyumba,Nyarukombe
66d9c39a0bc303fcbe4d33bb,Northern,Gicumbi,Manyagiro,Ryaruyumba,Rusabira
66d9c39a0bc303fcbe4d33c3,Northern,Gicumbi,Miyove,Gakenke,Rugandu
66d9c39a0bc303fcbe4d3341,Northern,Gicumbi,Cyumba,Nyaruka,Maya
66d9c39a0bc303fcbe4d3351,Northern,Gicumbi,Giti,Murehe,Butare
66d9c39a0bc303fcbe4d3362,Northern,Gicumbi,Kageyo,Horezo,Kigoma
66d9c39a0bc303fcbe4d336f,Northern,Gicumbi,Kageyo,Nyamiyaga,Gatare
66d9c39a0bc303fcbe4d3389,Northern,Gicumbi,Kaniga,Mulindi,Rugenda
66d9c39a0bc303fcbe4d339f,Northern,Gicumbi,Manyagiro,Nyiragifumba,Agacyamo
66d9c39a0bc303fcbe4d33c7,Northern,Gicumbi,Miyove,Miyove,Mukaka
66d9c39a0bc303fcbe4d3374,Northern,Gicumbi,Kageyo,Nyamiyaga,Musura
66d9c39a0bc303fcbe4d3399,Northern,Gicumbi,Manyagiro,Kabuga,Gabiro
66d9c39a0bc303fcbe4d33c1,Northern,Gicumbi,Miyove,Gakenke,Museke
66d9c39a0bc303fcbe4d33d8,Northern,Gicumbi,Miyove,Mubuga,Rutovu
66d9c39a0bc303fcbe4d3340,Northern,Gicumbi,Cyumba,Nyaruka,Humura
66d9c39a0bc303fcbe4d3385,Northern,Gicumbi,Kaniga,Mulindi,Gisunzu
66d9c39a0bc303fcbe4d3395,Northern,Gicumbi,Kaniga,Rukurura,Kamushure
66d9c39a0bc303fcbe4d3397,Northern,Gicumbi,Kaniga,Rukurura,Ngabira
66d9c39a0bc303fcbe4d33b4,Northern,Gicumbi,Manyagiro,Rusekera,Rebero
66d9c39a0bc303fcbe4d31fa,Northern,Burera,Kivuye,Murwa,Muhambo
66d9c39a0bc303fcbe4d3201,Northern,Burera,Kivuye,Nyirataba,Kabasha
66d9c39a0bc303fcbe4d3209,Northern,Burera,Nemba,Kivumu,Nyamusanze
66d9c39a0bc303fcbe4d320c,Northern,Burera,Nemba,Nyamugari,Kagihanga
66d9c39a0bc303fcbe4d320d,Northern,Burera,Nemba,Nyamugari,Karyango
66d9c39a0bc303fcbe4d3214,Northern,Burera,Nemba,Rubona,Bukenyeye
66d9c39a0bc303fcbe4d3218,Northern,Burera,Nemba,Rubona,Kanyaru
66d9c39a0bc303fcbe4d321e,Northern,Burera,Nemba,Rushara,Bugondo
66d9c39a0bc303fcbe4d31ff,Northern,Burera,Kivuye,Nyirataba,Buganza
66d9c39a0bc303fcbe4d3206,Northern,Burera,Nemba,Kivumu,Gashushura
66d9c39a0bc303fcbe4d3211,Northern,Burera,Nemba,Nyamugari,Ryaruhirima
66d9c39a0bc303fcbe4d3212,Northern,Burera,Nemba,Nyamugari,Shorezo
66d9c39a0bc303fcbe4d3217,Northern,Burera,Nemba,Rubona,Kadehero
66d9c39a0bc303fcbe4d321b,Northern,Burera,Nemba,Rubona,Nyantweri
66d9c39a0bc303fcbe4d3226,Northern,Burera,Rugarama,Cyahi,Karutwe
66d9c39a0bc303fcbe4d3228,Northern,Burera,Rugarama,Cyahi,Nyabiho
66d9c39a0bc303fcbe4d322a,Northern,Burera,Rugarama,Cyahi,Ruganda
66d9c39a0bc303fcbe4d31f3,Northern,Burera,Kivuye,Gashanje,Gashiru
66d9c39a0bc303fcbe4d3204,Northern,Burera,Kivuye,Nyirataba,Mushunga
66d9c39a0bc303fcbe4d322b,Northern,Burera,Rugarama,Cyahi,Tatiro
66d9c39a0bc303fcbe4d3252,Northern,Burera,Rugendabari,Mucaca,Nyabikungu
66d9c39a0bc303fcbe4d3246,Northern,Burera,Rugendabari,Kilibata,Cyogo
66d9c39a0bc303fcbe4d3260,Northern,Burera,Rugendabari,Rukandabyuma,Ngoma
66d9c39a0bc303fcbe4d3230,Northern,Burera,Rugarama,Gafumba,Kabaya
66d9c39a0bc303fcbe4d323d,Northern,Burera,Rugarama,Karangara,Rukiko
66d9c39a0bc303fcbe4d324c,Northern,Burera,Rugendabari,Mucaca,Burande
66d9c39a0bc303fcbe4d325f,Northern,Burera,Rugendabari,Rukandabyuma,Murambo
66d9c39a0bc303fcbe4d326f,Northern,Burera,Ruhunde,Gatare,Gashishori
66d9c39a0bc303fcbe4d3232,Northern,Burera,Rugarama,Gafumba,Muturirwa
66d9c39a0bc303fcbe4d3249,Northern,Burera,Rugendabari,Kilibata,Remera
66d9c39a0bc303fcbe4d3250,Northern,Burera,Rugendabari,Mucaca,Mugina
66d9c39a0bc303fcbe4d3258,Northern,Burera,Rugendabari,Nyanamo,Kamonyi
66d9c39a0bc303fcbe4d325b,Northern,Burera,Rugendabari,Nyanamo,Taba
66d9c39a0bc303fcbe4d325d,Northern,Burera,Rugendabari,Rukandabyuma,Kinyefurwe
66d9c39a0bc303fcbe4d3269,Northern,Burera,Ruhunde,Gaseke,Mukaka
66d9c39a0bc303fcbe4d3270,Northern,Burera,Ruhunde,Gatare,Gatete
66d9c39a0bc303fcbe4d3284,Northern,Burera,Ruhunde,Rusekera,Tarasi
66d9c39a0bc303fcbe4d32a8,Northern,Burera,Rwerere,Gacundura,Gacundura
66d9c39a0bc303fcbe4d3277,Northern,Burera,Ruhunde,Gitovu,Genda
66d9c39a0bc303fcbe4d3283,Northern,Burera,Ruhunde,Rusekera,Rusenge
66d9c39a0bc303fcbe4d3292,Northern,Burera,Rusarabuye,Ndago,Burehe
66d9c39a0bc303fcbe4d3297,Northern,Burera,Rusarabuye,Ndago,Karorero
66d9c39a0bc303fcbe4d327c,Northern,Burera,Ruhunde,Gitovu,Ngoma
66d9c39a0bc303fcbe4d3280,Northern,Burera,Ruhunde,Rusekera,Gatokezo
66d9c39a0bc303fcbe4d328c,Northern,Burera,Rusarabuye,Kabona,Muharuro
66d9c39a0bc303fcbe4d3290,Northern,Burera,Rusarabuye,Kabona,Ntagara
66d9c39a0bc303fcbe4d32a6,Northern,Burera,Rusarabuye,Ruhanga,Rutoro
66d9c39a0bc303fcbe4d32ab,Northern,Burera,Rwerere,Gacundura,Moma
66d9c39a0bc303fcbe4d32ae,Northern,Burera,Rwerere,Gacundura,Sarambwe
66d9c39a0bc303fcbe4d32af,Northern,Burera,Rwerere,Gashoro,Bisaga
66d9c39a0bc303fcbe4d327e,Northern,Burera,Ruhunde,Rusekera,Bugambanyoni
66d9c39a0bc303fcbe4d3285,Northern,Burera,Rusarabuye,Kabona,Bucyaba
66d9c39a0bc303fcbe4d32a0,Northern,Burera,Rusarabuye,Ruhanga,Karuhanga
66d9c39a0bc303fcbe4d32b3,Northern,Burera,Rwerere,Gashoro,Ngonya
66d9c39a0bc303fcbe4d32d7,Northern,Gicumbi,Bukure,Rwesero,Mugorore
66d9c39a0bc303fcbe4d32ba,Northern,Burera,Rwerere,Ruconsho,Mugera
66d9c39a0bc303fcbe4d32d5,Northern,Gicumbi,Bukure,Rwesero,Gicaca
66d9c39a0bc303fcbe4d32b1,Northern,Burera,Rwerere,Gashoro,Gashoro
66d9c39a0bc303fcbe4d32c7,Northern,Gicumbi,Bukure,Karenge,Muguruka
66d9c39a0bc303fcbe4d32cd,Northern,Gicumbi,Bukure,Kigabiro,Rurama
66d9c39a0bc303fcbe4d32da,Northern,Gicumbi,Bwisige,Bwisige,Kabuye
66d9c39a0bc303fcbe4d32db,Northern,Gicumbi,Bwisige,Bwisige,Kavuruga
66d9c39a0bc303fcbe4d32e7,Northern,Gicumbi,Bwisige,Gihuke,Muneke
66d9c39a0bc303fcbe4d32e8,Northern,Gicumbi,Bwisige,Gihuke,Murehe
66d9c39a0bc303fcbe4d31f5,Northern,Burera,Kivuye,Gashanje,Nyakabungo
66d9c39a0bc303fcbe4d320e,Northern,Burera,Nemba,Nyamugari,Muhondo
66d9c39a0bc303fcbe4d31f6,Northern,Burera,Kivuye,Gashanje,Rugarambiro
66d9c39a0bc303fcbe4d31f9,Northern,Burera,Kivuye,Murwa,Kabaya
66d9c39a0bc303fcbe4d3213,Northern,Burera,Nemba,Rubona,Bugarigari
66d9c39a0bc303fcbe4d3216,Northern,Burera,Nemba,Rubona,Cyabarenge
66d9c39a0bc303fcbe4d3219,Northern,Burera,Nemba,Rubona,Murandamo
66d9c39a0bc303fcbe4d321a,Northern,Burera,Nemba,Rubona,Ngongwe
66d9c39a0bc303fcbe4d321c,Northern,Burera,Nemba,Rubona,Rebero
66d9c39a0bc303fcbe4d321d,Northern,Burera,Nemba,Rushara,Bishingwe
66d9c39a0bc303fcbe4d3220,Northern,Burera,Nemba,Rushara,Kagesera
66d9c39a0bc303fcbe4d3223,Northern,Burera,Rugarama,Cyahi,Busura
66d9c39a0bc303fcbe4d3225,Northern,Burera,Rugarama,Cyahi,Hanika
66d9c39a0bc303fcbe4d3229,Northern,Burera,Rugarama,Cyahi,Rubeja
66d9c39a0bc303fcbe4d320a,Northern,Burera,Nemba,Kivumu,Songorero
66d9c39a0bc303fcbe4d3222,Northern,Burera,Nemba,Rushara,Nyabitare
66d9c39a0bc303fcbe4d322d,Northern,Burera,Rugarama,Gafumba,Basumba
66d9c39a0bc303fcbe4d3234,Northern,Burera,Rugarama,Gafumba,Rugarama
66d9c39a0bc303fcbe4d3235,Northern,Burera,Rugarama,Gafumba,Rutamba
66d9c39a0bc303fcbe4d323a,Northern,Burera,Rugarama,Karangara,Maya
66d9c39a0bc303fcbe4d3231,Northern,Burera,Rugarama,Gafumba,Kanyangezi
66d9c39a0bc303fcbe4d3233,Northern,Burera,Rugarama,Gafumba,Nyarwondo
66d9c39a0bc303fcbe4d3244,Northern,Burera,Rugarama,Rurembo,Rwinkuba
66d9c39a0bc303fcbe4d3254,Northern,Burera,Rugendabari,Nyanamo,Bwenjeli
66d9c39a0bc303fcbe4d3262,Northern,Burera,Rugendabari,Rukandabyuma,Remya
66d9c39a0bc303fcbe4d326b,Northern,Burera,Ruhunde,Gaseke,Rugaragara
66d9c39a0bc303fcbe4d3236,Northern,Burera,Rugarama,Karangara,Gahama
66d9c39a0bc303fcbe4d3237,Northern,Burera,Rugarama,Karangara,Gasiza
66d9c39a0bc303fcbe4d327b,Northern,Burera,Ruhunde,Gitovu,Mweru
66d9c39a0bc303fcbe4d329f,Northern,Burera,Rusarabuye,Ruhanga,Kanigo
66d9c39a0bc303fcbe4d3272,Northern,Burera,Ruhunde,Gatare,Nganzo
66d9c39a0bc303fcbe4d3275,Northern,Burera,Ruhunde,Gatare,Terimbere
66d9c39a0bc303fcbe4d3279,Northern,Burera,Ruhunde,Gitovu,Kamonyi
66d9c39a0bc303fcbe4d327f,Northern,Burera,Ruhunde,Rusekera,Gasura
66d9c39a0bc303fcbe4d328b,Northern,Burera,Rusarabuye,Kabona,Karambo
66d9c39a0bc303fcbe4d329a,Northern,Burera,Rusarabuye,Ndago,Nyarungu
66d9c39a0bc303fcbe4d329b,Northern,Burera,Rusarabuye,Ruhanga,Bisayu I
66d9c39a0bc303fcbe4d32a5,Northern,Burera,Rusarabuye,Ruhanga,Ruhurura Ii
66d9c39a0bc303fcbe4d32a9,Northern,Burera,Rwerere,Gacundura,Kanigo
66d9c39a0bc303fcbe4d327a,Northern,Burera,Ruhunde,Gitovu,Muremure
66d9c39a0bc303fcbe4d3289,Northern,Burera,Rusarabuye,Kabona,Gasongati
66d9c39a0bc303fcbe4d328f,Northern,Burera,Rusarabuye,Kabona,Musebeya
66d9c39a0bc303fcbe4d3282,Northern,Burera,Ruhunde,Rusekera,Rubyiniro
66d9c39a0bc303fcbe4d32b4,Northern,Burera,Rwerere,Gashoro,Rugezi
66d9c39a0bc303fcbe4d32e1,Northern,Gicumbi,Bwisige,Bwisige,Rutoma
66d9c39a0bc303fcbe4d32eb,Northern,Gicumbi,Bwisige,Gihuke,Nyamugari
66d9c39a0bc303fcbe4d32b5,Northern,Burera,Rwerere,Gashoro,Rwerere
66d9c39a0bc303fcbe4d32b7,Northern,Burera,Rwerere,Ruconsho,Gakenke
66d9c39a0bc303fcbe4d32c0,Northern,Burera,Rwerere,Rugari,Murambo
66d9c39a0bc303fcbe4d32c1,Northern,Burera,Rwerere,Rugari,Mushubi
66d9c39a0bc303fcbe4d32c4,Northern,Gicumbi,Bukure,Karenge,Kabuga
66d9c39a0bc303fcbe4d32ca,Northern,Gicumbi,Bukure,Kigabiro,Gabiro
66d9c39a0bc303fcbe4d32cf,Northern,Gicumbi,Bukure,Kivumu,Butare
66d9c39a0bc303fcbe4d32d2,Northern,Gicumbi,Bukure,Kivumu,Kivugiza
66d9c39a0bc303fcbe4d32e2,Northern,Gicumbi,Bwisige,Bwisige,Rwarurema
66d9c39a0bc303fcbe4d32b0,Northern,Burera,Rwerere,Gashoro,Cyapa
66d9c39a0bc303fcbe4d32bb,Northern,Burera,Rwerere,Ruconsho,Ngoma
66d9c39a0bc303fcbe4d32d8,Northern,Gicumbi,Bukure,Rwesero,Ntarama
66d9c39a0bc303fcbe4d32de,Northern,Gicumbi,Bwisige,Bwisige,Nyakabungo
66d9c39a0bc303fcbe4d32c3,Northern,Gicumbi,Bukure,Karenge,Gasharu
66d9c39a0bc303fcbe4d3321,Northern,Gicumbi,Byumba,Nyamabuye,Rwabukoko
66d9c39a0bc303fcbe4d3325,Northern,Gicumbi,Byumba,Nyarutarama,Muriza
66d9c39a0bc303fcbe4d3300,Northern,Gicumbi,Byumba,Gisuna,Bereshi
66d9c39a0bc303fcbe4d3311,Northern,Gicumbi,Byumba,Murama,Rukereza
66d9c39a0bc303fcbe4d32ea,Northern,Gicumbi,Bwisige,Gihuke,Nyakagera
66d9c39a0bc303fcbe4d32ed,Northern,Gicumbi,Bwisige,Mukono,Akavuza
66d9c39a0bc303fcbe4d32b8,Northern,Burera,Rwerere,Ruconsho,Kamatengu
66d9c39a0bc303fcbe4d32bd,Northern,Burera,Rwerere,Rugari,Gacyamu
66d9c39a0bc303fcbe4d32e3,Northern,Gicumbi,Bwisige,Gihuke,Cyamukanya
66d9c39a0bc303fcbe4d32ee,Northern,Gicumbi,Bwisige,Mukono,Murambi
66d9c39a0bc303fcbe4d32f4,Northern,Gicumbi,Bwisige,Nyabushingitwa,Gahondo
66d9c39a0bc303fcbe4d32f9,Northern,Gicumbi,Bwisige,Nyabushingitwa,Warufu
66d9c39a0bc303fcbe4d32fe,Northern,Gicumbi,Byumba,Gacurabwenge,Ruyaga
66d9c39a0bc303fcbe4d3315,Northern,Gicumbi,Byumba,Ngondore,Gitovu
66d9c39a0bc303fcbe4d331f,Northern,Gicumbi,Byumba,Nyamabuye,Mugomero
66d9c39a0bc303fcbe4d334e,Northern,Gicumbi,Giti,Gatobotobo,Rugarama
66d9c39a0bc303fcbe4d33b8,Northern,Gicumbi,Manyagiro,Ryaruyumba,Nyantarure
66d9c39a0bc303fcbe4d33de,Northern,Gicumbi,Mukarange,Gatenga,Ibereshi
66d9c39a0bc303fcbe4d333d,Northern,Gicumbi,Cyumba,Nyambare,Remera
66d9c39a0bc303fcbe4d334d,Northern,Gicumbi,Giti,Gatobotobo,Nyamirambo
66d9c39a0bc303fcbe4d3372,Northern,Gicumbi,Kageyo,Nyamiyaga,Kageyo
66d9c39a0bc303fcbe4d3378,Northern,Gicumbi,Kaniga,Bugomba,Kabungo
66d9c39a0bc303fcbe4d3379,Northern,Gicumbi,Kaniga,Bugomba,Kajevuba
66d9c39a0bc303fcbe4d338f,Northern,Gicumbi,Kaniga,Nyarwambu,Kabeza
66d9c39a0bc303fcbe4d3390,Northern,Gicumbi,Kaniga,Nyarwambu,Kanyaruyonga
66d9c39a0bc303fcbe4d33aa,Northern,Gicumbi,Manyagiro,Remera,Gasiza
66d9c39a0bc303fcbe4d33d3,Northern,Gicumbi,Miyove,Mubuga,Kaje
66d9c39a0bc303fcbe4d33dd,Northern,Gicumbi,Mukarange,Cyamuganga,Rugarama
66d9c39a0bc303fcbe4d33e2,Northern,Gicumbi,Mukarange,Gatenga,Nyacyoroma
66d9c39a0bc303fcbe4d33ed,Northern,Gicumbi,Mukarange,Rugerero,Gakizi
66d9c39a0bc303fcbe4d3366,Northern,Gicumbi,Kageyo,Kabuga,Gatobotobo
66d9c39a0bc303fcbe4d3386,Northern,Gicumbi,Kaniga,Mulindi,Kagorogoro
66d9c39a0bc303fcbe4d338c,Northern,Gicumbi,Kaniga,Mulindi,Runyinya
66d9c39a0bc303fcbe4d339c,Northern,Gicumbi,Manyagiro,Kabuga,Murehe
66d9c39a0bc303fcbe4d33a7,Northern,Gicumbi,Manyagiro,Nyiravugiza,Rusebeya
66d9c39a0bc303fcbe4d33ad,Northern,Gicumbi,Manyagiro,Remera,Rugasa
66d9c39a0bc303fcbe4d33c4,Northern,Gicumbi,Miyove,Miyove,Kamonyi
66d9c39a0bc303fcbe4d33c9,Northern,Gicumbi,Miyove,Miyove,Murehe
66d9c39a0bc303fcbe4d33da,Northern,Gicumbi,Mukarange,Cyamuganga,Burambira
66d9c39a0bc303fcbe4d33eb,Northern,Gicumbi,Mukarange,Mutarama,Murara
66d9c39a0bc303fcbe4d3334,Northern,Gicumbi,Cyumba,Nyakabungo,Burambira
66d9c39a0bc303fcbe4d333b,Northern,Gicumbi,Cyumba,Nyambare,Burambira
66d9c39a0bc303fcbe4d333f,Northern,Gicumbi,Cyumba,Nyaruka,Burindi
66d9c39a0bc303fcbe4d3342,Northern,Gicumbi,Cyumba,Nyaruka,Murore
66d9c39a0bc303fcbe4d3343,Northern,Gicumbi,Cyumba,Nyaruka,Rusambya
66d9c39a0bc303fcbe4d3348,Northern,Gicumbi,Cyumba,Rwankonjo,Rukizi
66d9c39a0bc303fcbe4d3349,Northern,Gicumbi,Giti,Gatobotobo,Kababito
66d9c39a0bc303fcbe4d334b,Northern,Gicumbi,Giti,Gatobotobo,Kagahumbi
66d9c39a0bc303fcbe4d335c,Northern,Gicumbi,Kageyo,Gihembe,Gitaba
66d9c39a0bc303fcbe4d3363,Northern,Gicumbi,Kageyo,Horezo,Musetsa
66d9c39a0bc303fcbe4d3367,Northern,Gicumbi,Kageyo,Kabuga,Gicumbi
66d9c39a0bc303fcbe4d337c,Northern,Gicumbi,Kaniga,Bugomba,Rugari
66d9c39a0bc303fcbe4d337e,Northern,Gicumbi,Kaniga,Gatoma,Gashiru
66d9c39a0bc303fcbe4d337f,Northern,Gicumbi,Kaniga,Gatoma,Kamabare
66d9c39a0bc303fcbe4d3391,Northern,Gicumbi,Kaniga,Nyarwambu,Kinnyogo
66d9c39a0bc303fcbe4d3392,Northern,Gicumbi,Kaniga,Nyarwambu,Mushunga
66d9c39a0bc303fcbe4d3393,Northern,Gicumbi,Kaniga,Nyarwambu,Nyamabare
66d9c39a0bc303fcbe4d3394,Northern,Gicumbi,Kaniga,Rukurura,Kabare
66d9c39a0bc303fcbe4d339b,Northern,Gicumbi,Manyagiro,Kabuga,Mugera
66d9c39a0bc303fcbe4d33a1,Northern,Gicumbi,Manyagiro,Nyiragifumba,Murambo
66d9c39a0bc303fcbe4d33a2,Northern,Gicumbi,Manyagiro,Nyiragifumba,Rurambi
66d9c39a0bc303fcbe4d33b0,Northern,Gicumbi,Manyagiro,Rusekera,Gakubo
66d9c39a0bc303fcbe4d33bd,Northern,Gicumbi,Miyove,Gakenke,Gisiza
66d9c39a0bc303fcbe4d33bf,Northern,Gicumbi,Miyove,Gakenke,Kirwa
66d9c39a0bc303fcbe4d33c0,Northern,Gicumbi,Miyove,Gakenke,Kivomo
66d9c39a0bc303fcbe4d33c8,Northern,Gicumbi,Miyove,Miyove,Murambo
66d9c39a0bc303fcbe4d3316,Northern,Gicumbi,Byumba,Ngondore,Karambo
66d9c39a0bc303fcbe4d3318,Northern,Gicumbi,Byumba,Nyakabungo,Gacyamo
66d9c39a0bc303fcbe4d32fa,Northern,Gicumbi,Byumba,Gacurabwenge,Gacurabwenge
66d9c39a0bc303fcbe4d3301,Northern,Gicumbi,Byumba,Gisuna,Gatare
66d9c39a0bc303fcbe4d3306,Northern,Gicumbi,Byumba,Gisuna,Ruhashya
66d9c39a0bc303fcbe4d3312,Northern,Gicumbi,Byumba,Murama,Rurambi
66d9c39a0bc303fcbe4d331c,Northern,Gicumbi,Byumba,Nyamabuye,Gasiza
66d9c39a0bc303fcbe4d331e,Northern,Gicumbi,Byumba,Nyamabuye,Kumana
66d9c39a0bc303fcbe4d32fb,Northern,Gicumbi,Byumba,Gacurabwenge,Gasharu
66d9c39a0bc303fcbe4d3305,Northern,Gicumbi,Byumba,Gisuna,Rebero
66d9c39a0bc303fcbe4d3368,Northern,Gicumbi,Kageyo,Kabuga,Maya
66d9c39a0bc303fcbe4d336d,Northern,Gicumbi,Kageyo,Muhondo,Kamwumba
66d9c39a0bc303fcbe4d3373,Northern,Gicumbi,Kageyo,Nyamiyaga,Mugomero
66d9c39a0bc303fcbe4d3384,Northern,Gicumbi,Kaniga,Mulindi,Centre Mulindi
66d9c39a0bc303fcbe4d33a4,Northern,Gicumbi,Manyagiro,Nyiravugiza,Bugibwa
66d9c39a0bc303fcbe4d33a6,Northern,Gicumbi,Manyagiro,Nyiravugiza,Rurembo
66d9c39a0bc303fcbe4d33b1,Northern,Gicumbi,Manyagiro,Rusekera,Kavure
66d9c39a0bc303fcbe4d33b5,Northern,Gicumbi,Manyagiro,Ryaruyumba,Gatsyata
66d9c39a0bc303fcbe4d33d1,Northern,Gicumbi,Miyove,Mubuga,Kacyiru
66d9c39a0bc303fcbe4d33e8,Northern,Gicumbi,Mukarange,Mutarama,Gikore
66d9c39a0bc303fcbe4d3337,Northern,Gicumbi,Cyumba,Nyakabungo,Kabare
66d9c39a0bc303fcbe4d3344,Northern,Gicumbi,Cyumba,Rwankonjo,Gatuna
66d9c39a0bc303fcbe4d3345,Northern,Gicumbi,Cyumba,Rwankonjo,Kagera
66d9c39a0bc303fcbe4d334a,Northern,Gicumbi,Giti,Gatobotobo,Kabacuzi
66d9c39a0bc303fcbe4d334f,Northern,Gicumbi,Giti,Murehe,Bisika
66d9c39a0bc303fcbe4d3358,Northern,Gicumbi,Giti,Tanda,Nganwa
66d9c39a0bc303fcbe4d335e,Northern,Gicumbi,Kageyo,Gihembe,Munini
66d9c39a0bc303fcbe4d3375,Northern,Gicumbi,Kageyo,Nyamiyaga,Mutobo
66d9c39a0bc303fcbe4d337d,Northern,Gicumbi,Kaniga,Bugomba,Ryakabanda
66d9c39a0bc303fcbe4d3380,Northern,Gicumbi,Kaniga,Gatoma,Nyakagera
66d9c39a0bc303fcbe4d3381,Northern,Gicumbi,Kaniga,Gatoma,Nyakara
66d9c39a0bc303fcbe4d3383,Northern,Gicumbi,Kaniga,Gatoma,Rugarama
66d9c39a0bc303fcbe4d338a,Northern,Gicumbi,Kaniga,Mulindi,Ruhita
66d9c39a0bc303fcbe4d3398,Northern,Gicumbi,Kaniga,Rukurura,Nyagatare
66d9c39a0bc303fcbe4d33ab,Northern,Gicumbi,Manyagiro,Remera,Gitaba
66d9c39a0bc303fcbe4d33b6,Northern,Gicumbi,Manyagiro,Ryaruyumba,Gatungo
66d9c39a0bc303fcbe4d33ba,Northern,Gicumbi,Manyagiro,Ryaruyumba,Rugasa
66d9c39a0bc303fcbe4d33bc,Northern,Gicumbi,Manyagiro,Ryaruyumba,Taba
66d9c39a0bc303fcbe4d33c2,Northern,Gicumbi,Miyove,Gakenke,Nyarurambi
66d9c39a0bc303fcbe4d33c5,Northern,Gicumbi,Miyove,Miyove,Karambo
66d9c39a0bc303fcbe4d33c6,Northern,Gicumbi,Miyove,Miyove,Mpinga
66d9c39a0bc303fcbe4d33d2,Northern,Gicumbi,Miyove,Mubuga,Kagote
66d9c39a0bc303fcbe4d33d6,Northern,Gicumbi,Miyove,Mubuga,Mubuga
66d9c39a0bc303fcbe4d33d9,Northern,Gicumbi,Miyove,Mubuga,Tetero
66d9c39a0bc303fcbe4d33db,Northern,Gicumbi,Mukarange,Cyamuganga,Ndarama
66d9c39a0bc303fcbe4d33e4,Northern,Gicumbi,Mukarange,Kiruhura,Burembo
66d9c39a0bc303fcbe4d33e5,Northern,Gicumbi,Mukarange,Kiruhura,Gacwamba
66d9c39a0bc303fcbe4d33e6,Northern,Gicumbi,Mukarange,Kiruhura,Kariba
66d9c39a0bc303fcbe4d33e9,Northern,Gicumbi,Mukarange,Mutarama,Kaziba
66d9c39a0bc303fcbe4d33ec,Northern,Gicumbi,Mukarange,Mutarama,Rugeshi
66d9c39a0bc303fcbe4d3377,Northern,Gicumbi,Kaniga,Bugomba,Gatare
66d9c39a0bc303fcbe4d339d,Northern,Gicumbi,Manyagiro,Kabuga,Mutara
66d9c39a0bc303fcbe4d3339,Northern,Gicumbi,Cyumba,Nyakabungo,Remera
66d9c39a0bc303fcbe4d3360,Northern,Gicumbi,Kageyo,Gihembe,Nyaruvumu
66d9c39a0bc303fcbe4d3364,Northern,Gicumbi,Kageyo,Horezo,Nyirangoga
66d9c39a0bc303fcbe4d33cb,Northern,Gicumbi,Miyove,Miyove,Nyarubuye
66d9c39a0bc303fcbe4d33cc,Northern,Gicumbi,Miyove,Miyove,Rebero
66d9c39a0bc303fcbe4d33e1,Northern,Gicumbi,Mukarange,Gatenga,Mugina
66d9c39a0bc303fcbe4d33ee,Northern,Gicumbi,Mukarange,Rugerero,Kagarama
66d9c39a0bc303fcbe4d33f1,Northern,Gicumbi,Mukarange,Rugerero,Rurembo
66d9c39a0bc303fcbe4d33f6,Northern,Gicumbi,Mukarange,Rusambya,Nyagakizi
66d9c39a0bc303fcbe4d340f,Northern,Gicumbi,Muko,Rebero,Mayogi
66d9c39a0bc303fcbe4d3419,Northern,Gicumbi,Mutete,Gaseke,Runyinya
66d9c39a0bc303fcbe4d3426,Northern,Gicumbi,Mutete,Musenyi,Rurama
66d9c39a0bc303fcbe4d33f2,Northern,Gicumbi,Mukarange,Rugerero,Rushasha
66d9c39a0bc303fcbe4d3427,Northern,Gicumbi,Mutete,Musenyi,Rutongo
66d9c39a0bc303fcbe4d33f9,Northern,Gicumbi,Muko,Cyamuhinda,Ntonyanga
66d9c39a0bc303fcbe4d33fd,Northern,Gicumbi,Muko,Kigoma,Cyerere
66d9c39a0bc303fcbe4d3400,Northern,Gicumbi,Muko,Kigoma,Karumuli
66d9c39a0bc303fcbe4d3403,Northern,Gicumbi,Muko,Mwendo,Kabuye
66d9c39a0bc303fcbe4d3406,Northern,Gicumbi,Muko,Ngange,Gasharu
66d9c39a0bc303fcbe4d3408,Northern,Gicumbi,Muko,Ngange,Kimpongo
66d9c39a0bc303fcbe4d3414,Northern,Gicumbi,Mutete,Gaseke,Irasaniro
66d9c39a0bc303fcbe4d3415,Northern,Gicumbi,Mutete,Gaseke,Ngando
66d9c39a0bc303fcbe4d341d,Northern,Gicumbi,Mutete,Kabeza,Merezo
66d9c39a0bc303fcbe4d3420,Northern,Gicumbi,Mutete,Kabeza,Rusebeya
66d9c39a0bc303fcbe4d340d,Northern,Gicumbi,Muko,Rebero,Kirara
66d9c39a0bc303fcbe4d3417,Northern,Gicumbi,Mutete,Gaseke,Nyamiryango
66d9c39a0bc303fcbe4d3423,Northern,Gicumbi,Mutete,Musenyi,Kimisugi
66d9c39a0bc303fcbe4d3438,Northern,Gicumbi,Nyamiyaga,Gahumuliza,Majyambere
66d9c39a0bc303fcbe4d345b,Northern,Gicumbi,Nyankenke,Kigogo,Kiyovu
66d9c39a0bc303fcbe4d345e,Northern,Gicumbi,Nyankenke,Kinishya,Gashiru
66d9c39a0bc303fcbe4d343a,Northern,Gicumbi,Nyamiyaga,Gahumuliza,Ruhango
66d9c39a0bc303fcbe4d3441,Northern,Gicumbi,Nyamiyaga,Kabeza,Mugorore
66d9c39a0bc303fcbe4d3450,Northern,Gicumbi,Nyamiyaga,Mataba,Miyange
66d9c39a0bc303fcbe4d3461,Northern,Gicumbi,Nyankenke,Kinishya,Nyirantarengwa
66d9c39a0bc303fcbe4d3463,Northern,Gicumbi,Nyankenke,Rusasa,Birumba
66d9c39a0bc303fcbe4d3468,Northern,Gicumbi,Nyankenke,Rutete,Kabingo
66d9c39a0bc303fcbe4d343e,Northern,Gicumbi,Nyamiyaga,Jamba,Rugarama
66d9c39a0bc303fcbe4d344a,Northern,Gicumbi,Nyamiyaga,Karambo,Murama
66d9c39a0bc303fcbe4d346a,Northern,Gicumbi,Nyankenke,Rutete,Nyamugali
66d9c39a0bc303fcbe4d346f,Northern,Gicumbi,Nyankenke,Rwagihura,Kabahura
66d9c39a0bc303fcbe4d3432,Northern,Gicumbi,Mutete,Nyarubuye,Kavumu
66d9c39a0bc303fcbe4d3435,Northern,Gicumbi,Mutete,Nyarubuye,Rugarama
66d9c39a0bc303fcbe4d3445,Northern,Gicumbi,Nyamiyaga,Kabuga,Mubuga
66d9c39a0bc303fcbe4d3454,Northern,Gicumbi,Nyankenke,Butare,Kabere
66d9c39a0bc303fcbe4d345a,Northern,Gicumbi,Nyankenke,Kigogo,Gatare
66d9c39a0bc303fcbe4d345f,Northern,Gicumbi,Nyankenke,Kinishya,Kabuga
66d9c39a0bc303fcbe4d346b,Northern,Gicumbi,Nyankenke,Rutete,Ruhinga
66d9c39a0bc303fcbe4d3473,Northern,Gicumbi,Nyankenke,Yaramba,Cyankaranka
66d9c39a0bc303fcbe4d348c,Northern,Gicumbi,Rukomo,Cyeya,Bwuhira
66d9c39a0bc303fcbe4d3490,Northern,Gicumbi,Rukomo,Cyuru,Bukamba
66d9c39a0bc303fcbe4d3496,Northern,Gicumbi,Rukomo,Cyuru,Sabiro
66d9c39a0bc303fcbe4d3474,Northern,Gicumbi,Nyankenke,Yaramba,Mwenyi
66d9c39a0bc303fcbe4d3475,Northern,Gicumbi,Nyankenke,Yaramba,Nturo
66d9c39a0bc303fcbe4d348f,Northern,Gicumbi,Rukomo,Cyeya,Rwambungo
66d9c39a0bc303fcbe4d3498,Northern,Gicumbi,Rukomo,Gisiza,Gitaba
66d9c39a0bc303fcbe4d348e,Northern,Gicumbi,Rukomo,Cyeya,Kanombe
66d9c39a0bc303fcbe4d34aa,Northern,Gicumbi,Rukomo,Mabare,Ryandinda
66d9c39a0bc303fcbe4d34bb,Northern,Gicumbi,Rushaki,Kamutora,Kamutora
66d9c39a0bc303fcbe4d34c1,Northern,Gicumbi,Rushaki,Karurama,C. Rushaki
66d9c39a0bc303fcbe4d34e1,Northern,Gicumbi,Rutare,Munanira,Ruti
66d9c39a0bc303fcbe4d34ec,Northern,Gicumbi,Ruvune,Gasambya,Karambi
66d9c39a0bc303fcbe4d34ce,Northern,Gicumbi,Rutare,Gasharu,Buyegero
66d9c39a0bc303fcbe4d34b3,Northern,Gicumbi,Rushaki,Gitega,Gitega
66d9c39a0bc303fcbe4d34c2,Northern,Gicumbi,Rushaki,Karurama,Gatonde
66d9c39a0bc303fcbe4d34c8,Northern,Gicumbi,Rushaki,Karurama,Rwaranda
66d9c39a0bc303fcbe4d34ea,Northern,Gicumbi,Ruvune,Cyandaro,Nyankokoma
66d9c39a0bc303fcbe4d34ef,Northern,Gicumbi,Ruvune,Gasambya,Nyamirama
66d9c39a0bc303fcbe4d33d5,Northern,Gicumbi,Miyove,Mubuga,Kivumu
66d9c39a0bc303fcbe4d33d7,Northern,Gicumbi,Miyove,Mubuga,Murambo
66d9c39a0bc303fcbe4d33e3,Northern,Gicumbi,Mukarange,Gatenga,Nyange
66d9c39a0bc303fcbe4d3402,Northern,Gicumbi,Muko,Mwendo,Gikumba
66d9c39a0bc303fcbe4d33f8,Northern,Gicumbi,Muko,Cyamuhinda,Gicuregenya
66d9c39a0bc303fcbe4d33fe,Northern,Gicumbi,Muko,Kigoma,Gatobotobo
66d9c39a0bc303fcbe4d3407,Northern,Gicumbi,Muko,Ngange,Kabare
66d9c39a0bc303fcbe4d3411,Northern,Gicumbi,Muko,Rebero,Ryagashaka
66d9c39a0bc303fcbe4d33f5,Northern,Gicumbi,Mukarange,Rusambya,Kagane
66d9c39a0bc303fcbe4d33fc,Northern,Gicumbi,Muko,Cyamuhinda,Rwamitembe
66d9c39a0bc303fcbe4d340e,Northern,Gicumbi,Muko,Rebero,Kirwanirwa
66d9c39a0bc303fcbe4d342f,Northern,Gicumbi,Mutete,Mutandi,Nyarubande
66d9c39a0bc303fcbe4d3418,Northern,Gicumbi,Mutete,Gaseke,Nyamugari
66d9c39a0bc303fcbe4d341b,Northern,Gicumbi,Mutete,Kabeza,Kabasega
66d9c39a0bc303fcbe4d341f,Northern,Gicumbi,Mutete,Kabeza,Nyagasozi
66d9c39a0bc303fcbe4d3424,Northern,Gicumbi,Mutete,Musenyi,Muhororo
66d9c39a0bc303fcbe4d342d,Northern,Gicumbi,Mutete,Mutandi,Kariku
66d9c39a0bc303fcbe4d3437,Northern,Gicumbi,Mutete,Nyarubuye,Rusumo
66d9c39a0bc303fcbe4d344e,Northern,Gicumbi,Nyamiyaga,Kiziba,Rwingwe
66d9c39a0bc303fcbe4d3460,Northern,Gicumbi,Nyankenke,Kinishya,Nyagafunzo
66d9c39a0bc303fcbe4d346d,Northern,Gicumbi,Nyankenke,Rutete,Shokero
66d9c39a0bc303fcbe4d343d,Northern,Gicumbi,Nyamiyaga,Jamba,Kumuremure
66d9c39a0bc303fcbe4d343f,Northern,Gicumbi,Nyamiyaga,Kabeza,Karambo
66d9c39a0bc303fcbe4d3442,Northern,Gicumbi,Nyamiyaga,Kabeza,Rugari
66d9c39a0bc303fcbe4d344c,Northern,Gicumbi,Nyamiyaga,Kiziba,Karambi
66d9c39a0bc303fcbe4d3453,Northern,Gicumbi,Nyankenke,Butare,Gikombe
66d9c39a0bc303fcbe4d3469,Northern,Gicumbi,Nyankenke,Rutete,Kageje
66d9c39a0bc303fcbe4d343c,Northern,Gicumbi,Nyamiyaga,Jamba,Kamabuye
66d9c39a0bc303fcbe4d3456,Northern,Gicumbi,Nyankenke,Butare,Rwirute
66d9c39a0bc303fcbe4d345c,Northern,Gicumbi,Nyankenke,Kigogo,Ntabangira
66d9c39a0bc303fcbe4d34a2,Northern,Gicumbi,Rukomo,Kinyami,Rukomo
66d9c39a0bc303fcbe4d34a6,Northern,Gicumbi,Rukomo,Mabare,Kararama
66d9c39a0bc303fcbe4d34a8,Northern,Gicumbi,Rukomo,Mabare,Mburamazi
66d9c39a0bc303fcbe4d3476,Northern,Gicumbi,Nyankenke,Yaramba,Nyarubuye
66d9c39a0bc303fcbe4d3477,Northern,Gicumbi,Nyankenke,Yaramba,Nyirakazo
66d9c39a0bc303fcbe4d3479,Northern,Gicumbi,Rubaya,Gihanga,Kirimbi
66d9c39a0bc303fcbe4d347d,Northern,Gicumbi,Rubaya,Gishambashayo,Gashiru
66d9c39a0bc303fcbe4d3484,Northern,Gicumbi,Rubaya,Muguramo,Gasheke
66d9c39a0bc303fcbe4d3485,Northern,Gicumbi,Rubaya,Muguramo,Mabare
66d9c39a0bc303fcbe4d3493,Northern,Gicumbi,Rukomo,Cyuru,Kimiko
66d9c39a0bc303fcbe4d3495,Northern,Gicumbi,Rukomo,Cyuru,Nyamutezi
66d9c39a0bc303fcbe4d3497,Northern,Gicumbi,Rukomo,Gisiza,Gatare
66d9c39a0bc303fcbe4d349d,Northern,Gicumbi,Rukomo,Kinyami,Gahondo
66d9c39a0bc303fcbe4d349f,Northern,Gicumbi,Rukomo,Kinyami,Kariba
66d9c39a0bc303fcbe4d34a4,Northern,Gicumbi,Rukomo,Mabare,Cyingoma
66d9c39a0bc303fcbe4d3488,Northern,Gicumbi,Rubaya,Nyamiyaga,Kiriba
66d9c39a0bc303fcbe4d348a,Northern,Gicumbi,Rukomo,Cyeya,Birambo
66d9c39a0bc303fcbe4d3494,Northern,Gicumbi,Rukomo,Cyuru,Muhama
66d9c39a0bc303fcbe4d34a5,Northern,Gicumbi,Rukomo,Mabare,Kanyiramana
66d9c39a0bc303fcbe4d34e4,Northern,Gicumbi,Rutare,Nkoto,Murehe
66d9c39a0bc303fcbe4d34b7,Northern,Gicumbi,Rushaki,Gitega,Rubyiro
66d9c39a0bc303fcbe4d34de,Northern,Gicumbi,Rutare,Munanira,Gasharu
66d9c39a0bc303fcbe4d34b1,Northern,Gicumbi,Rushaki,Gitega,Bugwe
66d9c39a0bc303fcbe4d34b2,Northern,Gicumbi,Rushaki,Gitega,Gisiza
66d9c39a0bc303fcbe4d34be,Northern,Gicumbi,Rushaki,Kamutora,Nkamba
66d9c39a0bc303fcbe4d34c7,Northern,Gicumbi,Rushaki,Karurama,Rumuri
66d9c39a0bc303fcbe4d34c9,Northern,Gicumbi,Rutare,Bikumba,Karugeyo
66d9c39a0bc303fcbe4d34d8,Northern,Gicumbi,Rutare,Kigabiro,Kabuye
66d9c39a0bc303fcbe4d34dd,Northern,Gicumbi,Rutare,Munanira,Bushokanyambo
66d9c39a0bc303fcbe4d34e8,Northern,Gicumbi,Ruvune,Cyandaro,Kigarama
66d9c39a0bc303fcbe4d34ed,Northern,Gicumbi,Ruvune,Gasambya,Kirara
66d9c39a0bc303fcbe4d34bf,Northern,Gicumbi,Rushaki,Kamutora,Nyamyumba
66d9c39a0bc303fcbe4d34c6,Northern,Gicumbi,Rushaki,Karurama,Nyaruhanga
66d9c39a0bc303fcbe4d34d7,Northern,Gicumbi,Rutare,Gatwaro,Kanaba
66d9c39a0bc303fcbe4d34b0,Northern,Gicumbi,Rukomo,Munyinya,Rwamushumba
66d9c39a0bc303fcbe4d34b5,Northern,Gicumbi,Rushaki,Gitega,Karambi
66d9c39a0bc303fcbe4d34ba,Northern,Gicumbi,Rushaki,Kamutora,Kabuga
66d9c39a0bc303fcbe4d34bc,Northern,Gicumbi,Rushaki,Kamutora,Karwoga
66d9c39a0bc303fcbe4d34cc,Northern,Gicumbi,Rutare,Bikumba,Matyazo
66d9c39a0bc303fcbe4d34da,Northern,Gicumbi,Rutare,Kigabiro,Nyakabingo
66d9c39a0bc303fcbe4d34dc,Northern,Gicumbi,Rutare,Kigabiro,Rugarama
66d9c39a0bc303fcbe4d34e0,Northern,Gicumbi,Rutare,Munanira,Mataba
66d9c39a0bc303fcbe4d34e9,Northern,Gicumbi,Ruvune,Cyandaro,Mushesho
66d9c39a0bc303fcbe4d34f3,Northern,Gicumbi,Ruvune,Gashirira,Nyarubuye
66d9c39a0bc303fcbe4d3504,Northern,Gicumbi,Ruvune,Ruhondo,Gatoki
66d9c39a0bc303fcbe4d351a,Northern,Gicumbi,Rwamiko,Nyagahinga,Kibiraro
66d9c39a0bc303fcbe4d351f,Northern,Gicumbi,Shangasha,Bushara,Gasura
66d9c39a0bc303fcbe4d3529,Northern,Gicumbi,Shangasha,Nyabishambi,Karambo
66d9c39a0bc303fcbe4d352a,Northern,Gicumbi,Shangasha,Nyabishambi,Matyazo
66d9c39a0bc303fcbe4d34f0,Northern,Gicumbi,Ruvune,Gasambya,Ruhete
66d9c39a0bc303fcbe4d3507,Northern,Gicumbi,Ruvune,Ruhondo,Mugorore
66d9c39a0bc303fcbe4d3512,Northern,Gicumbi,Rwamiko,Cyeru,Rugarama
66d9c39a0bc303fcbe4d351d,Northern,Gicumbi,Rwamiko,Nyagahinga,Rugarama
66d9c39a0bc303fcbe4d3527,Northern,Gicumbi,Shangasha,Nyabishambi,Gasiza
66d9c39a0bc303fcbe4d352d,Northern,Gicumbi,Shangasha,Nyabishambi,Rutete
66d9c39a0bc303fcbe4d352f,Northern,Gicumbi,Shangasha,Nyabubare,Irembo
66d9c39a0bc303fcbe4d3536,Northern,Gicumbi,Shangasha,Shangasha,Rugali
66d9c39a0bc303fcbe4d34fc,Northern,Gicumbi,Ruvune,Rebero,Bitoma
66d9c39a0bc303fcbe4d34fe,Northern,Gicumbi,Ruvune,Rebero,Gatare
66d9c39a0bc303fcbe4d351c,Northern,Gicumbi,Rwamiko,Nyagahinga,Ntaremba
66d9c39a0bc303fcbe4d3526,Northern,Gicumbi,Shangasha,Kitazigurwa,Rugarama
66d9c39a0bc303fcbe4d34e6,Northern,Gicumbi,Rutare,Nkoto,Nyansenge
66d9c39a0bc303fcbe4d34f6,Northern,Gicumbi,Ruvune,Gashirira,Remera
66d9c39a0bc303fcbe4d350d,Northern,Gicumbi,Rwamiko,Cyeru,Kamurenzi
66d9c39a0bc303fcbe4d350e,Northern,Gicumbi,Rwamiko,Cyeru,Karika
66d9c39a0bc303fcbe4d3524,Northern,Gicumbi,Shangasha,Kitazigurwa,Mubuga
66d9c39a0bc303fcbe4d34f8,Northern,Gicumbi,Ruvune,Kabare,Buyanja
66d9c39a0bc303fcbe4d34fa,Northern,Gicumbi,Ruvune,Kabare,Nyarusange
66d9c39a0bc303fcbe4d3501,Northern,Gicumbi,Ruvune,Rebero,Rwaburegeya
66d9c39a0bc303fcbe4d3503,Northern,Gicumbi,Ruvune,Rebero,Sunzu
66d9c39a0bc303fcbe4d3514,Northern,Gicumbi,Rwamiko,Kigabiro,Kabira
66d9c39a0bc303fcbe4d3518,Northern,Gicumbi,Rwamiko,Kigabiro,Rubuye
66d9c39a0bc303fcbe4d3519,Northern,Gicumbi,Rwamiko,Nyagahinga,Kabusunzu
66d9c39a0bc303fcbe4d3520,Northern,Gicumbi,Shangasha,Bushara,Gatare
66d9c39a0bc303fcbe4d3523,Northern,Gicumbi,Shangasha,Kitazigurwa,Iharama
66d9c39a0bc303fcbe4d352b,Northern,Gicumbi,Shangasha,Nyabishambi,Murambo
66d9c39a0bc303fcbe4d352e,Northern,Gicumbi,Shangasha,Nyabubare,Bikumba
66d9c39a0bc303fcbe4d3532,Northern,Gicumbi,Shangasha,Nyabubare,Nyamiyaga
66d9c39a0bc303fcbe4d3538,Northern,Gicumbi,Shangasha,Shangasha,Ryamatebura
66d9c39a0bc303fcbe4d34f1,Northern,Gicumbi,Ruvune,Gasambya,Ryasunzu
66d9c39a0bc303fcbe4d3505,Northern,Gicumbi,Ruvune,Ruhondo,Karambo
66d9c39a0bc303fcbe4d3510,Northern,Gicumbi,Rwamiko,Cyeru,Murambi
66d9c39a0bc303fcbe4d3515,Northern,Gicumbi,Rwamiko,Kigabiro,Kanyove
66d9c39a0bc303fcbe4d352c,Northern,Gicumbi,Shangasha,Nyabishambi,Rukiniro
66d9c39a0bc303fcbe4d3531,Northern,Gicumbi,Shangasha,Nyabubare,Nyakabingo
66d9c39a0bc303fcbe4d33ca,Northern,Gicumbi,Miyove,Miyove,Nyamiyaga
66d9c39a0bc303fcbe4d33df,Northern,Gicumbi,Mukarange,Gatenga,Kagunga
66d9c39a0bc303fcbe4d33e0,Northern,Gicumbi,Mukarange,Gatenga,Kiyorwa
66d9c39a0bc303fcbe4d33ef,Northern,Gicumbi,Mukarange,Rugerero,Kinnyogo
66d9c39a0bc303fcbe4d33f3,Northern,Gicumbi,Mukarange,Rugerero,Ruziku
66d9c39a0bc303fcbe4d3405,Northern,Gicumbi,Muko,Mwendo,Kirengo
66d9c39a0bc303fcbe4d3422,Northern,Gicumbi,Mutete,Musenyi,Karambi
66d9c39a0bc303fcbe4d33f0,Northern,Gicumbi,Mukarange,Rugerero,Munyege
66d9c39a0bc303fcbe4d33f7,Northern,Gicumbi,Mukarange,Rusambya,Rusambya
66d9c39a0bc303fcbe4d33fa,Northern,Gicumbi,Muko,Cyamuhinda,Rugaragara
66d9c39a0bc303fcbe4d33fb,Northern,Gicumbi,Muko,Cyamuhinda,Rukazire
66d9c39a0bc303fcbe4d33ff,Northern,Gicumbi,Muko,Kigoma,Karambi
66d9c39a0bc303fcbe4d3409,Northern,Gicumbi,Muko,Ngange,Mayora
66d9c39a0bc303fcbe4d340c,Northern,Gicumbi,Muko,Rebero,Karundi
66d9c39a0bc303fcbe4d3413,Northern,Gicumbi,Mutete,Gaseke,Gihira
66d9c39a0bc303fcbe4d3416,Northern,Gicumbi,Mutete,Gaseke,Nyamabuye
66d9c39a0bc303fcbe4d341e,Northern,Gicumbi,Mutete,Kabeza,Minanire
66d9c39a0bc303fcbe4d3421,Northern,Gicumbi,Mutete,Musenyi,Gataba
66d9c39a0bc303fcbe4d3428,Northern,Gicumbi,Mutete,Mutandi,Gatare
66d9c39a0bc303fcbe4d342b,Northern,Gicumbi,Mutete,Mutandi,Karama
66d9c39a0bc303fcbe4d3433,Northern,Gicumbi,Mutete,Nyarubuye,Mataba
66d9c39a0bc303fcbe4d3439,Northern,Gicumbi,Nyamiyaga,Gahumuliza,Maya
66d9c39a0bc303fcbe4d344d,Northern,Gicumbi,Nyamiyaga,Kiziba,Nyirakagamba
66d9c39a0bc303fcbe4d3451,Northern,Gicumbi,Nyamiyaga,Mataba,Rugarama
66d9c39a0bc303fcbe4d3458,Northern,Gicumbi,Nyankenke,Kigogo,Gakoma
66d9c39a0bc303fcbe4d3466,Northern,Gicumbi,Nyankenke,Rusasa,Rembero
66d9c39a0bc303fcbe4d3467,Northern,Gicumbi,Nyankenke,Rusasa,Ruhoho
66d9c39a0bc303fcbe4d3448,Northern,Gicumbi,Nyamiyaga,Karambo,Gatare
66d9c39a0bc303fcbe4d3464,Northern,Gicumbi,Nyankenke,Rusasa,Mashyiga
66d9c39a0bc303fcbe4d3430,Northern,Gicumbi,Mutete,Nyarubuye,Gitega
66d9c39a0bc303fcbe4d343b,Northern,Gicumbi,Nyamiyaga,Jamba,Byimana
66d9c39a0bc303fcbe4d3440,Northern,Gicumbi,Nyamiyaga,Kabeza,Mataba
66d9c39a0bc303fcbe4d3452,Northern,Gicumbi,Nyamiyaga,Mataba,Ruyaga
66d9c39a0bc303fcbe4d3472,Northern,Gicumbi,Nyankenke,Rwagihura,Rwagihura
66d9c39a0bc303fcbe4d3481,Northern,Gicumbi,Rubaya,Gishari,Mugote
66d9c39a0bc303fcbe4d3483,Northern,Gicumbi,Rubaya,Muguramo,Centre Rubaya
66d9c39a0bc303fcbe4d3486,Northern,Gicumbi,Rubaya,Muguramo,Ngange
66d9c39a0bc303fcbe4d3489,Northern,Gicumbi,Rubaya,Nyamiyaga,Mariba
66d9c39a0bc303fcbe4d348d,Northern,Gicumbi,Rukomo,Cyeya,Gateke
66d9c39a0bc303fcbe4d3491,Northern,Gicumbi,Rukomo,Cyuru,Kabuga
66d9c39a0bc303fcbe4d34a0,Northern,Gicumbi,Rukomo,Kinyami,Kivugiza
66d9c39a0bc303fcbe4d34a3,Northern,Gicumbi,Rukomo,Kinyami,Ryarubanza
66d9c39a0bc303fcbe4d34ad,Northern,Gicumbi,Rukomo,Munyinya,Mataba
66d9c39a0bc303fcbe4d34af,Northern,Gicumbi,Rukomo,Munyinya,Nyankokoma
66d9c39a0bc303fcbe4d349a,Northern,Gicumbi,Rukomo,Gisiza,Nyarubuye
66d9c39a0bc303fcbe4d34ab,Northern,Gicumbi,Rukomo,Munyinya,Kabeza
66d9c39a0bc303fcbe4d3471,Northern,Gicumbi,Nyankenke,Rwagihura,Mwendo
66d9c39a0bc303fcbe4d347a,Northern,Gicumbi,Rubaya,Gihanga,Nkurura
66d9c39a0bc303fcbe4d347b,Northern,Gicumbi,Rubaya,Gihanga,Runaba
66d9c39a0bc303fcbe4d3480,Northern,Gicumbi,Rubaya,Gishari,Kagugo
66d9c39a0bc303fcbe4d34a1,Northern,Gicumbi,Rukomo,Kinyami,Meshero
66d9c39a0bc303fcbe4d34c4,Northern,Gicumbi,Rushaki,Karurama,Mbuga
66d9c39a0bc303fcbe4d34cd,Northern,Gicumbi,Rutare,Bikumba,Nyabisindu
66d9c39a0bc303fcbe4d34cf,Northern,Gicumbi,Rutare,Gasharu,Kabagabo
66d9c39a0bc303fcbe4d34d3,Northern,Gicumbi,Rutare,Gasharu,Yogi
66d9c39a0bc303fcbe4d34df,Northern,Gicumbi,Rutare,Munanira,Kirwa
66d9c39a0bc303fcbe4d34eb,Northern,Gicumbi,Ruvune,Cyandaro,Rugarama
66d9c39a0bc303fcbe4d34b4,Northern,Gicumbi,Rushaki,Gitega,Kabo
66d9c39a0bc303fcbe4d34b9,Northern,Gicumbi,Rushaki,Kamutora,Gashinge
66d9c39a0bc303fcbe4d34cb,Northern,Gicumbi,Rutare,Bikumba,Marembo
66d9c39a0bc303fcbe4d34d0,Northern,Gicumbi,Rutare,Gasharu,Kabusunzu
66d9c39a0bc303fcbe4d34d2,Northern,Gicumbi,Rutare,Gasharu,Rwimbogo
66d9c39a0bc303fcbe4d34db,Northern,Gicumbi,Rutare,Kigabiro,Nyakavunga
66d9c39a0bc303fcbe4d34e3,Northern,Gicumbi,Rutare,Nkoto,Bwangamwanda
66d9c39a0bc303fcbe4d33e7,Northern,Gicumbi,Mukarange,Kiruhura,Nyamutoko
66d9c39a0bc303fcbe4d33f4,Northern,Gicumbi,Mukarange,Rusambya,Kabungo
66d9c39a0bc303fcbe4d3404,Northern,Gicumbi,Muko,Mwendo,Kagogo
66d9c39a0bc303fcbe4d340a,Northern,Gicumbi,Muko,Ngange,Rudogo
66d9c39a0bc303fcbe4d3425,Northern,Gicumbi,Mutete,Musenyi,Rukondo
66d9c39a0bc303fcbe4d342a,Northern,Gicumbi,Mutete,Mutandi,Kamaganga
66d9c39a0bc303fcbe4d342e,Northern,Gicumbi,Mutete,Mutandi,Muhengeri
66d9c39a0bc303fcbe4d341a,Northern,Gicumbi,Mutete,Kabeza,Busabira
66d9c39a0bc303fcbe4d3429,Northern,Gicumbi,Mutete,Mutandi,Gihangara
66d9c39a0bc303fcbe4d3401,Northern,Gicumbi,Muko,Kigoma,Ryarwoga
66d9c39a0bc303fcbe4d340b,Northern,Gicumbi,Muko,Rebero,Gasizi
66d9c39a0bc303fcbe4d3410,Northern,Gicumbi,Muko,Rebero,Nyampundu
66d9c39a0bc303fcbe4d3412,Northern,Gicumbi,Mutete,Gaseke,Gasharu
66d9c39a0bc303fcbe4d341c,Northern,Gicumbi,Mutete,Kabeza,Kagarama
66d9c39a0bc303fcbe4d342c,Northern,Gicumbi,Mutete,Mutandi,Karambi
66d9c39a0bc303fcbe4d3431,Northern,Gicumbi,Mutete,Nyarubuye,Kajwejwe
66d9c39a0bc303fcbe4d3434,Northern,Gicumbi,Mutete,Nyarubuye,Nkenzi
66d9c39a0bc303fcbe4d3436,Northern,Gicumbi,Mutete,Nyarubuye,Ruhondo
66d9c39a0bc303fcbe4d345d,Northern,Gicumbi,Nyankenke,Kigogo,Rusayu
66d9c39a0bc303fcbe4d346c,Northern,Gicumbi,Nyankenke,Rutete,Ryanterura
66d9c39a0bc303fcbe4d3444,Northern,Gicumbi,Nyamiyaga,Kabuga,Kaduha
66d9c39a0bc303fcbe4d3447,Northern,Gicumbi,Nyamiyaga,Karambo,Gaseke
66d9c39a0bc303fcbe4d344b,Northern,Gicumbi,Nyamiyaga,Kiziba,Gasave
66d9c39a0bc303fcbe4d344f,Northern,Gicumbi,Nyamiyaga,Mataba,Mataba
66d9c39a0bc303fcbe4d3457,Northern,Gicumbi,Nyankenke,Butare,Ryabishanga
66d9c39a0bc303fcbe4d3462,Northern,Gicumbi,Nyankenke,Kinishya,Rwata
66d9c39a0bc303fcbe4d3465,Northern,Gicumbi,Nyankenke,Rusasa,Nyangezi
66d9c39a0bc303fcbe4d346e,Northern,Gicumbi,Nyankenke,Rwagihura,Gacaca
66d9c39a0bc303fcbe4d3446,Northern,Gicumbi,Nyamiyaga,Kabuga,Nyarubuye
66d9c39a0bc303fcbe4d3449,Northern,Gicumbi,Nyamiyaga,Karambo,Kinyinya
66d9c39a0bc303fcbe4d3443,Northern,Gicumbi,Nyamiyaga,Kabuga,Kabeza
66d9c39a0bc303fcbe4d3455,Northern,Gicumbi,Nyankenke,Butare,Rwambeho
66d9c39a0bc303fcbe4d3459,Northern,Gicumbi,Nyankenke,Kigogo,Gasake
66d9c39a0bc303fcbe4d3478,Northern,Gicumbi,Rubaya,Gihanga,Gomba
66d9c39a0bc303fcbe4d347e,Northern,Gicumbi,Rubaya,Gishambashayo,Karambo
66d9c39a0bc303fcbe4d3482,Northern,Gicumbi,Rubaya,Gishari,Nyakesha
66d9c39a0bc303fcbe4d349b,Northern,Gicumbi,Rukomo,Gisiza,Rushubi
66d9c39a0bc303fcbe4d3470,Northern,Gicumbi,Nyankenke,Rwagihura,Kagogo
66d9c39a0bc303fcbe4d347f,Northern,Gicumbi,Rubaya,Gishari,Kabaya
66d9c39a0bc303fcbe4d3487,Northern,Gicumbi,Rubaya,Nyamiyaga,Kabeza
66d9c39a0bc303fcbe4d3492,Northern,Gicumbi,Rukomo,Cyuru,Karengo
66d9c39a0bc303fcbe4d34ac,Northern,Gicumbi,Rukomo,Munyinya,Kabuga
66d9c39a0bc303fcbe4d347c,Northern,Gicumbi,Rubaya,Gihanga,Rusambya
66d9c39a0bc303fcbe4d348b,Northern,Gicumbi,Rukomo,Cyeya,Bisika
66d9c39a0bc303fcbe4d3499,Northern,Gicumbi,Rukomo,Gisiza,Karambi
66d9c39a0bc303fcbe4d349c,Northern,Gicumbi,Rukomo,Gisiza,Rusumo
66d9c39a0bc303fcbe4d349e,Northern,Gicumbi,Rukomo,Kinyami,Gasharara
66d9c39a0bc303fcbe4d34a7,Northern,Gicumbi,Rukomo,Mabare,Kayungwe
66d9c39a0bc303fcbe4d34a9,Northern,Gicumbi,Rukomo,Mabare,Murambo
66d9c39a0bc303fcbe4d34ae,Northern,Gicumbi,Rukomo,Munyinya,Munyinya
66d9c39a0bc303fcbe4d34bd,Northern,Gicumbi,Rushaki,Kamutora,Mabare
66d9c39a0bc303fcbe4d34c3,Northern,Gicumbi,Rushaki,Karurama,Izinga
66d9c39a0bc303fcbe4d34e7,Northern,Gicumbi,Ruvune,Cyandaro,Karambo
66d9c39a0bc303fcbe4d34b6,Northern,Gicumbi,Rushaki,Gitega,Karambo
66d9c39a0bc303fcbe4d34d1,Northern,Gicumbi,Rutare,Gasharu,Kagarama
66d9c39a0bc303fcbe4d34e2,Northern,Gicumbi,Rutare,Nkoto,Bariza
66d9c39a0bc303fcbe4d34d4,Northern,Gicumbi,Rutare,Gatwaro,Bureranyana
66d9c39a0bc303fcbe4d34b8,Northern,Gicumbi,Rushaki,Gitega,Ryaruganzu
66d9c39a0bc303fcbe4d34ee,Northern,Gicumbi,Ruvune,Gasambya,Mataba
66d9c39a0bc303fcbe4d3516,Northern,Gicumbi,Rwamiko,Kigabiro,Karangara
66d9c39a0bc303fcbe4d3522,Northern,Gicumbi,Shangasha,Kitazigurwa,Gacyamo
66d9c39a0bc303fcbe4d34ff,Northern,Gicumbi,Ruvune,Rebero,Kirwa
66d9c39a0bc303fcbe4d3502,Northern,Gicumbi,Ruvune,Rebero,Rwamiko
66d9c39a0bc303fcbe4d3508,Northern,Gicumbi,Ruvune,Ruhondo,Nyagakizi
66d9c39a0bc303fcbe4d34e5,Northern,Gicumbi,Rutare,Nkoto,Nyagatoma
66d9c39a0bc303fcbe4d34c0,Northern,Gicumbi,Rushaki,Kamutora,Remera
66d9c39a0bc303fcbe4d34c5,Northern,Gicumbi,Rushaki,Karurama,Ngabira
66d9c39a0bc303fcbe4d34ca,Northern,Gicumbi,Rutare,Bikumba,Kintaganirwa
66d9c39a0bc303fcbe4d34d5,Northern,Gicumbi,Rutare,Gatwaro,Gashinya
66d9c39a0bc303fcbe4d34d6,Northern,Gicumbi,Rutare,Gatwaro,Kabira
66d9c39a0bc303fcbe4d34d9,Northern,Gicumbi,Rutare,Kigabiro,Munini
66d9c39a0bc303fcbe4d34f9,Northern,Gicumbi,Ruvune,Kabare,Murehe
66d9c39a0bc303fcbe4d34fd,Northern,Gicumbi,Ruvune,Rebero,Burambo
66d9c39a0bc303fcbe4d3500,Northern,Gicumbi,Ruvune,Rebero,Mwanza
66d9c39a0bc303fcbe4d3506,Northern,Gicumbi,Ruvune,Ruhondo,Kirwa
66d9c39a0bc303fcbe4d350a,Northern,Gicumbi,Ruvune,Ruhondo,Rwinyana
66d9c39a0bc303fcbe4d350f,Northern,Gicumbi,Rwamiko,Cyeru,Mukuyu
66d9c39a0bc303fcbe4d34f2,Northern,Gicumbi,Ruvune,Gashirira,Kagasha
66d9c39a0bc303fcbe4d34f7,Northern,Gicumbi,Ruvune,Gashirira,Rugerero
66d9c39a0bc303fcbe4d350c,Northern,Gicumbi,Rwamiko,Cyeru,Gabiro
66d9c39a0bc303fcbe4d3517,Northern,Gicumbi,Rwamiko,Kigabiro,Mutambiko
66d9c39a0bc303fcbe4d3533,Northern,Gicumbi,Shangasha,Shangasha,Ituze
66d9c39a0bc303fcbe4d34f5,Northern,Gicumbi,Ruvune,Gashirira,Nyarwina
66d9c39a0bc303fcbe4d3537,Northern,Gicumbi,Shangasha,Shangasha,Runaba
66d9c39a0bc303fcbe4d3534,Northern,Gicumbi,Shangasha,Shangasha,Kabeza
66d9c39a0bc303fcbe4d3535,Northern,Gicumbi,Shangasha,Shangasha,Kajyanjyali
66d9c39a0bc303fcbe4d3509,Northern,Gicumbi,Ruvune,Ruhondo,Nyakaju
66d9c39a0bc303fcbe4d3525,Northern,Gicumbi,Shangasha,Kitazigurwa,Ntomvu
66d9c39a0bc303fcbe4d34f4,Northern,Gicumbi,Ruvune,Gashirira,Nyarurama
66d9c39a0bc303fcbe4d34fb,Northern,Gicumbi,Ruvune,Kabare,Taba
66d9c39a0bc303fcbe4d350b,Northern,Gicumbi,Rwamiko,Cyeru,Bugarura
66d9c39a0bc303fcbe4d3511,Northern,Gicumbi,Rwamiko,Cyeru,Nyagasozi
66d9c39a0bc303fcbe4d3513,Northern,Gicumbi,Rwamiko,Kigabiro,Cyiri
66d9c39a0bc303fcbe4d351b,Northern,Gicumbi,Rwamiko,Nyagahinga,Kigaga
66d9c39a0bc303fcbe4d351e,Northern,Gicumbi,Shangasha,Bushara,Bushara
66d9c39a0bc303fcbe4d3521,Northern,Gicumbi,Shangasha,Bushara,Nganzo
66d9c39a0bc303fcbe4d3528,Northern,Gicumbi,Shangasha,Nyabishambi,Kagali
66d9c39a0bc303fcbe4d3530,Northern,Gicumbi,Shangasha,Nyabubare,Karuhanga
